"game_id","footer_row","team","start_quarter","start_clock","elapsed","reference","ref_quarter","ref_clock","diff_seconds","footer_text","flag"
"20250904_2g4w",10,"Buffalo State",1,"15:00","00:09","next drive start",1,"14:51",0,"1 plays, 0 yards, 00:09 elapsed",FALSE
"20250904_2g4w",15,"Brockport",1,"14:51","00:44","next drive start",1,"14:07",0,"2 plays, 35 yards, 00:44 elapsed",FALSE
"20250904_2g4w",23,"Buffalo State",1,"14:07","01:48","next drive start",1,"12:19",0,"3 plays, 1 yards, 01:48 elapsed",FALSE
"20250904_2g4w",39,"Brockport",1,"12:19","05:39","score clock",1,"06:40",0,"9 plays, 60 yards, 05:39 elapsed",FALSE
"20250904_2g4w",50,"Buffalo State",1,"06:35","03:59","next drive start",1,"02:36",0,"5 plays, 5 yards, 03:59 elapsed",FALSE
"20250904_2g4w",67,"Brockport",1,"02:36","05:32","score clock",2,"12:04",0,"9 plays, 61 yards, 05:32 elapsed",FALSE
"20250904_2g4w",77,"Buffalo State",2,"12:04","02:00","next drive start",2,"10:04",0,"4 plays, -5 yards, 02:00 elapsed",FALSE
"20250904_2g4w",96,"Brockport",2,"10:04","07:38","score clock",2,"02:26",0,"13 plays, 60 yards, 07:38 elapsed",FALSE
"20250904_2g4w",113,"Buffalo State",2,"02:20","02:06","next drive start",2,"00:14",0,"10 plays, 46 yards, 02:06 elapsed",FALSE
"20250904_2g4w",118,"Brockport",2,"00:14","00:14","end of half",2,"00:00",0,"1 plays, 0 yards, 00:14 elapsed",FALSE
"20250904_2g4w",132,"Brockport",3,"14:52","01:31","score clock",3,"13:21",0,"4 plays, 75 yards, 01:31 elapsed",FALSE
"20250904_2g4w",148,"Buffalo State",3,"13:21","06:32","next drive start",3,"06:49",0,"8 plays, 25 yards, 06:32 elapsed",FALSE
"20250904_2g4w",168,"Brockport",3,"06:49","06:46","score clock",3,"00:03",0,"11 plays, 83 yards, 06:46 elapsed",FALSE
"20250904_2g4w",179,"Buffalo State",4,"15:00","02:17","next drive start",4,"12:43",0,"3 plays, -4 yards, 02:17 elapsed",FALSE
"20250904_2g4w",187,"Brockport",4,"12:43","02:31","next drive start",4,"10:12",0,"3 plays, 6 yards, 02:31 elapsed",FALSE
"20250904_2g4w",195,"Buffalo State",4,"10:12","01:16","next drive start",4,"08:56",0,"3 plays, 0 yards, 01:16 elapsed",FALSE
"20250904_2g4w",203,"Brockport",4,"08:56","02:44","next drive start",4,"06:12",0,"3 plays, -6 yards, 02:44 elapsed",FALSE
"20250904_2g4w",212,"Buffalo State",4,"06:12","01:29","score clock",4,"04:43",0,"3 plays, 13 yards, 01:29 elapsed",FALSE
"20250904_2g4w",226,"Buffalo State",4,"04:36","02:45","next drive start",4,"01:51",0,"8 plays, 14 yards, 02:45 elapsed",FALSE
"20250904_2g4w",233,"Brockport",4,"01:51","01:51","end of half",4,"00:00",0,"3 plays, -2 yards, 01:51 elapsed",FALSE
"20250904_d231",27,"UW-Eau Claire",1,"14:54","09:38","score clock",1,"05:16",0,"18 plays, 74 yards, 09:38 elapsed",FALSE
"20250904_d231",40,"Carroll",1,"05:09","04:14","next drive start",1,"00:55",0,"8 plays, 34 yards, 04:14 elapsed",FALSE
"20250904_d231",65,"UW-Eau Claire",1,"00:55","08:04","score clock",2,"07:51",0,"16 plays, 74 yards, 08:04 elapsed",FALSE
"20250904_d231",79,"Carroll",2,"07:51","04:44","next drive start",2,"03:07",0,"9 plays, 53 yards, 04:44 elapsed",FALSE
"20250904_d231",85,"UW-Eau Claire",2,"03:07","00:10","score clock",2,"02:57",0,"1 plays, 69 yards, 00:10 elapsed",FALSE
"20250904_d231",108,"Carroll",2,"02:50","02:50","end of half",2,"00:00",0,"14 plays, 59 yards, 02:50 elapsed",FALSE
"20250904_d231",123,"Carroll",3,"14:54","01:52","next drive start",3,"13:02",0,"5 plays, 4 yards, 01:52 elapsed",FALSE
"20250904_d231",131,"UW-Eau Claire",3,"13:02","02:06","next drive start",3,"10:56",0,"3 plays, 5 yards, 02:06 elapsed",FALSE
"20250904_d231",138,"UW-Eau Claire",3,"10:56","00:42","score clock",3,"10:14",0,"2 plays, 34 yards, 00:42 elapsed",FALSE
"20250904_d231",146,"Carroll",3,"10:14","02:09","next drive start",3,"08:05",0,"3 plays, 5 yards, 02:09 elapsed",FALSE
"20250904_d231",163,"UW-Eau Claire",3,"08:05","06:19","score clock",3,"01:46",0,"10 plays, 58 yards, 06:19 elapsed",FALSE
"20250904_d231",172,"Carroll",3,"01:37","00:46","next drive start",3,"00:51",0,"3 plays, 0 yards, 00:46 elapsed",FALSE
"20250904_d231",190,"UW-Eau Claire",3,"00:51","04:15","score clock",4,"11:36",0,"11 plays, 29 yards, 04:15 elapsed",FALSE
"20250904_d231",204,"Carroll",4,"11:29","03:02","score clock",4,"08:27",0,"7 plays, 67 yards, 03:02 elapsed",FALSE
"20250904_d231",215,"UW-Eau Claire",4,"08:24","03:34","next drive start",4,"04:50",0,"5 plays, 21 yards, 03:34 elapsed",FALSE
"20250904_d231",228,"Carroll",4,"04:50","02:48","next drive start",4,"02:02",0,"7 plays, 32 yards, 02:48 elapsed",FALSE
"20250904_d231",237,"UW-Eau Claire",4,"02:02","02:02","end of half",4,"00:00",0,"4 plays, 4 yards, 02:02 elapsed",FALSE
"20250904_e307",12,"Augsburg",1,"15:00","02:23","next drive start",1,"12:37",0,"3 plays, -12 yards, 2:23 elapsed",FALSE
"20250904_e307",20,"Valley City State",1,"12:37","02:46","next drive start",1,"09:51",0,"5 plays, 29 yards, 2:46 elapsed",FALSE
"20250904_e307",27,"Augsburg",1,"09:51","01:40","next drive start",1,"08:11",0,"3 plays, -3 yards, 1:40 elapsed",FALSE
"20250904_e307",37,"Valley City State",1,"08:11","03:03","score clock",1,"05:08",0,"5 plays, 54 yards, 3:03 elapsed",FALSE
"20250904_e307",48,"Augsburg",1,"05:08","03:26","next drive start",1,"01:42",0,"6 plays, 14 yards, 3:26 elapsed",FALSE
"20250904_e307",62,"Valley City State",1,"01:42","02:45","next drive start",2,"13:57",0,"6 plays, 14 yards, 2:45 elapsed",FALSE
"20250904_e307",72,"Augsburg",2,"13:57","02:34","next drive start",2,"11:23",0,"5 plays, 22 yards, 2:34 elapsed",FALSE
"20250904_e307",96,"Valley City State",2,"11:23","07:50","score clock",2,"03:33",0,"17 plays, 75 yards, 7:50 elapsed",FALSE
"20250904_e307",110,"Valley City State",2,"03:33","03:01","score clock",2,"00:32",0,"7 plays, 35 yards, 3:01 elapsed",FALSE
"20250904_e307",119,"Augsburg",2,"00:28","00:28","end of half",2,"00:00",0,"3 plays, 13 yards, 0:28 elapsed",FALSE
"20250904_e307",136,"Augsburg",3,"15:00","03:34","next drive start",3,"11:26",0,"6 plays, 15 yards, 3:34 elapsed",FALSE
"20250904_e307",144,"Valley City State",3,"11:26","02:30","next drive start",3,"08:56",0,"3 plays, 2 yards, 2:30 elapsed",FALSE
"20250904_e307",151,"Augsburg",3,"08:56","02:26","next drive start",3,"06:30",0,"3 plays, 0 yards, 2:26 elapsed",FALSE
"20250904_e307",165,"Valley City State",3,"06:30","05:03","score clock",3,"01:27",0,"9 plays, 67 yards, 5:03 elapsed",FALSE
"20250904_e307",174,"Augsburg",3,"01:23","00:26","score clock",3,"00:57",0,"3 plays, -4 yards, 0:26 elapsed",FALSE
"20250904_e307",191,"Valley City State",3,"00:57","05:27","next drive start",4,"10:30",0,"10 plays, 20 yards, 5:27 elapsed",FALSE
"20250904_e307",201,"Augsburg",4,"10:30","01:36","next drive start",4,"08:54",0,"6 plays, 12 yards, 1:36 elapsed",FALSE
"20250904_e307",219,"Valley City State",4,"08:54","08:33","next drive start",4,"00:21",0,"12 plays, 32 yards, 8:33 elapsed",FALSE
"20250904_e307",225,"Augsburg",4,"00:21","00:21","end of half",4,"00:00",0,"2 plays, 4 yards, 0:21 elapsed",FALSE
"20250904_hjux",19,"Heidelberg",1,"14:54","04:15","score clock",1,"10:39",0,"9 plays, 58 yards, 04:15 elapsed",FALSE
"20250904_hjux",29,"Hiram",1,"10:33","00:48","score clock",1,"09:45",0,"2 plays, -22 yards, 00:48 elapsed",FALSE
"20250904_hjux",41,"Hiram",1,"09:39","03:03","next drive start",1,"06:36",0,"7 plays, -2 yards, 03:03 elapsed",FALSE
"20250904_hjux",51,"Heidelberg",1,"06:36","01:12","score clock",1,"05:24",0,"3 plays, 16 yards, 01:12 elapsed",FALSE
"20250904_hjux",64,"Hiram",1,"05:18","03:51","next drive start",1,"01:27",0,"9 plays, 30 yards, 03:51 elapsed",FALSE
"20250904_hjux",82,"Heidelberg",1,"01:27","03:29","score clock",2,"12:58",0,"8 plays, 47 yards, 03:29 elapsed",FALSE
"20250904_hjux",94,"Hiram",2,"12:58","03:26","next drive start",2,"09:32",0,"6 plays, 23 yards, 03:26 elapsed",FALSE
"20250904_hjux",108,"Heidelberg",2,"09:32","03:09","score clock",2,"06:23",0,"9 plays, 43 yards, 03:09 elapsed",FALSE
"20250904_hjux",124,"Hiram",2,"06:23","03:56","score clock",2,"02:27",0,"8 plays, 75 yards, 03:56 elapsed",FALSE
"20250904_hjux",146,"Heidelberg",2,"02:17","02:17","end of half",2,"00:00",0,"11 plays, 48 yards, 02:17 elapsed",FALSE
"20250904_hjux",159,"Hiram",3,"15:00","00:52","next drive start",3,"14:08",0,"3 plays, -1 yards, 00:52 elapsed",FALSE
"20250904_hjux",169,"Heidelberg",3,"14:08","01:54","score clock",3,"12:14",0,"5 plays, 40 yards, 01:54 elapsed",FALSE
"20250904_hjux",181,"Hiram",3,"12:14","02:36","next drive start",3,"09:38",0,"7 plays, 54 yards, 02:36 elapsed",FALSE
"20250904_hjux",194,"Heidelberg",3,"09:38","01:46","score clock",3,"07:52",0,"5 plays, 89 yards, 01:46 elapsed",FALSE
"20250904_hjux",203,"Hiram",3,"07:52","01:53","next drive start",3,"05:59",0,"5 plays, 20 yards, 01:53 elapsed",FALSE
"20250904_hjux",215,"Heidelberg",3,"05:59","03:15","next drive start",3,"02:44",0,"7 plays, 10 yards, 03:15 elapsed",FALSE
"20250904_hjux",227,"Hiram",3,"02:44","02:26","score clock",3,"00:18",0,"7 plays, 65 yards, 02:26 elapsed",FALSE
"20250904_hjux",246,"Heidelberg",3,"00:09","03:37","score clock",4,"11:32",0,"10 plays, 59 yards, 03:37 elapsed",FALSE
"20250904_hjux",254,"Hiram",4,"11:26","01:30","next drive start",4,"09:56",0,"3 plays, 5 yards, 01:30 elapsed",FALSE
"20250904_hjux",269,"Heidelberg",4,"09:56","05:31","score clock",4,"04:25",0,"9 plays, 64 yards, 05:31 elapsed",FALSE
"20250904_hjux",279,"Hiram",4,"04:25","01:00","score clock",4,"03:25",0,"3 plays, 75 yards, 01:00 elapsed",FALSE
"20250904_hjux",289,"Hiram",4,"03:12","00:50","score clock",4,"02:22",0,"2 plays, 75 yards, 00:50 elapsed",FALSE
"20250904_hjux",300,"Heidelberg",4,"02:11","00:00","end of half",4,"00:00",131,"4 plays, 11 yards, 00:00 elapsed",TRUE
"20250904_hz19",16,"Lebanon Valley",1,"15:00","03:02","score clock",1,"11:58",0,"6 plays, 76 yards, 03:02 elapsed",FALSE
"20250904_hz19",27,"Franklin and Marshall",1,"11:58","02:20","next drive start",1,"09:38",0,"5 plays, 13 yards, 02:20 elapsed",FALSE
"20250904_hz19",36,"Lebanon Valley",1,"09:38","02:06","next drive start",1,"07:32",0,"4 plays, 38 yards, 02:06 elapsed",FALSE
"20250904_hz19",43,"Franklin and Marshall",1,"07:32","00:50","score clock",1,"06:42",0,"2 plays, 9 yards, 00:50 elapsed",FALSE
"20250904_hz19",53,"Lebanon Valley",1,"06:42","02:48","next drive start",1,"03:54",0,"5 plays, 19 yards, 02:48 elapsed",FALSE
"20250904_hz19",71,"Franklin and Marshall",1,"03:54","05:04","score clock",2,"13:50",0,"7 plays, 67 yards, 05:04 elapsed",FALSE
"20250904_hz19",84,"Lebanon Valley",2,"13:42","03:14","next drive start",2,"10:28",0,"6 plays, 18 yards, 03:14 elapsed",FALSE
"20250904_hz19",92,"Franklin and Marshall",2,"10:28","01:11","next drive start",2,"09:17",0,"3 plays, -6 yards, 01:11 elapsed",FALSE
"20250904_hz19",108,"Lebanon Valley",2,"09:17","05:03","next drive start",2,"04:14",0,"12 plays, 45 yards, 05:03 elapsed",FALSE
"20250904_hz19",116,"Franklin and Marshall",2,"04:14","01:42","next drive start",2,"02:32",0,"3 plays, -27 yards, 01:42 elapsed",FALSE
"20250904_hz19",126,"Lebanon Valley",2,"02:32","01:17","score clock",2,"01:15",0,"4 plays, 23 yards, 01:17 elapsed",FALSE
"20250904_hz19",142,"Franklin and Marshall",2,"01:09","01:09","score clock",2,"00:00",0,"8 plays, 70 yards, 01:09 elapsed",FALSE
"20250904_hz19",156,"Franklin and Marshall",3,"15:00","01:44","next drive start",3,"13:16",0,"3 plays, 1 yards, 01:44 elapsed",FALSE
"20250904_hz19",170,"Lebanon Valley",3,"13:16","04:02","next drive start",3,"09:14",0,"9 plays, 31 yards, 04:02 elapsed",FALSE
"20250904_hz19",186,"Franklin and Marshall",3,"09:14","06:31","next drive start",3,"02:43",0,"11 plays, 47 yards, 06:31 elapsed",FALSE
"20250904_hz19",193,"Lebanon Valley",3,"02:43","00:54","next drive start",3,"01:49",0,"3 plays, 1 yards, 00:54 elapsed",FALSE
"20250904_hz19",202,"Franklin and Marshall",3,"01:49","01:42","score clock",3,"00:07",0,"3 plays, 45 yards, 01:42 elapsed",FALSE
"20250904_hz19",213,"Lebanon Valley",3,"00:07","00:57","next drive start",4,"14:10",0,"3 plays, 5 yards, 00:57 elapsed",FALSE
"20250904_hz19",221,"Franklin and Marshall",4,"14:10","02:20","next drive start",4,"11:50",0,"3 plays, 0 yards, 02:20 elapsed",FALSE
"20250904_hz19",229,"Lebanon Valley",4,"11:50","02:05","next drive start",4,"09:45",0,"3 plays, -3 yards, 02:05 elapsed",FALSE
"20250904_hz19",239,"Franklin and Marshall",4,"09:45","02:17","score clock",4,"07:28",0,"5 plays, 34 yards, 02:17 elapsed",FALSE
"20250904_hz19",255,"Lebanon Valley",4,"07:28","03:29","score clock",4,"03:59",0,"8 plays, 75 yards, 03:29 elapsed",FALSE
"20250904_hz19",271,"Franklin and Marshall",4,"03:57","03:06","next drive start",4,"00:51",0,"6 plays, 9 yards, 03:06 elapsed",FALSE
"20250904_hz19",284,"Lebanon Valley",4,"00:51","00:51","end of half",4,"00:00",0,"9 plays, 51 yards, 00:51 elapsed",FALSE
"20250904_ndb9",12,"Greenville",1,"14:50","01:08","next drive start",1,"13:42",0,"3 plays, 0 yards, 01:08 elapsed",FALSE
"20250904_ndb9",23,"Illinois College",1,"13:42","03:45","next drive start",1,"09:57",0,"7 plays, 39 yards, 03:45 elapsed",FALSE
"20250904_ndb9",30,"Greenville",1,"09:57","01:33","next drive start",1,"08:24",0,"3 plays, 8 yards, 01:33 elapsed",FALSE
"20250904_ndb9",40,"Illinois College",1,"08:24","02:51","score clock",1,"05:33",0,"5 plays, 52 yards, 02:51 elapsed",FALSE
"20250904_ndb9",49,"Greenville",1,"05:24","01:03","next drive start",1,"04:21",0,"3 plays, 1 yards, 01:03 elapsed",FALSE
"20250904_ndb9",67,"Illinois College",1,"04:21","06:32","next drive start",2,"12:49",0,"9 plays, 19 yards, 06:32 elapsed",FALSE
"20250904_ndb9",79,"Greenville",2,"12:49","04:34","next drive start",2,"08:15",0,"8 plays, 28 yards, 04:34 elapsed",FALSE
"20250904_ndb9",83,"Illinois College",2,"08:15","00:07","next drive start",2,"08:08",0,"1 plays, 6 yards, 00:07 elapsed",FALSE
"20250904_ndb9",93,"Greenville",2,"08:08","02:19","score clock",2,"05:49",0,"5 plays, 18 yards, 02:19 elapsed",FALSE
"20250904_ndb9",112,"Illinois College",2,"05:43","05:14","score clock",2,"00:29",0,"10 plays, 67 yards, 05:14 elapsed",FALSE
"20250904_ndb9",119,"Greenville",2,"00:23","00:23","end of half",2,"00:00",0,"2 plays, 12 yards, 00:23 elapsed",FALSE
"20250904_ndb9",138,"Illinois College",3,"14:54","04:30","score clock",3,"10:24",0,"8 plays, 72 yards, 04:30 elapsed",FALSE
"20250904_ndb9",152,"Greenville",3,"10:16","04:18","next drive start",3,"05:58",0,"8 plays, 41 yards, 04:18 elapsed",FALSE
"20250904_ndb9",167,"Illinois College",3,"05:58","05:58","next drive start",4,"15:00",0,"10 plays, 30 yards, 05:58 elapsed",FALSE
"20250904_ndb9",183,"Greenville",4,"15:00","03:33","next drive start",4,"11:27",0,"7 plays, 2 yards, 03:33 elapsed",FALSE
"20250904_ndb9",196,"Illinois College",4,"11:27","04:02","score clock",4,"07:25",0,"7 plays, 37 yards, 04:02 elapsed",FALSE
"20250904_ndb9",208,"Greenville",4,"07:18","01:59","score clock",4,"05:19",0,"5 plays, 82 yards, 01:59 elapsed",FALSE
"20250904_ndb9",226,"Illinois College",4,"05:18","05:18","end of half",4,"00:00",0,"10 plays, 33 yards, 05:18 elapsed",FALSE
"20250904_x3up",11,"N.C. Wesleyan",1,"14:53","00:16","score clock",1,"14:37",0,"1 plays, 75 yards, 00:16 elapsed",FALSE
"20250904_x3up",19,"Averett",1,"14:33","01:29","next drive start",1,"13:04",0,"3 plays, 9 yards, 01:29 elapsed",FALSE
"20250904_x3up",27,"Averett",1,"13:04","00:46","score clock",1,"12:18",0,"2 plays, 11 yards, 00:46 elapsed",FALSE
"20250904_x3up",47,"N.C. Wesleyan",1,"12:12","07:12","score clock",1,"05:00",0,"13 plays, 55 yards, 07:12 elapsed",FALSE
"20250904_x3up",58,"Averett",1,"04:55","01:35","score clock",1,"03:20",0,"3 plays, 2 yards, 01:35 elapsed",FALSE
"20250904_x3up",66,"N.C. Wesleyan",1,"03:14","00:45","score clock",1,"02:29",0,"2 plays, 78 yards, 00:45 elapsed",FALSE
"20250904_x3up",74,"Averett",1,"02:25","00:57","next drive start",1,"01:28",0,"3 plays, -1 yards, 00:57 elapsed",FALSE
"20250904_x3up",88,"N.C. Wesleyan",1,"01:28","02:43","next drive start",2,"13:45",0,"8 plays, 67 yards, 02:43 elapsed",FALSE
"20250904_x3up",93,"Averett",2,"13:45","00:53","next drive start",2,"12:52",0,"2 plays, -2 yards, 00:53 elapsed",FALSE
"20250904_x3up",101,"N.C. Wesleyan",2,"12:52","01:19","score clock",2,"11:33",0,"3 plays, 13 yards, 01:19 elapsed",FALSE
"20250904_x3up",109,"Averett",2,"11:33","00:55","next drive start",2,"10:38",0,"4 plays, -11 yards, 00:55 elapsed",FALSE
"20250904_x3up",118,"N.C. Wesleyan",2,"10:38","01:10","score clock",2,"09:28",0,"4 plays, 5 yards, 01:10 elapsed",FALSE
"20250904_x3up",137,"Averett",2,"09:21","05:54","next drive start",2,"03:27",0,"11 plays, 72 yards, 05:54 elapsed",FALSE
"20250904_x3up",144,"N.C. Wesleyan",2,"03:27","00:42","score clock",2,"02:45",0,"2 plays, 95 yards, 00:42 elapsed",FALSE
"20250904_x3up",153,"Averett",2,"02:45","00:57","next drive start",2,"01:48",0,"3 plays, -8 yards, 00:57 elapsed",FALSE
"20250904_x3up",163,"N.C. Wesleyan",2,"01:48","01:48","score clock",2,"00:00",0,"4 plays, 7 yards, 01:48 elapsed",FALSE
"20250904_x3up",172,"Averett",3,"15:00","00:12","next drive start",3,"14:48",0,"1 plays, 13 yards, 00:12 elapsed",FALSE
"20250904_x3up",181,"N.C. Wesleyan",3,"14:48","01:42","score clock",3,"13:06",0,"4 plays, 15 yards, 01:42 elapsed",FALSE
"20250904_x3up",198,"Averett",3,"11:27","02:24","score clock",3,"09:03",0,"8 plays, 70 yards, 02:24 elapsed",FALSE
"20250904_x3up",212,"N.C. Wesleyan",3,"08:54","03:58","score clock",3,"04:56",0,"7 plays, 92 yards, 03:58 elapsed",FALSE
"20250904_x3up",225,"Averett",3,"04:56","02:30","next drive start",3,"02:26",0,"6 plays, 5 yards, 02:30 elapsed",FALSE
"20250904_x3up",230,"N.C. Wesleyan",3,"02:26","00:06","next drive start",3,"02:20",0,"1 plays, -2 yards, 00:06 elapsed",FALSE
"20250904_x3up",237,"Averett",3,"02:20","01:09","next drive start",3,"01:11",0,"4 plays, -3 yards, 01:09 elapsed",FALSE
"20250904_x3up",252,"N.C. Wesleyan",3,"01:11","03:13","score clock",4,"12:58",0,"5 plays, 55 yards, 03:13 elapsed",FALSE
"20250904_x3up",260,"Averett",4,"12:58","01:32","next drive start",4,"11:26",0,"3 plays, 7 yards, 01:32 elapsed",FALSE
"20250904_x3up",278,"N.C. Wesleyan",4,"11:26","09:29","next drive start",4,"01:57",0,"15 plays, 62 yards, 09:29 elapsed",FALSE
"20250904_x3up",289,"Averett",4,"01:57","01:57","end of half",4,"00:00",0,"6 plays, 26 yards, 01:57 elapsed",FALSE
"20250904_x4o2",15,"Millsaps",1,"14:55","01:22","score clock",1,"13:33",0,"4 plays, 74 yards, 01:22 elapsed",FALSE
"20250904_x4o2",37,"Belhaven",1,"13:25","07:23","score clock",1,"06:02",0,"15 plays, 72 yards, 07:23 elapsed",FALSE
"20250904_x4o2",47,"Millsaps",1,"05:55","01:07","next drive start",1,"04:48",0,"3 plays, 5 yards, 01:07 elapsed",FALSE
"20250904_x4o2",66,"Belhaven",1,"04:48","04:53","score clock",2,"14:55",0,"9 plays, 37 yards, 04:53 elapsed",FALSE
"20250904_x4o2",74,"Millsaps",2,"14:49","01:40","next drive start",2,"13:09",0,"3 plays, 4 yards, 01:40 elapsed",FALSE
"20250904_x4o2",88,"Belhaven",2,"13:09","03:48","score clock",2,"09:21",0,"8 plays, 37 yards, 03:48 elapsed",FALSE
"20250904_x4o2",112,"Millsaps",2,"09:21","06:26","score clock",2,"02:55",0,"15 plays, 56 yards, 06:26 elapsed",FALSE
"20250904_x4o2",121,"Belhaven",2,"02:55","01:12","next drive start",2,"01:43",0,"3 plays, -1 yards, 01:12 elapsed",FALSE
"20250904_x4o2",137,"Millsaps",2,"01:43","01:43","score clock",2,"00:00",0,"10 plays, 60 yards, 01:43 elapsed",FALSE
"20250904_x4o2",153,"Belhaven",3,"15:00","04:04","next drive start",3,"10:56",0,"6 plays, 38 yards, 04:04 elapsed",FALSE
"20250904_x4o2",161,"Millsaps",3,"10:56","01:19","next drive start",3,"09:37",0,"3 plays, 8 yards, 01:19 elapsed",FALSE
"20250904_x4o2",169,"Belhaven",3,"09:37","01:27","score clock",3,"08:10",0,"3 plays, 61 yards, 01:27 elapsed",FALSE
"20250904_x4o2",179,"Millsaps",3,"08:10","02:28","next drive start",3,"05:42",0,"6 plays, 26 yards, 02:28 elapsed",FALSE
"20250904_x4o2",191,"Belhaven",3,"05:42","04:01","score clock",3,"01:41",0,"7 plays, 51 yards, 04:01 elapsed",FALSE
"20250904_x4o2",201,"Millsaps",3,"01:34","01:34","next drive start",4,"15:00",0,"6 plays, 31 yards, 01:34 elapsed",FALSE
"20250904_x4o2",209,"Belhaven",4,"15:00","00:59","next drive start",4,"14:01",0,"2 plays, -5 yards, 00:59 elapsed",FALSE
"20250904_x4o2",214,"Millsaps",4,"14:01","00:29","next drive start",4,"13:32",0,"2 plays, -5 yards, 00:29 elapsed",FALSE
"20250904_x4o2",226,"Belhaven",4,"13:32","02:36","score clock",4,"10:56",0,"6 plays, 49 yards, 02:36 elapsed",FALSE
"20250904_x4o2",238,"Millsaps",4,"10:56","03:46","next drive start",4,"07:10",0,"6 plays, 19 yards, 03:46 elapsed",FALSE
"20250904_x4o2",246,"Belhaven",4,"07:10","02:04","next drive start",4,"05:06",0,"3 plays, -3 yards, 02:04 elapsed",FALSE
"20250904_x4o2",254,"Millsaps",4,"05:06","00:42","score clock",4,"04:24",0,"3 plays, 72 yards, 00:42 elapsed",FALSE
"20250904_x4o2",265,"Belhaven",4,"04:24","02:23","score clock",4,"02:01",0,"4 plays, 70 yards, 02:23 elapsed",FALSE
"20250904_x4o2",280,"Millsaps",4,"02:01","01:40","next drive start",4,"00:21",0,"6 plays, 12 yards, 01:40 elapsed",FALSE
"20250904_x4o2",285,"Belhaven",4,"00:21","00:21","end of half",4,"00:00",0,"1 plays, -1 yards, 00:21 elapsed",FALSE
"20250904_x9dy",14,"Pacific",1,"14:52","02:20","next drive start",1,"12:32",0,"3 plays, 7 yards, 02:20 elapsed",FALSE
"20250904_x9dy",37,"Howard Payne",1,"12:32","08:47","score clock",1,"03:45",0,"16 plays, 82 yards, 08:47 elapsed",FALSE
"20250904_x9dy",45,"Pacific",1,"03:38","01:39","next drive start",1,"01:59",0,"3 plays, 8 yards, 01:39 elapsed",FALSE
"20250904_x9dy",57,"Howard Payne",1,"01:59","02:13","next drive start",2,"14:46",0,"5 plays, 10 yards, 02:13 elapsed",FALSE
"20250904_x9dy",70,"Pacific",2,"14:46","04:49","score clock",2,"09:57",0,"9 plays, 56 yards, 04:49 elapsed",FALSE
"20250904_x9dy",79,"Howard Payne",2,"09:49","01:31","score clock",2,"08:18",0,"3 plays, 78 yards, 01:31 elapsed",FALSE
"20250904_x9dy",97,"Pacific",2,"08:10","06:17","next drive start",2,"01:53",0,"12 plays, 40 yards, 06:17 elapsed",FALSE
"20250904_x9dy",108,"Howard Payne",2,"01:53","01:53","end of half",2,"00:00",0,"3 plays, -4 yards, 01:53 elapsed",FALSE
"20250904_x9dy",120,"Howard Payne",3,"14:53","01:28","next drive start",3,"13:25",0,"3 plays, 3 yards, 01:28 elapsed",FALSE
"20250904_x9dy",134,"Pacific",3,"13:25","03:03","score clock",3,"10:22",0,"9 plays, 57 yards, 03:03 elapsed",FALSE
"20250904_x9dy",143,"Howard Payne",3,"10:16","01:01","next drive start",3,"09:15",0,"3 plays, 0 yards, 01:01 elapsed",FALSE
"20250904_x9dy",151,"Pacific",3,"09:15","02:35","next drive start",3,"06:40",0,"3 plays, -3 yards, 02:35 elapsed",FALSE
"20250904_x9dy",179,"Howard Payne",3,"06:40","09:47","score clock",4,"11:53",0,"18 plays, 73 yards, 09:47 elapsed",FALSE
"20250904_x9dy",188,"Pacific",4,"11:46","02:07","next drive start",4,"09:39",0,"3 plays, -7 yards, 02:07 elapsed",FALSE
"20250904_x9dy",196,"Pacific",4,"09:39","02:18","score clock",4,"07:21",0,"4 plays, 9 yards, 02:18 elapsed",FALSE
"20250904_x9dy",209,"Howard Payne",4,"07:21","04:38","next drive start",4,"02:43",0,"7 plays, 21 yards, 04:38 elapsed",FALSE
"20250904_x9dy",221,"Pacific",4,"02:43","01:32","next drive start",4,"01:11",0,"8 plays, 39 yards, 01:32 elapsed",FALSE
"20250904_x9dy",229,"Howard Payne",4,"01:11","01:11","end of half",4,"00:00",0,"3 plays, -3 yards, 01:11 elapsed",FALSE
"20250904_xvn8",15,"Coe",1,"14:55","02:13","score clock",1,"12:42",0,"5 plays, 72 yards, 02:13 elapsed",FALSE
"20250904_xvn8",24,"Cornell",1,"12:36","02:37","next drive start",1,"09:59",0,"4 plays, 7 yards, 02:37 elapsed",FALSE
"20250904_xvn8",40,"Coe",1,"09:59","04:22","score clock",1,"05:37",0,"9 plays, 67 yards, 04:22 elapsed",FALSE
"20250904_xvn8",50,"Cornell",1,"05:37","02:06","next drive start",1,"03:31",0,"3 plays, 0 yards, 02:06 elapsed",FALSE
"20250904_xvn8",61,"Coe",1,"03:31","01:49","score clock",1,"01:42",0,"5 plays, 71 yards, 01:49 elapsed",FALSE
"20250904_xvn8",66,"Cornell",1,"01:37","00:09","next drive start",1,"01:28",0,"1 plays, 0 yards, 00:09 elapsed",FALSE
"20250904_xvn8",81,"Coe",1,"01:28","02:41","score clock",2,"13:47",0,"6 plays, 36 yards, 02:41 elapsed",FALSE
"20250904_xvn8",89,"Cornell",2,"13:38","01:59","next drive start",2,"11:39",0,"3 plays, 5 yards, 01:59 elapsed",FALSE
"20250904_xvn8",100,"Coe",2,"11:39","03:12","score clock",2,"08:27",0,"6 plays, 49 yards, 03:12 elapsed",FALSE
"20250904_xvn8",108,"Cornell",2,"08:20","01:35","next drive start",2,"06:45",0,"3 plays, 5 yards, 01:35 elapsed",FALSE
"20250904_xvn8",120,"Coe",2,"06:45","03:58","next drive start",2,"02:47",0,"8 plays, 31 yards, 03:58 elapsed",FALSE
"20250904_xvn8",133,"Cornell",2,"02:47","02:00","score clock",2,"00:47",0,"7 plays, 16 yards, 02:00 elapsed",FALSE
"20250904_xvn8",140,"Cornell",2,"00:38","00:38","end of half",2,"00:00",0,"2 plays, 8 yards, 00:38 elapsed",FALSE
"20250904_xvn8",158,"Cornell",3,"14:50","04:21","next drive start",3,"10:29",0,"8 plays, 23 yards, 04:21 elapsed",FALSE
"20250904_xvn8",168,"Coe",3,"10:29","02:27","next drive start",3,"08:02",0,"5 plays, 13 yards, 02:27 elapsed",FALSE
"20250904_xvn8",179,"Cornell",3,"08:02","03:19","score clock",3,"04:43",0,"6 plays, 41 yards, 03:19 elapsed",FALSE
"20250904_xvn8",191,"Coe",3,"04:37","02:43","score clock",3,"01:54",0,"6 plays, 71 yards, 02:43 elapsed",FALSE
"20250904_xvn8",201,"Cornell",3,"01:44","01:44","next drive start",4,"15:00",0,"3 plays, -6 yards, 01:44 elapsed",FALSE
"20250904_xvn8",215,"Coe",4,"15:00","01:14","score clock",4,"13:46",0,"5 plays, 38 yards, 01:14 elapsed",FALSE
"20250904_xvn8",225,"Cornell",4,"13:40","02:56","next drive start",4,"10:44",0,"6 plays, 30 yards, 02:56 elapsed",FALSE
"20250904_xvn8",239,"Coe",4,"10:44","02:18","score clock",4,"08:26",0,"7 plays, 43 yards, 02:18 elapsed",FALSE
"20250904_xvn8",254,"Cornell",4,"08:19","03:09","next drive start",4,"05:10",0,"7 plays, 25 yards, 03:09 elapsed",FALSE
"20250904_xvn8",269,"Coe",4,"05:10","05:10","end of half",4,"00:00",0,"10 plays, 52 yards, 05:10 elapsed",FALSE
"20250904_zbay",13,"Marietta",1,"14:54","01:23","next drive start",1,"13:31",0,"3 plays, 4 yards, 01:23 elapsed",FALSE
"20250904_zbay",20,"Westminster (Pa.)",1,"13:31","01:29","next drive start",1,"12:02",0,"3 plays, 0 yards, 01:29 elapsed",FALSE
"20250904_zbay",37,"Marietta",1,"12:02","05:58","next drive start",1,"06:04",0,"13 plays, 65 yards, 05:58 elapsed",FALSE
"20250904_zbay",44,"Westminster (Pa.)",1,"06:04","01:34","next drive start",1,"04:30",0,"3 plays, 7 yards, 01:34 elapsed",FALSE
"20250904_zbay",66,"Marietta",1,"04:30","07:47","score clock",2,"11:43",0,"14 plays, 75 yards, 07:47 elapsed",FALSE
"20250904_zbay",81,"Westminster (Pa.)",2,"11:40","04:08","next drive start",2,"07:32",0,"8 plays, 34 yards, 04:08 elapsed",FALSE
"20250904_zbay",92,"Marietta",2,"07:32","03:03","next drive start",2,"04:29",0,"7 plays, 26 yards, 03:03 elapsed",FALSE
"20250904_zbay",104,"Westminster (Pa.)",2,"04:29","02:52","next drive start",2,"01:37",0,"8 plays, 55 yards, 02:52 elapsed",FALSE
"20250904_zbay",114,"Marietta",2,"01:37","00:50","next drive start",2,"00:47",0,"3 plays, 1 yards, 00:50 elapsed",FALSE
"20250904_zbay",122,"Westminster (Pa.)",2,"00:47","00:47","end of half",2,"00:00",0,"3 plays, 17 yards, 00:47 elapsed",FALSE
"20250904_zbay",135,"Westminster (Pa.)",3,"14:48","01:11","score clock",3,"13:37",0,"3 plays, 33 yards, 01:11 elapsed",FALSE
"20250904_zbay",153,"Marietta",3,"13:30","04:37","score clock",3,"08:53",0,"12 plays, 73 yards, 04:37 elapsed",FALSE
"20250904_zbay",161,"Westminster (Pa.)",3,"08:51","01:34","next drive start",3,"07:17",0,"3 plays, 7 yards, 01:34 elapsed",FALSE
"20250904_zbay",171,"Marietta",3,"07:17","03:43","next drive start",3,"03:34",0,"7 plays, 21 yards, 03:43 elapsed",FALSE
"20250904_zbay",178,"Westminster (Pa.)",3,"03:34","01:44","next drive start",3,"01:50",0,"3 plays, 6 yards, 01:44 elapsed",FALSE
"20250904_zbay",192,"Marietta",3,"01:50","03:52","next drive start",4,"12:58",0,"7 plays, 34 yards, 03:52 elapsed",FALSE
"20250904_zbay",199,"Westminster (Pa.)",4,"12:58","01:45","next drive start",4,"11:13",0,"3 plays, 5 yards, 01:45 elapsed",FALSE
"20250904_zbay",213,"Marietta",4,"11:13","06:07","next drive start",4,"05:06",0,"10 plays, 23 yards, 06:07 elapsed",FALSE
"20250904_zbay",221,"Westminster (Pa.)",4,"05:06","00:57","next drive start",4,"04:09",0,"3 plays, 1 yards, 00:57 elapsed",FALSE
"20250904_zbay",233,"Marietta",4,"04:09","02:22","next drive start",4,"01:47",0,"5 plays, 8 yards, 02:22 elapsed",FALSE
"20250904_zbay",237,"Westminster (Pa.)",4,"01:47","00:15","next drive start",4,"01:32",0,"1 plays, 26 yards, 00:15 elapsed",FALSE
"20250904_zbay",244,"Marietta",4,"01:32","01:32","end of half",4,"00:00",0,"3 plays, -5 yards, 01:32 elapsed",FALSE
"20250904_zik0",17,"Trinity (Texas)",1,"15:00","02:45","score clock",1,"12:15",0,"6 plays, 75 yards, 02:45 elapsed",FALSE
"20250904_zik0",38,"Texas Lutheran",1,"12:09","06:48","next drive start",1,"05:21",0,"16 plays, 63 yards, 06:48 elapsed",FALSE
"20250904_zik0",55,"Trinity (Texas)",1,"05:21","05:26","next drive start",2,"14:55",0,"9 plays, 40 yards, 05:26 elapsed",FALSE
"20250904_zik0",73,"Texas Lutheran",2,"14:55","03:18","score clock",2,"11:37",0,"9 plays, 60 yards, 03:18 elapsed",FALSE
"20250904_zik0",81,"Trinity (Texas)",2,"11:27","00:08","score clock",2,"11:19",0,"1 plays, 37 yards, 00:08 elapsed",FALSE
"20250904_zik0",89,"Texas Lutheran",2,"11:12","01:22","next drive start",2,"09:50",0,"3 plays, 1 yards, 01:22 elapsed",FALSE
"20250904_zik0",98,"Trinity (Texas)",2,"09:50","02:18","next drive start",2,"07:32",0,"4 plays, -2 yards, 02:18 elapsed",FALSE
"20250904_zik0",108,"Texas Lutheran",2,"07:32","01:01","score clock",2,"06:31",0,"4 plays, -20 yards, 01:01 elapsed",FALSE
"20250904_zik0",117,"Trinity (Texas)",2,"06:24","01:30","score clock",2,"04:54",0,"3 plays, 59 yards, 01:30 elapsed",FALSE
"20250904_zik0",125,"Texas Lutheran",2,"04:47","00:43","score clock",2,"04:04",0,"2 plays, 85 yards, 00:43 elapsed",FALSE
"20250904_zik0",141,"Trinity (Texas)",2,"03:59","03:51","score clock",2,"00:08",0,"8 plays, 38 yards, 03:51 elapsed",FALSE
"20250904_zik0",147,"Texas Lutheran",2,"00:08","00:08","end of half",2,"00:00",0,"1 plays, 0 yards, 00:08 elapsed",FALSE
"20250904_zik0",160,"Texas Lutheran",3,"14:54","01:25","next drive start",3,"13:29",0,"3 plays, 6 yards, 01:25 elapsed",FALSE
"20250904_zik0",167,"Trinity (Texas)",3,"13:29","01:45","next drive start",3,"11:44",0,"3 plays, 3 yards, 01:45 elapsed",FALSE
"20250904_zik0",179,"Texas Lutheran",3,"11:44","02:00","next drive start",3,"09:44",0,"8 plays, 48 yards, 02:00 elapsed",FALSE
"20250904_zik0",194,"Trinity (Texas)",3,"09:44","05:58","next drive start",3,"03:46",0,"11 plays, 33 yards, 05:58 elapsed",FALSE
"20250904_zik0",201,"Texas Lutheran",3,"03:46","00:58","next drive start",3,"02:48",0,"3 plays, 2 yards, 00:58 elapsed",FALSE
"20250904_zik0",210,"Trinity (Texas)",3,"02:48","02:43","next drive start",3,"00:05",0,"6 plays, 13 yards, 02:43 elapsed",FALSE
"20250904_zik0",220,"Texas Lutheran",3,"00:05","00:58","next drive start",4,"14:07",0,"3 plays, -5 yards, 00:58 elapsed",FALSE
"20250904_zik0",237,"Trinity (Texas)",4,"14:07","08:11","next drive start",4,"05:56",0,"13 plays, 48 yards, 08:11 elapsed",FALSE
"20250904_zik0",249,"Texas Lutheran",4,"05:56","02:46","next drive start",4,"03:10",0,"7 plays, 32 yards, 02:46 elapsed",FALSE
"20250904_zik0",262,"Trinity (Texas)",4,"03:10","03:10","end of half",4,"00:00",0,"6 plays, 41 yards, 03:10 elapsed",FALSE
"20250905_0otb",14,"Curry",1,"14:55","03:22","next drive start",1,"11:33",0,"6 plays, 18 yards, 03:22 elapsed",FALSE
"20250905_0otb",27,"Bridgewater State",1,"11:33","04:35","next drive start",1,"06:58",0,"8 plays, 18 yards, 04:35 elapsed",FALSE
"20250905_0otb",42,"Curry",1,"06:58","05:32","score clock",1,"01:26",0,"8 plays, 74 yards, 05:32 elapsed",FALSE
"20250905_0otb",56,"Bridgewater State",1,"01:26","02:53","next drive start",2,"13:33",0,"5 plays, 8 yards, 02:53 elapsed",FALSE
"20250905_0otb",63,"Curry",2,"13:33","01:30","next drive start",2,"12:03",0,"3 plays, 4 yards, 01:30 elapsed",FALSE
"20250905_0otb",75,"Bridgewater State",2,"12:03","04:20","next drive start",2,"07:43",0,"8 plays, 29 yards, 04:20 elapsed",FALSE
"20250905_0otb",82,"Curry",2,"07:43","02:19","next drive start",2,"05:24",0,"3 plays, 4 yards, 02:19 elapsed",FALSE
"20250905_0otb",95,"Bridgewater State",2,"05:24","02:51","next drive start",2,"02:33",0,"8 plays, 30 yards, 02:51 elapsed",FALSE
"20250905_0otb",104,"Curry",2,"02:33","01:17","next drive start",2,"01:16",0,"5 plays, 20 yards, 01:17 elapsed",FALSE
"20250905_0otb",113,"Bridgewater State",2,"01:16","00:34","next drive start",2,"00:42",0,"3 plays, 2 yards, 00:34 elapsed",FALSE
"20250905_0otb",122,"Curry",2,"00:42","00:42","end of half",2,"00:00",0,"5 plays, 40 yards, 00:42 elapsed",FALSE
"20250905_0otb",135,"Bridgewater State",3,"15:00","01:12","score clock",3,"13:48",0,"3 plays, 75 yards, 01:12 elapsed",FALSE
"20250905_0otb",146,"Curry",3,"13:45","03:29","next drive start",3,"10:16",0,"6 plays, 22 yards, 03:29 elapsed",FALSE
"20250905_0otb",165,"Bridgewater State",3,"10:16","06:51","score clock",3,"03:25",0,"14 plays, 92 yards, 06:51 elapsed",FALSE
"20250905_0otb",178,"Curry",3,"03:18","02:54","next drive start",3,"00:24",0,"7 plays, 58 yards, 02:54 elapsed",FALSE
"20250905_0otb",189,"Bridgewater State",3,"00:24","01:21","next drive start",4,"14:03",0,"3 plays, 7 yards, 01:21 elapsed",FALSE
"20250905_0otb",195,"Curry",4,"14:03","00:07","score clock",4,"13:56",0,"1 plays, 44 yards, 00:07 elapsed",FALSE
"20250905_0otb",203,"Bridgewater State",4,"13:56","01:30","next drive start",4,"12:26",0,"3 plays, 1 yards, 01:30 elapsed",FALSE
"20250905_0otb",214,"Curry",4,"12:26","01:34","score clock",4,"10:52",0,"5 plays, 47 yards, 01:34 elapsed",FALSE
"20250905_0otb",223,"Bridgewater State",4,"10:52","02:23","next drive start",4,"08:29",0,"4 plays, 12 yards, 02:23 elapsed",FALSE
"20250905_0otb",235,"Curry",4,"08:29","02:41","score clock",4,"05:48",0,"7 plays, 52 yards, 02:41 elapsed",FALSE
"20250905_0otb",254,"Bridgewater State",4,"05:48","03:44","score clock",4,"02:04",0,"9 plays, 57 yards, 03:44 elapsed",FALSE
"20250905_0otb",264,"Curry",4,"02:03","00:22","score clock",4,"01:41",0,"3 plays, 15 yards, 00:22 elapsed",FALSE
"20250905_0otb",278,"Bridgewater State",4,"01:41","00:50","score clock",4,"00:51",0,"8 plays, 75 yards, 00:50 elapsed",FALSE
"20250905_0otb",283,"Curry",4,"00:51","00:51","end of half",4,"00:00",0,"2 plays, -10 yards, 00:51 elapsed",FALSE
"20250905_2ic2",11,"Hobart",1,"14:56","02:18","next drive start",1,"12:38",0,"3 plays, 8 yards, 02:18 elapsed",FALSE
"20250905_2ic2",24,"Alfred",1,"12:38","03:17","score clock",1,"09:21",0,"8 plays, 61 yards, 03:17 elapsed",FALSE
"20250905_2ic2",34,"Hobart",1,"09:21","03:14","next drive start",1,"06:07",0,"6 plays, 42 yards, 03:14 elapsed",FALSE
"20250905_2ic2",40,"Alfred",1,"06:07","00:27","next drive start",1,"05:40",0,"2 plays, 13 yards, 00:27 elapsed",FALSE
"20250905_2ic2",47,"Hobart",1,"05:40","01:06","next drive start",1,"04:34",0,"3 plays, 1 yards, 01:06 elapsed",FALSE
"20250905_2ic2",54,"Alfred",1,"04:34","01:56","next drive start",1,"02:38",0,"4 plays, 9 yards, 01:56 elapsed",FALSE
"20250905_2ic2",66,"Hobart",1,"02:38","02:16","score clock",1,"00:22",0,"5 plays, 13 yards, 02:16 elapsed",FALSE
"20250905_2ic2",78,"Alfred",1,"00:15","01:06","next drive start",2,"14:09",0,"3 plays, 0 yards, 01:06 elapsed",FALSE
"20250905_2ic2",88,"Hobart",2,"14:09","03:43","next drive start",2,"10:26",0,"5 plays, 19 yards, 03:43 elapsed",FALSE
"20250905_2ic2",92,"Alfred",2,"10:26","00:07","next drive start",2,"10:19",0,"1 plays, 0 yards, 00:07 elapsed",FALSE
"20250905_2ic2",106,"Hobart",2,"10:19","03:00","score clock",2,"07:19",0,"8 plays, 44 yards, 03:00 elapsed",FALSE
"20250905_2ic2",121,"Alfred",2,"07:11","05:23","next drive start",2,"01:48",0,"8 plays, 32 yards, 05:23 elapsed",FALSE
"20250905_2ic2",139,"Hobart",2,"01:48","01:48","end of half",2,"00:00",0,"8 plays, 58 yards, 01:48 elapsed",FALSE
"20250905_2ic2",151,"Alfred",3,"14:54","00:00","next drive start",3,"14:54",0,"3 plays, 39 yards, 00:00 elapsed",FALSE
"20250905_2ic2",163,"Alfred",3,"14:54","06:09","score clock",3,"08:45",0,"8 plays, 38 yards, 06:09 elapsed",FALSE
"20250905_2ic2",174,"Hobart",3,"08:37","02:22","next drive start",3,"06:15",0,"7 plays, 42 yards, 02:22 elapsed",FALSE
"20250905_2ic2",181,"Alfred",3,"06:15","01:39","next drive start",3,"04:36",0,"3 plays, 2 yards, 01:39 elapsed",FALSE
"20250905_2ic2",187,"Hobart",3,"04:36","00:59","score clock",3,"03:37",0,"3 plays, 6 yards, 00:59 elapsed",FALSE
"20250905_2ic2",192,"Alfred",3,"03:37","00:00","next drive start",3,"03:30",7,"0 plays, 0 yards, 00:00 elapsed",TRUE
"20250905_2ic2",198,"Hobart",3,"03:30","00:44","next drive start",3,"02:46",0,"2 plays, -10 yards, 00:44 elapsed",FALSE
"20250905_2ic2",215,"Alfred",3,"02:46","03:54","score clock",4,"13:52",0,"8 plays, 30 yards, 03:54 elapsed",FALSE
"20250905_2ic2",230,"Hobart",4,"13:52","04:12","score clock",4,"09:40",0,"8 plays, 75 yards, 04:12 elapsed",FALSE
"20250905_2ic2",238,"Alfred",4,"09:35","00:00","next drive start",4,"09:35",0,"3 plays, 5 yards, 00:00 elapsed",FALSE
"20250905_2ic2",241,"Alfred",4,"09:35","01:49","next drive start",4,"07:46",0,"0 plays, 0 yards, 01:49 elapsed",FALSE
"20250905_2ic2",258,"Hobart",4,"07:46","05:26","score clock",4,"02:20",0,"12 plays, 78 yards, 05:26 elapsed",FALSE
"20250905_2ic2",273,"Alfred",4,"02:19","02:19","end of half",4,"00:00",0,"8 plays, 35 yards, 02:19 elapsed",FALSE
"20250905_5sfv",15,"St. Lawrence",1,"14:55","03:48","next drive start",1,"11:07",0,"6 plays, 19 yards, 03:48 elapsed",FALSE
"20250905_5sfv",35,"Norwich",1,"11:07","08:19","score clock",1,"02:48",0,"16 plays, 83 yards, 08:19 elapsed",FALSE
"20250905_5sfv",45,"St. Lawrence",1,"02:44","02:44","next drive start",2,"15:00",0,"4 plays, 18 yards, 02:44 elapsed",FALSE
"20250905_5sfv",57,"St. Lawrence",2,"15:00","00:51","score clock",2,"14:09",0,"3 plays, 5 yards, 00:51 elapsed",FALSE
"20250905_5sfv",68,"Norwich",2,"14:09","02:09","next drive start",2,"12:00",0,"5 plays, 15 yards, 02:09 elapsed",FALSE
"20250905_5sfv",76,"St. Lawrence",2,"12:00","02:19","next drive start",2,"09:41",0,"3 plays, 4 yards, 02:19 elapsed",FALSE
"20250905_5sfv",84,"Norwich",2,"09:41","00:49","next drive start",2,"08:52",0,"3 plays, 4 yards, 00:49 elapsed",FALSE
"20250905_5sfv",96,"St. Lawrence",2,"08:52","03:17","score clock",2,"05:35",0,"7 plays, 70 yards, 03:17 elapsed",FALSE
"20250905_5sfv",107,"Norwich",2,"05:27","01:45","next drive start",2,"03:42",0,"3 plays, -7 yards, 01:45 elapsed",FALSE
"20250905_5sfv",119,"St. Lawrence",2,"03:42","01:50","next drive start",2,"01:52",0,"3 plays, -26 yards, 01:50 elapsed",FALSE
"20250905_5sfv",127,"Norwich",2,"01:52","01:22","next drive start",2,"00:30",0,"3 plays, -13 yards, 01:22 elapsed",FALSE
"20250905_5sfv",133,"St. Lawrence",2,"00:30","00:30","end of half",2,"00:00",0,"2 plays, -4 yards, 00:30 elapsed",FALSE
"20250905_5sfv",147,"Norwich",3,"14:54","03:37","next drive start",3,"11:17",0,"5 plays, 4 yards, 03:37 elapsed",FALSE
"20250905_5sfv",160,"St. Lawrence",3,"11:17","05:20","next drive start",3,"05:57",0,"9 plays, 56 yards, 05:20 elapsed",FALSE
"20250905_5sfv",166,"Norwich",3,"05:57","00:39","score clock",3,"05:18",0,"2 plays, -1 yards, 00:39 elapsed",FALSE
"20250905_5sfv",176,"St. Lawrence",3,"05:13","02:15","score clock",3,"02:58",0,"5 plays, 19 yards, 02:15 elapsed",FALSE
"20250905_5sfv",186,"Norwich",3,"02:51","02:30","next drive start",3,"00:21",0,"5 plays, 16 yards, 02:30 elapsed",FALSE
"20250905_5sfv",196,"St. Lawrence",3,"00:21","01:16","next drive start",4,"14:05",0,"3 plays, 1 yards, 01:16 elapsed",FALSE
"20250905_5sfv",213,"Norwich",4,"14:05","06:42","next drive start",4,"07:23",0,"13 plays, 52 yards, 06:42 elapsed",FALSE
"20250905_5sfv",234,"St. Lawrence",4,"07:23","07:23","end of half",4,"00:00",0,"12 plays, 57 yards, 07:23 elapsed",FALSE
"20250905_8wt2",11,"Moravian",1,"15:00","00:37","score clock",1,"14:23",0,"2 plays, 1 yards, 00:37 elapsed",FALSE
"20250905_8wt2",16,"Muhlenberg",1,"14:23","00:00","next drive start",1,"14:23",0,"0 plays, 0 yards, 00:00 elapsed",FALSE
"20250905_8wt2",25,"Moravian",1,"14:23","02:26","next drive start",1,"11:57",0,"4 plays, 16 yards, 02:26 elapsed",FALSE
"20250905_8wt2",33,"Muhlenberg",1,"11:57","01:56","next drive start",1,"10:01",0,"4 plays, 10 yards, 01:56 elapsed",FALSE
"20250905_8wt2",42,"Moravian",1,"10:01","02:12","next drive start",1,"07:49",0,"6 plays, 31 yards, 02:12 elapsed",FALSE
"20250905_8wt2",50,"Muhlenberg",1,"07:49","01:34","next drive start",1,"06:15",0,"3 plays, 7 yards, 01:34 elapsed",FALSE
"20250905_8wt2",56,"Moravian",1,"06:15","01:14","next drive start",1,"05:01",0,"3 plays, 7 yards, 01:14 elapsed",FALSE
"20250905_8wt2",65,"Muhlenberg",1,"05:01","00:57","score clock",1,"04:04",0,"4 plays, 4 yards, 00:57 elapsed",FALSE
"20250905_8wt2",77,"Moravian",1,"04:04","02:19","score clock",1,"01:45",0,"5 plays, 30 yards, 02:19 elapsed",FALSE
"20250905_8wt2",92,"Muhlenberg",1,"01:45","03:12","next drive start",2,"13:33",0,"6 plays, 25 yards, 03:12 elapsed",FALSE
"20250905_8wt2",99,"Moravian",2,"13:33","01:40","next drive start",2,"11:53",0,"3 plays, 1 yards, 01:40 elapsed",FALSE
"20250905_8wt2",109,"Muhlenberg",2,"11:53","01:15","score clock",2,"10:38",0,"4 plays, 30 yards, 01:15 elapsed",FALSE
"20250905_8wt2",122,"Moravian",2,"10:38","02:59","score clock",2,"07:39",0,"7 plays, 65 yards, 02:59 elapsed",FALSE
"20250905_8wt2",130,"Muhlenberg",2,"07:39","01:32","next drive start",2,"06:07",0,"3 plays, 5 yards, 01:32 elapsed",FALSE
"20250905_8wt2",140,"Moravian",2,"06:07","03:17","next drive start",2,"02:50",0,"7 plays, 40 yards, 03:17 elapsed",FALSE
"20250905_8wt2",148,"Muhlenberg",2,"02:50","01:00","next drive start",2,"01:50",0,"3 plays, 5 yards, 01:00 elapsed",FALSE
"20250905_8wt2",158,"Moravian",2,"01:50","01:39","next drive start",2,"00:11",0,"3 plays, -3 yards, 01:39 elapsed",FALSE
"20250905_8wt2",162,"Muhlenberg",2,"00:11","00:11","end of half",2,"00:00",0,"1 plays, -1 yards, 00:11 elapsed",FALSE
"20250905_8wt2",170,"Moravian",3,"15:00","00:00","next drive start",3,"15:00",0,"0 plays, 0 yards, 00:00 elapsed",FALSE
"20250905_8wt2",181,"Muhlenberg",3,"15:00","01:34","score clock",3,"13:26",0,"5 plays, 50 yards, 01:34 elapsed",FALSE
"20250905_8wt2",202,"Moravian",3,"13:26","05:21","score clock",3,"08:05",0,"13 plays, 75 yards, 05:21 elapsed",FALSE
"20250905_8wt2",219,"Muhlenberg",3,"08:05","04:38","score clock",3,"03:27",0,"11 plays, 83 yards, 04:38 elapsed",FALSE
"20250905_8wt2",240,"Moravian",3,"03:27","05:12","next drive start",4,"13:15",0,"13 plays, 58 yards, 05:12 elapsed",FALSE
"20250905_8wt2",258,"Muhlenberg",4,"13:15","07:08","score clock",4,"06:07",0,"12 plays, 97 yards, 07:08 elapsed",FALSE
"20250905_8wt2",267,"Moravian",4,"06:07","01:49","next drive start",4,"04:18",0,"3 plays, -6 yards, 01:49 elapsed",FALSE
"20250905_8wt2",278,"Muhlenberg",4,"04:18","03:27","next drive start",4,"00:51",0,"6 plays, 34 yards, 03:27 elapsed",FALSE
"20250905_8wt2",283,"Moravian",4,"00:51","00:51","end of half",4,"00:00",0,"2 plays, 7 yards, 00:51 elapsed",FALSE
"20250905_9lhe",18,"Concordia (Wis.)",1,"14:53","03:26","next drive start",1,"11:27",0,"6 plays, 17 yards, 03:26 elapsed",FALSE
"20250905_9lhe",25,"Thiel",1,"11:27","02:11","next drive start",1,"09:16",0,"3 plays, 6 yards, 02:11 elapsed",FALSE
"20250905_9lhe",33,"Concordia (Wis.)",1,"09:16","02:00","next drive start",1,"07:16",0,"4 plays, 1 yards, 02:00 elapsed",FALSE
"20250905_9lhe",40,"Thiel",1,"07:16","00:57","next drive start",1,"06:19",0,"3 plays, -2 yards, 00:57 elapsed",FALSE
"20250905_9lhe",51,"Concordia (Wis.)",1,"06:19","03:46","next drive start",1,"02:33",0,"8 plays, 59 yards, 03:46 elapsed",FALSE
"20250905_9lhe",58,"Thiel",1,"02:33","01:41","next drive start",1,"00:52",0,"3 plays, 2 yards, 01:41 elapsed",FALSE
"20250905_9lhe",72,"Concordia (Wis.)",1,"00:52","01:46","score clock",2,"14:06",0,"5 plays, 28 yards, 01:46 elapsed",FALSE
"20250905_9lhe",79,"Thiel",2,"14:06","00:43","next drive start",2,"13:23",0,"2 plays, 0 yards, 00:43 elapsed",FALSE
"20250905_9lhe",90,"Thiel",2,"13:23","03:34","next drive start",2,"09:49",0,"7 plays, -10 yards, 03:34 elapsed",FALSE
"20250905_9lhe",103,"Concordia (Wis.)",2,"09:49","03:13","score clock",2,"06:36",0,"7 plays, 46 yards, 03:13 elapsed",FALSE
"20250905_9lhe",111,"Thiel",2,"06:31","01:14","next drive start",2,"05:17",0,"4 plays, -1 yards, 01:14 elapsed",FALSE
"20250905_9lhe",119,"Concordia (Wis.)",2,"05:17","00:44","next drive start",2,"04:33",0,"4 plays, 6 yards, 00:44 elapsed",FALSE
"20250905_9lhe",127,"Thiel",2,"04:33","00:40","next drive start",2,"03:53",0,"3 plays, 1 yards, 00:40 elapsed",FALSE
"20250905_9lhe",139,"Concordia (Wis.)",2,"03:53","02:39","score clock",2,"01:14",0,"6 plays, 59 yards, 02:39 elapsed",FALSE
"20250905_9lhe",149,"Thiel",2,"01:08","00:32","next drive start",2,"00:36",0,"6 plays, 31 yards, 00:32 elapsed",FALSE
"20250905_9lhe",154,"Concordia (Wis.)",2,"00:36","00:36","end of half",2,"00:00",0,"1 plays, -1 yards, 00:36 elapsed",FALSE
"20250905_9lhe",166,"Thiel",3,"14:52","01:33","next drive start",3,"13:19",0,"3 plays, 2 yards, 01:33 elapsed",FALSE
"20250905_9lhe",175,"Concordia (Wis.)",3,"13:19","00:54","score clock",3,"12:25",0,"4 plays, 15 yards, 00:54 elapsed",FALSE
"20250905_9lhe",187,"Thiel",3,"12:18","03:06","next drive start",3,"09:12",0,"6 plays, 20 yards, 03:06 elapsed",FALSE
"20250905_9lhe",203,"Concordia (Wis.)",3,"09:12","05:00","next drive start",3,"04:12",0,"9 plays, 51 yards, 05:00 elapsed",FALSE
"20250905_9lhe",213,"Thiel",3,"04:12","03:39","next drive start",3,"00:33",0,"5 plays, 11 yards, 03:39 elapsed",FALSE
"20250905_9lhe",232,"Concordia (Wis.)",3,"00:33","04:19","next drive start",4,"11:14",0,"12 plays, 30 yards, 04:19 elapsed",FALSE
"20250905_9lhe",240,"Thiel",4,"11:14","01:28","next drive start",4,"09:46",0,"5 plays, 15 yards, 01:28 elapsed",FALSE
"20250905_9lhe",249,"Concordia (Wis.)",4,"09:46","01:52","score clock",4,"07:54",0,"5 plays, 29 yards, 01:52 elapsed",FALSE
"20250905_9lhe",256,"Thiel",4,"07:44","01:02","next drive start",4,"06:42",0,"3 plays, 36 yards, 01:02 elapsed",FALSE
"20250905_9lhe",265,"Concordia (Wis.)",4,"06:42","01:28","next drive start",4,"05:14",0,"4 plays, -1 yards, 01:28 elapsed",FALSE
"20250905_9lhe",271,"Thiel",4,"05:14","00:04","score clock",4,"05:10",0,"1 plays, 1 yards, 00:04 elapsed",FALSE
"20250905_9lhe",279,"Concordia (Wis.)",4,"05:07","01:31","next drive start",4,"03:36",0,"3 plays, -3 yards, 01:31 elapsed",FALSE
"20250905_9lhe",292,"Thiel",4,"03:36","01:46","next drive start",4,"01:50",0,"8 plays, 19 yards, 01:46 elapsed",FALSE
"20250905_9lhe",299,"Concordia (Wis.)",4,"01:50","01:50","end of half",4,"00:00",0,"3 plays, 11 yards, 01:50 elapsed",FALSE
"20250905_9opj",19,"McDaniel",1,"14:52","04:25","next drive start",1,"10:27",0,"7 plays, 6 yards, 04:25 elapsed",FALSE
"20250905_9opj",33,"Catholic",1,"10:27","05:04","score clock",1,"05:23",0,"7 plays, 61 yards, 05:04 elapsed",FALSE
"20250905_9opj",43,"McDaniel",1,"05:15","02:09","next drive start",1,"03:06",0,"5 plays, 13 yards, 02:09 elapsed",FALSE
"20250905_9opj",56,"Catholic",1,"03:06","03:16","next drive start",2,"14:50",0,"5 plays, 28 yards, 03:16 elapsed",FALSE
"20250905_9opj",72,"McDaniel",2,"14:50","05:23","next drive start",2,"09:27",0,"9 plays, 25 yards, 05:23 elapsed",FALSE
"20250905_9opj",82,"Catholic",2,"09:27","03:19","next drive start",2,"06:08",0,"5 plays, 48 yards, 03:19 elapsed",FALSE
"20250905_9opj",89,"McDaniel",2,"06:08","01:27","next drive start",2,"04:41",0,"3 plays, 0 yards, 01:27 elapsed",FALSE
"20250905_9opj",96,"Catholic",2,"04:41","01:49","next drive start",2,"02:52",0,"3 plays, 8 yards, 01:49 elapsed",FALSE
"20250905_9opj",101,"McDaniel",2,"02:52","00:41","next drive start",2,"02:11",0,"2 plays, 5 yards, 00:41 elapsed",FALSE
"20250905_9opj",111,"Catholic",2,"02:11","01:14","next drive start",2,"00:57",0,"3 plays, -9 yards, 01:14 elapsed",FALSE
"20250905_9opj",117,"McDaniel",2,"00:57","00:57","end of half",2,"00:00",0,"2 plays, 7 yards, 00:57 elapsed",FALSE
"20250905_9opj",134,"Catholic",3,"14:56","02:48","next drive start",3,"12:08",0,"6 plays, 39 yards, 02:48 elapsed",FALSE
"20250905_9opj",149,"McDaniel",3,"12:08","05:20","score clock",3,"06:48",0,"9 plays, 80 yards, 05:20 elapsed",FALSE
"20250905_9opj",158,"Catholic",3,"06:42","01:56","next drive start",3,"04:46",0,"3 plays, 0 yards, 01:56 elapsed",FALSE
"20250905_9opj",169,"McDaniel",3,"04:46","02:44","next drive start",3,"02:02",0,"6 plays, 86 yards, 02:44 elapsed",FALSE
"20250905_9opj",177,"Catholic",3,"02:02","01:30","next drive start",3,"00:32",0,"3 plays, 4 yards, 01:30 elapsed",FALSE
"20250905_9opj",188,"McDaniel",3,"00:32","01:00","next drive start",4,"14:32",0,"3 plays, 2 yards, 01:00 elapsed",FALSE
"20250905_9opj",201,"Catholic",4,"14:32","04:47","next drive start",4,"09:45",0,"7 plays, 34 yards, 04:47 elapsed",FALSE
"20250905_9opj",210,"McDaniel",4,"09:45","03:36","next drive start",4,"06:09",0,"5 plays, 22 yards, 03:36 elapsed",FALSE
"20250905_9opj",231,"Catholic",4,"06:09","06:06","score clock",4,"00:03",0,"14 plays, 78 yards, 06:06 elapsed",FALSE
"20250905_j032",18,"Ursinus",1,"15:00","04:41","score clock",1,"10:19",0,"8 plays, 75 yards, 04:41 elapsed",FALSE
"20250905_j032",28,"Alvernia",1,"10:10","02:38","next drive start",1,"07:32",0,"4 plays, 13 yards, 02:38 elapsed",FALSE
"20250905_j032",37,"Ursinus",1,"07:32","01:24","score clock",1,"06:08",0,"4 plays, 21 yards, 01:24 elapsed",FALSE
"20250905_j032",46,"Alvernia",1,"06:08","02:00","next drive start",1,"04:08",0,"3 plays, 3 yards, 02:00 elapsed",FALSE
"20250905_j032",54,"Ursinus",1,"04:08","01:16","score clock",1,"02:52",0,"3 plays, 54 yards, 01:16 elapsed",FALSE
"20250905_j032",73,"Alvernia",1,"02:44","04:38","score clock",2,"13:06",0,"9 plays, 43 yards, 04:38 elapsed",FALSE
"20250905_j032",86,"Ursinus",2,"12:57","03:11","score clock",2,"09:46",0,"7 plays, 70 yards, 03:11 elapsed",FALSE
"20250905_j032",93,"Alvernia",2,"09:35","00:49","next drive start",2,"08:46",0,"3 plays, -1 yards, 00:49 elapsed",FALSE
"20250905_j032",103,"Ursinus",2,"08:46","01:41","score clock",2,"07:05",0,"4 plays, 5 yards, 01:41 elapsed",FALSE
"20250905_j032",112,"Alvernia",2,"06:57","02:33","next drive start",2,"04:24",0,"4 plays, 11 yards, 02:33 elapsed",FALSE
"20250905_j032",124,"Ursinus",2,"04:24","02:36","next drive start",2,"01:48",0,"6 plays, 19 yards, 02:36 elapsed",FALSE
"20250905_j032",146,"Alvernia",2,"01:48","01:46","score clock",2,"00:02",0,"13 plays, 95 yards, 01:46 elapsed",FALSE
"20250905_j032",163,"Alvernia",3,"14:54","02:32","next drive start",3,"12:22",0,"6 plays, 15 yards, 02:32 elapsed",FALSE
"20250905_j032",175,"Ursinus",3,"12:22","03:23","score clock",3,"08:59",0,"6 plays, 59 yards, 03:23 elapsed",FALSE
"20250905_j032",183,"Alvernia",3,"08:53","00:57","next drive start",3,"07:56",0,"3 plays, 4 yards, 00:57 elapsed",FALSE
"20250905_j032",190,"Ursinus",3,"07:56","01:12","next drive start",3,"06:44",0,"4 plays, 8 yards, 01:12 elapsed",FALSE
"20250905_j032",209,"Alvernia",3,"06:44","05:40","score clock",3,"01:04",0,"12 plays, 60 yards, 05:40 elapsed",FALSE
"20250905_j032",223,"Ursinus",3,"00:57","02:32","next drive start",4,"13:25",0,"5 plays, 10 yards, 02:32 elapsed",FALSE
"20250905_j032",233,"Alvernia",4,"13:25","03:14","next drive start",4,"10:11",0,"7 plays, 29 yards, 03:14 elapsed",FALSE
"20250905_j032",241,"Ursinus",4,"10:11","02:14","next drive start",4,"07:57",0,"4 plays, 17 yards, 02:14 elapsed",FALSE
"20250905_j032",250,"Alvernia",4,"07:57","03:40","next drive start",4,"04:17",0,"6 plays, 16 yards, 03:40 elapsed",FALSE
"20250905_j032",260,"Ursinus",4,"04:17","02:31","next drive start",4,"01:46",0,"6 plays, 19 yards, 02:31 elapsed",FALSE
"20250905_j032",280,"Alvernia",4,"01:46","01:46","end of half",4,"00:00",0,"9 plays, 86 yards, 01:46 elapsed",FALSE
"20250905_jdn4",10,"Randolph-Macon",1,"14:53","00:43","next drive start",1,"14:10",0,"2 plays, 15 yards, 00:43 elapsed",FALSE
"20250905_jdn4",16,"Dickinson",1,"14:10","00:41","next drive start",1,"13:29",0,"3 plays, 2 yards, 00:41 elapsed",FALSE
"20250905_jdn4",25,"Randolph-Macon",1,"13:29","02:41","next drive start",1,"10:48",0,"5 plays, 12 yards, 02:41 elapsed",FALSE
"20250905_jdn4",38,"Dickinson",1,"10:48","04:38","next drive start",1,"06:10",0,"9 plays, 23 yards, 04:38 elapsed",FALSE
"20250905_jdn4",45,"Randolph-Macon",1,"06:10","02:04","next drive start",1,"04:06",0,"3 plays, 8 yards, 02:04 elapsed",FALSE
"20250905_jdn4",53,"Dickinson",1,"04:06","00:51","next drive start",1,"03:15",0,"3 plays, -10 yards, 00:51 elapsed",FALSE
"20250905_jdn4",70,"Randolph-Macon",1,"03:15","05:26","next drive start",2,"12:49",0,"10 plays, 46 yards, 05:26 elapsed",FALSE
"20250905_jdn4",76,"Dickinson",2,"12:49","01:24","next drive start",2,"11:25",0,"3 plays, 9 yards, 01:24 elapsed",FALSE
"20250905_jdn4",83,"Randolph-Macon",2,"11:25","00:47","score clock",2,"10:38",0,"2 plays, 11 yards, 00:47 elapsed",FALSE
"20250905_jdn4",91,"Dickinson",2,"10:32","00:46","score clock",2,"09:46",0,"2 plays, 1 yards, 00:46 elapsed",FALSE
"20250905_jdn4",106,"Dickinson",2,"09:40","03:55","score clock",2,"05:45",0,"9 plays, 73 yards, 03:55 elapsed",FALSE
"20250905_jdn4",116,"Randolph-Macon",2,"05:31","01:38","score clock",2,"03:53",0,"4 plays, 27 yards, 01:38 elapsed",FALSE
"20250905_jdn4",121,"Dickinson",2,"03:45","00:12","next drive start",2,"03:33",0,"1 plays, 0 yards, 00:12 elapsed",FALSE
"20250905_jdn4",136,"Randolph-Macon",2,"03:33","03:03","score clock",2,"00:30",0,"7 plays, 36 yards, 03:03 elapsed",FALSE
"20250905_jdn4",147,"Dickinson",2,"00:23","00:23","end of half",2,"00:00",0,"3 plays, 46 yards, 00:23 elapsed",FALSE
"20250905_jdn4",161,"Dickinson",3,"14:52","02:45","next drive start",3,"12:07",0,"6 plays, 21 yards, 02:45 elapsed",FALSE
"20250905_jdn4",175,"Randolph-Macon",3,"12:07","05:31","score clock",3,"06:36",0,"9 plays, 65 yards, 05:31 elapsed",FALSE
"20250905_jdn4",183,"Dickinson",3,"06:36","00:13","score clock",3,"06:23",0,"1 plays, 65 yards, 00:13 elapsed",FALSE
"20250905_jdn4",200,"Randolph-Macon",3,"06:14","06:01","score clock",3,"00:13",0,"9 plays, 82 yards, 06:01 elapsed",FALSE
"20250905_jdn4",215,"Dickinson",3,"00:07","02:01","score clock",4,"13:06",0,"5 plays, 90 yards, 02:01 elapsed",FALSE
"20250905_jdn4",222,"Randolph-Macon",4,"12:56","00:28","next drive start",4,"12:28",0,"2 plays, 8 yards, 00:28 elapsed",FALSE
"20250905_jdn4",233,"Dickinson",4,"12:28","01:31","score clock",4,"10:57",0,"6 plays, 25 yards, 01:31 elapsed",FALSE
"20250905_jdn4",248,"Randolph-Macon",4,"10:50","04:59","score clock",4,"05:51",0,"8 plays, 72 yards, 04:59 elapsed",FALSE
"20250905_jdn4",261,"Dickinson",4,"05:45","02:04","score clock",4,"03:41",0,"6 plays, 75 yards, 02:04 elapsed",FALSE
"20250905_jdn4",279,"Randolph-Macon",4,"03:38","03:38","end of half",4,"00:00",0,"9 plays, 29 yards, 03:38 elapsed",FALSE
"20250905_jir1",12,"Dean",1,"15:00","01:58","next drive start",1,"13:02",0,"3 plays, 8 yards, 01:58 elapsed",FALSE
"20250905_jir1",27,"Fitchburg State",1,"13:02","03:39","score clock",1,"09:23",0,"8 plays, 45 yards, 03:39 elapsed",FALSE
"20250905_jir1",39,"Dean",1,"09:23","03:20","next drive start",1,"06:03",0,"6 plays, 71 yards, 03:20 elapsed",FALSE
"20250905_jir1",45,"Fitchburg State",1,"06:03","01:22","next drive start",1,"04:41",0,"3 plays, 21 yards, 01:22 elapsed",FALSE
"20250905_jir1",50,"Dean",1,"04:41","00:46","next drive start",1,"03:55",0,"2 plays, 0 yards, 00:46 elapsed",FALSE
"20250905_jir1",66,"Fitchburg State",1,"03:55","03:55","score clock",1,"00:00",0,"9 plays, 83 yards, 03:55 elapsed",FALSE
"20250905_jir1",72,"Fitchburg State",2,"15:00","00:06","score clock",2,"14:54",0,"1 plays, 25 yards, 00:06 elapsed",FALSE
"20250905_jir1",82,"Dean",2,"14:54","02:09","next drive start",2,"12:45",0,"3 plays, 13 yards, 02:09 elapsed",FALSE
"20250905_jir1",97,"Fitchburg State",2,"12:45","05:50","score clock",2,"06:55",0,"10 plays, 70 yards, 05:50 elapsed",FALSE
"20250905_jir1",113,"Dean",2,"06:55","02:35","score clock",2,"04:20",0,"7 plays, 81 yards, 02:35 elapsed",FALSE
"20250905_jir1",129,"Fitchburg State",2,"04:20","04:20","end of half",2,"00:00",0,"11 plays, 53 yards, 04:20 elapsed",FALSE
"20250905_jir1",140,"Fitchburg State",3,"15:00","00:00","next drive start",3,"15:00",0,"3 plays, 30 yards, 00:00 elapsed",FALSE
"20250905_jir1",143,"Dean",3,"15:00","01:20","next drive start",3,"13:40",0,"1 plays, 0 yards, 01:20 elapsed",FALSE
"20250905_jir1",150,"Fitchburg State",3,"13:40","02:07","next drive start",3,"11:33",0,"4 plays, 8 yards, 02:07 elapsed",FALSE
"20250905_jir1",157,"Dean",3,"11:33","01:29","next drive start",3,"10:04",0,"3 plays, 0 yards, 01:29 elapsed",FALSE
"20250905_jir1",168,"Fitchburg State",3,"10:04","02:37","score clock",3,"07:27",0,"6 plays, 41 yards, 02:37 elapsed",FALSE
"20250905_jir1",173,"Dean",3,"07:27","00:24","next drive start",3,"07:03",0,"1 plays, -16 yards, 00:24 elapsed",FALSE
"20250905_jir1",182,"Fitchburg State",3,"07:03","00:54","score clock",3,"06:09",0,"3 plays, 4 yards, 00:54 elapsed",FALSE
"20250905_jir1",193,"Dean",3,"06:09","03:16","next drive start",3,"02:53",0,"6 plays, 5 yards, 03:16 elapsed",FALSE
"20250905_jir1",205,"Fitchburg State",3,"02:53","02:38","score clock",3,"00:15",0,"6 plays, 76 yards, 02:38 elapsed",FALSE
"20250905_jir1",229,"Dean",3,"00:15","09:20","next drive start",4,"05:55",0,"15 plays, 47 yards, 09:20 elapsed",FALSE
"20250905_jir1",239,"Fitchburg State",4,"05:55","03:00","next drive start",4,"02:55",0,"3 plays, -8 yards, 03:00 elapsed",FALSE
"20250905_jir1",253,"Dean",4,"02:55","02:22","score clock",4,"00:33",0,"8 plays, 41 yards, 02:22 elapsed",FALSE
"20250905_jir1",258,"Fitchburg State",4,"00:33","00:33","end of half",4,"00:00",0,"1 plays, -2 yards, 00:33 elapsed",FALSE
"20250905_p2em",13,"Albright",1,"15:00","01:20","next drive start",1,"13:40",0,"3 plays, 8 yards, 01:20 elapsed",FALSE
"20250905_p2em",20,"Gallaudet",1,"13:40","02:13","next drive start",1,"11:27",0,"3 plays, 7 yards, 02:13 elapsed",FALSE
"20250905_p2em",29,"Albright",1,"11:27","03:12","next drive start",1,"08:15",0,"6 plays, 56 yards, 03:12 elapsed",FALSE
"20250905_p2em",49,"Gallaudet",1,"08:15","06:34","next drive start",1,"01:41",0,"11 plays, 31 yards, 06:34 elapsed",FALSE
"20250905_p2em",61,"Albright",1,"01:41","01:54","score clock",2,"14:47",0,"4 plays, 94 yards, 01:54 elapsed",FALSE
"20250905_p2em",76,"Gallaudet",2,"14:40","04:51","score clock",2,"09:49",0,"8 plays, 77 yards, 04:51 elapsed",FALSE
"20250905_p2em",89,"Albright",2,"09:49","04:28","next drive start",2,"05:21",0,"9 plays, 48 yards, 04:28 elapsed",FALSE
"20250905_p2em",95,"Gallaudet",2,"05:21","00:00","next drive start",2,"05:21",0,"2 plays, 33 yards, 00:00 elapsed",FALSE
"20250905_p2em",99,"Gallaudet",2,"05:21","00:00","next drive start",2,"05:21",0,"1 plays, 31 yards, 00:00 elapsed",FALSE
"20250905_p2em",106,"Gallaudet",2,"05:21","04:15","next drive start",2,"01:06",0,"4 plays, 4 yards, 04:15 elapsed",FALSE
"20250905_p2em",119,"Albright",2,"01:06","00:46","next drive start",2,"00:20",0,"6 plays, 17 yards, 00:46 elapsed",FALSE
"20250905_p2em",123,"Gallaudet",2,"00:20","00:20","end of half",2,"00:00",0,"1 plays, -1 yards, 00:20 elapsed",FALSE
"20250905_p2em",137,"Gallaudet",3,"14:48","02:33","next drive start",3,"12:15",0,"5 plays, 13 yards, 02:33 elapsed",FALSE
"20250905_p2em",160,"Albright",3,"12:15","07:52","score clock",3,"04:23",0,"15 plays, 63 yards, 07:52 elapsed",FALSE
"20250905_p2em",169,"Gallaudet",3,"04:16","02:01","next drive start",3,"02:15",0,"3 plays, -7 yards, 02:01 elapsed",FALSE
"20250905_p2em",190,"Albright",3,"02:15","05:03","next drive start",4,"12:12",0,"10 plays, 38 yards, 05:03 elapsed",FALSE
"20250905_p2em",200,"Gallaudet",4,"12:12","02:25","next drive start",4,"09:47",0,"6 plays, 40 yards, 02:25 elapsed",FALSE
"20250905_p2em",215,"Gallaudet",4,"09:47","06:05","next drive start",4,"03:42",0,"10 plays, 51 yards, 06:05 elapsed",FALSE
"20250905_p2em",224,"Albright",4,"03:42","01:51","next drive start",4,"01:51",0,"3 plays, 2 yards, 01:51 elapsed",FALSE
"20250905_p2em",232,"Gallaudet",4,"01:51","00:00","next drive start",4,"01:51",0,"4 plays, -16 yards, 00:00 elapsed",FALSE
"20250905_p2em",237,"Albright",4,"01:51","01:51","end of half",4,"00:00",0,"2 plays, -4 yards, 01:51 elapsed",FALSE
"20250905_qsmw",6,"Merchant Marine",1,"15:00","00:06","next drive start",1,"14:54",0,"0 plays, 0 yards, 0:06 elapsed",FALSE
"20250905_qsmw",13,"Montclair State",1,"14:54","01:22","next drive start",1,"13:32",0,"3 plays, -1 yards, 1:22 elapsed",FALSE
"20250905_qsmw",20,"Merchant Marine",1,"13:32","01:23","next drive start",1,"12:09",0,"4 plays, 9 yards, 1:23 elapsed",FALSE
"20250905_qsmw",28,"Montclair State",1,"12:09","01:33","next drive start",1,"10:36",0,"3 plays, 7 yards, 1:33 elapsed",FALSE
"20250905_qsmw",43,"Merchant Marine",1,"10:36","03:48","score clock",1,"06:48",0,"8 plays, 38 yards, 3:48 elapsed",FALSE
"20250905_qsmw",60,"Montclair State",1,"06:48","04:45","score clock",1,"02:03",0,"9 plays, 65 yards, 4:45 elapsed",FALSE
"20250905_qsmw",73,"Merchant Marine",1,"02:02","02:10","next drive start",2,"14:52",0,"4 plays, 13 yards, 2:10 elapsed",FALSE
"20250905_qsmw",86,"Montclair State",2,"14:52","04:46","next drive start",2,"10:06",0,"9 plays, 58 yards, 4:46 elapsed",FALSE
"20250905_qsmw",102,"Merchant Marine",2,"10:06","05:14","next drive start",2,"04:52",0,"12 plays, 47 yards, 5:14 elapsed",FALSE
"20250905_qsmw",108,"Montclair State",2,"04:52","01:27","score clock",2,"03:25",0,"3 plays, 4 yards, 1:27 elapsed",FALSE
"20250905_qsmw",112,"Merchant Marine",2,"03:25","00:00","next drive start",2,"03:18",7,"0 plays, 0 yards, 0:00 elapsed",TRUE
"20250905_qsmw",123,"Montclair State",2,"03:18","01:39","next drive start",2,"01:39",0,"3 plays, 1 yards, 1:39 elapsed",FALSE
"20250905_qsmw",135,"Merchant Marine",2,"01:39","00:21","score clock",2,"01:18",0,"3 plays, 0 yards, 0:21 elapsed",FALSE
"20250905_qsmw",152,"Merchant Marine",2,"01:18","01:18","score clock",2,"00:00",0,"5 plays, 30 yards, 1:18 elapsed",FALSE
"20250905_qsmw",167,"Merchant Marine",3,"14:57","03:49","next drive start",3,"11:08",0,"6 plays, 16 yards, 3:49 elapsed",FALSE
"20250905_qsmw",174,"Montclair State",3,"11:08","01:28","next drive start",3,"09:40",0,"3 plays, 8 yards, 1:28 elapsed",FALSE
"20250905_qsmw",189,"Merchant Marine",3,"09:40","03:06","score clock",3,"06:34",0,"9 plays, 68 yards, 3:06 elapsed",FALSE
"20250905_qsmw",212,"Montclair State",3,"06:29","05:27","score clock",3,"01:02",0,"13 plays, 87 yards, 5:27 elapsed",FALSE
"20250905_qsmw",228,"Merchant Marine",3,"00:57","03:31","next drive start",4,"12:26",0,"7 plays, 15 yards, 3:31 elapsed",FALSE
"20250905_qsmw",235,"Montclair State",4,"12:26","01:40","next drive start",4,"10:46",0,"3 plays, 3 yards, 1:40 elapsed",FALSE
"20250905_qsmw",248,"Merchant Marine",4,"10:46","04:44","score clock",4,"06:02",0,"8 plays, 68 yards, 4:44 elapsed",FALSE
"20250905_qsmw",253,"Montclair State",4,"05:54","00:10","next drive start",4,"05:44",0,"1 plays, 0 yards, 0:10 elapsed",FALSE
"20250905_qsmw",265,"Merchant Marine",4,"05:44","05:44","end of half",4,"00:00",0,"8 plays, 41 yards, 5:44 elapsed",FALSE
"20250905_rgw0",15,"SUNY-Maritime",1,"15:00","02:16","score clock",1,"12:44",0,"6 plays, 75 yards, 02:16 elapsed",FALSE
"20250905_rgw0",23,"Massachusetts Maritime",1,"12:44","01:41","next drive start",1,"11:03",0,"3 plays, -3 yards, 01:41 elapsed",FALSE
"20250905_rgw0",31,"SUNY-Maritime",1,"11:03","01:51","next drive start",1,"09:12",0,"3 plays, -3 yards, 01:51 elapsed",FALSE
"20250905_rgw0",45,"Massachusetts Maritime",1,"09:12","06:56","next drive start",1,"02:16",0,"11 plays, 30 yards, 06:56 elapsed",FALSE
"20250905_rgw0",63,"SUNY-Maritime",1,"02:16","04:30","next drive start",2,"12:46",0,"10 plays, 30 yards, 04:30 elapsed",FALSE
"20250905_rgw0",71,"Massachusetts Maritime",2,"12:46","02:20","next drive start",2,"10:26",0,"3 plays, -7 yards, 02:20 elapsed",FALSE
"20250905_rgw0",85,"SUNY-Maritime",2,"10:26","02:42","score clock",2,"07:44",0,"7 plays, 37 yards, 02:42 elapsed",FALSE
"20250905_rgw0",106,"Massachusetts Maritime",2,"07:44","06:59","score clock",2,"00:45",0,"12 plays, 49 yards, 06:59 elapsed",FALSE
"20250905_rgw0",120,"SUNY-Maritime",2,"00:45","00:37","next drive start",2,"00:08",0,"6 plays, 66 yards, 00:37 elapsed",FALSE
"20250905_rgw0",123,"Massachusetts Maritime",2,"00:08","00:08","end of half",2,"00:00",0,"1 plays, -1 yards, 00:08 elapsed",FALSE
"20250905_rgw0",135,"Massachusetts Maritime",3,"15:00","02:22","next drive start",3,"12:38",0,"3 plays, 8 yards, 02:22 elapsed",FALSE
"20250905_rgw0",145,"SUNY-Maritime",3,"12:38","01:23","next drive start",3,"11:15",0,"7 plays, 28 yards, 01:23 elapsed",FALSE
"20250905_rgw0",154,"Massachusetts Maritime",3,"11:15","01:53","next drive start",3,"09:22",0,"4 plays, 8 yards, 01:53 elapsed",FALSE
"20250905_rgw0",170,"SUNY-Maritime",3,"09:22","05:21","score clock",3,"04:01",0,"10 plays, 80 yards, 05:21 elapsed",FALSE
"20250905_rgw0",181,"Massachusetts Maritime",3,"04:01","02:47","score clock",3,"01:14",0,"5 plays, 38 yards, 02:47 elapsed",FALSE
"20250905_rgw0",195,"SUNY-Maritime",3,"01:14","03:07","next drive start",4,"13:07",0,"5 plays, 17 yards, 03:07 elapsed",FALSE
"20250905_rgw0",202,"Massachusetts Maritime",4,"13:07","02:07","next drive start",4,"11:00",0,"3 plays, 7 yards, 02:07 elapsed",FALSE
"20250905_rgw0",217,"SUNY-Maritime",4,"11:00","06:40","next drive start",4,"04:20",0,"10 plays, 31 yards, 06:40 elapsed",FALSE
"20250905_rgw0",229,"Massachusetts Maritime",4,"04:20","02:26","next drive start",4,"01:54",0,"8 plays, 48 yards, 02:26 elapsed",FALSE
"20250905_rgw0",237,"SUNY-Maritime",4,"01:54","01:54","end of half",4,"00:00",0,"4 plays, 1 yards, 01:54 elapsed",FALSE
"20250905_wr9m",12,"Gettysburg",1,"14:52","01:23","next drive start",1,"13:29",0,"3 plays, 0 yards, 01:23 elapsed",FALSE
"20250905_wr9m",22,"Juniata",1,"13:29","01:38","next drive start",1,"11:51",0,"5 plays, 29 yards, 01:38 elapsed",FALSE
"20250905_wr9m",29,"Gettysburg",1,"11:51","01:33","next drive start",1,"10:18",0,"3 plays, 4 yards, 01:33 elapsed",FALSE
"20250905_wr9m",36,"Juniata",1,"10:18","00:46","next drive start",1,"09:32",0,"3 plays, 1 yards, 00:46 elapsed",FALSE
"20250905_wr9m",46,"Gettysburg",1,"09:32","01:52","score clock",1,"07:40",0,"5 plays, 85 yards, 01:52 elapsed",FALSE
"20250905_wr9m",68,"Juniata",1,"07:35","05:20","score clock",1,"02:15",0,"14 plays, 75 yards, 05:20 elapsed",FALSE
"20250905_wr9m",77,"Gettysburg",1,"02:06","01:35","next drive start",1,"00:31",0,"3 plays, 2 yards, 01:35 elapsed",FALSE
"20250905_wr9m",91,"Juniata",1,"00:31","02:07","score clock",2,"13:24",0,"6 plays, 58 yards, 02:07 elapsed",FALSE
"20250905_wr9m",100,"Gettysburg",2,"13:12","01:26","next drive start",2,"11:46",0,"4 plays, 22 yards, 01:26 elapsed",FALSE
"20250905_wr9m",107,"Juniata",2,"11:46","01:13","next drive start",2,"10:33",0,"3 plays, 3 yards, 01:13 elapsed",FALSE
"20250905_wr9m",119,"Gettysburg",2,"10:33","01:50","score clock",2,"08:43",0,"6 plays, 59 yards, 01:50 elapsed",FALSE
"20250905_wr9m",141,"Juniata",2,"08:38","06:05","score clock",2,"02:33",0,"14 plays, 72 yards, 06:05 elapsed",FALSE
"20250905_wr9m",150,"Gettysburg",2,"02:28","00:45","next drive start",2,"01:43",0,"3 plays, 6 yards, 00:45 elapsed",FALSE
"20250905_wr9m",160,"Juniata",2,"01:43","01:34","next drive start",2,"00:09",0,"7 plays, 24 yards, 01:34 elapsed",FALSE
"20250905_wr9m",166,"Gettysburg",2,"00:09","00:09","end of half",2,"00:00",0,"2 plays, 34 yards, 00:09 elapsed",FALSE
"20250905_wr9m",177,"Juniata",3,"15:00","00:59","next drive start",3,"14:01",0,"3 plays, 19 yards, 00:59 elapsed",FALSE
"20250905_wr9m",193,"Gettysburg",3,"14:01","05:08","score clock",3,"08:53",0,"10 plays, 87 yards, 05:08 elapsed",FALSE
"20250905_wr9m",201,"Juniata",3,"08:51","00:47","next drive start",3,"08:04",0,"3 plays, 4 yards, 00:47 elapsed",FALSE
"20250905_wr9m",213,"Gettysburg",3,"08:04","02:47","score clock",3,"05:17",0,"7 plays, 53 yards, 02:47 elapsed",FALSE
"20250905_wr9m",238,"Juniata",3,"05:17","05:55","score clock",4,"14:22",0,"14 plays, 75 yards, 05:55 elapsed",FALSE
"20250905_wr9m",254,"Gettysburg",4,"14:13","04:03","score clock",4,"10:10",0,"10 plays, 33 yards, 04:03 elapsed",FALSE
"20250905_wr9m",269,"Juniata",4,"10:10","02:33","score clock",4,"07:37",0,"6 plays, 75 yards, 02:33 elapsed",FALSE
"20250905_wr9m",278,"Gettysburg",4,"07:25","01:28","next drive start",4,"05:57",0,"3 plays, 3 yards, 01:28 elapsed",FALSE
"20250905_wr9m",289,"Juniata",4,"05:57","03:51","next drive start",4,"02:06",0,"6 plays, 15 yards, 03:51 elapsed",FALSE
"20250905_wr9m",304,"Gettysburg",4,"02:06","02:06","end of half",4,"00:00",0,"10 plays, 84 yards, 02:06 elapsed",FALSE
"20250906_034w",13,"Kalamazoo",1,"15:00","01:37","next drive start",1,"13:23",0,"4 plays, 18 yards, 01:37 elapsed",FALSE
"20250906_034w",25,"Austin",1,"13:23","02:46","score clock",1,"10:37",0,"7 plays, 80 yards, 02:46 elapsed",FALSE
"20250906_034w",35,"Kalamazoo",1,"10:31","01:51","next drive start",1,"08:40",0,"6 plays, -10 yards, 01:51 elapsed",FALSE
"20250906_034w",44,"Austin",1,"08:40","01:57","score clock",1,"06:43",0,"4 plays, 5 yards, 01:57 elapsed",FALSE
"20250906_034w",59,"Kalamazoo",1,"06:43","05:22","next drive start",1,"01:21",0,"9 plays, 39 yards, 05:22 elapsed",FALSE
"20250906_034w",69,"Austin",1,"01:21","01:30","next drive start",2,"14:51",0,"4 plays, 35 yards, 01:30 elapsed",FALSE
"20250906_034w",83,"Kalamazoo",2,"14:51","03:05","score clock",2,"11:46",0,"8 plays, 55 yards, 03:05 elapsed",FALSE
"20250906_034w",91,"Austin",2,"11:33","01:10","next drive start",2,"10:23",0,"3 plays, 4 yards, 01:10 elapsed",FALSE
"20250906_034w",101,"Kalamazoo",2,"10:23","02:54","next drive start",2,"07:29",0,"7 plays, 28 yards, 02:54 elapsed",FALSE
"20250906_034w",119,"Austin",2,"07:29","05:38","next drive start",2,"01:51",0,"9 plays, 21 yards, 05:38 elapsed",FALSE
"20250906_034w",136,"Kalamazoo",2,"01:51","01:43","next drive start",2,"00:08",0,"11 plays, 93 yards, 01:43 elapsed",FALSE
"20250906_034w",139,"Austin",2,"00:08","00:08","end of half",2,"00:00",0,"1 plays, -2 yards, 00:08 elapsed",FALSE
"20250906_034w",155,"Austin",3,"15:00","04:28","next drive start",3,"10:32",0,"8 plays, 75 yards, 04:28 elapsed",FALSE
"20250906_034w",170,"Kalamazoo",3,"10:32","04:36","score clock",3,"05:56",0,"10 plays, 99 yards, 04:36 elapsed",FALSE
"20250906_034w",178,"Austin",3,"05:50","01:50","next drive start",3,"04:00",0,"3 plays, 8 yards, 01:50 elapsed",FALSE
"20250906_034w",188,"Kalamazoo",3,"04:00","02:15","next drive start",3,"01:45",0,"6 plays, 22 yards, 02:15 elapsed",FALSE
"20250906_034w",202,"Austin",3,"01:45","03:01","next drive start",4,"13:44",0,"6 plays, 17 yards, 03:01 elapsed",FALSE
"20250906_034w",209,"Kalamazoo",4,"13:44","01:42","next drive start",4,"12:02",0,"3 plays, 9 yards, 01:42 elapsed",FALSE
"20250906_034w",221,"Austin",4,"12:02","02:04","next drive start",4,"09:58",0,"7 plays, 14 yards, 02:04 elapsed",FALSE
"20250906_034w",228,"Kalamazoo",4,"09:58","01:26","next drive start",4,"08:32",0,"3 plays, 4 yards, 01:26 elapsed",FALSE
"20250906_034w",240,"Austin",4,"08:32","02:30","next drive start",4,"06:02",0,"8 plays, 35 yards, 02:30 elapsed",FALSE
"20250906_034w",256,"Kalamazoo",4,"06:02","06:02","end of half",4,"00:00",0,"11 plays, 42 yards, 06:02 elapsed",FALSE
"20250906_09bx",15,"Mount Union",1,"15:00","01:43","score clock",1,"13:17",0,"5 plays, 75 yards, 01:43 elapsed",FALSE
"20250906_09bx",24,"Wheaton (Ill.)",1,"13:17","01:15","next drive start",1,"12:02",0,"3 plays, -1 yards, 01:15 elapsed",FALSE
"20250906_09bx",38,"Mount Union",1,"12:02","04:38","score clock",1,"07:24",0,"9 plays, 69 yards, 04:38 elapsed",FALSE
"20250906_09bx",48,"Wheaton (Ill.)",1,"07:17","01:28","score clock",1,"05:49",0,"4 plays, 51 yards, 01:28 elapsed",FALSE
"20250906_09bx",62,"Mount Union",1,"05:49","04:13","score clock",1,"01:36",0,"8 plays, 75 yards, 04:13 elapsed",FALSE
"20250906_09bx",84,"Wheaton (Ill.)",1,"01:30","04:35","next drive start",2,"11:55",0,"12 plays, 46 yards, 04:35 elapsed",FALSE
"20250906_09bx",91,"Mount Union",2,"11:55","00:55","score clock",2,"11:00",0,"2 plays, 73 yards, 00:55 elapsed",FALSE
"20250906_09bx",107,"Wheaton (Ill.)",2,"11:00","04:21","next drive start",2,"06:39",0,"11 plays, 64 yards, 04:21 elapsed",FALSE
"20250906_09bx",124,"Mount Union",2,"06:39","04:52","next drive start",2,"01:47",0,"9 plays, 28 yards, 04:52 elapsed",FALSE
"20250906_09bx",132,"Wheaton (Ill.)",2,"01:47","00:38","next drive start",2,"01:09",0,"3 plays, 8 yards, 00:38 elapsed",FALSE
"20250906_09bx",140,"Mount Union",2,"01:09","01:09","end of half",2,"00:00",0,"4 plays, 6 yards, 01:09 elapsed",FALSE
"20250906_09bx",152,"Wheaton (Ill.)",3,"14:55","01:45","next drive start",3,"13:10",0,"3 plays, -8 yards, 01:45 elapsed",FALSE
"20250906_09bx",164,"Mount Union",3,"13:10","04:15","score clock",3,"08:55",0,"6 plays, 25 yards, 04:15 elapsed",FALSE
"20250906_09bx",169,"Wheaton (Ill.)",3,"08:52","00:11","next drive start",3,"08:41",0,"1 plays, 0 yards, 00:11 elapsed",FALSE
"20250906_09bx",177,"Mount Union",3,"08:41","01:06","score clock",3,"07:35",0,"3 plays, 8 yards, 01:06 elapsed",FALSE
"20250906_09bx",186,"Wheaton (Ill.)",3,"07:31","01:29","next drive start",3,"06:02",0,"3 plays, 3 yards, 01:29 elapsed",FALSE
"20250906_09bx",199,"Mount Union",3,"06:02","04:04","next drive start",3,"01:58",0,"7 plays, 17 yards, 04:04 elapsed",FALSE
"20250906_09bx",218,"Wheaton (Ill.)",3,"01:58","06:01","score clock",4,"10:57",0,"11 plays, 65 yards, 06:01 elapsed",FALSE
"20250906_09bx",230,"Mount Union",4,"10:57","02:42","next drive start",4,"08:15",0,"5 plays, 12 yards, 02:42 elapsed",FALSE
"20250906_09bx",245,"Wheaton (Ill.)",4,"08:15","04:28","score clock",4,"03:47",0,"9 plays, 92 yards, 04:28 elapsed",FALSE
"20250906_09bx",258,"Wheaton (Ill.)",4,"03:45","01:05","score clock",4,"02:40",0,"4 plays, 53 yards, 01:05 elapsed",FALSE
"20250906_09bx",274,"Mount Union",4,"02:40","02:40","end of half",4,"00:00",0,"7 plays, 40 yards, 02:40 elapsed",FALSE
"20250906_10mp",20,"Rockford",1,"14:55","04:06","next drive start",1,"10:49",0,"11 plays, 41 yards, 04:06 elapsed",FALSE
"20250906_10mp",27,"Beloit",1,"10:49","02:24","next drive start",1,"08:25",0,"3 plays, 8 yards, 02:24 elapsed",FALSE
"20250906_10mp",34,"Rockford",1,"08:25","01:43","next drive start",1,"06:42",0,"3 plays, 7 yards, 01:43 elapsed",FALSE
"20250906_10mp",44,"Beloit",1,"06:42","02:52","next drive start",1,"03:50",0,"5 plays, 6 yards, 02:52 elapsed",FALSE
"20250906_10mp",50,"Rockford",1,"03:50","00:50","score clock",1,"03:00",0,"2 plays, -8 yards, 00:50 elapsed",FALSE
"20250906_10mp",58,"Beloit",1,"02:55","02:04","next drive start",1,"00:51",0,"3 plays, 8 yards, 02:04 elapsed",FALSE
"20250906_10mp",65,"Rockford",1,"00:51","00:51","next drive start",2,"15:00",0,"3 plays, 2 yards, 00:51 elapsed",FALSE
"20250906_10mp",87,"Beloit",2,"15:00","08:04","score clock",2,"06:56",0,"13 plays, 57 yards, 08:04 elapsed",FALSE
"20250906_10mp",99,"Rockford",2,"06:50","01:47","score clock",2,"05:03",0,"6 plays, 68 yards, 01:47 elapsed",FALSE
"20250906_10mp",111,"Beloit",2,"04:55","02:34","next drive start",2,"02:21",0,"5 plays, 20 yards, 02:34 elapsed",FALSE
"20250906_10mp",128,"Rockford",2,"02:21","01:40","next drive start",2,"00:41",0,"10 plays, 53 yards, 01:40 elapsed",FALSE
"20250906_10mp",133,"Beloit",2,"00:41","00:41","end of half",2,"00:00",0,"1 plays, -1 yards, 00:41 elapsed",FALSE
"20250906_10mp",150,"Beloit",3,"14:49","03:53","score clock",3,"10:56",0,"7 plays, 16 yards, 03:53 elapsed",FALSE
"20250906_10mp",174,"Rockford",3,"10:50","05:32","score clock",3,"05:18",0,"15 plays, 73 yards, 05:32 elapsed",FALSE
"20250906_10mp",183,"Beloit",3,"05:16","01:42","next drive start",3,"03:34",0,"3 plays, 1 yards, 01:42 elapsed",FALSE
"20250906_10mp",195,"Rockford",3,"03:34","02:36","next drive start",3,"00:58",0,"9 plays, 34 yards, 02:36 elapsed",FALSE
"20250906_10mp",212,"Beloit",3,"00:58","03:01","next drive start",4,"12:57",0,"9 plays, 57 yards, 03:01 elapsed",FALSE
"20250906_10mp",220,"Rockford",4,"12:57","00:55","next drive start",4,"12:02",0,"3 plays, 5 yards, 00:55 elapsed",FALSE
"20250906_10mp",227,"Beloit",4,"12:02","01:04","next drive start",4,"10:58",0,"3 plays, 1 yards, 01:04 elapsed",FALSE
"20250906_10mp",236,"Rockford",4,"10:58","01:16","next drive start",4,"09:42",0,"4 plays, -6 yards, 01:16 elapsed",FALSE
"20250906_10mp",243,"Beloit",4,"09:42","01:43","next drive start",4,"07:59",0,"3 plays, 3 yards, 01:43 elapsed",FALSE
"20250906_10mp",251,"Rockford",4,"07:59","01:19","next drive start",4,"06:40",0,"3 plays, -2 yards, 01:19 elapsed",FALSE
"20250906_10mp",259,"Beloit",4,"06:40","00:59","score clock",4,"05:41",0,"4 plays, 2 yards, 00:59 elapsed",FALSE
"20250906_10mp",281,"Rockford",4,"05:41","03:12","score clock",4,"02:29",0,"9 plays, 60 yards, 03:12 elapsed",FALSE
"20250906_10mp",286,"Beloit",4,"02:21","00:21","next drive start",4,"02:00",0,"1 plays, 0 yards, 00:21 elapsed",FALSE
"20250906_10mp",295,"Beloit",4,"02:00","00:43","next drive start",4,"01:17",0,"4 plays, 6 yards, 00:43 elapsed",FALSE
"20250906_10mp",301,"Rockford",4,"01:17","01:17","end of half",4,"00:00",0,"2 plays, -3 yards, 01:17 elapsed",FALSE
"20250906_1c8m",16,"Western Connecticut",1,"15:00","03:10","next drive start",1,"11:50",0,"6 plays, 13 yards, 03:10 elapsed",FALSE
"20250906_1c8m",21,"William Paterson",1,"11:50","00:34","next drive start",1,"11:16",0,"2 plays, 8 yards, 00:34 elapsed",FALSE
"20250906_1c8m",31,"Western Connecticut",1,"11:16","02:42","score clock",1,"08:34",0,"5 plays, 41 yards, 02:42 elapsed",FALSE
"20250906_1c8m",39,"William Paterson",1,"08:27","01:36","next drive start",1,"06:51",0,"3 plays, 1 yards, 01:36 elapsed",FALSE
"20250906_1c8m",46,"Western Connecticut",1,"06:51","02:12","next drive start",1,"04:39",0,"3 plays, 8 yards, 02:12 elapsed",FALSE
"20250906_1c8m",56,"William Paterson",1,"04:39","02:34","next drive start",1,"02:05",0,"6 plays, 17 yards, 02:34 elapsed",FALSE
"20250906_1c8m",63,"Western Connecticut",1,"02:05","00:28","next drive start",1,"01:37",0,"3 plays, 0 yards, 00:28 elapsed",FALSE
"20250906_1c8m",77,"William Paterson",1,"01:37","02:29","next drive start",2,"14:08",0,"5 plays, 35 yards, 02:29 elapsed",FALSE
"20250906_1c8m",97,"Western Connecticut",2,"14:08","06:24","score clock",2,"07:44",0,"14 plays, 90 yards, 06:24 elapsed",FALSE
"20250906_1c8m",109,"William Paterson",2,"07:36","02:22","next drive start",2,"05:14",0,"6 plays, 4 yards, 02:22 elapsed",FALSE
"20250906_1c8m",115,"Western Connecticut",2,"05:14","00:54","next drive start",2,"04:20",0,"2 plays, -9 yards, 00:54 elapsed",FALSE
"20250906_1c8m",123,"William Paterson",2,"04:20","01:11","next drive start",2,"03:09",0,"3 plays, 5 yards, 01:11 elapsed",FALSE
"20250906_1c8m",128,"Western Connecticut",2,"03:09","00:55","next drive start",2,"02:14",0,"2 plays, -3 yards, 00:55 elapsed",FALSE
"20250906_1c8m",138,"William Paterson",2,"02:14","01:30","score clock",2,"00:44",0,"5 plays, 27 yards, 01:30 elapsed",FALSE
"20250906_1c8m",146,"Western Connecticut",2,"00:42","00:42","end of half",2,"00:00",0,"3 plays, 10 yards, 00:42 elapsed",FALSE
"20250906_1c8m",158,"William Paterson",3,"15:00","01:31","next drive start",3,"13:29",0,"3 plays, 9 yards, 01:31 elapsed",FALSE
"20250906_1c8m",166,"Western Connecticut",3,"13:29","01:49","next drive start",3,"11:40",0,"5 plays, -4 yards, 01:49 elapsed",FALSE
"20250906_1c8m",185,"William Paterson",3,"11:40","05:08","next drive start",3,"06:32",0,"11 plays, 27 yards, 05:08 elapsed",FALSE
"20250906_1c8m",193,"Western Connecticut",3,"06:32","00:58","next drive start",3,"05:34",0,"3 plays, 12 yards, 00:58 elapsed",FALSE
"20250906_1c8m",204,"William Paterson",3,"05:34","01:53","score clock",3,"03:41",0,"4 plays, 53 yards, 01:53 elapsed",FALSE
"20250906_1c8m",215,"Western Connecticut",3,"03:35","01:39","next drive start",3,"01:56",0,"5 plays, 20 yards, 01:39 elapsed",FALSE
"20250906_1c8m",225,"William Paterson",3,"01:56","02:03","next drive start",4,"14:53",0,"3 plays, -9 yards, 02:03 elapsed",FALSE
"20250906_1c8m",234,"Western Connecticut",4,"14:53","01:23","score clock",4,"13:30",0,"4 plays, 46 yards, 01:23 elapsed",FALSE
"20250906_1c8m",243,"William Paterson",4,"13:30","01:40","next drive start",4,"11:50",0,"3 plays, 12 yards, 01:40 elapsed",FALSE
"20250906_1c8m",259,"Western Connecticut",4,"11:50","05:22","next drive start",4,"06:28",0,"11 plays, 60 yards, 05:22 elapsed",FALSE
"20250906_1c8m",277,"William Paterson",4,"06:28","05:35","next drive start",4,"00:53",0,"11 plays, 35 yards, 05:35 elapsed",FALSE
"20250906_1c8m",284,"Western Connecticut",4,"00:53","00:25","next drive start",4,"00:28",0,"3 plays, -2 yards, 00:25 elapsed",FALSE
"20250906_1c8m",293,"William Paterson",4,"00:28","00:18","score clock",4,"00:10",0,"2 plays, 28 yards, 00:18 elapsed",FALSE
"20250906_1c8m",299,"Western Connecticut",4,"00:09","00:09","end of half",4,"00:00",0,"1 plays, -2 yards, 00:09 elapsed",FALSE
"20250906_1qeq",15,"Grinnell",1,"15:00","02:47","next drive start",1,"12:13",0,"5 plays, 14 yards, 02:47 elapsed",FALSE
"20250906_1qeq",34,"Macalester",1,"12:13","06:30","score clock",1,"05:43",0,"14 plays, 80 yards, 06:30 elapsed",FALSE
"20250906_1qeq",49,"Grinnell",1,"05:38","05:15","next drive start",1,"00:23",0,"10 plays, 35 yards, 05:15 elapsed",FALSE
"20250906_1qeq",63,"Macalester",1,"00:23","02:42","next drive start",2,"12:41",0,"6 plays, 16 yards, 02:42 elapsed",FALSE
"20250906_1qeq",70,"Grinnell",2,"12:41","02:04","next drive start",2,"10:37",0,"3 plays, 7 yards, 02:04 elapsed",FALSE
"20250906_1qeq",77,"Macalester",2,"10:37","01:25","next drive start",2,"09:12",0,"4 plays, -20 yards, 01:25 elapsed",FALSE
"20250906_1qeq",84,"Grinnell",2,"09:12","01:45","next drive start",2,"07:27",0,"4 plays, 8 yards, 01:45 elapsed",FALSE
"20250906_1qeq",89,"Macalester",2,"07:27","00:04","score clock",2,"07:23",0,"1 plays, -2 yards, 00:04 elapsed",FALSE
"20250906_1qeq",97,"Grinnell",2,"07:17","00:58","next drive start",2,"06:19",0,"3 plays, -3 yards, 00:58 elapsed",FALSE
"20250906_1qeq",109,"Macalester",2,"06:19","04:16","next drive start",2,"02:03",0,"9 plays, 48 yards, 04:16 elapsed",FALSE
"20250906_1qeq",116,"Grinnell",2,"02:03","00:27","next drive start",2,"01:36",0,"3 plays, 3 yards, 00:27 elapsed",FALSE
"20250906_1qeq",124,"Grinnell",2,"01:36","00:25","next drive start",2,"01:11",0,"3 plays, 2 yards, 00:25 elapsed",FALSE
"20250906_1qeq",137,"Macalester",2,"01:11","01:11","end of half",2,"00:00",0,"7 plays, 35 yards, 01:11 elapsed",FALSE
"20250906_1qeq",156,"Macalester",3,"15:00","04:23","score clock",3,"10:37",0,"8 plays, 65 yards, 04:23 elapsed",FALSE
"20250906_1qeq",166,"Grinnell",3,"10:36","02:46","next drive start",3,"07:50",0,"5 plays, 44 yards, 02:46 elapsed",FALSE
"20250906_1qeq",183,"Macalester",3,"07:50","05:43","score clock",3,"02:07",0,"12 plays, 69 yards, 05:43 elapsed",FALSE
"20250906_1qeq",193,"Grinnell",3,"02:07","00:56","next drive start",3,"01:11",0,"4 plays, 18 yards, 00:56 elapsed",FALSE
"20250906_1qeq",203,"Macalester",3,"01:11","01:23","next drive start",4,"14:48",0,"3 plays, 9 yards, 01:23 elapsed",FALSE
"20250906_1qeq",212,"Grinnell",4,"14:48","02:05","next drive start",4,"12:43",0,"4 plays, 15 yards, 02:05 elapsed",FALSE
"20250906_1qeq",226,"Macalester",4,"12:43","05:45","next drive start",4,"06:58",0,"11 plays, 39 yards, 05:45 elapsed",FALSE
"20250906_1qeq",242,"Grinnell",4,"06:58","01:51","score clock",4,"05:07",0,"8 plays, 83 yards, 01:51 elapsed",FALSE
"20250906_1qeq",253,"Macalester",4,"05:06","00:27","score clock",4,"04:39",0,"3 plays, 2 yards, 00:27 elapsed",FALSE
"20250906_1qeq",265,"Macalester",4,"04:30","04:30","end of half",4,"00:00",0,"7 plays, 22 yards, 04:30 elapsed",FALSE
"20250906_1qqy",14,"Anna Maria",1,"14:55","02:05","next drive start",1,"12:50",0,"5 plays, 0 yards, 02:05 elapsed",FALSE
"20250906_1qqy",22,"Eastern",1,"12:50","00:52","score clock",1,"11:58",0,"3 plays, 40 yards, 00:52 elapsed",FALSE
"20250906_1qqy",32,"Anna Maria",1,"11:58","01:20","score clock",1,"10:38",0,"4 plays, 23 yards, 01:20 elapsed",FALSE
"20250906_1qqy",42,"Anna Maria",1,"10:27","02:06","next drive start",1,"08:21",0,"4 plays, 27 yards, 02:06 elapsed",FALSE
"20250906_1qqy",57,"Eastern",1,"08:21","05:16","score clock",1,"03:05",0,"10 plays, 80 yards, 05:16 elapsed",FALSE
"20250906_1qqy",65,"Anna Maria",1,"02:52","02:05","next drive start",1,"00:47",0,"3 plays, 8 yards, 02:05 elapsed",FALSE
"20250906_1qqy",78,"Eastern",1,"00:47","02:04","next drive start",2,"13:43",0,"4 plays, 5 yards, 02:04 elapsed",FALSE
"20250906_1qqy",85,"Anna Maria",2,"13:43","01:14","next drive start",2,"12:29",0,"3 plays, -2 yards, 01:14 elapsed",FALSE
"20250906_1qqy",96,"Eastern",2,"12:29","01:49","score clock",2,"10:40",0,"5 plays, 63 yards, 01:49 elapsed",FALSE
"20250906_1qqy",108,"Anna Maria",2,"10:30","03:50","next drive start",2,"06:40",0,"6 plays, 7 yards, 03:50 elapsed",FALSE
"20250906_1qqy",123,"Eastern",2,"06:40","05:34","next drive start",2,"01:06",0,"10 plays, 54 yards, 05:34 elapsed",FALSE
"20250906_1qqy",133,"Anna Maria",2,"01:06","01:02","next drive start",2,"00:04",0,"5 plays, 12 yards, 01:02 elapsed",FALSE
"20250906_1qqy",138,"Eastern",2,"00:04","00:04","end of half",2,"00:00",0,"1 plays, 0 yards, 00:04 elapsed",FALSE
"20250906_1qqy",153,"Eastern",3,"14:49","02:44","next drive start",3,"12:05",0,"4 plays, 17 yards, 02:44 elapsed",FALSE
"20250906_1qqy",163,"Anna Maria",3,"12:05","02:09","next drive start",3,"09:56",0,"5 plays, 14 yards, 02:09 elapsed",FALSE
"20250906_1qqy",176,"Eastern",3,"09:56","04:05","score clock",3,"05:51",0,"7 plays, 53 yards, 04:05 elapsed",FALSE
"20250906_1qqy",184,"Anna Maria",3,"05:38","01:09","next drive start",3,"04:29",0,"3 plays, 2 yards, 01:09 elapsed",FALSE
"20250906_1qqy",191,"Eastern",3,"04:29","01:21","next drive start",3,"03:08",0,"3 plays, 3 yards, 01:21 elapsed",FALSE
"20250906_1qqy",200,"Anna Maria",3,"03:08","02:26","next drive start",3,"00:42",0,"6 plays, 31 yards, 02:26 elapsed",FALSE
"20250906_1qqy",206,"Eastern",3,"00:42","00:11","score clock",3,"00:31",0,"1 plays, 40 yards, 00:11 elapsed",FALSE
"20250906_1qqy",217,"Anna Maria",3,"00:23","01:27","next drive start",4,"13:56",0,"3 plays, -3 yards, 01:27 elapsed",FALSE
"20250906_1qqy",225,"Eastern",4,"13:56","01:52","next drive start",4,"12:04",0,"4 plays, -7 yards, 01:52 elapsed",FALSE
"20250906_1qqy",235,"Anna Maria",4,"12:04","02:54","score clock",4,"09:10",0,"5 plays, 50 yards, 02:54 elapsed",FALSE
"20250906_1qqy",248,"Eastern",4,"08:57","03:56","score clock",4,"05:01",0,"8 plays, 28 yards, 03:56 elapsed",FALSE
"20250906_1qqy",260,"Anna Maria",4,"04:50","02:58","next drive start",4,"01:52",0,"6 plays, 43 yards, 02:58 elapsed",FALSE
"20250906_1qqy",267,"Eastern",4,"01:52","01:52","end of half",4,"00:00",0,"3 plays, 14 yards, 01:52 elapsed",FALSE
"20250906_26ks",17,"Delaware Valley",1,,"10:04","next drive start",1,"10:04",,"8 plays, 21 yards, 10:04 elapsed",TRUE
"20250906_26ks",25,"Hampden-Sydney",1,"10:04","00:50","score clock",1,"09:14",0,"3 plays, 56 yards, 00:50 elapsed",FALSE
"20250906_26ks",33,"Delaware Valley",1,"09:14","01:36","next drive start",1,"07:38",0,"3 plays, 5 yards, 01:36 elapsed",FALSE
"20250906_26ks",41,"Hampden-Sydney",1,"07:38","00:50","score clock",1,"06:48",0,"3 plays, 58 yards, 00:50 elapsed",FALSE
"20250906_26ks",49,"Delaware Valley",1,"06:48","01:23","next drive start",1,"05:25",0,"3 plays, -3 yards, 01:23 elapsed",FALSE
"20250906_26ks",59,"Hampden-Sydney",1,"05:25","02:31","next drive start",1,"02:54",0,"6 plays, 45 yards, 02:31 elapsed",FALSE
"20250906_26ks",67,"Delaware Valley",1,"02:54","02:27","next drive start",1,"00:27",0,"5 plays, 7 yards, 02:27 elapsed",FALSE
"20250906_26ks",78,"Hampden-Sydney",1,"00:27","01:06","score clock",2,"14:21",0,"4 plays, 5 yards, 01:06 elapsed",FALSE
"20250906_26ks",94,"Delaware Valley",2,"14:12","05:18","score clock",2,"08:54",0,"11 plays, 62 yards, 05:18 elapsed",FALSE
"20250906_26ks",106,"Hampden-Sydney",2,"08:54","02:33","next drive start",2,"06:21",0,"5 plays, 11 yards, 02:33 elapsed",FALSE
"20250906_26ks",113,"Delaware Valley",2,"06:21","00:36","score clock",2,"05:45",0,"2 plays, 74 yards, 00:36 elapsed",FALSE
"20250906_26ks",124,"Hampden-Sydney",2,"05:35","01:59","next drive start",2,"03:36",0,"7 plays, 28 yards, 01:59 elapsed",FALSE
"20250906_26ks",134,"Delaware Valley",2,"03:36","02:48","next drive start",2,"00:48",0,"6 plays, 36 yards, 02:48 elapsed",FALSE
"20250906_26ks",143,"Hampden-Sydney",2,"00:48","00:27","next drive start",2,"00:21",0,"3 plays, 9 yards, 00:27 elapsed",FALSE
"20250906_26ks",152,"Delaware Valley",2,"00:21","00:21","end of half",2,"00:00",0,"3 plays, 0 yards, 00:21 elapsed",FALSE
"20250906_26ks",171,"Hampden-Sydney",3,"14:50","03:45","next drive start",3,"11:05",0,"10 plays, 38 yards, 03:45 elapsed",FALSE
"20250906_26ks",182,"Delaware Valley",3,"11:05","04:03","next drive start",3,"07:02",0,"8 plays, 25 yards, 04:03 elapsed",FALSE
"20250906_26ks",198,"Hampden-Sydney",3,"07:02","03:14","score clock",3,"03:48",0,"9 plays, 46 yards, 03:14 elapsed",FALSE
"20250906_26ks",207,"Delaware Valley",3,"03:40","01:03","next drive start",3,"02:37",0,"3 plays, 0 yards, 01:03 elapsed",FALSE
"20250906_26ks",219,"Hampden-Sydney",3,"02:37","02:04","score clock",3,"00:33",0,"6 plays, 67 yards, 02:04 elapsed",FALSE
"20250906_26ks",234,"Hampden-Sydney",3,"00:23","03:07","next drive start",4,"12:16",0,"7 plays, 19 yards, 03:07 elapsed",FALSE
"20250906_26ks",242,"Delaware Valley",4,"12:16","01:52","next drive start",4,"10:24",0,"3 plays, 3 yards, 01:52 elapsed",FALSE
"20250906_26ks",249,"Hampden-Sydney",4,"10:24","02:44","next drive start",4,"07:40",0,"3 plays, 0 yards, 02:44 elapsed",FALSE
"20250906_26ks",256,"Delaware Valley",4,"07:40","01:44","next drive start",4,"05:56",0,"3 plays, 8 yards, 01:44 elapsed",FALSE
"20250906_26ks",268,"Hampden-Sydney",4,"05:56","04:01","score clock",4,"01:55",0,"6 plays, 49 yards, 04:01 elapsed",FALSE
"20250906_26ks",276,"Delaware Valley",4,"01:55","01:55","end of half",4,"00:00",0,"3 plays, 13 yards, 01:55 elapsed",FALSE
"20250906_29l4",10,"Lyon",1,"14:51","00:34","next drive start",1,"14:17",0,"2 plays, 4 yards, 00:34 elapsed",FALSE
"20250906_29l4",18,"East Texas Baptist",1,"14:17","01:23","next drive start",1,"12:54",0,"4 plays, 2 yards, 01:23 elapsed",FALSE
"20250906_29l4",33,"Lyon",1,"12:54","03:42","score clock",1,"09:12",0,"8 plays, 75 yards, 03:42 elapsed",FALSE
"20250906_29l4",49,"East Texas Baptist",1,"09:12","04:01","score clock",1,"05:11",0,"8 plays, 65 yards, 04:01 elapsed",FALSE
"20250906_29l4",71,"Lyon",1,"05:05","05:14","next drive start",2,"14:51",0,"14 plays, 55 yards, 05:14 elapsed",FALSE
"20250906_29l4",80,"East Texas Baptist",2,"14:51","01:34","score clock",2,"13:17",0,"3 plays, 75 yards, 01:34 elapsed",FALSE
"20250906_29l4",88,"Lyon",2,"13:09","01:20","next drive start",2,"11:49",0,"3 plays, 4 yards, 01:20 elapsed",FALSE
"20250906_29l4",103,"East Texas Baptist",2,"11:49","02:54","score clock",2,"08:55",0,"8 plays, 50 yards, 02:54 elapsed",FALSE
"20250906_29l4",114,"Lyon",2,"08:55","02:27","next drive start",2,"06:28",0,"4 plays, 39 yards, 02:27 elapsed",FALSE
"20250906_29l4",121,"East Texas Baptist",2,"06:28","01:34","next drive start",2,"04:54",0,"3 plays, 0 yards, 01:34 elapsed",FALSE
"20250906_29l4",128,"Lyon",2,"04:54","01:46","next drive start",2,"03:08",0,"3 plays, 3 yards, 01:46 elapsed",FALSE
"20250906_29l4",140,"East Texas Baptist",2,"03:08","02:13","score clock",2,"00:55",0,"6 plays, 62 yards, 02:13 elapsed",FALSE
"20250906_29l4",146,"Lyon",2,"00:46","00:46","end of half",2,"00:00",0,"1 plays, 5 yards, 00:46 elapsed",FALSE
"20250906_29l4",162,"East Texas Baptist",3,"14:50","02:55","score clock",3,"11:55",0,"6 plays, 73 yards, 02:55 elapsed",FALSE
"20250906_29l4",171,"Lyon",3,"11:48","02:03","next drive start",3,"09:45",0,"4 plays, 10 yards, 02:03 elapsed",FALSE
"20250906_29l4",186,"East Texas Baptist",3,"09:45","04:21","score clock",3,"05:24",0,"8 plays, 45 yards, 04:21 elapsed",FALSE
"20250906_29l4",200,"Lyon",3,"05:19","03:26","next drive start",3,"01:53",0,"7 plays, 72 yards, 03:26 elapsed",FALSE
"20250906_29l4",207,"East Texas Baptist",3,"01:53","00:51","score clock",3,"01:02",0,"2 plays, 97 yards, 00:51 elapsed",FALSE
"20250906_29l4",225,"Lyon",3,"01:02","04:05","next drive start",4,"11:57",0,"9 plays, 45 yards, 04:05 elapsed",FALSE
"20250906_29l4",233,"East Texas Baptist",4,"11:57","02:13","next drive start",4,"09:44",0,"3 plays, 7 yards, 02:13 elapsed",FALSE
"20250906_29l4",241,"Lyon",4,"09:44","01:19","next drive start",4,"08:25",0,"3 plays, -10 yards, 01:19 elapsed",FALSE
"20250906_29l4",249,"East Texas Baptist",4,"08:25","02:30","next drive start",4,"05:55",0,"5 plays, 82 yards, 02:30 elapsed",FALSE
"20250906_29l4",258,"Lyon",4,"05:55","02:31","next drive start",4,"03:24",0,"3 plays, 8 yards, 02:31 elapsed",FALSE
"20250906_29l4",268,"East Texas Baptist",4,"03:24","02:02","score clock",4,"01:22",0,"5 plays, 41 yards, 02:02 elapsed",FALSE
"20250906_29l4",276,"Lyon",4,"01:18","01:18","end of half",4,"00:00",0,"3 plays, 12 yards, 01:18 elapsed",FALSE
"20250906_2lhd",15,"Muskingum",1,"14:53","02:18","next drive start",1,"12:35",0,"6 plays, 36 yards, 02:18 elapsed",FALSE
"20250906_2lhd",23,"Mount St. Joseph",1,"12:35","01:40","next drive start",1,"10:55",0,"4 plays, 16 yards, 01:40 elapsed",FALSE
"20250906_2lhd",33,"Muskingum",1,"10:55","02:23","score clock",1,"08:32",0,"5 plays, 46 yards, 02:23 elapsed",FALSE
"20250906_2lhd",41,"Mount St. Joseph",1,"08:32","01:53","next drive start",1,"06:39",0,"3 plays, 2 yards, 01:53 elapsed",FALSE
"20250906_2lhd",51,"Muskingum",1,"06:39","03:04","next drive start",1,"03:35",0,"7 plays, 16 yards, 03:04 elapsed",FALSE
"20250906_2lhd",61,"Mount St. Joseph",1,"03:35","01:38","score clock",1,"01:57",0,"5 plays, 63 yards, 01:38 elapsed",FALSE
"20250906_2lhd",77,"Muskingum",1,"01:50","02:00","score clock",2,"14:50",0,"7 plays, 67 yards, 02:00 elapsed",FALSE
"20250906_2lhd",89,"Mount St. Joseph",2,"14:42","02:34","score clock",2,"12:08",0,"6 plays, 64 yards, 02:34 elapsed",FALSE
"20250906_2lhd",101,"Muskingum",2,,"09:34","next drive start",2,"09:34",,"7 plays, 16 yards, 09:34 elapsed",TRUE
"20250906_2lhd",112,"Mount St. Joseph",2,"09:34","02:22","score clock",2,"07:12",0,"6 plays, 56 yards, 02:22 elapsed",FALSE
"20250906_2lhd",122,"Muskingum",2,"07:06","02:46","next drive start",2,"04:20",0,"6 plays, 36 yards, 02:46 elapsed",FALSE
"20250906_2lhd",141,"Mount St. Joseph",2,"04:20","04:11","score clock",2,"00:09",0,"10 plays, 61 yards, 04:11 elapsed",FALSE
"20250906_2lhd",154,"Mount St. Joseph",3,"14:55","01:09","next drive start",3,"13:46",0,"3 plays, 3 yards, 01:09 elapsed",FALSE
"20250906_2lhd",165,"Muskingum",3,"13:46","03:01","next drive start",3,"10:45",0,"6 plays, 21 yards, 03:01 elapsed",FALSE
"20250906_2lhd",178,"Mount St. Joseph",3,"10:45","02:56","score clock",3,"07:49",0,"8 plays, 60 yards, 02:56 elapsed",FALSE
"20250906_2lhd",186,"Muskingum",3,"07:43","01:48","next drive start",3,"05:55",0,"4 plays, 7 yards, 01:48 elapsed",FALSE
"20250906_2lhd",191,"Mount St. Joseph",3,"05:55","00:22","next drive start",3,"05:33",0,"1 plays, -10 yards, 00:22 elapsed",FALSE
"20250906_2lhd",205,"Muskingum",3,"05:33","04:09","score clock",3,"01:24",0,"9 plays, 80 yards, 04:09 elapsed",FALSE
"20250906_2lhd",229,"Mount St. Joseph",3,"01:17","05:53","score clock",4,"10:24",0,"14 plays, 64 yards, 05:53 elapsed",FALSE
"20250906_2lhd",241,"Muskingum",4,"10:18","02:25","next drive start",4,"07:53",0,"6 plays, 36 yards, 02:25 elapsed",FALSE
"20250906_2lhd",248,"Mount St. Joseph",4,"07:53","01:48","next drive start",4,"06:05",0,"3 plays, -2 yards, 01:48 elapsed",FALSE
"20250906_2lhd",258,"Muskingum",4,"06:05","01:59","score clock",4,"04:06",0,"5 plays, 44 yards, 01:59 elapsed",FALSE
"20250906_2lhd",279,"Mount St. Joseph",4,"04:06","04:06","end of half",4,"00:00",0,"9 plays, 27 yards, 04:06 elapsed",FALSE
"20250906_2q6t",22,"Hendrix",1,"15:00","04:38","score clock",1,"10:22",0,"11 plays, 64 yards, 04:38 elapsed",FALSE
"20250906_2q6t",35,"Maryville (Tenn.)",1,"10:13","03:30","score clock",1,"06:43",0,"7 plays, 62 yards, 03:30 elapsed",FALSE
"20250906_2q6t",51,"Hendrix",1,"06:38","04:39","next drive start",1,"01:59",0,"9 plays, 30 yards, 04:39 elapsed",FALSE
"20250906_2q6t",58,"Maryville (Tenn.)",1,"01:59","01:07","next drive start",1,"00:52",0,"3 plays, 4 yards, 01:07 elapsed",FALSE
"20250906_2q6t",75,"Maryville (Tenn.)",1,"00:52","04:07","next drive start",2,"11:45",0,"9 plays, 45 yards, 04:07 elapsed",FALSE
"20250906_2q6t",82,"Hendrix",2,"11:45","01:44","next drive start",2,"10:01",0,"3 plays, -17 yards, 01:44 elapsed",FALSE
"20250906_2q6t",94,"Maryville (Tenn.)",2,"10:01","03:42","score clock",2,"06:19",0,"7 plays, 78 yards, 03:42 elapsed",FALSE
"20250906_2q6t",108,"Hendrix",2,"06:19","04:43","next drive start",2,"01:36",0,"8 plays, 64 yards, 04:43 elapsed",FALSE
"20250906_2q6t",119,"Maryville (Tenn.)",2,"01:36","01:36","end of half",2,"00:00",0,"6 plays, 29 yards, 01:36 elapsed",FALSE
"20250906_2q6t",136,"Maryville (Tenn.)",3,"14:56","03:29","score clock",3,"11:27",0,"7 plays, 70 yards, 03:29 elapsed",FALSE
"20250906_2q6t",149,"Hendrix",3,"11:21","02:48","score clock",3,"08:33",0,"7 plays, 75 yards, 02:48 elapsed",FALSE
"20250906_2q6t",161,"Maryville (Tenn.)",3,"08:27","02:55","score clock",3,"05:32",0,"6 plays, 75 yards, 02:55 elapsed",FALSE
"20250906_2q6t",174,"Hendrix",3,"05:32","04:04","next drive start",3,"01:28",0,"6 plays, 1 yards, 04:04 elapsed",FALSE
"20250906_2q6t",188,"Maryville (Tenn.)",3,"01:28","01:50","score clock",4,"14:38",0,"6 plays, 55 yards, 01:50 elapsed",FALSE
"20250906_2q6t",194,"Hendrix",4,"14:30","00:47","next drive start",4,"13:43",0,"2 plays, 9 yards, 00:47 elapsed",FALSE
"20250906_2q6t",202,"Maryville (Tenn.)",4,"13:43","01:09","score clock",4,"12:34",0,"3 plays, 19 yards, 01:09 elapsed",FALSE
"20250906_2q6t",216,"Hendrix",4,"12:29","04:46","next drive start",4,"07:43",0,"7 plays, 12 yards, 04:46 elapsed",FALSE
"20250906_2q6t",225,"Maryville (Tenn.)",4,"07:43","02:48","next drive start",4,"04:55",0,"5 plays, 10 yards, 02:48 elapsed",FALSE
"20250906_2q6t",230,"Hendrix",4,"04:55","00:42","next drive start",4,"04:13",0,"2 plays, 5 yards, 00:42 elapsed",FALSE
"20250906_2q6t",235,"Maryville (Tenn.)",4,"04:13","00:42","next drive start",4,"03:31",0,"2 plays, -2 yards, 00:42 elapsed",FALSE
"20250906_2q6t",243,"Hendrix",4,"03:31","01:42","next drive start",4,"01:49",0,"4 plays, 22 yards, 01:42 elapsed",FALSE
"20250906_2q6t",250,"Maryville (Tenn.)",4,"01:49","01:49","end of half",4,"00:00",0,"3 plays, 1 yards, 01:49 elapsed",FALSE
"20250906_2yy3",17,"Southern Virginia",1,"14:51","02:38","score clock",1,"12:13",0,"7 plays, 61 yards, 02:38 elapsed",FALSE
"20250906_2yy3",23,"Apprentice",1,"12:08","00:08","next drive start",1,"12:00",0,"1 plays, 12 yards, 00:08 elapsed",FALSE
"20250906_2yy3",31,"Southern Virginia",1,"12:00","01:36","next drive start",1,"10:24",0,"3 plays, -3 yards, 01:36 elapsed",FALSE
"20250906_2yy3",39,"Apprentice",1,"10:24","02:17","next drive start",1,"08:07",0,"4 plays, 17 yards, 02:17 elapsed",FALSE
"20250906_2yy3",49,"Southern Virginia",1,"08:07","02:37","next drive start",1,"05:30",0,"7 plays, 18 yards, 02:37 elapsed",FALSE
"20250906_2yy3",58,"Apprentice",1,"05:30","01:36","next drive start",1,"03:54",0,"4 plays, 4 yards, 01:36 elapsed",FALSE
"20250906_2yy3",66,"Southern Virginia",1,"03:54","01:08","next drive start",1,"02:46",0,"3 plays, -5 yards, 01:08 elapsed",FALSE
"20250906_2yy3",85,"Apprentice",1,"02:46","07:48","score clock",2,"09:58",0,"11 plays, 67 yards, 07:48 elapsed",FALSE
"20250906_2yy3",93,"Southern Virginia",2,"09:50","00:47","next drive start",2,"09:03",0,"4 plays, 15 yards, 00:47 elapsed",FALSE
"20250906_2yy3",100,"Apprentice",2,"09:03","00:00","score clock",2,"09:03",0,"2 plays, -3 yards, 00:00 elapsed",FALSE
"20250906_2yy3",108,"Apprentice",2,"08:11","01:06","next drive start",2,"07:05",0,"3 plays, -1 yards, 01:06 elapsed",FALSE
"20250906_2yy3",121,"Southern Virginia",2,"07:05","03:14","next drive start",2,"03:51",0,"9 plays, 30 yards, 03:14 elapsed",FALSE
"20250906_2yy3",132,"Apprentice",2,"03:51","02:39","next drive start",2,"01:12",0,"6 plays, 33 yards, 02:39 elapsed",FALSE
"20250906_2yy3",139,"Southern Virginia",2,"01:12","01:12","end of half",2,"00:00",0,"3 plays, 6 yards, 01:12 elapsed",FALSE
"20250906_2yy3",160,"Apprentice",3,"14:55","05:56","next drive start",3,"08:59",0,"10 plays, 41 yards, 05:56 elapsed",FALSE
"20250906_2yy3",172,"Southern Virginia",3,"08:59","02:30","score clock",3,"06:29",0,"7 plays, 80 yards, 02:30 elapsed",FALSE
"20250906_2yy3",179,"Apprentice",3,"06:23","01:01","next drive start",3,"05:22",0,"3 plays, 17 yards, 01:01 elapsed",FALSE
"20250906_2yy3",193,"Southern Virginia",3,"05:22","03:42","score clock",3,"01:40",0,"9 plays, 46 yards, 03:42 elapsed",FALSE
"20250906_2yy3",207,"Apprentice",3,"01:39","02:32","next drive start",4,"14:07",0,"6 plays, 16 yards, 02:32 elapsed",FALSE
"20250906_2yy3",216,"Southern Virginia",4,"14:07","02:07","next drive start",4,"12:00",0,"3 plays, -9 yards, 02:07 elapsed",FALSE
"20250906_2yy3",226,"Apprentice",4,"12:00","01:51","next drive start",4,"10:09",0,"6 plays, 24 yards, 01:51 elapsed",FALSE
"20250906_2yy3",240,"Southern Virginia",4,"10:09","05:41","next drive start",4,"04:28",0,"7 plays, 19 yards, 05:41 elapsed",FALSE
"20250906_2yy3",252,"Apprentice",4,"04:28","04:28","end of half",4,"00:00",0,"8 plays, 29 yards, 04:28 elapsed",FALSE
"20250906_35p9",16,"Hope",1,"14:54","02:15","score clock",1,"12:39",0,"6 plays, 64 yards, 02:15 elapsed",FALSE
"20250906_35p9",29,"Loras",1,"12:34","02:33","next drive start",1,"10:01",0,"9 plays, 58 yards, 02:33 elapsed",FALSE
"20250906_35p9",47,"Hope",1,"10:01","05:26","score clock",1,"04:35",0,"13 plays, 80 yards, 05:26 elapsed",FALSE
"20250906_35p9",55,"Loras",1,"04:30","01:11","next drive start",1,"03:19",0,"3 plays, 3 yards, 01:11 elapsed",FALSE
"20250906_35p9",64,"Hope",1,"03:19","02:08","score clock",1,"01:11",0,"4 plays, 74 yards, 02:08 elapsed",FALSE
"20250906_35p9",69,"Loras",1,"01:11","00:07","next drive start",1,"01:04",0,"1 plays, 0 yards, 00:07 elapsed",FALSE
"20250906_35p9",82,"Hope",1,"01:04","02:41","next drive start",2,"13:23",0,"7 plays, 5 yards, 02:41 elapsed",FALSE
"20250906_35p9",89,"Loras",2,"13:23","01:26","next drive start",2,"11:57",0,"3 plays, 5 yards, 01:26 elapsed",FALSE
"20250906_35p9",97,"Hope",2,"11:57","02:19","next drive start",2,"09:38",0,"4 plays, 15 yards, 02:19 elapsed",FALSE
"20250906_35p9",101,"Loras",2,"09:38","00:05","next drive start",2,"09:33",0,"1 plays, 0 yards, 00:05 elapsed",FALSE
"20250906_35p9",111,"Hope",2,"09:33","02:34","score clock",2,"06:59",0,"5 plays, 40 yards, 02:34 elapsed",FALSE
"20250906_35p9",119,"Loras",2,"06:52","01:19","next drive start",2,"05:33",0,"3 plays, 1 yards, 01:19 elapsed",FALSE
"20250906_35p9",132,"Hope",2,"05:33","03:36","score clock",2,"01:57",0,"7 plays, 64 yards, 03:36 elapsed",FALSE
"20250906_35p9",141,"Loras",2,"01:51","01:20","next drive start",2,"00:31",0,"3 plays, 0 yards, 01:20 elapsed",FALSE
"20250906_35p9",150,"Hope",2,"00:31","00:24","score clock",2,"00:07",0,"3 plays, 67 yards, 00:24 elapsed",FALSE
"20250906_35p9",166,"Loras",3,"14:55","02:51","next drive start",3,"12:04",0,"5 plays, 28 yards, 02:51 elapsed",FALSE
"20250906_35p9",173,"Hope",3,"12:04","00:55","next drive start",3,"11:09",0,"3 plays, 2 yards, 00:55 elapsed",FALSE
"20250906_35p9",180,"Loras",3,"11:09","00:19","next drive start",3,"10:50",0,"3 plays, 0 yards, 00:19 elapsed",FALSE
"20250906_35p9",187,"Hope",3,"10:50","02:17","next drive start",3,"08:33",0,"4 plays, 9 yards, 02:17 elapsed",FALSE
"20250906_35p9",195,"Loras",3,"08:33","00:51","next drive start",3,"07:42",0,"3 plays, 13 yards, 00:51 elapsed",FALSE
"20250906_35p9",203,"Hope",3,"07:42","00:55","next drive start",3,"06:47",0,"3 plays, 3 yards, 00:55 elapsed",FALSE
"20250906_35p9",215,"Loras",3,"06:47","03:03","next drive start",3,"03:44",0,"9 plays, 58 yards, 03:03 elapsed",FALSE
"20250906_35p9",223,"Hope",3,"03:44","00:34","score clock",3,"03:10",0,"3 plays, 68 yards, 00:34 elapsed",FALSE
"20250906_35p9",231,"Loras",3,"03:04","01:09","next drive start",3,"01:55",0,"3 plays, 1 yards, 01:09 elapsed",FALSE
"20250906_35p9",240,"Hope",3,"01:55","01:12","score clock",3,"00:43",0,"4 plays, 61 yards, 01:12 elapsed",FALSE
"20250906_35p9",253,"Loras",3,"00:34","01:34","next drive start",4,"14:00",0,"5 plays, 21 yards, 01:34 elapsed",FALSE
"20250906_35p9",264,"Hope",4,"14:00","04:42","next drive start",4,"09:18",0,"8 plays, 41 yards, 04:42 elapsed",FALSE
"20250906_35p9",271,"Loras",4,"09:18","01:54","next drive start",4,"07:24",0,"3 plays, -2 yards, 01:54 elapsed",FALSE
"20250906_35p9",278,"Hope",4,"07:24","01:43","next drive start",4,"05:41",0,"3 plays, 5 yards, 01:43 elapsed",FALSE
"20250906_35p9",287,"Loras",4,"05:41","02:22","next drive start",4,"03:19",0,"3 plays, -17 yards, 02:22 elapsed",FALSE
"20250906_35p9",296,"Hope",4,"03:19","02:11","score clock",4,"01:08",0,"4 plays, 60 yards, 02:11 elapsed",FALSE
"20250906_35p9",304,"Loras",4,"01:01","01:01","end of half",4,"00:00",0,"3 plays, 4 yards, 01:01 elapsed",FALSE
"20250906_3f7l",19,"Bethel (Tenn.)",1,"14:50","02:42","next drive start",1,"12:08",0,"8 plays, 46 yards, 02:42 elapsed",FALSE
"20250906_3f7l",25,"Mary Hardin-Baylor",1,"12:08","00:14","score clock",1,"11:54",0,"1 plays, 0 yards, 00:14 elapsed",FALSE
"20250906_3f7l",37,"Mary Hardin-Baylor",1,"11:48","04:00","next drive start",1,"07:48",0,"8 plays, 51 yards, 04:00 elapsed",FALSE
"20250906_3f7l",53,"Bethel (Tenn.)",1,"07:48","04:52","next drive start",1,"02:56",0,"10 plays, 25 yards, 04:52 elapsed",FALSE
"20250906_3f7l",61,"Mary Hardin-Baylor",1,"02:56","02:31","next drive start",1,"00:25",0,"5 plays, 13 yards, 02:31 elapsed",FALSE
"20250906_3f7l",79,"Bethel (Tenn.)",1,"00:25","03:12","score clock",2,"12:13",0,"8 plays, 72 yards, 03:12 elapsed",FALSE
"20250906_3f7l",92,"Mary Hardin-Baylor",2,"12:13","02:36","score clock",2,"09:37",0,"7 plays, 75 yards, 02:36 elapsed",FALSE
"20250906_3f7l",102,"Bethel (Tenn.)",2,"09:25","01:06","score clock",2,"08:19",0,"4 plays, 1 yards, 01:06 elapsed",FALSE
"20250906_3f7l",111,"Bethel (Tenn.)",2,"08:10","02:10","next drive start",2,"06:00",0,"3 plays, 5 yards, 02:10 elapsed",FALSE
"20250906_3f7l",118,"Mary Hardin-Baylor",2,"06:00","00:51","next drive start",2,"05:09",0,"2 plays, 9 yards, 00:51 elapsed",FALSE
"20250906_3f7l",129,"Bethel (Tenn.)",2,"05:09","01:59","score clock",2,"03:10",0,"6 plays, 42 yards, 01:59 elapsed",FALSE
"20250906_3f7l",141,"Mary Hardin-Baylor",2,"03:02","02:04","next drive start",2,"00:58",0,"7 plays, -1 yards, 02:04 elapsed",FALSE
"20250906_3f7l",149,"Bethel (Tenn.)",2,"00:58","00:58","end of half",2,"00:00",0,"1 plays, -3 yards, 00:58 elapsed",FALSE
"20250906_3f7l",160,"Mary Hardin-Baylor",3,"14:54","00:12","score clock",3,"14:42",0,"1 plays, 70 yards, 00:12 elapsed",FALSE
"20250906_3f7l",168,"Bethel (Tenn.)",3,"14:37","01:05","next drive start",3,"13:32",0,"3 plays, 6 yards, 01:05 elapsed",FALSE
"20250906_3f7l",175,"Mary Hardin-Baylor",3,"13:32","01:31","next drive start",3,"12:01",0,"3 plays, 3 yards, 01:31 elapsed",FALSE
"20250906_3f7l",182,"Bethel (Tenn.)",3,"12:01","01:21","next drive start",3,"10:40",0,"3 plays, 9 yards, 01:21 elapsed",FALSE
"20250906_3f7l",189,"Mary Hardin-Baylor",3,"10:40","00:46","score clock",3,"09:54",0,"2 plays, 75 yards, 00:46 elapsed",FALSE
"20250906_3f7l",208,"Bethel (Tenn.)",3,"09:46","04:37","next drive start",3,"05:09",0,"12 plays, 42 yards, 04:37 elapsed",FALSE
"20250906_3f7l",220,"Mary Hardin-Baylor",3,"05:09","03:42","next drive start",3,"01:27",0,"7 plays, 25 yards, 03:42 elapsed",FALSE
"20250906_3f7l",234,"Bethel (Tenn.)",3,"01:27","02:20","next drive start",4,"14:07",0,"5 plays, 0 yards, 02:20 elapsed",FALSE
"20250906_3f7l",241,"Mary Hardin-Baylor",4,"14:07","02:03","next drive start",4,"12:04",0,"4 plays, 1 yards, 02:03 elapsed",FALSE
"20250906_3f7l",254,"Bethel (Tenn.)",4,"12:04","02:11","next drive start",4,"09:53",0,"7 plays, 23 yards, 02:11 elapsed",FALSE
"20250906_3f7l",264,"Mary Hardin-Baylor",4,"09:53","02:39","next drive start",4,"07:14",0,"5 plays, 22 yards, 02:39 elapsed",FALSE
"20250906_3f7l",279,"Bethel (Tenn.)",4,"07:14","04:25","score clock",4,"02:49",0,"11 plays, 71 yards, 04:25 elapsed",FALSE
"20250906_3f7l",288,"Mary Hardin-Baylor",4,"02:49","01:11","next drive start",4,"01:38",0,"3 plays, -2 yards, 01:11 elapsed",FALSE
"20250906_3f7l",294,"Bethel (Tenn.)",4,"01:38","00:33","next drive start",4,"01:05",0,"3 plays, 16 yards, 00:33 elapsed",FALSE
"20250906_3f7l",303,"Mary Hardin-Baylor",4,"01:05","01:05","end of half",4,"00:00",0,"3 plays, 23 yards, 01:05 elapsed",FALSE
"20250906_3hu1",20,"St. John Fisher",1,"14:57","04:27","next drive start",1,"10:30",0,"9 plays, 32 yards, 04:27 elapsed",FALSE
"20250906_3hu1",27,"FDU-Florham",1,"10:30","02:00","next drive start",1,"08:30",0,"3 plays, 6 yards, 02:00 elapsed",FALSE
"20250906_3hu1",33,"St. John Fisher",1,"08:30","01:00","next drive start",1,"07:30",0,"3 plays, 24 yards, 01:00 elapsed",FALSE
"20250906_3hu1",38,"FDU-Florham",1,"07:30","01:00","next drive start",1,"06:30",0,"2 plays, 12 yards, 01:00 elapsed",FALSE
"20250906_3hu1",49,"St. John Fisher",1,"06:30","03:30","next drive start",1,"03:00",0,"7 plays, 40 yards, 03:30 elapsed",FALSE
"20250906_3hu1",59,"FDU-Florham",1,"03:00","01:10","next drive start",1,"01:50",0,"5 plays, 6 yards, 01:10 elapsed",FALSE
"20250906_3hu1",70,"St. John Fisher",1,"01:50","02:50","next drive start",2,"14:00",0,"4 plays, 15 yards, 02:50 elapsed",FALSE
"20250906_3hu1",78,"FDU-Florham",2,"14:00","02:30","next drive start",2,"11:30",0,"3 plays, -2 yards, 02:30 elapsed",FALSE
"20250906_3hu1",87,"St. John Fisher",2,"11:30","01:06","score clock",2,"10:24",0,"4 plays, 48 yards, 01:06 elapsed",FALSE
"20250906_3hu1",96,"FDU-Florham",2,"10:18","01:28","next drive start",2,"08:50",0,"4 plays, 9 yards, 01:28 elapsed",FALSE
"20250906_3hu1",105,"St. John Fisher",2,"08:50","02:05","next drive start",2,"06:45",0,"5 plays, 6 yards, 02:05 elapsed",FALSE
"20250906_3hu1",113,"FDU-Florham",2,"06:45","02:57","next drive start",2,"03:48",0,"3 plays, 5 yards, 02:57 elapsed",FALSE
"20250906_3hu1",121,"St. John Fisher",2,"03:48","01:27","score clock",2,"02:21",0,"3 plays, 33 yards, 01:27 elapsed",FALSE
"20250906_3hu1",129,"FDU-Florham",2,"02:15","00:12","score clock",2,"02:03",0,"1 plays, 5 yards, 00:12 elapsed",FALSE
"20250906_3hu1",141,"FDU-Florham",2,"01:40","00:50","next drive start",2,"00:50",0,"8 plays, 23 yards, 00:50 elapsed",FALSE
"20250906_3hu1",148,"St. John Fisher",2,"00:50","00:50","end of half",2,"00:00",0,"3 plays, 18 yards, 00:50 elapsed",FALSE
"20250906_3hu1",162,"FDU-Florham",3,"14:53","03:09","next drive start",3,"11:44",0,"6 plays, 20 yards, 03:09 elapsed",FALSE
"20250906_3hu1",174,"St. John Fisher",3,"11:44","02:59","next drive start",3,"08:45",0,"5 plays, 12 yards, 02:59 elapsed",FALSE
"20250906_3hu1",186,"FDU-Florham",3,"08:45","03:45","next drive start",3,"05:00",0,"8 plays, 69 yards, 03:45 elapsed",FALSE
"20250906_3hu1",194,"St. John Fisher",3,"05:00","04:41","next drive start",3,"00:19",0,"4 plays, 19 yards, 04:41 elapsed",FALSE
"20250906_3hu1",215,"FDU-Florham",3,"00:19","07:10","next drive start",4,"08:09",0,"13 plays, 55 yards, 07:10 elapsed",FALSE
"20250906_3hu1",225,"St. John Fisher",4,"08:09","03:46","next drive start",4,"04:23",0,"6 plays, 34 yards, 03:46 elapsed",FALSE
"20250906_3hu1",232,"FDU-Florham",4,"04:23","00:51","next drive start",4,"03:32",0,"3 plays, -3 yards, 00:51 elapsed",FALSE
"20250906_3hu1",242,"St. John Fisher",4,"03:32","00:00","end of half",4,"00:00",212,"7 plays, 16 yards, 00:00 elapsed",TRUE
"20250906_41ka",14,"UW-Oshkosh",1,"15:00","02:52","next drive start",1,"15:00",-172,"5 plays, 12 yards, 2:52 elapsed",TRUE
"20250906_41ka",23,"Linfield",1,"15:00","00:54","next drive start",1,"11:14",172,"4 plays, 4 yards, 0:54 elapsed",TRUE
"20250906_41ka",39,"UW-Oshkosh",1,"11:14","03:21","score clock",1,"07:53",0,"7 plays, 58 yards, 3:21 elapsed",FALSE
"20250906_41ka",51,"Linfield",1,"07:48","02:03","next drive start",1,"05:45",0,"6 plays, 28 yards, 2:03 elapsed",FALSE
"20250906_41ka",67,"UW-Oshkosh",1,"05:45","05:01","score clock",1,"00:44",0,"9 plays, 80 yards, 5:01 elapsed",FALSE
"20250906_41ka",88,"Linfield",1,"00:38","04:17","score clock",2,"11:21",0,"10 plays, 63 yards, 4:17 elapsed",FALSE
"20250906_41ka",104,"UW-Oshkosh",2,"11:11","03:28","score clock",2,"07:43",0,"9 plays, 50 yards, 3:28 elapsed",FALSE
"20250906_41ka",114,"Linfield",2,"07:37","02:59","next drive start",2,"04:38",0,"5 plays, 13 yards, 2:59 elapsed",FALSE
"20250906_41ka",125,"UW-Oshkosh",2,"04:38","02:59","next drive start",2,"01:39",0,"6 plays, 42 yards, 2:59 elapsed",FALSE
"20250906_41ka",133,"Linfield",2,"01:39","00:29","next drive start",2,"01:10",0,"2 plays, -2 yards, 0:29 elapsed",FALSE
"20250906_41ka",143,"UW-Oshkosh",2,"01:10","00:56","score clock",2,"00:14",0,"4 plays, 36 yards, 0:56 elapsed",FALSE
"20250906_41ka",149,"Linfield",2,"00:14","00:14","end of half",2,"00:00",0,"1 plays, -2 yards, 0:14 elapsed",FALSE
"20250906_41ka",161,"Linfield",3,"14:55","02:08","next drive start",3,"12:47",0,"3 plays, 2 yards, 2:08 elapsed",FALSE
"20250906_41ka",169,"UW-Oshkosh",3,"12:47","02:10","next drive start",3,"10:37",0,"4 plays, 26 yards, 2:10 elapsed",FALSE
"20250906_41ka",176,"Linfield",3,"10:37","01:51","next drive start",3,"08:46",0,"3 plays, -1 yards, 1:51 elapsed",FALSE
"20250906_41ka",188,"UW-Oshkosh",3,"08:46","03:45","score clock",3,"05:01",0,"7 plays, 83 yards, 3:45 elapsed",FALSE
"20250906_41ka",200,"Linfield",3,"04:54","04:08","next drive start",3,"00:46",0,"8 plays, 29 yards, 4:08 elapsed",FALSE
"20250906_41ka",212,"UW-Oshkosh",3,"00:46","03:28","next drive start",4,"12:18",0,"6 plays, 36 yards, 3:28 elapsed",FALSE
"20250906_41ka",234,"Linfield",4,"12:18","04:07","score clock",4,"08:11",0,"13 plays, 61 yards, 4:07 elapsed",FALSE
"20250906_41ka",250,"UW-Oshkosh",4,"08:09","06:13","score clock",4,"01:56",0,"10 plays, 35 yards, 6:13 elapsed",FALSE
"20250906_41ka",255,"Linfield",4,"01:50","00:05","next drive start",4,"01:45",0,"1 plays, -9 yards, 0:05 elapsed",FALSE
"20250906_41ka",262,"UW-Oshkosh",4,"01:45","01:45","end of half",4,"00:00",0,"3 plays, 0 yards, 1:45 elapsed",FALSE
"20250906_45l3",12,"St. Vincent",1,"15:00","01:52","next drive start",1,"13:08",0,"4 plays, 13 yards, 01:52 elapsed",FALSE
"20250906_45l3",20,"Hilbert",1,"13:08","02:44","next drive start",1,"10:24",0,"4 plays, 9 yards, 02:44 elapsed",FALSE
"20250906_45l3",33,"St. Vincent",1,"10:24","02:53","score clock",1,"07:31",0,"8 plays, 44 yards, 02:53 elapsed",FALSE
"20250906_45l3",42,"Hilbert",1,"07:23","02:59","next drive start",1,"04:24",0,"4 plays, 22 yards, 02:59 elapsed",FALSE
"20250906_45l3",49,"St. Vincent",1,"04:24","01:49","next drive start",1,"02:35",0,"3 plays, 3 yards, 01:49 elapsed",FALSE
"20250906_45l3",63,"Hilbert",1,"02:35","03:41","next drive start",2,"13:54",0,"7 plays, 11 yards, 03:41 elapsed",FALSE
"20250906_45l3",70,"St. Vincent",2,"13:54","00:48","score clock",2,"13:06",0,"2 plays, 13 yards, 00:48 elapsed",FALSE
"20250906_45l3",79,"Hilbert",2,"12:58","01:22","next drive start",2,"11:36",0,"3 plays, 5 yards, 01:22 elapsed",FALSE
"20250906_45l3",92,"Hilbert",2,"11:36","03:41","score clock",2,"07:55",0,"7 plays, 26 yards, 03:41 elapsed",FALSE
"20250906_45l3",105,"St. Vincent",2,"07:50","03:38","next drive start",2,"04:12",0,"7 plays, 26 yards, 03:38 elapsed",FALSE
"20250906_45l3",121,"Hilbert",2,"04:12","03:57","next drive start",2,"00:15",0,"12 plays, 60 yards, 03:57 elapsed",FALSE
"20250906_45l3",127,"St. Vincent",2,"00:15","00:15","next drive start",2,"00:00",0,"2 plays, 41 yards, 00:15 elapsed",FALSE
"20250906_45l3",130,"Hilbert",2,"00:00","00:00","end of half",2,"00:00",0,"0 plays, 0 yards, 00:00 elapsed",FALSE
"20250906_45l3",153,"Hilbert",3,"15:00","08:40","next drive start",3,"06:20",0,"16 plays, 54 yards, 08:40 elapsed",FALSE
"20250906_45l3",172,"St. Vincent",3,"06:20","05:56","score clock",3,"00:24",0,"11 plays, 80 yards, 05:56 elapsed",FALSE
"20250906_45l3",185,"Hilbert",3,"00:17","02:58","next drive start",4,"12:19",0,"6 plays, 32 yards, 02:58 elapsed",FALSE
"20250906_45l3",193,"St. Vincent",4,"12:19","00:53","score clock",4,"11:26",0,"2 plays, 56 yards, 00:53 elapsed",FALSE
"20250906_45l3",206,"Hilbert",4,"11:17","05:08","next drive start",4,"06:09",0,"9 plays, 25 yards, 05:08 elapsed",FALSE
"20250906_45l3",213,"St. Vincent",4,"06:09","01:59","next drive start",4,"04:10",0,"3 plays, -8 yards, 01:59 elapsed",FALSE
"20250906_45l3",220,"Hilbert",4,"04:10","01:34","next drive start",4,"02:36",0,"4 plays, 2 yards, 01:34 elapsed",FALSE
"20250906_45l3",229,"St. Vincent",4,"02:36","02:36","end of half",4,"00:00",0,"5 plays, 3 yards, 02:36 elapsed",FALSE
"20250906_5qby",15,"Ithaca",1,"14:52","03:35","next drive start",1,"11:17",0,"6 plays, 31 yards, 03:35 elapsed",FALSE
"20250906_5qby",22,"Johns Hopkins",1,"11:17","01:56","next drive start",1,"09:21",0,"3 plays, 8 yards, 01:56 elapsed",FALSE
"20250906_5qby",29,"Ithaca",1,"09:21","00:52","next drive start",1,"08:29",0,"3 plays, 2 yards, 00:52 elapsed",FALSE
"20250906_5qby",39,"Johns Hopkins",1,"08:29","01:51","score clock",1,"06:38",0,"4 plays, 65 yards, 01:51 elapsed",FALSE
"20250906_5qby",46,"Ithaca",1,"06:31","00:54","next drive start",1,"05:37",0,"3 plays, 8 yards, 00:54 elapsed",FALSE
"20250906_5qby",64,"Johns Hopkins",1,"05:37","05:41","score clock",2,"14:56",0,"10 plays, 65 yards, 05:41 elapsed",FALSE
"20250906_5qby",78,"Ithaca",2,"14:50","04:08","next drive start",2,"10:42",0,"9 plays, 38 yards, 04:08 elapsed",FALSE
"20250906_5qby",86,"Johns Hopkins",2,"10:42","01:11","score clock",2,"09:31",0,"3 plays, 25 yards, 01:11 elapsed",FALSE
"20250906_5qby",95,"Ithaca",2,"09:26","02:06","next drive start",2,"07:20",0,"3 plays, -8 yards, 02:06 elapsed",FALSE
"20250906_5qby",112,"Johns Hopkins",2,"07:20","05:08","score clock",2,"02:12",0,"11 plays, 44 yards, 05:08 elapsed",FALSE
"20250906_5qby",126,"Ithaca",2,"02:05","01:54","next drive start",2,"00:11",0,"8 plays, 13 yards, 01:54 elapsed",FALSE
"20250906_5qby",131,"Johns Hopkins",2,"00:11","00:11","end of half",2,"00:00",0,"1 plays, 0 yards, 00:11 elapsed",FALSE
"20250906_5qby",156,"Johns Hopkins",3,"14:55","07:06","score clock",3,"07:49",0,"14 plays, 80 yards, 07:06 elapsed",FALSE
"20250906_5qby",177,"Ithaca",3,"07:43","05:30","score clock",3,"02:13",0,"11 plays, 75 yards, 05:30 elapsed",FALSE
"20250906_5qby",186,"Johns Hopkins",3,"02:06","01:15","next drive start",3,"00:51",0,"3 plays, 9 yards, 01:15 elapsed",FALSE
"20250906_5qby",200,"Ithaca",3,"00:51","02:24","next drive start",4,"13:27",0,"8 plays, 30 yards, 02:24 elapsed",FALSE
"20250906_5qby",208,"Johns Hopkins",4,"13:27","01:41","score clock",4,"11:46",0,"3 plays, 80 yards, 01:41 elapsed",FALSE
"20250906_5qby",222,"Ithaca",4,"11:40","03:40","next drive start",4,"08:00",0,"9 plays, 53 yards, 03:40 elapsed",FALSE
"20250906_5qby",231,"Johns Hopkins",4,"08:00","02:42","next drive start",4,"05:18",0,"6 plays, 43 yards, 02:42 elapsed",FALSE
"20250906_5qby",238,"Ithaca",4,"05:18","01:48","score clock",4,"03:30",0,"2 plays, 52 yards, 01:48 elapsed",FALSE
"20250906_5qby",247,"Johns Hopkins",4,"03:30","00:00","end of half",4,"00:00",210,"4 plays, 11 yards, 00:00 elapsed",TRUE
"20250906_5t3v",19,"Wilmington",1,"14:54","04:16","next drive start",1,"10:38",0,"10 plays, 38 yards, 04:16 elapsed",FALSE
"20250906_5t3v",29,"Wooster",1,"10:38","03:05","next drive start",1,"07:33",0,"6 plays, 17 yards, 03:05 elapsed",FALSE
"20250906_5t3v",43,"Wilmington",1,"07:33","03:26","score clock",1,"04:07",0,"8 plays, 47 yards, 03:26 elapsed",FALSE
"20250906_5t3v",51,"Wooster",1,"03:59","00:57","next drive start",1,"03:02",0,"3 plays, -1 yards, 00:57 elapsed",FALSE
"20250906_5t3v",58,"Wilmington",1,"03:02","02:14","next drive start",1,"00:48",0,"3 plays, 5 yards, 02:14 elapsed",FALSE
"20250906_5t3v",71,"Wooster",1,"00:48","02:24","next drive start",2,"13:24",0,"5 plays, 9 yards, 02:24 elapsed",FALSE
"20250906_5t3v",77,"Wilmington",2,"13:24","00:07","score clock",2,"13:17",0,"1 plays, 36 yards, 00:07 elapsed",FALSE
"20250906_5t3v",87,"Wooster",2,"13:12","03:04","next drive start",2,"10:08",0,"5 plays, 19 yards, 03:04 elapsed",FALSE
"20250906_5t3v",94,"Wilmington",2,"10:08","00:44","score clock",2,"09:24",0,"2 plays, 73 yards, 00:44 elapsed",FALSE
"20250906_5t3v",102,"Wooster",2,"09:19","01:27","next drive start",2,"07:52",0,"3 plays, 2 yards, 01:27 elapsed",FALSE
"20250906_5t3v",114,"Wilmington",2,"07:52","03:05","score clock",2,"04:47",0,"7 plays, 78 yards, 03:05 elapsed",FALSE
"20250906_5t3v",121,"Wooster",2,"04:40","00:10","score clock",2,"04:30",0,"1 plays, 66 yards, 00:10 elapsed",FALSE
"20250906_5t3v",131,"Wilmington",2,"04:18","01:55","score clock",2,"02:23",0,"4 plays, 32 yards, 01:55 elapsed",FALSE
"20250906_5t3v",146,"Wooster",2,"02:23","01:40","score clock",2,"00:43",0,"6 plays, 65 yards, 01:40 elapsed",FALSE
"20250906_5t3v",161,"Wooster",2,"00:23","00:22","score clock",2,"00:01",0,"4 plays, 52 yards, 00:22 elapsed",FALSE
"20250906_5t3v",176,"Wooster",3,"15:00","01:53","score clock",3,"13:07",0,"5 plays, 70 yards, 01:53 elapsed",FALSE
"20250906_5t3v",184,"Wilmington",3,"12:55","00:44","next drive start",3,"12:11",0,"3 plays, 5 yards, 00:44 elapsed",FALSE
"20250906_5t3v",193,"Wooster",3,"12:11","02:41","next drive start",3,"09:30",0,"6 plays, 15 yards, 02:41 elapsed",FALSE
"20250906_5t3v",207,"Wilmington",3,"09:30","03:58","score clock",3,"05:32",0,"7 plays, 76 yards, 03:58 elapsed",FALSE
"20250906_5t3v",213,"Wooster",3,"05:26","00:25","next drive start",3,"05:01",0,"2 plays, 18 yards, 00:25 elapsed",FALSE
"20250906_5t3v",237,"Wilmington",3,"05:01","07:46","score clock",4,"12:15",0,"13 plays, 62 yards, 07:46 elapsed",FALSE
"20250906_5t3v",247,"Wooster",4,"12:00","01:06","score clock",4,"10:54",0,"3 plays, 50 yards, 01:06 elapsed",FALSE
"20250906_5t3v",267,"Wilmington",4,"10:48","06:20","score clock",4,"04:28",0,"12 plays, 58 yards, 06:20 elapsed",FALSE
"20250906_5t3v",277,"Wooster",4,"04:21","02:02","next drive start",4,"02:19",0,"6 plays, 37 yards, 02:02 elapsed",FALSE
"20250906_5t3v",287,"Wilmington",4,"02:19","02:19","end of half",4,"00:00",0,"5 plays, 29 yards, 02:19 elapsed",FALSE
"20250906_5u5q",19,"John Carroll",1,"14:54","05:03","score clock",1,"09:51",0,"9 plays, 70 yards, 05:03 elapsed",FALSE
"20250906_5u5q",30,"Waynesburg",1,"09:51","04:15","next drive start",1,"05:36",0,"6 plays, 12 yards, 04:15 elapsed",FALSE
"20250906_5u5q",44,"John Carroll",1,"05:36","04:38","score clock",1,"00:58",0,"8 plays, 60 yards, 04:38 elapsed",FALSE
"20250906_5u5q",60,"Waynesburg",1,"00:51","02:45","next drive start",2,"13:06",0,"6 plays, 21 yards, 02:45 elapsed",FALSE
"20250906_5u5q",70,"John Carroll",2,"13:06","02:15","score clock",2,"10:51",0,"4 plays, 86 yards, 02:15 elapsed",FALSE
"20250906_5u5q",79,"Waynesburg",2,"10:43","01:37","score clock",2,"09:06",0,"4 plays, -17 yards, 01:37 elapsed",FALSE
"20250906_5u5q",92,"John Carroll",2,"09:01","04:07","score clock",2,"04:54",0,"7 plays, 49 yards, 04:07 elapsed",FALSE
"20250906_5u5q",102,"Waynesburg",2,"04:54","02:05","score clock",2,"02:49",0,"4 plays, -25 yards, 02:05 elapsed",FALSE
"20250906_5u5q",116,"John Carroll",2,"02:42","01:57","score clock",2,"00:45",0,"7 plays, 64 yards, 01:57 elapsed",FALSE
"20250906_5u5q",122,"Waynesburg",2,"00:45","00:45","end of half",2,"00:00",0,"1 plays, 3 yards, 00:45 elapsed",FALSE
"20250906_5u5q",134,"Waynesburg",3,"15:00","02:04","next drive start",3,"12:56",0,"3 plays, -11 yards, 02:04 elapsed",FALSE
"20250906_5u5q",138,"John Carroll",3,"12:56","00:06","next drive start",3,"12:50",0,"1 plays, -3 yards, 00:06 elapsed",FALSE
"20250906_5u5q",149,"Waynesburg",3,"12:50","02:54","score clock",3,"09:56",0,"5 plays, 64 yards, 02:54 elapsed",FALSE
"20250906_5u5q",166,"John Carroll",3,"09:52","05:29","score clock",3,"04:23",0,"10 plays, 78 yards, 05:29 elapsed",FALSE
"20250906_5u5q",179,"Waynesburg",3,"04:17","03:41","next drive start",3,"00:36",0,"6 plays, 2 yards, 03:41 elapsed",FALSE
"20250906_5u5q",194,"John Carroll",3,"00:36","04:04","score clock",4,"11:32",0,"6 plays, 18 yards, 04:04 elapsed",FALSE
"20250906_5u5q",203,"Waynesburg",4,"11:26","01:15","next drive start",4,"10:11",0,"3 plays, 8 yards, 01:15 elapsed",FALSE
"20250906_5u5q",210,"John Carroll",4,"10:11","01:55","next drive start",4,"08:16",0,"4 plays, 12 yards, 01:55 elapsed",FALSE
"20250906_5u5q",220,"Waynesburg",4,"08:16","02:27","score clock",4,"05:49",0,"5 plays, 45 yards, 02:27 elapsed",FALSE
"20250906_5u5q",232,"John Carroll",4,"05:43","03:50","next drive start",4,"01:53",0,"5 plays, 12 yards, 03:50 elapsed",FALSE
"20250906_5u5q",242,"Waynesburg",4,"01:53","01:43","next drive start",4,"00:10",0,"7 plays, 13 yards, 01:43 elapsed",FALSE
"20250906_5u5q",247,"John Carroll",4,"00:10","00:10","end of half",4,"00:00",0,"1 plays, -1 yards, 00:10 elapsed",FALSE
"20250906_616y",12,"Misericordia",1,"14:53","01:11","next drive start",1,"13:42",0,"3 plays, -8 yards, 01:11 elapsed",FALSE
"20250906_616y",27,"Endicott",1,"13:42","04:49","score clock",1,"08:53",0,"10 plays, 45 yards, 04:49 elapsed",FALSE
"20250906_616y",36,"Misericordia",1,"08:45","02:52","next drive start",1,"05:53",0,"3 plays, 3 yards, 02:52 elapsed",FALSE
"20250906_616y",45,"Endicott",1,"05:53","02:11","next drive start",1,"03:42",0,"4 plays, 12 yards, 02:11 elapsed",FALSE
"20250906_616y",54,"Misericordia",1,"03:42","02:23","next drive start",1,"01:19",0,"5 plays, 22 yards, 02:23 elapsed",FALSE
"20250906_616y",72,"Endicott",1,"01:19","05:16","next drive start",2,"11:03",0,"11 plays, 77 yards, 05:16 elapsed",FALSE
"20250906_616y",79,"Misericordia",2,"11:03","00:51","next drive start",2,"10:12",0,"3 plays, 5 yards, 00:51 elapsed",FALSE
"20250906_616y",89,"Endicott",2,"10:12","01:57","score clock",2,"08:15",0,"5 plays, 45 yards, 01:57 elapsed",FALSE
"20250906_616y",99,"Misericordia",2,"08:07","03:29","next drive start",2,"04:38",0,"6 plays, 15 yards, 03:29 elapsed",FALSE
"20250906_616y",117,"Endicott",2,"04:38","03:23","score clock",2,"01:15",0,"11 plays, 16 yards, 03:23 elapsed",FALSE
"20250906_616y",128,"Misericordia",2,"01:08","01:02","next drive start",2,"00:06",0,"6 plays, 47 yards, 01:02 elapsed",FALSE
"20250906_616y",133,"Endicott",2,"00:06","00:06","end of half",2,"00:00",0,"1 plays, 0 yards, 00:06 elapsed",FALSE
"20250906_616y",147,"Endicott",3,"15:00","01:05","score clock",3,"13:55",0,"2 plays, 65 yards, 01:05 elapsed",FALSE
"20250906_616y",161,"Misericordia",3,"13:48","01:55","score clock",3,"11:53",0,"5 plays, 68 yards, 01:55 elapsed",FALSE
"20250906_616y",180,"Endicott",3,"11:53","07:06","next drive start",3,"04:47",0,"13 plays, 55 yards, 07:06 elapsed",FALSE
"20250906_616y",200,"Misericordia",3,"04:47","07:25","next drive start",4,"12:22",0,"14 plays, 66 yards, 07:25 elapsed",FALSE
"20250906_616y",207,"Endicott",4,"12:22","01:42","next drive start",4,"10:40",0,"3 plays, 9 yards, 01:42 elapsed",FALSE
"20250906_616y",222,"Misericordia",4,"10:40","03:46","score clock",4,"06:54",0,"8 plays, 52 yards, 03:46 elapsed",FALSE
"20250906_616y",237,"Endicott",4,"06:54","04:10","score clock",4,"02:44",0,"7 plays, 45 yards, 04:10 elapsed",FALSE
"20250906_616y",249,"Misericordia",4,"02:27","01:26","score clock",4,"01:01",0,"4 plays, 72 yards, 01:26 elapsed",FALSE
"20250906_616y",258,"Endicott",4,"01:00","01:00","end of half",4,"00:00",0,"3 plays, 10 yards, 01:00 elapsed",FALSE
"20250906_6mvd",16,"Lakeland",1,"14:52","02:06","score clock",1,"12:46",0,"6 plays, 59 yards, 02:06 elapsed",FALSE
"20250906_6mvd",33,"Carthage",1,,"05:16","score clock",1,"06:03",,"10 plays, 60 yards, 05:16 elapsed",TRUE
"20250906_6mvd",41,"Lakeland",1,"05:49","00:08","score clock",1,"05:41",0,"1 plays, 73 yards, 00:08 elapsed",FALSE
"20250906_6mvd",47,"Carthage",1,"05:04","00:07","next drive start",1,"04:57",0,"2 plays, -16 yards, 00:07 elapsed",FALSE
"20250906_6mvd",53,"Lakeland",1,"04:57","00:16","score clock",1,"04:41",0,"1 plays, 3 yards, 00:16 elapsed",FALSE
"20250906_6mvd",63,"Carthage",1,"04:37","02:29","next drive start",1,"02:08",0,"4 plays, 24 yards, 02:29 elapsed",FALSE
"20250906_6mvd",84,"Lakeland",1,"02:08","06:04","next drive start",2,"11:04",0,"13 plays, 60 yards, 06:04 elapsed",FALSE
"20250906_6mvd",96,"Carthage",2,"11:04","03:44","score clock",2,"07:20",0,"7 plays, 80 yards, 03:44 elapsed",FALSE
"20250906_6mvd",105,"Lakeland",2,"07:15","01:05","score clock",2,"06:10",0,"4 plays, -16 yards, 01:05 elapsed",FALSE
"20250906_6mvd",122,"Carthage",2,"05:54","04:22","score clock",2,"01:32",0,"9 plays, 70 yards, 04:22 elapsed",FALSE
"20250906_6mvd",143,"Lakeland",2,"01:22","01:22","score clock",2,"00:00",0,"11 plays, 68 yards, 01:22 elapsed",FALSE
"20250906_6mvd",156,"Carthage",3,"14:52","01:53","next drive start",3,"12:59",0,"4 plays, 12 yards, 01:53 elapsed",FALSE
"20250906_6mvd",168,"Lakeland",3,"12:59","02:58","next drive start",3,"10:01",0,"9 plays, 19 yards, 02:58 elapsed",FALSE
"20250906_6mvd",174,"Carthage",3,"10:01","00:14","score clock",3,"09:47",0,"1 plays, 68 yards, 00:14 elapsed",FALSE
"20250906_6mvd",182,"Lakeland",3,"09:40","01:22","next drive start",3,"08:18",0,"4 plays, -4 yards, 01:22 elapsed",FALSE
"20250906_6mvd",190,"Carthage",3,"08:18","01:05","score clock",3,"07:13",0,"2 plays, 26 yards, 01:05 elapsed",FALSE
"20250906_6mvd",199,"Lakeland",3,"07:07","01:22","next drive start",3,"05:45",0,"4 plays, 8 yards, 01:22 elapsed",FALSE
"20250906_6mvd",206,"Carthage",3,"05:45","00:56","score clock",3,"04:49",0,"2 plays, 38 yards, 00:56 elapsed",FALSE
"20250906_6mvd",214,"Lakeland",3,"04:41","01:05","next drive start",3,"03:36",0,"4 plays, 9 yards, 01:05 elapsed",FALSE
"20250906_6mvd",222,"Carthage",3,"03:36","02:06","next drive start",3,"01:30",0,"5 plays, 25 yards, 02:06 elapsed",FALSE
"20250906_6mvd",240,"Lakeland",3,"01:30","03:09","score clock",4,"13:21",0,"9 plays, 80 yards, 03:09 elapsed",FALSE
"20250906_6mvd",256,"Carthage",4,"13:13","05:26","score clock",4,"07:47",0,"9 plays, 71 yards, 05:26 elapsed",FALSE
"20250906_6mvd",273,"Lakeland",4,"07:36","02:43","next drive start",4,"04:53",0,"10 plays, 26 yards, 02:43 elapsed",FALSE
"20250906_6mvd",282,"Carthage",4,"04:53","01:36","next drive start",4,"03:17",0,"3 plays, 12 yards, 01:36 elapsed",FALSE
"20250906_6mvd",293,"Lakeland",4,"03:17","01:30","score clock",4,"01:47",0,"5 plays, 84 yards, 01:30 elapsed",FALSE
"20250906_6mvd",303,"Carthage",4,"01:47","01:47","end of half",4,"00:00",0,"3 plays, 3 yards, 01:47 elapsed",FALSE
"20250906_70fv",21,"University of New England",1,"15:00","03:01","score clock",1,"11:59",0,"10 plays, 75 yards, 03:01 elapsed",FALSE
"20250906_70fv",36,"Coast Guard",1,"11:54","03:08","score clock",1,"08:46",0,"9 plays, 66 yards, 03:08 elapsed",FALSE
"20250906_70fv",44,"University of New England",1,"08:40","01:23","next drive start",1,"07:17",0,"3 plays, 8 yards, 01:23 elapsed",FALSE
"20250906_70fv",51,"Coast Guard",1,"07:17","00:48","score clock",1,"06:29",0,"2 plays, 62 yards, 00:48 elapsed",FALSE
"20250906_70fv",80,"University of New England",1,"06:29","06:32","score clock",2,"14:57",0,"19 plays, 75 yards, 06:32 elapsed",FALSE
"20250906_70fv",88,"Coast Guard",2,"14:57","00:53","next drive start",2,"14:04",0,"3 plays, 19 yards, 00:53 elapsed",FALSE
"20250906_70fv",100,"University of New England",2,"14:04","01:47","next drive start",2,"12:17",0,"6 plays, 8 yards, 01:47 elapsed",FALSE
"20250906_70fv",107,"Coast Guard",2,"12:17","01:07","next drive start",2,"11:10",0,"3 plays, 3 yards, 01:07 elapsed",FALSE
"20250906_70fv",114,"University of New England",2,"11:10","00:52","next drive start",2,"10:18",0,"3 plays, 5 yards, 00:52 elapsed",FALSE
"20250906_70fv",124,"Coast Guard",2,"10:18","02:01","score clock",2,"08:17",0,"5 plays, 63 yards, 02:01 elapsed",FALSE
"20250906_70fv",133,"University of New England",2,"08:12","01:33","next drive start",2,"06:39",0,"3 plays, 6 yards, 01:33 elapsed",FALSE
"20250906_70fv",153,"Coast Guard",2,"06:39","04:31","score clock",2,"02:08",0,"14 plays, 96 yards, 04:31 elapsed",FALSE
"20250906_70fv",166,"University of New England",2,"02:02","00:46","score clock",2,"01:16",0,"5 plays, 72 yards, 00:46 elapsed",FALSE
"20250906_70fv",182,"Coast Guard",2,"01:16","01:16","score clock",2,"00:00",0,"7 plays, 70 yards, 01:16 elapsed",FALSE
"20250906_70fv",200,"Coast Guard",3,"15:00","04:15","next drive start",3,"10:45",0,"9 plays, 73 yards, 04:15 elapsed",FALSE
"20250906_70fv",217,"University of New England",3,"10:45","02:32","score clock",3,"08:13",0,"11 plays, 98 yards, 02:32 elapsed",FALSE
"20250906_70fv",226,"Coast Guard",3,"08:13","00:36","score clock",3,"07:37",0,"3 plays, 75 yards, 00:36 elapsed",FALSE
"20250906_70fv",246,"University of New England",3,"07:29","03:22","score clock",3,"04:07",0,"13 plays, 58 yards, 03:22 elapsed",FALSE
"20250906_70fv",256,"Coast Guard",3,"04:07","01:59","next drive start",3,"02:08",0,"5 plays, 18 yards, 01:59 elapsed",FALSE
"20250906_70fv",270,"University of New England",3,"02:08","02:12","next drive start",4,"14:56",0,"8 plays, 69 yards, 02:12 elapsed",FALSE
"20250906_70fv",289,"Coast Guard",4,"14:56","03:34","score clock",4,"11:22",0,"14 plays, 66 yards, 03:34 elapsed",FALSE
"20250906_70fv",305,"University of New England",4,"11:18","02:10","score clock",4,"09:08",0,"7 plays, 86 yards, 02:10 elapsed",FALSE
"20250906_70fv",316,"Coast Guard",4,"09:02","00:50","score clock",4,"08:12",0,"4 plays, 59 yards, 00:50 elapsed",FALSE
"20250906_70fv",336,"University of New England",4,"08:08","03:43","score clock",4,"04:25",0,"13 plays, 68 yards, 03:43 elapsed",FALSE
"20250906_70fv",347,"Coast Guard",4,"04:20","02:30","next drive start",4,"01:50",0,"6 plays, 46 yards, 02:30 elapsed",FALSE
"20250906_70fv",354,"University of New England",4,"01:50","01:25","next drive start",4,"00:25",0,"3 plays, 4 yards, 01:25 elapsed",FALSE
"20250906_70fv",360,"Coast Guard",4,"00:25","00:25","next drive start",5,"15:00",0,"2 plays, 8 yards, 00:25 elapsed",FALSE
"20250906_70fv",372,"University of New England",5,"15:00","00:00","overtime (untimed)",5,"15:00",,"3 plays, 25 yards, 00:00 elapsed",FALSE
"20250906_70fv",380,"Coast Guard",5,"15:00","00:00","overtime (untimed)",4,"00:00",,"4 plays, 4 yards, 00:00 elapsed",FALSE
"20250906_71s2",18,"Baldwin Wallace",1,"14:51","04:57","score clock",1,"09:54",0,"7 plays, 76 yards, 04:57 elapsed",FALSE
"20250906_71s2",26,"Wittenberg",1,"09:48","01:52","next drive start",1,"07:56",0,"3 plays, 8 yards, 01:52 elapsed",FALSE
"20250906_71s2",39,"Baldwin Wallace",1,"07:56","03:54","score clock",1,"04:02",0,"8 plays, 82 yards, 03:54 elapsed",FALSE
"20250906_71s2",47,"Wittenberg",1,"03:55","01:26","next drive start",1,"02:29",0,"3 plays, 8 yards, 01:26 elapsed",FALSE
"20250906_71s2",55,"Baldwin Wallace",1,"02:29","01:35","next drive start",1,"00:54",0,"3 plays, 6 yards, 01:35 elapsed",FALSE
"20250906_71s2",69,"Wittenberg",1,"00:54","02:28","next drive start",2,"13:26",0,"6 plays, 28 yards, 02:28 elapsed",FALSE
"20250906_71s2",90,"Baldwin Wallace",2,"13:26","06:26","score clock",2,"07:00",0,"16 plays, 73 yards, 06:26 elapsed",FALSE
"20250906_71s2",99,"Wittenberg",2,"06:54","01:42","next drive start",2,"05:12",0,"4 plays, 43 yards, 01:42 elapsed",FALSE
"20250906_71s2",118,"Baldwin Wallace",2,"05:12","04:32","score clock",2,"00:40",0,"12 plays, 58 yards, 04:32 elapsed",FALSE
"20250906_71s2",131,"Wittenberg",2,"00:38","00:38","end of half",2,"00:00",0,"5 plays, 17 yards, 00:38 elapsed",FALSE
"20250906_71s2",147,"Wittenberg",3,"14:50","02:52","next drive start",3,"11:58",0,"7 plays, 14 yards, 02:52 elapsed",FALSE
"20250906_71s2",151,"Baldwin Wallace",3,"11:58","00:03","next drive start",3,"11:55",0,"1 plays, 0 yards, 00:03 elapsed",FALSE
"20250906_71s2",164,"Wittenberg",3,"11:55","02:31","score clock",3,"09:24",0,"7 plays, 14 yards, 02:31 elapsed",FALSE
"20250906_71s2",182,"Baldwin Wallace",3,"09:13","06:10","score clock",3,"03:03",0,"12 plays, 72 yards, 06:10 elapsed",FALSE
"20250906_71s2",192,"Wittenberg",3,"02:57","02:16","next drive start",3,"00:41",0,"5 plays, 9 yards, 02:16 elapsed",FALSE
"20250906_71s2",207,"Baldwin Wallace",3,"00:41","02:57","next drive start",4,"12:44",0,"5 plays, 15 yards, 02:57 elapsed",FALSE
"20250906_71s2",217,"Wittenberg",4,"12:44","02:09","next drive start",4,"10:35",0,"4 plays, 19 yards, 02:09 elapsed",FALSE
"20250906_71s2",226,"Baldwin Wallace",4,"10:35","03:55","next drive start",4,"06:40",0,"5 plays, 9 yards, 03:55 elapsed",FALSE
"20250906_71s2",244,"Wittenberg",4,"06:40","04:27","score clock",4,"02:13",0,"13 plays, 69 yards, 04:27 elapsed",FALSE
"20250906_71s2",256,"Baldwin Wallace",4,"02:00","02:00","end of half",4,"00:00",0,"4 plays, 26 yards, 02:00 elapsed",FALSE
"20250906_806w",13,"St. Norbert",1,"14:52","02:17","next drive start",1,"12:35",0,"5 plays, 21 yards, 02:17 elapsed",FALSE
"20250906_806w",21,"Wabash",1,"12:35","01:21","score clock",1,"11:14",0,"3 plays, 49 yards, 01:21 elapsed",FALSE
"20250906_806w",33,"St. Norbert",1,"11:09","02:46","next drive start",1,"08:23",0,"6 plays, 18 yards, 02:46 elapsed",FALSE
"20250906_806w",40,"Wabash",1,"08:23","01:31","next drive start",1,"06:52",0,"3 plays, 7 yards, 01:31 elapsed",FALSE
"20250906_806w",48,"St. Norbert",1,"06:52","02:13","next drive start",1,"04:39",0,"3 plays, 0 yards, 02:13 elapsed",FALSE
"20250906_806w",57,"St. Norbert",1,"04:39","01:15","score clock",1,"03:24",0,"3 plays, 14 yards, 01:15 elapsed",FALSE
"20250906_806w",67,"Wabash",1,"03:24","02:02","score clock",1,"01:22",0,"4 plays, 75 yards, 02:02 elapsed",FALSE
"20250906_806w",80,"St. Norbert",1,"01:16","03:22","next drive start",2,"12:54",0,"5 plays, 20 yards, 03:22 elapsed",FALSE
"20250906_806w",84,"Wabash",2,"12:54","00:12","next drive start",2,"12:42",0,"1 plays, -17 yards, 00:12 elapsed",FALSE
"20250906_806w",91,"St. Norbert",2,"12:42","00:38","score clock",2,"12:04",0,"2 plays, 11 yards, 00:38 elapsed",FALSE
"20250906_806w",102,"Wabash",2,"11:58","01:44","score clock",2,"10:14",0,"5 plays, 74 yards, 01:44 elapsed",FALSE
"20250906_806w",110,"St. Norbert",2,"10:08","02:02","next drive start",2,"08:06",0,"3 plays, -1 yards, 02:02 elapsed",FALSE
"20250906_806w",121,"Wabash",2,"08:06","01:50","next drive start",2,"06:16",0,"3 plays, -2 yards, 01:50 elapsed",FALSE
"20250906_806w",133,"St. Norbert",2,"06:16","01:38","score clock",2,"04:38",0,"5 plays, 6 yards, 01:38 elapsed",FALSE
"20250906_806w",142,"St. Norbert",2,"04:31","01:40","next drive start",2,"02:51",0,"3 plays, 8 yards, 01:40 elapsed",FALSE
"20250906_806w",157,"Wabash",2,"02:51","02:15","score clock",2,"00:36",0,"8 plays, 55 yards, 02:15 elapsed",FALSE
"20250906_806w",163,"St. Norbert",2,"00:36","00:36","end of half",2,"00:00",0,"1 plays, 6 yards, 00:36 elapsed",FALSE
"20250906_806w",180,"Wabash",3,"14:54","03:13","next drive start",3,"11:41",0,"6 plays, 10 yards, 03:13 elapsed",FALSE
"20250906_806w",187,"St. Norbert",3,"11:41","01:31","next drive start",3,"10:10",0,"3 plays, -5 yards, 01:31 elapsed",FALSE
"20250906_806w",204,"Wabash",3,"10:10","05:17","score clock",3,"04:53",0,"11 plays, 49 yards, 05:17 elapsed",FALSE
"20250906_806w",212,"St. Norbert",3,"04:53","01:44","next drive start",3,"03:09",0,"3 plays, 8 yards, 01:44 elapsed",FALSE
"20250906_806w",220,"Wabash",3,"03:09","00:58","score clock",3,"02:11",0,"3 plays, 75 yards, 00:58 elapsed",FALSE
"20250906_806w",228,"St. Norbert",3,"02:05","00:56","next drive start",3,"01:09",0,"3 plays, -4 yards, 00:56 elapsed",FALSE
"20250906_806w",241,"Wabash",3,"01:09","01:17","score clock",4,"14:52",0,"4 plays, 60 yards, 01:17 elapsed",FALSE
"20250906_806w",260,"St. Norbert",4,"14:45","05:08","score clock",4,"09:37",0,"12 plays, 80 yards, 05:08 elapsed",FALSE
"20250906_806w",275,"Wabash",4,"09:37","05:09","score clock",4,"04:28",0,"9 plays, 48 yards, 05:09 elapsed",FALSE
"20250906_806w",284,"St. Norbert",4,"04:21","02:09","next drive start",4,"02:12",0,"5 plays, 38 yards, 02:09 elapsed",FALSE
"20250906_806w",293,"Wabash",4,"02:12","02:12","end of half",4,"00:00",0,"4 plays, 14 yards, 02:12 elapsed",FALSE
"20250906_85f2",18,"Washington and Jefferson",1,"14:51","03:29","score clock",1,"11:22",0,"7 plays, 26 yards, 03:29 elapsed",FALSE
"20250906_85f2",37,"Utica",1,"11:22","05:21","score clock",1,"06:01",0,"12 plays, 75 yards, 05:21 elapsed",FALSE
"20250906_85f2",45,"Washington and Jefferson",1,"05:55","01:20","next drive start",1,"04:35",0,"3 plays, 6 yards, 01:20 elapsed",FALSE
"20250906_85f2",59,"Utica",1,"04:35","03:21","score clock",1,"01:14",0,"8 plays, 57 yards, 03:21 elapsed",FALSE
"20250906_85f2",75,"Washington and Jefferson",1,"01:14","01:29","next drive start",2,"14:45",0,"6 plays, 40 yards, 01:29 elapsed",FALSE
"20250906_85f2",89,"Utica",2,"14:45","02:08","next drive start",2,"12:37",0,"8 plays, 49 yards, 02:08 elapsed",FALSE
"20250906_85f2",105,"Washington and Jefferson",2,"12:37","03:32","score clock",2,"09:05",0,"10 plays, 72 yards, 03:32 elapsed",FALSE
"20250906_85f2",117,"Utica",2,"08:57","03:22","next drive start",2,"05:35",0,"7 plays, 67 yards, 03:22 elapsed",FALSE
"20250906_85f2",131,"Washington and Jefferson",2,"05:35","03:42","next drive start",2,"01:53",0,"9 plays, 35 yards, 03:42 elapsed",FALSE
"20250906_85f2",137,"Utica",2,"01:53","00:12","score clock",2,"01:41",0,"1 plays, 77 yards, 00:12 elapsed",FALSE
"20250906_85f2",153,"Washington and Jefferson",2,"01:36","01:31","score clock",2,"00:05",0,"9 plays, 52 yards, 01:31 elapsed",FALSE
"20250906_85f2",166,"Utica",3,"14:50","01:44","next drive start",3,"13:06",0,"3 plays, 8 yards, 01:44 elapsed",FALSE
"20250906_85f2",173,"Washington and Jefferson",3,"13:06","00:48","next drive start",3,"12:18",0,"3 plays, 1 yards, 00:48 elapsed",FALSE
"20250906_85f2",188,"Utica",3,"12:18","04:20","score clock",3,"07:58",0,"9 plays, 76 yards, 04:20 elapsed",FALSE
"20250906_85f2",198,"Washington and Jefferson",3,"07:53","02:07","next drive start",3,"05:46",0,"5 plays, 26 yards, 02:07 elapsed",FALSE
"20250906_85f2",208,"Utica",3,"05:46","01:46","score clock",3,"04:00",0,"5 plays, 94 yards, 01:46 elapsed",FALSE
"20250906_85f2",217,"Washington and Jefferson",3,"03:49","01:31","next drive start",3,"02:18",0,"4 plays, 30 yards, 01:31 elapsed",FALSE
"20250906_85f2",225,"Utica",3,"02:18","00:43","score clock",3,"01:35",0,"3 plays, 21 yards, 00:43 elapsed",FALSE
"20250906_85f2",241,"Washington and Jefferson",3,"01:28","01:37","score clock",4,"14:51",0,"6 plays, 71 yards, 01:37 elapsed",FALSE
"20250906_85f2",253,"Utica",4,"14:44","03:45","next drive start",4,"10:59",0,"5 plays, 13 yards, 03:45 elapsed",FALSE
"20250906_85f2",268,"Washington and Jefferson",4,"10:59","03:11","score clock",4,"07:48",0,"9 plays, 75 yards, 03:11 elapsed",FALSE
"20250906_85f2",290,"Utica",4,"07:41","05:46","score clock",4,"01:55",0,"11 plays, 73 yards, 05:46 elapsed",FALSE
"20250906_85f2",299,"Washington and Jefferson",4,"01:55","00:39","next drive start",4,"01:16",0,"4 plays, 45 yards, 00:39 elapsed",FALSE
"20250906_85f2",305,"Utica",4,"01:16","01:16","end of half",4,"00:00",0,"2 plays, 3 yards, 01:16 elapsed",FALSE
"20250906_8da1",10,"Anderson",1,"14:54","01:02","next drive start",1,"13:52",0,"2 plays, 0 yards, 01:02 elapsed",FALSE
"20250906_8da1",17,"Alfred State",1,"13:52","01:33","next drive start",1,"12:19",0,"3 plays, -6 yards, 01:33 elapsed",FALSE
"20250906_8da1",24,"Anderson",1,"12:19","01:26","next drive start",1,"10:53",0,"3 plays, 2 yards, 01:26 elapsed",FALSE
"20250906_8da1",35,"Alfred State",1,"10:53","01:26","next drive start",1,"09:27",0,"7 plays, 23 yards, 01:26 elapsed",FALSE
"20250906_8da1",51,"Anderson",1,"09:27","06:33","next drive start",1,"02:54",0,"10 plays, 24 yards, 06:33 elapsed",FALSE
"20250906_8da1",59,"Alfred State",1,"02:54","00:52","next drive start",1,"02:02",0,"4 plays, 18 yards, 00:52 elapsed",FALSE
"20250906_8da1",74,"Anderson",1,"02:02","04:34","next drive start",2,"12:28",0,"8 plays, 22 yards, 04:34 elapsed",FALSE
"20250906_8da1",81,"Alfred State",2,"12:28","01:35","next drive start",2,"10:53",0,"3 plays, 8 yards, 01:35 elapsed",FALSE
"20250906_8da1",88,"Anderson",2,"10:53","02:30","next drive start",2,"08:23",0,"3 plays, 1 yards, 02:30 elapsed",FALSE
"20250906_8da1",100,"Alfred State",2,"08:23","04:00","next drive start",2,"04:23",0,"8 plays, 37 yards, 04:00 elapsed",FALSE
"20250906_8da1",104,"Anderson",2,"04:23","00:10","next drive start",2,"04:13",0,"1 plays, 2 yards, 00:10 elapsed",FALSE
"20250906_8da1",113,"Alfred State",2,"04:13","01:54","next drive start",2,"02:19",0,"6 plays, 14 yards, 01:54 elapsed",FALSE
"20250906_8da1",124,"Anderson",2,"02:19","01:34","next drive start",2,"00:45",0,"7 plays, 21 yards, 01:34 elapsed",FALSE
"20250906_8da1",130,"Alfred State",2,"00:45","00:45","end of half",2,"00:00",0,"2 plays, 6 yards, 00:45 elapsed",FALSE
"20250906_8da1",149,"Alfred State",3,"14:52","05:11","next drive start",3,"09:41",0,"11 plays, 51 yards, 05:11 elapsed",FALSE
"20250906_8da1",169,"Anderson",3,"09:41","09:39","score clock",3,"00:02",0,"13 plays, 80 yards, 09:39 elapsed",FALSE
"20250906_8da1",181,"Alfred State",3,"00:02","00:19","next drive start",4,"14:43",0,"3 plays, 2 yards, 00:19 elapsed",FALSE
"20250906_8da1",196,"Anderson",4,"14:43","06:39","next drive start",4,"08:04",0,"10 plays, 33 yards, 06:39 elapsed",FALSE
"20250906_8da1",203,"Alfred State",4,"08:04","01:03","next drive start",4,"07:01",0,"3 plays, -1 yards, 01:03 elapsed",FALSE
"20250906_8da1",211,"Anderson",4,"07:01","02:52","next drive start",4,"04:09",0,"3 plays, -2 yards, 02:52 elapsed",FALSE
"20250906_8da1",225,"Alfred State",4,"04:09","03:04","score clock",4,"01:05",0,"8 plays, 65 yards, 03:04 elapsed",FALSE
"20250906_8da1",236,"Anderson",4,"01:05","00:26","next drive start",4,"00:39",0,"3 plays, -2 yards, 00:26 elapsed",FALSE
"20250906_8da1",240,"Alfred State",4,"00:39","00:08","next drive start",4,"00:31",0,"1 plays, 0 yards, 00:08 elapsed",FALSE
"20250906_8da1",245,"Anderson",4,"00:31","00:31","end of half",4,"00:00",0,"1 plays, -2 yards, 00:31 elapsed",FALSE
"20250906_8hxj",19,"Bluffton",1,"15:00","06:36","next drive start",1,"08:24",0,"10 plays, 25 yards, 06:36 elapsed",FALSE
"20250906_8hxj",35,"Kenyon",1,"08:24","06:13","score clock",1,"02:11",0,"11 plays, 68 yards, 06:13 elapsed",FALSE
"20250906_8hxj",49,"Bluffton",1,"02:06","02:19","next drive start",2,"14:47",0,"4 plays, 3 yards, 02:19 elapsed",FALSE
"20250906_8hxj",62,"Kenyon",2,"14:47","03:38","score clock",2,"11:09",0,"6 plays, 44 yards, 03:38 elapsed",FALSE
"20250906_8hxj",74,"Bluffton",2,"11:09","04:46","score clock",2,"06:23",0,"7 plays, 48 yards, 04:46 elapsed",FALSE
"20250906_8hxj",84,"Kenyon",2,"06:19","02:51","next drive start",2,"03:28",0,"6 plays, 34 yards, 02:51 elapsed",FALSE
"20250906_8hxj",90,"Bluffton",2,"03:28","01:07","next drive start",2,"02:21",0,"3 plays, 2 yards, 01:07 elapsed",FALSE
"20250906_8hxj",97,"Kenyon",2,"02:21","00:15","score clock",2,"02:06",0,"2 plays, 38 yards, 00:15 elapsed",FALSE
"20250906_8hxj",108,"Bluffton",2,"02:00","01:10","next drive start",2,"00:50",0,"3 plays, 2 yards, 01:10 elapsed",FALSE
"20250906_8hxj",118,"Kenyon",2,"00:50","00:50","next drive start",2,"00:00",0,"6 plays, 28 yards, 00:50 elapsed",FALSE
"20250906_8hxj",121,"Bluffton",2,"00:00","00:00","end of half",2,"00:00",0,"0 plays, 0 yards, 00:00 elapsed",FALSE
"20250906_8hxj",133,"Kenyon",3,"15:00","00:58","next drive start",3,"14:02",0,"3 plays, -2 yards, 00:58 elapsed",FALSE
"20250906_8hxj",148,"Bluffton",3,"14:02","04:06","score clock",3,"09:56",0,"9 plays, 48 yards, 04:06 elapsed",FALSE
"20250906_8hxj",160,"Bluffton",3,"09:56","03:18","score clock",3,"06:38",0,"6 plays, 35 yards, 03:18 elapsed",FALSE
"20250906_8hxj",171,"Kenyon",3,"06:37","03:11","next drive start",3,"03:26",0,"7 plays, 27 yards, 03:11 elapsed",FALSE
"20250906_8hxj",188,"Bluffton",3,"03:26","04:30","next drive start",4,"13:56",0,"6 plays, 16 yards, 04:30 elapsed",FALSE
"20250906_8hxj",197,"Kenyon",4,"13:56","02:13","next drive start",4,"11:43",0,"5 plays, 41 yards, 02:13 elapsed",FALSE
"20250906_8hxj",208,"Bluffton",4,"11:43","03:36","next drive start",4,"08:07",0,"8 plays, 20 yards, 03:36 elapsed",FALSE
"20250906_8hxj",220,"Kenyon",4,"08:07","04:30","next drive start",4,"03:37",0,"9 plays, 34 yards, 04:30 elapsed",FALSE
"20250906_8hxj",243,"Bluffton",4,"03:37","03:26","score clock",4,"00:11",0,"11 plays, 78 yards, 03:26 elapsed",FALSE
"20250906_8hxj",248,"Kenyon",4,"00:04","00:04","end of half",4,"00:00",0,"1 plays, 21 yards, 00:04 elapsed",FALSE
"20250906_8o5p",22,"UW-Stevens Point",1,"15:00","05:08","score clock",1,"09:52",0,"11 plays, 65 yards, 05:08 elapsed",FALSE
"20250906_8o5p",32,"Albion",1,"09:46","01:25","next drive start",1,"08:21",0,"4 plays, 12 yards, 01:25 elapsed",FALSE
"20250906_8o5p",39,"UW-Stevens Point",1,"08:21","01:32","next drive start",1,"06:49",0,"3 plays, 6 yards, 01:32 elapsed",FALSE
"20250906_8o5p",46,"Albion",1,"06:49","01:15","next drive start",1,"05:34",0,"3 plays, 4 yards, 01:15 elapsed",FALSE
"20250906_8o5p",53,"UW-Stevens Point",1,"05:34","00:50","next drive start",1,"04:44",0,"3 plays, 5 yards, 00:50 elapsed",FALSE
"20250906_8o5p",59,"Albion",1,"04:44","01:31","next drive start",1,"03:13",0,"3 plays, 7 yards, 01:31 elapsed",FALSE
"20250906_8o5p",66,"UW-Stevens Point",1,"03:13","00:12","score clock",1,"03:01",0,"2 plays, 12 yards, 00:12 elapsed",FALSE
"20250906_8o5p",86,"Albion",1,"03:01","05:42","next drive start",2,"12:19",0,"13 plays, 45 yards, 05:42 elapsed",FALSE
"20250906_8o5p",102,"UW-Stevens Point",2,"12:19","04:45","next drive start",2,"07:34",0,"11 plays, 41 yards, 04:45 elapsed",FALSE
"20250906_8o5p",117,"Albion",2,"07:34","05:18","next drive start",2,"02:16",0,"11 plays, 36 yards, 05:18 elapsed",FALSE
"20250906_8o5p",131,"UW-Stevens Point",2,"02:16","01:10","next drive start",2,"01:06",0,"6 plays, 17 yards, 01:10 elapsed",FALSE
"20250906_8o5p",141,"Albion",2,"01:06","01:06","end of half",2,"00:00",0,"6 plays, 32 yards, 01:06 elapsed",FALSE
"20250906_8o5p",152,"Albion",3,"14:56","01:20","next drive start",3,"13:36",0,"3 plays, -2 yards, 01:20 elapsed",FALSE
"20250906_8o5p",163,"UW-Stevens Point",3,"13:36","03:10","score clock",3,"10:26",0,"6 plays, 60 yards, 03:10 elapsed",FALSE
"20250906_8o5p",176,"Albion",3,"10:23","03:28","next drive start",3,"06:55",0,"7 plays, 18 yards, 03:28 elapsed",FALSE
"20250906_8o5p",183,"UW-Stevens Point",3,"06:55","01:17","next drive start",3,"05:38",0,"3 plays, 7 yards, 01:17 elapsed",FALSE
"20250906_8o5p",190,"Albion",3,"05:38","01:30","next drive start",3,"04:08",0,"3 plays, 3 yards, 01:30 elapsed",FALSE
"20250906_8o5p",197,"UW-Stevens Point",3,"04:08","02:04","next drive start",3,"02:04",0,"3 plays, -1 yards, 02:04 elapsed",FALSE
"20250906_8o5p",204,"Albion",3,"02:04","00:49","next drive start",3,"01:15",0,"4 plays, 6 yards, 00:49 elapsed",FALSE
"20250906_8o5p",209,"UW-Stevens Point",3,"01:15","00:13","next drive start",3,"01:02",0,"2 plays, -4 yards, 00:13 elapsed",FALSE
"20250906_8o5p",223,"Albion",3,"01:02","01:38","score clock",4,"14:24",0,"5 plays, 43 yards, 01:38 elapsed",FALSE
"20250906_8o5p",230,"UW-Stevens Point",4,"14:24","00:27","next drive start",4,"13:57",0,"2 plays, 19 yards, 00:27 elapsed",FALSE
"20250906_8o5p",240,"Albion",4,"13:57","02:36","next drive start",4,"11:21",0,"6 plays, 11 yards, 02:36 elapsed",FALSE
"20250906_8o5p",250,"UW-Stevens Point",4,"11:21","02:53","next drive start",4,"08:28",0,"5 plays, 17 yards, 02:53 elapsed",FALSE
"20250906_8o5p",264,"Albion",4,"08:28","03:35","score clock",4,"04:53",0,"9 plays, 51 yards, 03:35 elapsed",FALSE
"20250906_8o5p",273,"UW-Stevens Point",4,"04:37","02:23","next drive start",4,"02:14",0,"3 plays, 2 yards, 02:23 elapsed",FALSE
"20250906_8o5p",291,"Albion",4,"02:14","02:01","score clock",4,"00:13",0,"10 plays, 60 yards, 02:01 elapsed",FALSE
"20250906_8o5p",297,"UW-Stevens Point",4,"00:09","00:09","next drive start",5,"15:00",0,"1 plays, 3 yards, 00:09 elapsed",FALSE
"20250906_8o5p",314,"UW-Stevens Point",5,"15:00","00:00","overtime (untimed)",5,"15:00",,"8 plays, 25 yards, 00:00 elapsed",FALSE
"20250906_8o5p",328,"Albion",5,"15:00","00:00","overtime (untimed)",4,"00:00",,"8 plays, 4 yards, 00:00 elapsed",FALSE
"20250906_8xam",11,"LaGrange",1,"14:53","00:15","score clock",1,"14:38",0,"1 plays, 77 yards, 00:15 elapsed",FALSE
"20250906_8xam",16,"Point",1,"14:22","00:00","next drive start",1,"14:16",6,"0 plays, -15 yards, 00:00 elapsed",TRUE
"20250906_8xam",25,"LaGrange",1,"14:16","02:09","next drive start",1,"12:07",0,"4 plays, 15 yards, 02:09 elapsed",FALSE
"20250906_8xam",37,"Point",1,"12:07","04:00","next drive start",1,"08:07",0,"8 plays, 32 yards, 04:00 elapsed",FALSE
"20250906_8xam",45,"LaGrange",1,"08:07","01:09","score clock",1,"06:58",0,"3 plays, 77 yards, 01:09 elapsed",FALSE
"20250906_8xam",53,"Point",1,"06:53","01:33","next drive start",1,"05:20",0,"3 plays, 3 yards, 01:33 elapsed",FALSE
"20250906_8xam",66,"LaGrange",1,"05:20","02:23","score clock",1,"02:57",0,"7 plays, 47 yards, 02:23 elapsed",FALSE
"20250906_8xam",72,"Point",1,"02:51","01:16","next drive start",1,"01:35",0,"2 plays, -2 yards, 01:16 elapsed",FALSE
"20250906_8xam",87,"LaGrange",1,"01:35","02:16","score clock",2,"14:19",0,"7 plays, 58 yards, 02:16 elapsed",FALSE
"20250906_8xam",102,"Point",2,"14:12","02:34","next drive start",2,"11:38",0,"6 plays, 68 yards, 02:34 elapsed",FALSE
"20250906_8xam",109,"LaGrange",2,"11:38","01:07","next drive start",2,"10:31",0,"3 plays, 2 yards, 01:07 elapsed",FALSE
"20250906_8xam",117,"Point",2,"10:31","01:23","next drive start",2,"09:08",0,"5 plays, 26 yards, 01:23 elapsed",FALSE
"20250906_8xam",131,"LaGrange",2,"09:08","04:29","score clock",2,"04:39",0,"9 plays, 48 yards, 04:29 elapsed",FALSE
"20250906_8xam",152,"Point",2,"04:33","03:59","score clock",2,"00:34",0,"12 plays, 73 yards, 03:59 elapsed",FALSE
"20250906_8xam",163,"LaGrange",2,"00:26","00:26","score clock",2,"00:00",0,"3 plays, 44 yards, 00:26 elapsed",FALSE
"20250906_8xam",166,"LaGrange",2,,"09:08","end of half",2,"00:00",,"0 plays, 0 yards, 09:08 elapsed",TRUE
"20250906_8xam",178,"Point",3,"14:49","02:16","next drive start",3,"12:33",0,"3 plays, 7 yards, 02:16 elapsed",FALSE
"20250906_8xam",182,"LaGrange",3,"12:33","00:09","next drive start",3,"12:24",0,"1 plays, 0 yards, 00:09 elapsed",FALSE
"20250906_8xam",189,"Point",3,"12:24","00:26","next drive start",3,"11:58",0,"3 plays, 0 yards, 00:26 elapsed",FALSE
"20250906_8xam",202,"LaGrange",3,"11:58","04:13","next drive start",3,"07:45",0,"8 plays, 17 yards, 04:13 elapsed",FALSE
"20250906_8xam",213,"Point",3,"07:45","03:21","next drive start",3,"04:24",0,"8 plays, 32 yards, 03:21 elapsed",FALSE
"20250906_8xam",225,"LaGrange",3,"04:24","02:40","score clock",3,"01:44",0,"6 plays, 69 yards, 02:40 elapsed",FALSE
"20250906_8xam",233,"Point",3,"01:35","01:01","next drive start",3,"00:34",0,"3 plays, 1 yards, 01:01 elapsed",FALSE
"20250906_8xam",243,"LaGrange",3,"00:34","00:50","next drive start",4,"14:44",0,"3 plays, 7 yards, 00:50 elapsed",FALSE
"20250906_8xam",251,"Point",4,"14:44","01:55","next drive start",4,"12:49",0,"4 plays, 14 yards, 01:55 elapsed",FALSE
"20250906_8xam",259,"LaGrange",4,"12:49","01:35","next drive start",4,"11:14",0,"3 plays, -2 yards, 01:35 elapsed",FALSE
"20250906_8xam",267,"Point",4,"11:14","02:59","next drive start",4,"08:15",0,"4 plays, 22 yards, 02:59 elapsed",FALSE
"20250906_8xam",282,"LaGrange",4,"08:15","05:15","next drive start",4,"03:00",0,"8 plays, 20 yards, 05:15 elapsed",FALSE
"20250906_8xam",290,"Point",4,"03:00","01:00","next drive start",4,"02:00",0,"3 plays, 7 yards, 01:00 elapsed",FALSE
"20250906_8xam",298,"LaGrange",4,"02:00","02:00","end of half",4,"00:00",0,"3 plays, 15 yards, 02:00 elapsed",FALSE
"20250906_91x0",20,"Widener",1,"14:40","04:36","score clock",1,"10:04",0,"10 plays, 71 yards, 04:36 elapsed",FALSE
"20250906_91x0",28,"Widener",1,"09:55","00:46","score clock",1,"09:09",0,"2 plays, 25 yards, 00:46 elapsed",FALSE
"20250906_91x0",36,"Geneva",1,"09:02","01:28","next drive start",1,"07:34",0,"3 plays, 3 yards, 01:28 elapsed",FALSE
"20250906_91x0",47,"Widener",1,"07:34","03:11","score clock",1,"04:23",0,"7 plays, 21 yards, 03:11 elapsed",FALSE
"20250906_91x0",55,"Geneva",1,"04:23","00:39","next drive start",1,"03:44",0,"3 plays, 11 yards, 00:39 elapsed",FALSE
"20250906_91x0",61,"Widener",1,"03:44","00:07","score clock",1,"03:37",0,"1 plays, 70 yards, 00:07 elapsed",FALSE
"20250906_91x0",72,"Geneva",1,"03:30","02:31","next drive start",1,"00:59",0,"5 plays, 14 yards, 02:31 elapsed",FALSE
"20250906_91x0",85,"Widener",1,"00:59","01:24","score clock",2,"14:35",0,"6 plays, 16 yards, 01:24 elapsed",FALSE
"20250906_91x0",93,"Geneva",2,"14:35","01:48","next drive start",2,"12:47",0,"3 plays, 6 yards, 01:48 elapsed",FALSE
"20250906_91x0",102,"Widener",2,"12:47","01:57","next drive start",2,"10:50",0,"5 plays, 28 yards, 01:57 elapsed",FALSE
"20250906_91x0",108,"Geneva",2,"10:50","00:10","score clock",2,"10:40",0,"1 plays, 0 yards, 00:10 elapsed",FALSE
"20250906_91x0",128,"Geneva",2,"10:40","04:58","score clock",2,"05:42",0,"14 plays, 75 yards, 04:58 elapsed",FALSE
"20250906_91x0",136,"Widener",2,"05:41","01:35","next drive start",2,"04:06",0,"3 plays, 2 yards, 01:35 elapsed",FALSE
"20250906_91x0",145,"Geneva",2,"04:06","00:37","score clock",2,"03:29",0,"4 plays, 34 yards, 00:37 elapsed",FALSE
"20250906_91x0",157,"Widener",2,"03:21","02:03","score clock",2,"01:18",0,"6 plays, 57 yards, 02:03 elapsed",FALSE
"20250906_91x0",166,"Geneva",2,"01:03","00:46","next drive start",2,"00:17",0,"3 plays, 16 yards, 00:46 elapsed",FALSE
"20250906_91x0",171,"Widener",2,"00:17","00:17","end of half",2,"00:00",0,"1 plays, -1 yards, 00:17 elapsed",FALSE
"20250906_91x0",190,"Geneva",3,"14:55","03:10","score clock",3,"11:45",0,"9 plays, 70 yards, 03:10 elapsed",FALSE
"20250906_91x0",199,"Widener",3,"11:38","01:41","next drive start",3,"09:57",0,"3 plays, 8 yards, 01:41 elapsed",FALSE
"20250906_91x0",210,"Geneva",3,"09:57","02:22","next drive start",3,"07:35",0,"7 plays, 40 yards, 02:22 elapsed",FALSE
"20250906_91x0",220,"Widener",3,"07:35","02:20","next drive start",3,"05:15",0,"7 plays, 16 yards, 02:20 elapsed",FALSE
"20250906_91x0",227,"Geneva",3,"05:15","04:14","next drive start",3,"01:01",0,"4 plays, 5 yards, 04:14 elapsed",FALSE
"20250906_91x0",242,"Widener",3,"01:01","02:40","score clock",4,"13:21",0,"7 plays, 20 yards, 02:40 elapsed",FALSE
"20250906_91x0",253,"Geneva",4,"13:21","03:38","next drive start",4,"09:43",0,"7 plays, 26 yards, 03:38 elapsed",FALSE
"20250906_91x0",260,"Widener",4,"09:43","01:05","next drive start",4,"08:38",0,"3 plays, 0 yards, 01:05 elapsed",FALSE
"20250906_91x0",269,"Geneva",4,"08:38","03:01","next drive start",4,"05:37",0,"5 plays, 19 yards, 03:01 elapsed",FALSE
"20250906_91x0",276,"Widener",4,"05:37","01:33","next drive start",4,"04:04",0,"3 plays, 5 yards, 01:33 elapsed",FALSE
"20250906_91x0",283,"Geneva",4,"04:04","02:01","next drive start",4,"02:03",0,"3 plays, -14 yards, 02:01 elapsed",FALSE
"20250906_91x0",290,"Widener",4,"02:03","01:50","next drive start",4,"00:13",0,"4 plays, 9 yards, 01:50 elapsed",FALSE
"20250906_91x0",295,"Geneva",4,"00:13","00:13","end of half",4,"00:00",0,"1 plays, 3 yards, 00:13 elapsed",FALSE
"20250906_ao7f",15,"Concordia-Moorhead",1,"15:00","01:56","next drive start",1,"13:04",0,"3 plays, 2 yards, 1:56 elapsed",FALSE
"20250906_ao7f",22,"Mayville St.",1,"13:04","01:22","next drive start",1,"11:42",0,"3 plays, 6 yards, 1:22 elapsed",FALSE
"20250906_ao7f",29,"Concordia-Moorhead",1,"11:42","01:36","next drive start",1,"10:06",0,"3 plays, 4 yards, 1:36 elapsed",FALSE
"20250906_ao7f",36,"Mayville St.",1,"10:06","02:06","next drive start",1,"08:00",0,"3 plays, 7 yards, 2:06 elapsed",FALSE
"20250906_ao7f",43,"Concordia-Moorhead",1,"08:00","01:54","next drive start",1,"06:06",0,"4 plays, 18 yards, 1:54 elapsed",FALSE
"20250906_ao7f",50,"Mayville St.",1,"06:06","01:22","next drive start",1,"04:44",0,"3 plays, -2 yards, 1:22 elapsed",FALSE
"20250906_ao7f",69,"Concordia-Moorhead",1,"04:44","04:49","next drive start",2,"14:55",0,"11 plays, 47 yards, 4:49 elapsed",FALSE
"20250906_ao7f",87,"Mayville St.",2,"14:55","06:40","score clock",2,"08:15",0,"11 plays, 81 yards, 6:40 elapsed",FALSE
"20250906_ao7f",95,"Concordia-Moorhead",2,"08:07","00:51","next drive start",2,"07:16",0,"3 plays, 2 yards, 0:51 elapsed",FALSE
"20250906_ao7f",102,"Mayville St.",2,"07:16","01:57","next drive start",2,"05:19",0,"3 plays, 5 yards, 1:57 elapsed",FALSE
"20250906_ao7f",110,"Concordia-Moorhead",2,"05:19","02:21","next drive start",2,"02:58",0,"3 plays, 6 yards, 2:21 elapsed",FALSE
"20250906_ao7f",119,"Mayville St.",2,"02:58","01:50","next drive start",2,"01:08",0,"4 plays, 0 yards, 1:50 elapsed",FALSE
"20250906_ao7f",127,"Concordia-Moorhead",2,"01:08","01:04","next drive start",2,"00:04",0,"3 plays, 9 yards, 1:04 elapsed",FALSE
"20250906_ao7f",132,"Mayville St.",2,"00:04","00:04","end of half",2,"00:00",0,"1 plays, 0 yards, 0:04 elapsed",FALSE
"20250906_ao7f",150,"Mayville St.",3,"15:00","03:33","next drive start",3,"11:21",6,"6 plays, 11 yards, 3:33 elapsed",TRUE
"20250906_ao7f",164,"Concordia-Moorhead",3,"11:21","03:33","score clock",3,"07:48",0,"8 plays, 62 yards, 3:33 elapsed",FALSE
"20250906_ao7f",181,"Mayville St.",3,"07:48","05:28","score clock",3,"02:20",0,"10 plays, 61 yards, 5:28 elapsed",FALSE
"20250906_ao7f",198,"Concordia-Moorhead",3,"02:16","02:19","score clock",4,"14:57",0,"7 plays, 63 yards, 2:19 elapsed",FALSE
"20250906_ao7f",206,"Mayville St.",4,"14:35","01:33","next drive start",4,"13:02",0,"3 plays, 19 yards, 1:33 elapsed",FALSE
"20250906_ao7f",227,"Concordia-Moorhead",4,"13:02","08:40","score clock",4,"04:22",0,"14 plays, 53 yards, 8:40 elapsed",FALSE
"20250906_ao7f",239,"Mayville St.",4,"04:15","02:17","next drive start",4,"01:58",0,"8 plays, 21 yards, 2:17 elapsed",FALSE
"20250906_ao7f",250,"Concordia-Moorhead",4,"01:58","01:58","end of half",4,"00:00",0,"5 plays, 14 yards, 1:58 elapsed",FALSE
"20250906_c11m",12,"Western New England",1,"14:54","01:27","next drive start",1,"13:27",0,"3 plays, 7 yards, 01:27 elapsed",FALSE
"20250906_c11m",19,"Springfield",1,"13:27","02:02","next drive start",1,"11:25",0,"3 plays, 4 yards, 02:02 elapsed",FALSE
"20250906_c11m",26,"Western New England",1,"11:25","01:41","next drive start",1,"09:44",0,"3 plays, 6 yards, 01:41 elapsed",FALSE
"20250906_c11m",33,"Springfield",1,"09:44","02:07","next drive start",1,"07:37",0,"3 plays, 7 yards, 02:07 elapsed",FALSE
"20250906_c11m",49,"Western New England",1,"07:37","05:08","score clock",1,"02:29",0,"10 plays, 49 yards, 05:08 elapsed",FALSE
"20250906_c11m",57,"Springfield",1,"02:14","02:02","next drive start",1,"00:12",0,"3 plays, 6 yards, 02:02 elapsed",FALSE
"20250906_c11m",68,"Western New England",1,"00:12","01:58","next drive start",2,"13:14",0,"3 plays, -3 yards, 01:58 elapsed",FALSE
"20250906_c11m",81,"Springfield",2,"13:14","04:31","score clock",2,"08:43",0,"8 plays, 34 yards, 04:31 elapsed",FALSE
"20250906_c11m",99,"Western New England",2,"08:43","05:17","score clock",2,"03:26",0,"11 plays, 75 yards, 05:17 elapsed",FALSE
"20250906_c11m",111,"Springfield",2,"03:18","02:37","score clock",2,"00:41",0,"6 plays, 48 yards, 02:37 elapsed",FALSE
"20250906_c11m",122,"Western New England",2,"00:41","00:25","next drive start",2,"00:16",0,"3 plays, 4 yards, 00:25 elapsed",FALSE
"20250906_c11m",128,"Springfield",2,"00:16","00:14","next drive start",2,"00:02",0,"2 plays, 7 yards, 00:14 elapsed",FALSE
"20250906_c11m",133,"Western New England",2,"00:02","00:02","end of half",2,"00:00",0,"1 plays, 0 yards, 00:02 elapsed",FALSE
"20250906_c11m",156,"Springfield",3,"14:54","08:03","next drive start",3,"06:51",0,"15 plays, 54 yards, 08:03 elapsed",FALSE
"20250906_c11m",166,"Western New England",3,"06:51","03:10","score clock",3,"03:41",0,"5 plays, 80 yards, 03:10 elapsed",FALSE
"20250906_c11m",183,"Springfield",3,"03:33","04:46","next drive start",4,"13:47",0,"8 plays, 16 yards, 04:46 elapsed",FALSE
"20250906_c11m",190,"Western New England",4,"13:47","01:12","next drive start",4,"12:35",0,"3 plays, 4 yards, 01:12 elapsed",FALSE
"20250906_c11m",205,"Springfield",4,"12:35","06:11","next drive start",4,"06:24",0,"10 plays, 29 yards, 06:11 elapsed",FALSE
"20250906_c11m",212,"Western New England",4,"06:24","01:41","next drive start",4,"04:43",0,"3 plays, 0 yards, 01:41 elapsed",FALSE
"20250906_c11m",222,"Springfield",4,"04:43","02:17","score clock",4,"02:26",0,"4 plays, 54 yards, 02:17 elapsed",FALSE
"20250906_c11m",249,"Western New England",4,"02:26","02:21","score clock",4,"00:05",0,"16 plays, 65 yards, 02:21 elapsed",FALSE
"20250906_d0ep",11,"Franklin",1,"14:55","00:14","score clock",1,"14:41",0,"1 plays, 84 yards, 00:14 elapsed",FALSE
"20250906_d0ep",21,"Ohio Northern",1,"14:33","01:33","next drive start",1,"13:00",0,"6 plays, 18 yards, 01:33 elapsed",FALSE
"20250906_d0ep",32,"Franklin",1,"13:00","03:27","next drive start",1,"09:33",0,"5 plays, -3 yards, 03:27 elapsed",FALSE
"20250906_d0ep",39,"Ohio Northern",1,"09:33","01:27","next drive start",1,"08:06",0,"3 plays, 6 yards, 01:27 elapsed",FALSE
"20250906_d0ep",54,"Franklin",1,"08:06","04:27","score clock",1,"03:39",0,"10 plays, 94 yards, 04:27 elapsed",FALSE
"20250906_d0ep",71,"Ohio Northern",1,"03:33","02:58","score clock",1,"00:35",0,"10 plays, 36 yards, 02:58 elapsed",FALSE
"20250906_d0ep",93,"Franklin",1,"00:30","05:44","score clock",2,"09:46",0,"12 plays, 79 yards, 05:44 elapsed",FALSE
"20250906_d0ep",101,"Ohio Northern",2,"09:38","00:27","next drive start",2,"09:11",0,"3 plays, 0 yards, 00:27 elapsed",FALSE
"20250906_d0ep",111,"Franklin",2,"09:11","02:47","next drive start",2,"06:24",0,"6 plays, 12 yards, 02:47 elapsed",FALSE
"20250906_d0ep",123,"Ohio Northern",2,"06:24","02:14","next drive start",2,"04:10",0,"7 plays, 39 yards, 02:14 elapsed",FALSE
"20250906_d0ep",133,"Franklin",2,"04:10","02:26","next drive start",2,"01:44",0,"4 plays, 20 yards, 02:26 elapsed",FALSE
"20250906_d0ep",147,"Ohio Northern",2,"01:44","01:23","next drive start",2,"00:21",0,"10 plays, 70 yards, 01:23 elapsed",FALSE
"20250906_d0ep",152,"Franklin",2,"00:21","00:21","end of half",2,"00:00",0,"1 plays, 0 yards, 00:21 elapsed",FALSE
"20250906_d0ep",166,"Ohio Northern",3,"14:52","02:20","next drive start",3,"12:32",0,"6 plays, 44 yards, 02:20 elapsed",FALSE
"20250906_d0ep",178,"Franklin",3,"12:32","03:33","next drive start",3,"08:59",0,"9 plays, 65 yards, 03:33 elapsed",FALSE
"20250906_d0ep",201,"Ohio Northern",3,"08:59","04:43","score clock",3,"04:16",0,"17 plays, 77 yards, 04:43 elapsed",FALSE
"20250906_d0ep",209,"Franklin",3,"04:16","00:54","score clock",3,"03:22",0,"2 plays, 75 yards, 00:54 elapsed",FALSE
"20250906_d0ep",219,"Ohio Northern",3,"03:11","01:27","score clock",3,"01:44",0,"4 plays, 65 yards, 01:27 elapsed",FALSE
"20250906_d0ep",234,"Franklin",3,"01:38","03:39","next drive start",4,"12:59",0,"7 plays, 29 yards, 03:39 elapsed",FALSE
"20250906_d0ep",247,"Ohio Northern",4,"12:59","03:12","score clock",4,"09:47",0,"8 plays, 78 yards, 03:12 elapsed",FALSE
"20250906_d0ep",265,"Franklin",4,"09:47","06:31","next drive start",4,"03:16",0,"11 plays, 51 yards, 06:31 elapsed",FALSE
"20250906_d0ep",278,"Ohio Northern",4,"03:16","01:50","next drive start",4,"01:26",0,"8 plays, 26 yards, 01:50 elapsed",FALSE
"20250906_d0ep",285,"Franklin",4,"01:26","00:00","end of half",4,"00:00",86,"3 plays, -6 yards, 00:00 elapsed",TRUE
"20250906_d1ph",15,"Hamline",1,"14:55","03:31","next drive start",1,"11:24",0,"6 plays, 17 yards, 03:31 elapsed",FALSE
"20250906_d1ph",25,"Crown",1,"11:24","03:56","next drive start",1,"07:28",0,"6 plays, 12 yards, 03:56 elapsed",FALSE
"20250906_d1ph",29,"Hamline",1,"07:28","00:14","next drive start",1,"07:14",0,"1 plays, 0 yards, 00:14 elapsed",FALSE
"20250906_d1ph",37,"Crown",1,"07:14","00:52","score clock",1,"06:22",0,"4 plays, 2 yards, 00:52 elapsed",FALSE
"20250906_d1ph",52,"Hamline",1,"06:14","02:24","score clock",1,"03:50",0,"7 plays, 64 yards, 02:24 elapsed",FALSE
"20250906_d1ph",60,"Crown",1,"03:50","02:12","next drive start",1,"01:38",0,"3 plays, 9 yards, 02:12 elapsed",FALSE
"20250906_d1ph",70,"Hamline",1,"01:38","01:46","next drive start",2,"14:52",0,"3 plays, 4 yards, 01:46 elapsed",FALSE
"20250906_d1ph",79,"Crown",2,"14:52","01:50","score clock",2,"13:02",0,"4 plays, 70 yards, 01:50 elapsed",FALSE
"20250906_d1ph",87,"Hamline",2,"12:55","00:12","score clock",2,"12:43",0,"1 plays, 48 yards, 00:12 elapsed",FALSE
"20250906_d1ph",100,"Crown",2,"12:35","02:57","score clock",2,"09:38",0,"4 plays, 57 yards, 02:57 elapsed",FALSE
"20250906_d1ph",110,"Hamline",2,"09:31","02:16","next drive start",2,"07:15",0,"4 plays, 17 yards, 02:16 elapsed",FALSE
"20250906_d1ph",127,"Crown",2,"07:15","06:28","next drive start",2,"00:47",0,"11 plays, 45 yards, 06:28 elapsed",FALSE
"20250906_d1ph",140,"Hamline",2,"00:47","00:40","score clock",2,"00:07",0,"6 plays, 80 yards, 00:40 elapsed",FALSE
"20250906_d1ph",147,"Crown",2,"00:01","00:01","end of half",2,"00:00",0,"1 plays, 0 yards, 00:01 elapsed",FALSE
"20250906_d1ph",161,"Crown",3,"14:36","01:26","next drive start",3,"13:10",0,"4 plays, 15 yards, 01:26 elapsed",FALSE
"20250906_d1ph",169,"Hamline",3,"13:10","02:05","next drive start",3,"11:05",0,"3 plays, 5 yards, 02:05 elapsed",FALSE
"20250906_d1ph",174,"Crown",3,"11:05","00:51","next drive start",3,"10:14",0,"2 plays, 14 yards, 00:51 elapsed",FALSE
"20250906_d1ph",187,"Hamline",3,"10:14","03:46","score clock",3,"06:28",0,"8 plays, 48 yards, 03:46 elapsed",FALSE
"20250906_d1ph",205,"Crown",3,"06:21","06:35","next drive start",4,"14:46",0,"10 plays, 35 yards, 06:35 elapsed",FALSE
"20250906_d1ph",212,"Hamline",4,"14:46","01:00","next drive start",4,"13:46",0,"3 plays, -3 yards, 01:00 elapsed",FALSE
"20250906_d1ph",217,"Hamline",4,"13:46","00:10","next drive start",4,"13:36",0,"2 plays, 8 yards, 00:10 elapsed",FALSE
"20250906_d1ph",227,"Crown",4,"13:36","04:02","next drive start",4,"09:34",0,"7 plays, 25 yards, 04:02 elapsed",FALSE
"20250906_d1ph",236,"Hamline",4,"09:34","03:02","next drive start",4,"06:32",0,"5 plays, 28 yards, 03:02 elapsed",FALSE
"20250906_d1ph",243,"Crown",4,"06:32","01:18","next drive start",4,"05:14",0,"3 plays, 23 yards, 01:18 elapsed",FALSE
"20250906_d1ph",251,"Hamline",4,"05:14","01:48","next drive start",4,"03:26",0,"4 plays, 6 yards, 01:48 elapsed",FALSE
"20250906_d1ph",259,"Crown",4,"03:26","00:59","next drive start",4,"02:27",0,"4 plays, 1 yards, 00:59 elapsed",FALSE
"20250906_d1ph",263,"Hamline",4,"02:27","00:08","next drive start",4,"02:19",0,"1 plays, 3 yards, 00:08 elapsed",FALSE
"20250906_d1ph",279,"Crown",4,"02:19","02:19","score clock",4,"00:00",0,"10 plays, 81 yards, 02:19 elapsed",FALSE
"20250906_dcg5",13,"Dakota St.",1,"14:51","01:25","next drive start",1,"13:26",0,"3 plays, 5 yards, 01:25 elapsed",FALSE
"20250906_dcg5",22,"Nebraska Wesleyan",1,"13:26","02:55","next drive start",1,"10:31",0,"5 plays, 14 yards, 02:55 elapsed",FALSE
"20250906_dcg5",35,"Dakota St.",1,"10:31","05:00","next drive start",1,"05:31",0,"8 plays, 28 yards, 05:00 elapsed",FALSE
"20250906_dcg5",42,"Nebraska Wesleyan",1,"05:31","00:56","next drive start",1,"04:35",0,"3 plays, 1 yards, 00:56 elapsed",FALSE
"20250906_dcg5",58,"Dakota St.",1,"04:35","04:35","score clock",1,"00:00",0,"8 plays, 38 yards, 04:35 elapsed",FALSE
"20250906_dcg5",67,"Nebraska Wesleyan",2,"15:00","02:35","score clock",2,"12:25",0,"5 plays, 28 yards, 02:35 elapsed",FALSE
"20250906_dcg5",71,"Dakota St.",2,"12:25","00:00","next drive start",2,"12:25",0,"0 plays, 0 yards, 00:00 elapsed",FALSE
"20250906_dcg5",82,"Nebraska Wesleyan",2,"12:25","03:24","next drive start",2,"09:01",0,"5 plays, 16 yards, 03:24 elapsed",FALSE
"20250906_dcg5",90,"Dakota St.",2,"09:01","01:04","score clock",2,"07:57",0,"3 plays, 74 yards, 01:04 elapsed",FALSE
"20250906_dcg5",100,"Nebraska Wesleyan",2,"07:57","02:33","next drive start",2,"05:24",0,"5 plays, 12 yards, 02:33 elapsed",FALSE
"20250906_dcg5",107,"Dakota St.",2,"05:24","01:35","next drive start",2,"03:49",0,"3 plays, 6 yards, 01:35 elapsed",FALSE
"20250906_dcg5",114,"Nebraska Wesleyan",2,"03:49","01:45","next drive start",2,"02:04",0,"3 plays, 5 yards, 01:45 elapsed",FALSE
"20250906_dcg5",122,"Dakota St.",2,"02:04","00:56","next drive start",2,"01:08",0,"3 plays, -5 yards, 00:56 elapsed",FALSE
"20250906_dcg5",138,"Nebraska Wesleyan",2,"01:08","01:08","end of half",2,"00:00",0,"10 plays, 44 yards, 01:08 elapsed",FALSE
"20250906_dcg5",149,"Nebraska Wesleyan",3,"15:00","02:08","next drive start",3,"12:52",0,"3 plays, 2 yards, 02:08 elapsed",FALSE
"20250906_dcg5",164,"Dakota St.",3,"12:52","04:41","score clock",3,"08:11",0,"9 plays, 60 yards, 04:41 elapsed",FALSE
"20250906_dcg5",173,"Nebraska Wesleyan",3,"08:02","02:38","next drive start",3,"05:24",0,"4 plays, 22 yards, 02:38 elapsed",FALSE
"20250906_dcg5",183,"Dakota St.",3,"05:24","03:39","next drive start",3,"01:45",0,"6 plays, 18 yards, 03:39 elapsed",FALSE
"20250906_dcg5",195,"Nebraska Wesleyan",3,"01:45","03:17","next drive start",4,"13:28",0,"5 plays, 17 yards, 03:17 elapsed",FALSE
"20250906_dcg5",206,"Dakota St.",4,"13:28","04:53","score clock",4,"08:35",0,"8 plays, 45 yards, 04:53 elapsed",FALSE
"20250906_dcg5",214,"Nebraska Wesleyan",4,"08:35","02:18","next drive start",4,"06:17",0,"3 plays, 9 yards, 02:18 elapsed",FALSE
"20250906_dcg5",225,"Dakota St.",4,"06:17","02:50","score clock",4,"03:27",0,"5 plays, 79 yards, 02:50 elapsed",FALSE
"20250906_dcg5",242,"Nebraska Wesleyan",4,"03:20","03:20","score clock",4,"00:00",0,"9 plays, 81 yards, 03:20 elapsed",FALSE
"20250906_due6",12,"Lycoming",1,"14:55","00:55","next drive start",1,"14:00",0,"3 plays, 7 yards, 00:55 elapsed",FALSE
"20250906_due6",26,"TCNJ",1,"14:00","05:10","score clock",1,"08:50",0,"10 plays, 57 yards, 05:10 elapsed",FALSE
"20250906_due6",34,"Lycoming",1,"08:45","00:44","score clock",1,"08:01",0,"2 plays, 2 yards, 00:44 elapsed",FALSE
"20250906_due6",47,"Lycoming",1,"07:56","02:38","score clock",1,"05:18",0,"7 plays, 69 yards, 02:38 elapsed",FALSE
"20250906_due6",58,"TCNJ",1,"05:12","03:36","next drive start",1,"01:36",0,"7 plays, 7 yards, 03:36 elapsed",FALSE
"20250906_due6",65,"Lycoming",1,"01:36","01:30","next drive start",1,"00:06",0,"4 plays, 4 yards, 01:30 elapsed",FALSE
"20250906_due6",84,"TCNJ",1,"00:06","04:57","next drive start",2,"10:09",0,"11 plays, 73 yards, 04:57 elapsed",FALSE
"20250906_due6",90,"Lycoming",2,"10:09","00:47","score clock",2,"09:22",0,"2 plays, -1 yards, 00:47 elapsed",FALSE
"20250906_due6",103,"TCNJ",2,"09:15","02:44","score clock",2,"06:31",0,"6 plays, 32 yards, 02:44 elapsed",FALSE
"20250906_due6",117,"Lycoming",2,"06:19","03:00","score clock",2,"03:19",0,"8 plays, 35 yards, 03:00 elapsed",FALSE
"20250906_due6",139,"TCNJ",2,"03:19","03:19","score clock",2,"00:00",0,"11 plays, 52 yards, 03:19 elapsed",FALSE
"20250906_due6",156,"TCNJ",3,"14:55","04:31","next drive start",3,"10:24",0,"8 plays, 41 yards, 04:31 elapsed",FALSE
"20250906_due6",163,"Lycoming",3,"10:24","02:19","next drive start",3,"08:05",0,"3 plays, 8 yards, 02:19 elapsed",FALSE
"20250906_due6",170,"TCNJ",3,"08:05","01:40","next drive start",3,"06:25",0,"3 plays, 2 yards, 01:40 elapsed",FALSE
"20250906_due6",185,"Lycoming",3,"06:25","03:57","score clock",3,"02:28",0,"9 plays, 55 yards, 03:57 elapsed",FALSE
"20250906_due6",201,"TCNJ",3,"02:17","04:48","next drive start",4,"12:29",0,"8 plays, 43 yards, 04:48 elapsed",FALSE
"20250906_due6",208,"Lycoming",4,"12:29","00:52","next drive start",4,"11:37",0,"3 plays, 3 yards, 00:52 elapsed",FALSE
"20250906_due6",215,"TCNJ",4,"11:37","01:20","next drive start",4,"10:17",0,"3 plays, -7 yards, 01:20 elapsed",FALSE
"20250906_due6",222,"Lycoming",4,"10:17","00:55","next drive start",4,"09:22",0,"3 plays, 1 yards, 00:55 elapsed",FALSE
"20250906_due6",230,"TCNJ",4,"09:22","01:45","next drive start",4,"07:37",0,"3 plays, 9 yards, 01:45 elapsed",FALSE
"20250906_due6",240,"Lycoming",4,"07:37","02:29","score clock",4,"05:08",0,"6 plays, 13 yards, 02:29 elapsed",FALSE
"20250906_due6",254,"TCNJ",4,"05:08","03:04","score clock",4,"02:04",0,"6 plays, 65 yards, 03:04 elapsed",FALSE
"20250906_due6",264,"Lycoming",4,"01:59","00:48","next drive start",4,"01:11",0,"5 plays, 10 yards, 00:48 elapsed",FALSE
"20250906_due6",276,"TCNJ",4,"01:11","01:11","end of half",4,"00:00",0,"5 plays, 11 yards, 01:11 elapsed",FALSE
"20250906_e064",13,"Chicago",1,"15:00","02:01","next drive start",1,"12:59",0,"3 plays, 5 yards, 02:01 elapsed",FALSE
"20250906_e064",25,"Carnegie Mellon",1,"12:59","02:49","score clock",1,"10:10",0,"7 plays, 58 yards, 02:49 elapsed",FALSE
"20250906_e064",34,"Chicago",1,"10:10","02:24","next drive start",1,"07:46",0,"3 plays, 1 yards, 02:24 elapsed",FALSE
"20250906_e064",41,"Carnegie Mellon",1,"07:46","01:42","next drive start",1,"06:04",0,"3 plays, 2 yards, 01:42 elapsed",FALSE
"20250906_e064",49,"Chicago",1,"06:04","01:41","next drive start",1,"04:23",0,"3 plays, -2 yards, 01:41 elapsed",FALSE
"20250906_e064",71,"Carnegie Mellon",1,"04:23","04:32","score clock",2,"14:51",0,"11 plays, 45 yards, 04:32 elapsed",FALSE
"20250906_e064",83,"Chicago",2,"14:51","03:59","next drive start",2,"10:52",0,"6 plays, 21 yards, 03:59 elapsed",FALSE
"20250906_e064",94,"Carnegie Mellon",2,"10:52","02:43","score clock",2,"08:09",0,"6 plays, 72 yards, 02:43 elapsed",FALSE
"20250906_e064",102,"Chicago",2,"08:09","01:40","next drive start",2,"06:29",0,"3 plays, 1 yards, 01:40 elapsed",FALSE
"20250906_e064",108,"Carnegie Mellon",2,"06:29","00:46","next drive start",2,"05:43",0,"3 plays, 9 yards, 00:46 elapsed",FALSE
"20250906_e064",115,"Chicago",2,"05:43","00:29","next drive start",2,"05:14",0,"3 plays, -5 yards, 00:29 elapsed",FALSE
"20250906_e064",126,"Carnegie Mellon",2,"05:14","03:20","next drive start",2,"01:54",0,"7 plays, 28 yards, 03:20 elapsed",FALSE
"20250906_e064",136,"Chicago",2,"01:54","00:28","next drive start",2,"01:26",0,"3 plays, 9 yards, 00:28 elapsed",FALSE
"20250906_e064",152,"Carnegie Mellon",2,"01:26","01:26","end of half",2,"00:00",0,"9 plays, 32 yards, 01:26 elapsed",FALSE
"20250906_e064",168,"Carnegie Mellon",3,"14:53","04:03","next drive start",3,"10:50",0,"8 plays, 31 yards, 04:03 elapsed",FALSE
"20250906_e064",180,"Chicago",3,"10:50","04:11","next drive start",3,"06:39",0,"6 plays, 8 yards, 04:11 elapsed",FALSE
"20250906_e064",201,"Carnegie Mellon",3,"06:39","07:45","next drive start",4,"13:54",0,"14 plays, 65 yards, 07:45 elapsed",FALSE
"20250906_e064",209,"Chicago",4,"13:54","01:11","next drive start",4,"12:43",0,"3 plays, 16 yards, 01:11 elapsed",FALSE
"20250906_e064",220,"Carnegie Mellon",4,"12:43","04:43","next drive start",4,"08:00",0,"5 plays, 16 yards, 04:43 elapsed",FALSE
"20250906_e064",229,"Chicago",4,"08:00","02:27","next drive start",4,"05:33",0,"5 plays, 9 yards, 02:27 elapsed",FALSE
"20250906_e064",237,"Carnegie Mellon",4,"05:33","01:23","score clock",4,"04:10",0,"4 plays, 2 yards, 01:23 elapsed",FALSE
"20250906_e064",245,"Chicago",4,"04:05","02:10","next drive start",4,"01:55",0,"3 plays, -2 yards, 02:10 elapsed",FALSE
"20250906_e064",255,"Carnegie Mellon",4,"01:55","01:55","end of half",4,"00:00",0,"4 plays, 31 yards, 01:55 elapsed",FALSE
"20250906_eq8n",14,"Virginia-Lynchburg",1,"14:54","01:40","score clock",1,"13:14",0,"3 plays, -14 yards, 01:40 elapsed",FALSE
"20250906_eq8n",19,"Virginia-Lynchburg",1,"13:08","00:00","next drive start",1,,,"0 plays, 0 yards, 00:00 elapsed",TRUE
"20250906_eq8n",27,"Virginia-Lynchburg",1,,"00:00","score clock",1,"12:32",,"2 plays, 53 yards, 00:00 elapsed",TRUE
"20250906_eq8n",49,"Roanoke",1,"12:25","07:50","score clock",1,"04:35",0,"13 plays, 85 yards, 07:50 elapsed",FALSE
"20250906_eq8n",67,"Virginia-Lynchburg",1,"04:28","05:14","next drive start",2,"14:14",0,"9 plays, 32 yards, 05:14 elapsed",FALSE
"20250906_eq8n",75,"Roanoke",2,"14:14","00:55","next drive start",2,"13:19",0,"3 plays, -3 yards, 00:55 elapsed",FALSE
"20250906_eq8n",86,"Virginia-Lynchburg",2,"13:19","03:20","next drive start",2,"09:59",0,"6 plays, 26 yards, 03:20 elapsed",FALSE
"20250906_eq8n",105,"Roanoke",2,"09:59","05:45","score clock",2,"04:14",0,"11 plays, 84 yards, 05:45 elapsed",FALSE
"20250906_eq8n",114,"Virginia-Lynchburg",2,"04:07","01:27","next drive start",2,"02:40",0,"4 plays, 26 yards, 01:27 elapsed",FALSE
"20250906_eq8n",122,"Roanoke",2,"02:40","01:27","next drive start",2,"01:13",0,"3 plays, 3 yards, 01:27 elapsed",FALSE
"20250906_eq8n",131,"Virginia-Lynchburg",2,"01:13","00:55","next drive start",2,"00:18",0,"4 plays, 2 yards, 00:55 elapsed",FALSE
"20250906_eq8n",136,"Roanoke",2,"00:18","00:18","end of half",2,"00:00",0,"1 plays, 1 yards, 00:18 elapsed",FALSE
"20250906_eq8n",149,"Roanoke",3,"14:53","01:21","next drive start",3,"13:32",0,"3 plays, 6 yards, 01:21 elapsed",FALSE
"20250906_eq8n",156,"Virginia-Lynchburg",3,"13:32","02:18","next drive start",3,"11:14",0,"3 plays, -3 yards, 02:18 elapsed",FALSE
"20250906_eq8n",164,"Roanoke",3,"11:14","01:57","next drive start",3,"09:17",0,"5 plays, 22 yards, 01:57 elapsed",FALSE
"20250906_eq8n",174,"Virginia-Lynchburg",3,"09:17","02:10","score clock",3,"07:07",0,"6 plays, 14 yards, 02:10 elapsed",FALSE
"20250906_eq8n",180,"Roanoke",3,"06:58","00:13","next drive start",3,"06:45",0,"1 plays, 0 yards, 00:13 elapsed",FALSE
"20250906_eq8n",189,"Virginia-Lynchburg",3,"06:45","01:48","next drive start",3,"04:57",0,"3 plays, 13 yards, 01:48 elapsed",FALSE
"20250906_eq8n",198,"Roanoke",3,"04:57","02:30","next drive start",3,"02:27",0,"5 plays, 71 yards, 02:30 elapsed",FALSE
"20250906_eq8n",208,"Virginia-Lynchburg",3,"02:27","02:03","next drive start",3,"00:24",0,"4 plays, -12 yards, 02:03 elapsed",FALSE
"20250906_eq8n",219,"Roanoke",3,"00:24","00:39","next drive start",4,"14:45",0,"3 plays, 19 yards, 00:39 elapsed",FALSE
"20250906_eq8n",228,"Virginia-Lynchburg",4,"14:45","01:31","next drive start",4,"13:14",0,"4 plays, 24 yards, 01:31 elapsed",FALSE
"20250906_eq8n",242,"Roanoke",4,"13:14","05:12","next drive start",4,"08:02",0,"10 plays, 63 yards, 05:12 elapsed",FALSE
"20250906_eq8n",249,"Virginia-Lynchburg",4,"08:02","00:54","next drive start",4,"07:08",0,"3 plays, 8 yards, 00:54 elapsed",FALSE
"20250906_eq8n",259,"Roanoke",4,"07:08","03:31","next drive start",4,"03:37",0,"6 plays, 32 yards, 03:31 elapsed",FALSE
"20250906_eq8n",268,"Virginia-Lynchburg",4,"03:37","01:35","next drive start",4,"02:02",0,"6 plays, 1 yards, 01:35 elapsed",FALSE
"20250906_eq8n",278,"Roanoke",4,"02:02","02:02","end of half",4,"00:00",0,"4 plays, 21 yards, 02:02 elapsed",FALSE
"20250906_ex14",13,"Eureka",1,"14:51","02:02","next drive start",1,"12:49",0,"4 plays, 6 yards, 02:02 elapsed",FALSE
"20250906_ex14",30,"Knox",1,"12:49","06:43","score clock",1,"06:06",0,"11 plays, 39 yards, 06:43 elapsed",FALSE
"20250906_ex14",40,"Eureka",1,"06:00","01:59","next drive start",1,"04:01",0,"3 plays, 1 yards, 01:59 elapsed",FALSE
"20250906_ex14",50,"Knox",1,"04:01","04:01","next drive start",2,"15:00",0,"5 plays, 22 yards, 04:01 elapsed",FALSE
"20250906_ex14",60,"Eureka",2,"15:00","01:06","next drive start",2,"13:54",0,"3 plays, 1 yards, 01:06 elapsed",FALSE
"20250906_ex14",67,"Knox",2,"13:54","01:40","next drive start",2,"12:14",0,"3 plays, 3 yards, 01:40 elapsed",FALSE
"20250906_ex14",75,"Eureka",2,"12:14","01:04","next drive start",2,"11:10",0,"3 plays, -3 yards, 01:04 elapsed",FALSE
"20250906_ex14",84,"Knox",2,"11:10","02:40","next drive start",2,"08:30",0,"6 plays, 21 yards, 02:40 elapsed",FALSE
"20250906_ex14",90,"Eureka",2,"08:30","01:24","next drive start",2,"07:06",0,"3 plays, 2 yards, 01:24 elapsed",FALSE
"20250906_ex14",98,"Knox",2,"07:06","01:31","score clock",2,"05:35",0,"3 plays, 41 yards, 01:31 elapsed",FALSE
"20250906_ex14",116,"Eureka",2,"05:30","04:35","next drive start",2,"00:55",0,"11 plays, 61 yards, 04:35 elapsed",FALSE
"20250906_ex14",131,"Knox",2,"00:55","00:06","end of half",2,"00:00",49,"7 plays, 54 yards, 00:06 elapsed",TRUE
"20250906_ex14",151,"Knox",3,"14:54","05:54","next drive start",3,"09:00",0,"9 plays, 42 yards, 05:54 elapsed",FALSE
"20250906_ex14",166,"Eureka",3,"09:00","04:21","score clock",3,"04:39",0,"9 plays, 80 yards, 04:21 elapsed",FALSE
"20250906_ex14",174,"Knox",3,"04:33","02:08","next drive start",3,"02:25",0,"3 plays, 8 yards, 02:08 elapsed",FALSE
"20250906_ex14",192,"Eureka",3,"02:25","03:45","next drive start",4,"13:40",0,"10 plays, 31 yards, 03:45 elapsed",FALSE
"20250906_ex14",203,"Knox",4,"13:40","04:15","next drive start",4,"09:25",0,"7 plays, 28 yards, 04:15 elapsed",FALSE
"20250906_ex14",210,"Eureka",4,"09:25","01:17","next drive start",4,"08:08",0,"3 plays, 6 yards, 01:17 elapsed",FALSE
"20250906_ex14",217,"Knox",4,"08:08","02:15","next drive start",4,"05:53",0,"4 plays, 4 yards, 02:15 elapsed",FALSE
"20250906_ex14",233,"Eureka",4,"05:53","03:59","score clock",4,"01:54",0,"10 plays, 76 yards, 03:59 elapsed",FALSE
"20250906_ex14",242,"Knox",4,"01:48","00:43","next drive start",4,"01:05",0,"3 plays, 41 yards, 00:43 elapsed",FALSE
"20250906_ex14",251,"Eureka",4,"01:05","01:05","end of half",4,"00:00",0,"3 plays, 33 yards, 01:05 elapsed",FALSE
"20250906_f4wr",16,"Carleton",1,"14:58","03:26","next drive start",1,"11:32",0,"7 plays, 36 yards, 03:26 elapsed",FALSE
"20250906_f4wr",31,"UW-Whitewater",1,"11:32","04:18","score clock",1,"07:14",0,"10 plays, 81 yards, 04:18 elapsed",FALSE
"20250906_f4wr",39,"Carleton",1,"07:10","01:39","next drive start",1,"05:31",0,"3 plays, 5 yards, 01:39 elapsed",FALSE
"20250906_f4wr",63,"UW-Whitewater",1,"05:31","07:16","score clock",2,"13:15",0,"14 plays, 72 yards, 07:16 elapsed",FALSE
"20250906_f4wr",71,"Carleton",2,"13:11","01:32","next drive start",2,"11:39",0,"3 plays, 7 yards, 01:32 elapsed",FALSE
"20250906_f4wr",78,"UW-Whitewater",2,"11:39","02:00","next drive start",2,"09:39",0,"3 plays, 8 yards, 02:00 elapsed",FALSE
"20250906_f4wr",89,"Carleton",2,"09:39","02:55","score clock",2,"06:44",0,"6 plays, 66 yards, 02:55 elapsed",FALSE
"20250906_f4wr",100,"Carleton",2,"06:32","00:46","next drive start",2,"05:46",0,"3 plays, 2 yards, 00:46 elapsed",FALSE
"20250906_f4wr",121,"UW-Whitewater",2,"05:46","05:19","score clock",2,"00:27",0,"15 plays, 65 yards, 05:19 elapsed",FALSE
"20250906_f4wr",127,"Carleton",2,"00:27","00:27","end of half",2,"00:00",0,"1 plays, 7 yards, 00:27 elapsed",FALSE
"20250906_f4wr",139,"UW-Whitewater",3,"14:54","02:00","next drive start",3,"12:54",0,"3 plays, -6 yards, 02:00 elapsed",FALSE
"20250906_f4wr",148,"Carleton",3,"12:54","01:41","next drive start",3,"11:13",0,"5 plays, 57 yards, 01:41 elapsed",FALSE
"20250906_f4wr",158,"UW-Whitewater",3,"11:13","03:42","next drive start",3,"07:31",0,"6 plays, 32 yards, 03:42 elapsed",FALSE
"20250906_f4wr",170,"Carleton",3,"07:31","02:53","next drive start",3,"04:38",0,"6 plays, 34 yards, 02:53 elapsed",FALSE
"20250906_f4wr",176,"UW-Whitewater",3,"04:38","00:11","score clock",3,"04:27",0,"1 plays, 75 yards, 00:11 elapsed",FALSE
"20250906_f4wr",184,"Carleton",3,"04:22","01:30","next drive start",3,"02:52",0,"3 plays, -7 yards, 01:30 elapsed",FALSE
"20250906_f4wr",192,"UW-Whitewater",3,"02:52","01:19","score clock",3,"01:33",0,"3 plays, 65 yards, 01:19 elapsed",FALSE
"20250906_f4wr",212,"Carleton",3,"01:33","04:16","next drive start",4,"12:17",0,"12 plays, 41 yards, 04:16 elapsed",FALSE
"20250906_f4wr",219,"UW-Whitewater",4,"12:17","00:44","score clock",4,"11:33",0,"2 plays, 66 yards, 00:44 elapsed",FALSE
"20250906_f4wr",241,"Carleton",4,"11:25","08:19","score clock",4,"03:06",0,"16 plays, 66 yards, 08:19 elapsed",FALSE
"20250906_f4wr",253,"UW-Whitewater",4,"03:06","03:06","end of half",4,"00:00",0,"6 plays, 52 yards, 03:06 elapsed",FALSE
"20250906_fm5a",17,"New England College",1,"14:53","04:14","score clock",1,"10:39",0,"7 plays, 62 yards, 04:14 elapsed",FALSE
"20250906_fm5a",31,"Plymouth State",1,"10:31","04:10","score clock",1,"06:21",0,"7 plays, 55 yards, 04:10 elapsed",FALSE
"20250906_fm5a",39,"New England College",1,"06:21","00:13","score clock",1,"06:08",0,"1 plays, 65 yards, 00:13 elapsed",FALSE
"20250906_fm5a",49,"Plymouth State",1,"05:59","02:34","score clock",1,"03:25",0,"4 plays, 57 yards, 02:34 elapsed",FALSE
"20250906_fm5a",57,"New England College",1,"03:17","01:43","next drive start",1,"01:34",0,"3 plays, -9 yards, 01:43 elapsed",FALSE
"20250906_fm5a",64,"Plymouth State",1,"01:34","00:58","score clock",1,"00:36",0,"2 plays, 52 yards, 00:58 elapsed",FALSE
"20250906_fm5a",76,"New England College",1,"00:28","00:49","next drive start",2,"14:39",0,"3 plays, -1 yards, 00:49 elapsed",FALSE
"20250906_fm5a",89,"Plymouth State",2,"14:39","04:56","score clock",2,"09:43",0,"8 plays, 49 yards, 04:56 elapsed",FALSE
"20250906_fm5a",104,"New England College",2,"09:35","04:45","next drive start",2,"04:50",0,"9 plays, 31 yards, 04:45 elapsed",FALSE
"20250906_fm5a",116,"Plymouth State",2,"04:50","03:45","next drive start",2,"01:05",0,"7 plays, 53 yards, 03:45 elapsed",FALSE
"20250906_fm5a",132,"New England College",2,"01:05","01:05","end of half",2,"00:00",0,"9 plays, 66 yards, 01:05 elapsed",FALSE
"20250906_fm5a",152,"Plymouth State",3,"14:53","05:31","score clock",3,"09:22",0,"8 plays, 55 yards, 05:31 elapsed",FALSE
"20250906_fm5a",164,"New England College",3,"09:15","04:24","next drive start",3,"04:51",0,"8 plays, 43 yards, 04:24 elapsed",FALSE
"20250906_fm5a",182,"Plymouth State",3,"04:51","06:28","score clock",4,"13:23",0,"9 plays, 68 yards, 06:28 elapsed",FALSE
"20250906_fm5a",199,"New England College",4,"13:17","03:55","score clock",4,"09:22",0,"7 plays, 55 yards, 03:55 elapsed",FALSE
"20250906_fm5a",215,"Plymouth State",4,"09:15","06:52","score clock",4,"02:23",0,"10 plays, 56 yards, 06:52 elapsed",FALSE
"20250906_fm5a",225,"New England College",4,"02:18","02:18","end of half",4,"00:00",0,"5 plays, 20 yards, 02:18 elapsed",FALSE
"20250906_fw2w",14,"Northwestern (Minn.)",1,"14:55","01:46","next drive start",1,"13:09",0,"3 plays, 14 yards, 01:46 elapsed",FALSE
"20250906_fw2w",26,"St. Olaf",1,"13:09","03:11","next drive start",1,"09:58",0,"8 plays, 26 yards, 03:11 elapsed",FALSE
"20250906_fw2w",32,"Northwestern (Minn.)",1,"09:58","00:04","score clock",1,"09:54",0,"1 plays, -9 yards, 00:04 elapsed",FALSE
"20250906_fw2w",40,"Northwestern (Minn.)",1,"09:54","01:46","next drive start",1,"08:08",0,"3 plays, 1 yards, 01:46 elapsed",FALSE
"20250906_fw2w",52,"St. Olaf",1,"08:08","04:35","next drive start",1,"03:33",0,"9 plays, 36 yards, 04:35 elapsed",FALSE
"20250906_fw2w",64,"Northwestern (Minn.)",1,"03:33","03:14","score clock",1,"00:19",0,"6 plays, 70 yards, 03:14 elapsed",FALSE
"20250906_fw2w",79,"St. Olaf",1,"00:12","03:21","next drive start",2,"11:51",0,"7 plays, 17 yards, 03:21 elapsed",FALSE
"20250906_fw2w",87,"Northwestern (Minn.)",2,"11:51","02:14","score clock",2,"09:37",0,"3 plays, 2 yards, 02:14 elapsed",FALSE
"20250906_fw2w",100,"St. Olaf",2,"09:26","03:43","next drive start",2,"05:43",0,"8 plays, 42 yards, 03:43 elapsed",FALSE
"20250906_fw2w",116,"Northwestern (Minn.)",2,"05:43","03:35","next drive start",2,"02:08",0,"8 plays, 15 yards, 03:35 elapsed",FALSE
"20250906_fw2w",134,"St. Olaf",2,"02:08","02:05","score clock",2,"00:03",0,"10 plays, 45 yards, 02:05 elapsed",FALSE
"20250906_fw2w",151,"St. Olaf",3,"15:00","01:00","score clock",3,"14:00",0,"3 plays, 6 yards, 01:00 elapsed",FALSE
"20250906_fw2w",159,"Northwestern (Minn.)",3,"14:00","01:02","next drive start",3,"12:58",0,"3 plays, 4 yards, 01:02 elapsed",FALSE
"20250906_fw2w",171,"St. Olaf",3,"12:58","03:29","score clock",3,"09:29",0,"7 plays, 39 yards, 03:29 elapsed",FALSE
"20250906_fw2w",183,"Northwestern (Minn.)",3,"09:29","03:48","next drive start",3,"05:41",0,"6 plays, 18 yards, 03:48 elapsed",FALSE
"20250906_fw2w",189,"St. Olaf",3,"05:41","01:13","next drive start",3,"04:28",0,"3 plays, 10 yards, 01:13 elapsed",FALSE
"20250906_fw2w",194,"Northwestern (Minn.)",3,"04:28","00:06","next drive start",3,"04:22",0,"2 plays, -6 yards, 00:06 elapsed",FALSE
"20250906_fw2w",201,"St. Olaf",3,"04:22","01:58","next drive start",3,"02:24",0,"3 plays, 5 yards, 01:58 elapsed",FALSE
"20250906_fw2w",208,"Northwestern (Minn.)",3,"02:24","01:00","next drive start",3,"01:24",0,"3 plays, 3 yards, 01:00 elapsed",FALSE
"20250906_fw2w",217,"St. Olaf",3,"01:24","01:38","next drive start",4,"14:46",0,"3 plays, 15 yards, 01:38 elapsed",FALSE
"20250906_fw2w",224,"Northwestern (Minn.)",4,"14:46","01:36","next drive start",4,"13:10",0,"4 plays, 9 yards, 01:36 elapsed",FALSE
"20250906_fw2w",240,"St. Olaf",4,"13:10","05:54","score clock",4,"07:16",0,"10 plays, 28 yards, 05:54 elapsed",FALSE
"20250906_fw2w",250,"Northwestern (Minn.)",4,"07:16","03:30","next drive start",4,"03:46",0,"6 plays, 11 yards, 03:30 elapsed",FALSE
"20250906_fw2w",258,"St. Olaf",4,"03:46","01:01","score clock",4,"02:45",0,"3 plays, 42 yards, 01:01 elapsed",FALSE
"20250906_fw2w",268,"Northwestern (Minn.)",4,"02:40","02:16","next drive start",4,"00:24",0,"3 plays, 1 yards, 02:16 elapsed",FALSE
"20250906_fw2w",273,"St. Olaf",4,"00:24","00:24","end of half",4,"00:00",0,"1 plays, 8 yards, 00:24 elapsed",FALSE
"20250906_glc4",20,"Dubuque",1,"15:00","03:23","score clock",1,"11:37",0,"10 plays, 75 yards, 03:23 elapsed",FALSE
"20250906_glc4",34,"UW-Stout",1,"11:29","02:56","next drive start",1,"08:33",0,"8 plays, 33 yards, 02:56 elapsed",FALSE
"20250906_glc4",41,"Dubuque",1,"08:33","00:38","next drive start",1,"07:55",0,"3 plays, 3 yards, 00:38 elapsed",FALSE
"20250906_glc4",52,"UW-Stout",1,"07:55","02:31","score clock",1,"05:24",0,"6 plays, 66 yards, 02:31 elapsed",FALSE
"20250906_glc4",65,"Dubuque",1,"05:19","02:47","next drive start",1,"02:32",0,"8 plays, 57 yards, 02:47 elapsed",FALSE
"20250906_glc4",73,"UW-Stout",1,"02:32","02:20","next drive start",1,"00:12",0,"4 plays, 27 yards, 02:20 elapsed",FALSE
"20250906_glc4",83,"Dubuque",1,"00:12","00:57","next drive start",2,"14:15",0,"3 plays, 0 yards, 00:57 elapsed",FALSE
"20250906_glc4",93,"UW-Stout",2,"14:15","02:14","score clock",2,"12:01",0,"4 plays, 27 yards, 02:14 elapsed",FALSE
"20250906_glc4",106,"Dubuque",2,"11:59","03:23","score clock",2,"08:36",0,"7 plays, 21 yards, 03:23 elapsed",FALSE
"20250906_glc4",117,"Dubuque",2,"08:36","01:13","score clock",2,"07:23",0,"3 plays, 50 yards, 01:13 elapsed",FALSE
"20250906_glc4",128,"Dubuque",2,"07:01","00:51","next drive start",2,"06:10",0,"3 plays, -1 yards, 00:51 elapsed",FALSE
"20250906_glc4",145,"UW-Stout",2,"06:10","04:31","next drive start",2,"01:39",0,"10 plays, 57 yards, 04:31 elapsed",FALSE
"20250906_glc4",160,"Dubuque",2,"01:39","01:15","score clock",2,"00:24",0,"8 plays, 75 yards, 01:15 elapsed",FALSE
"20250906_glc4",167,"UW-Stout",2,"00:21","00:21","end of half",2,"00:00",0,"1 plays, 2 yards, 00:21 elapsed",FALSE
"20250906_glc4",181,"UW-Stout",3,"14:53","02:14","next drive start",3,"12:39",0,"6 plays, 45 yards, 02:14 elapsed",FALSE
"20250906_glc4",186,"Dubuque",3,"12:39","00:14","next drive start",3,"12:25",0,"1 plays, 10 yards, 00:14 elapsed",FALSE
"20250906_glc4",194,"UW-Stout",3,"12:25","00:49","score clock",3,"11:36",0,"4 plays, 1 yards, 00:49 elapsed",FALSE
"20250906_glc4",202,"Dubuque",3,"11:36","00:58","next drive start",3,"10:38",0,"4 plays, 8 yards, 00:58 elapsed",FALSE
"20250906_glc4",207,"UW-Stout",3,"10:38","00:50","next drive start",3,"09:48",0,"2 plays, 9 yards, 00:50 elapsed",FALSE
"20250906_glc4",217,"Dubuque",3,"09:48","01:31","score clock",3,"08:17",0,"3 plays, 76 yards, 01:31 elapsed",FALSE
"20250906_glc4",224,"UW-Stout",3,"08:12","00:11","score clock",3,"08:01",0,"1 plays, 0 yards, 00:11 elapsed",FALSE
"20250906_glc4",238,"UW-Stout",3,"07:56","02:40","next drive start",3,"05:16",0,"9 plays, 48 yards, 02:40 elapsed",FALSE
"20250906_glc4",252,"Dubuque",3,"05:16","03:24","next drive start",3,"01:52",0,"8 plays, 39 yards, 03:24 elapsed",FALSE
"20250906_glc4",270,"UW-Stout",3,"01:52","03:44","score clock",4,"13:08",0,"8 plays, 76 yards, 03:44 elapsed",FALSE
"20250906_glc4",281,"Dubuque",4,"13:08","02:46","next drive start",4,"10:22",0,"5 plays, 18 yards, 02:46 elapsed",FALSE
"20250906_glc4",294,"UW-Stout",4,"10:22","05:15","next drive start",4,"05:07",0,"9 plays, 27 yards, 05:15 elapsed",FALSE
"20250906_glc4",300,"Dubuque",4,"05:07","00:57","next drive start",4,"04:10",0,"3 plays, 2 yards, 00:57 elapsed",FALSE
"20250906_glc4",309,"UW-Stout",4,"04:10","02:23","next drive start",4,"01:47",0,"3 plays, 3 yards, 02:23 elapsed",FALSE
"20250906_glc4",317,"Dubuque",4,"01:47","00:19","next drive start",4,"01:28",0,"4 plays, 3 yards, 00:19 elapsed",FALSE
"20250906_glc4",324,"UW-Stout",4,"01:28","01:28","end of half",4,"00:00",0,"3 plays, -4 yards, 01:28 elapsed",FALSE
"20250906_hbla",12,"Rowan",1,"15:00","00:49","score clock",1,"14:11",0,"2 plays, 81 yards, 00:49 elapsed",FALSE
"20250906_hbla",27,"Case Western Reserve",1,"14:11","02:33","score clock",1,"11:38",0,"8 plays, 74 yards, 02:33 elapsed",FALSE
"20250906_hbla",43,"Rowan",1,"11:38","04:09","next drive start",1,"07:29",0,"10 plays, 39 yards, 04:09 elapsed",FALSE
"20250906_hbla",55,"Case Western Reserve",1,"07:29","03:32","next drive start",1,"03:57",0,"6 plays, 39 yards, 03:32 elapsed",FALSE
"20250906_hbla",65,"Rowan",1,"03:57","02:55","next drive start",1,"01:02",0,"6 plays, 16 yards, 02:55 elapsed",FALSE
"20250906_hbla",73,"Case Western Reserve",1,"01:02","00:58","score clock",1,"00:04",0,"3 plays, 65 yards, 00:58 elapsed",FALSE
"20250906_hbla",87,"Rowan",2,"15:00","02:11","next drive start",2,"12:49",0,"6 plays, 45 yards, 02:11 elapsed",FALSE
"20250906_hbla",107,"Case Western Reserve",2,"12:49","07:08","next drive start",2,"05:41",0,"15 plays, 71 yards, 07:08 elapsed",FALSE
"20250906_hbla",124,"Rowan",2,"05:41","04:29","next drive start",2,"01:12",0,"9 plays, 51 yards, 04:29 elapsed",FALSE
"20250906_hbla",132,"Case Western Reserve",2,"01:12","01:12","end of half",2,"00:00",0,"4 plays, 15 yards, 01:12 elapsed",FALSE
"20250906_hbla",145,"Case Western Reserve",3,"15:00","02:23","next drive start",3,"12:37",0,"4 plays, 30 yards, 02:23 elapsed",FALSE
"20250906_hbla",153,"Rowan",3,"12:37","01:23","next drive start",3,"11:14",0,"3 plays, 2 yards, 01:23 elapsed",FALSE
"20250906_hbla",166,"Case Western Reserve",3,"11:14","03:01","score clock",3,"08:13",0,"8 plays, 51 yards, 03:01 elapsed",FALSE
"20250906_hbla",176,"Case Western Reserve",3,"08:06","01:54","next drive start",3,"06:12",0,"3 plays, 0 yards, 01:54 elapsed",FALSE
"20250906_hbla",184,"Rowan",3,"06:12","01:53","score clock",3,"04:19",0,"4 plays, -11 yards, 01:53 elapsed",FALSE
"20250906_hbla",194,"Case Western Reserve",3,"04:19","00:00","end of half",4,"00:00",1159,"5 plays, 19 yards, 00:00 elapsed",TRUE
"20250906_ipvv",12,"Rose-Hulman",1,"14:57","01:25","next drive start",1,"13:32",0,"3 plays, 6 yards, 01:25 elapsed",FALSE
"20250906_ipvv",27,"DePauw",1,"13:32","05:21","score clock",1,"08:11",0,"10 plays, 61 yards, 05:21 elapsed",FALSE
"20250906_ipvv",35,"Rose-Hulman",1,"08:06","01:51","next drive start",1,"06:15",0,"3 plays, 7 yards, 01:51 elapsed",FALSE
"20250906_ipvv",50,"DePauw",1,"06:15","05:15","score clock",1,"01:00",0,"10 plays, 65 yards, 05:15 elapsed",FALSE
"20250906_ipvv",71,"Rose-Hulman",1,"00:53","04:55","next drive start",2,"10:58",0,"13 plays, 52 yards, 04:55 elapsed",FALSE
"20250906_ipvv",86,"DePauw",2,"10:58","04:40","score clock",2,"06:18",0,"8 plays, 75 yards, 04:40 elapsed",FALSE
"20250906_ipvv",94,"Rose-Hulman",2,"06:14","02:14","next drive start",2,"04:00",0,"3 plays, -7 yards, 02:14 elapsed",FALSE
"20250906_ipvv",103,"DePauw",2,"04:00","01:38","score clock",2,"02:22",0,"4 plays, 44 yards, 01:38 elapsed",FALSE
"20250906_ipvv",113,"Rose-Hulman",2,"02:17","01:14","next drive start",2,"01:03",0,"3 plays, -10 yards, 01:14 elapsed",FALSE
"20250906_ipvv",125,"DePauw",2,"01:03","01:03","end of half",2,"00:00",0,"7 plays, 34 yards, 01:03 elapsed",FALSE
"20250906_ipvv",142,"DePauw",3,"15:00","04:11","next drive start",3,"10:49",0,"8 plays, 10 yards, 04:11 elapsed",FALSE
"20250906_ipvv",149,"Rose-Hulman",3,"10:49","01:57","next drive start",3,"08:52",0,"3 plays, -2 yards, 01:57 elapsed",FALSE
"20250906_ipvv",162,"DePauw",3,"08:52","05:05","score clock",3,"03:47",0,"9 plays, 49 yards, 05:05 elapsed",FALSE
"20250906_ipvv",178,"Rose-Hulman",3,"03:39","04:25","next drive start",4,"14:14",0,"9 plays, 28 yards, 04:25 elapsed",FALSE
"20250906_ipvv",194,"DePauw",4,"14:14","05:02","score clock",4,"09:12",0,"11 plays, 60 yards, 05:02 elapsed",FALSE
"20250906_ipvv",203,"Rose-Hulman",4,"09:07","01:28","next drive start",4,"07:39",0,"3 plays, -5 yards, 01:28 elapsed",FALSE
"20250906_ipvv",218,"DePauw",4,"07:39","03:16","score clock",4,"04:23",0,"9 plays, 60 yards, 03:16 elapsed",FALSE
"20250906_ipvv",226,"Rose-Hulman",4,"04:16","02:01","next drive start",4,"02:15",0,"3 plays, 4 yards, 02:01 elapsed",FALSE
"20250906_ipvv",234,"DePauw",4,"02:15","01:50","next drive start",4,"00:25",0,"3 plays, 9 yards, 01:50 elapsed",FALSE
"20250906_ipvv",239,"Rose-Hulman",4,"00:25","00:25","end of half",4,"00:00",0,"1 plays, 3 yards, 00:25 elapsed",FALSE
"20250906_j3h2",21,"Susquehanna",1,"14:55","05:49","score clock",1,"09:06",0,"11 plays, 68 yards, 05:49 elapsed",FALSE
"20250906_j3h2",30,"Union",1,"09:06","01:31","next drive start",1,"07:35",0,"3 plays, -1 yards, 01:31 elapsed",FALSE
"20250906_j3h2",38,"Susquehanna",1,"07:35","02:30","next drive start",1,"05:05",0,"4 plays, 28 yards, 02:30 elapsed",FALSE
"20250906_j3h2",44,"Union",1,"05:05","00:13","score clock",1,"04:52",0,"1 plays, 99 yards, 00:13 elapsed",FALSE
"20250906_j3h2",65,"Susquehanna",1,"04:46","06:12","score clock",2,"13:34",0,"11 plays, 64 yards, 06:12 elapsed",FALSE
"20250906_j3h2",73,"Union",2,"13:29","01:29","next drive start",2,"12:00",0,"3 plays, 1 yards, 01:29 elapsed",FALSE
"20250906_j3h2",86,"Susquehanna",2,"12:00","04:41","score clock",2,"07:19",0,"8 plays, 62 yards, 04:41 elapsed",FALSE
"20250906_j3h2",101,"Union",2,"07:14","05:07","next drive start",2,"02:07",0,"8 plays, 33 yards, 05:07 elapsed",FALSE
"20250906_j3h2",114,"Susquehanna",2,"02:07","01:21","next drive start",2,"00:46",0,"7 plays, 43 yards, 01:21 elapsed",FALSE
"20250906_j3h2",121,"Union",2,"00:46","00:29","next drive start",2,"00:17",0,"4 plays, 22 yards, 00:29 elapsed",FALSE
"20250906_j3h2",130,"Susquehanna",2,"00:17","00:17","score clock",2,"00:00",0,"3 plays, 3 yards, 00:17 elapsed",FALSE
"20250906_j3h2",142,"Union",3,"14:55","01:23","next drive start",3,"13:32",0,"3 plays, 6 yards, 01:23 elapsed",FALSE
"20250906_j3h2",157,"Susquehanna",3,"13:32","03:40","score clock",3,"09:52",0,"11 plays, 43 yards, 03:40 elapsed",FALSE
"20250906_j3h2",167,"Union",3,"09:46","02:40","next drive start",3,"07:06",0,"3 plays, 9 yards, 02:40 elapsed",FALSE
"20250906_j3h2",175,"Susquehanna",3,"07:06","02:42","next drive start",3,"04:24",0,"3 plays, 4 yards, 02:42 elapsed",FALSE
"20250906_j3h2",182,"Union",3,"04:24","01:31","next drive start",3,"02:53",0,"3 plays, -6 yards, 01:31 elapsed",FALSE
"20250906_j3h2",199,"Susquehanna",3,"02:53","04:37","score clock",4,"13:16",0,"10 plays, 38 yards, 04:37 elapsed",FALSE
"20250906_j3h2",207,"Union",4,"13:16","00:40","score clock",4,"12:36",0,"2 plays, 1 yards, 00:40 elapsed",FALSE
"20250906_j3h2",227,"Union",4,"12:36","03:29","score clock",4,"09:07",0,"12 plays, 75 yards, 03:29 elapsed",FALSE
"20250906_j3h2",238,"Susquehanna",4,"09:07","02:56","next drive start",4,"06:11",0,"4 plays, 19 yards, 02:56 elapsed",FALSE
"20250906_j3h2",249,"Union",4,"06:11","02:15","next drive start",4,"03:56",0,"7 plays, 46 yards, 02:15 elapsed",FALSE
"20250906_j3h2",258,"Susquehanna",4,"03:56","00:34","next drive start",4,"03:22",0,"3 plays, 1 yards, 00:34 elapsed",FALSE
"20250906_j3h2",268,"Union",4,"03:22","01:38","next drive start",4,"01:44",0,"7 plays, 49 yards, 01:38 elapsed",FALSE
"20250906_j3h2",275,"Susquehanna",4,"01:44","00:00","end of half",4,"00:00",104,"3 plays, 4 yards, 00:00 elapsed",TRUE
"20250906_j5s3",19,"Bethany",1,"14:56","05:42","next drive start",1,"09:14",0,"9 plays, 28 yards, 05:42 elapsed",FALSE
"20250906_j5s3",32,"Sewanee",1,"09:14","03:32","score clock",1,"05:42",0,"7 plays, 96 yards, 03:32 elapsed",FALSE
"20250906_j5s3",40,"Bethany",1,"05:38","00:28","next drive start",1,"05:10",0,"3 plays, -6 yards, 00:28 elapsed",FALSE
"20250906_j5s3",48,"Sewanee",1,"05:10","01:49","next drive start",1,"03:21",0,"3 plays, -1 yards, 01:49 elapsed",FALSE
"20250906_j5s3",64,"Bethany",1,"03:21","03:26","score clock",2,"14:55",0,"7 plays, 79 yards, 03:26 elapsed",FALSE
"20250906_j5s3",77,"Sewanee",2,"14:45","02:37","score clock",2,"12:08",0,"5 plays, 49 yards, 02:37 elapsed",FALSE
"20250906_j5s3",86,"Bethany",2,"12:02","02:21","next drive start",2,"09:41",0,"2 plays, -9 yards, 02:21 elapsed",FALSE
"20250906_j5s3",101,"Sewanee",2,"09:41","04:50","next drive start",2,"04:51",0,"11 plays, 67 yards, 04:50 elapsed",FALSE
"20250906_j5s3",108,"Bethany",2,"04:51","01:04","next drive start",2,"03:47",0,"3 plays, -3 yards, 01:04 elapsed",FALSE
"20250906_j5s3",116,"Sewanee",2,"03:47","01:51","next drive start",2,"01:56",0,"5 plays, 11 yards, 01:51 elapsed",FALSE
"20250906_j5s3",125,"Bethany",2,"01:56","01:27","next drive start",2,"00:29",0,"3 plays, 1 yards, 01:27 elapsed",FALSE
"20250906_j5s3",130,"Sewanee",2,"00:29","00:29","end of half",2,"00:00",0,"1 plays, -2 yards, 00:29 elapsed",FALSE
"20250906_j5s3",145,"Sewanee",3,"15:00","02:43","next drive start",3,"12:17",0,"6 plays, 29 yards, 02:43 elapsed",FALSE
"20250906_j5s3",154,"Bethany",3,"12:17","00:47","next drive start",3,"11:30",0,"3 plays, 0 yards, 00:47 elapsed",FALSE
"20250906_j5s3",168,"Sewanee",3,"11:30","04:09","score clock",3,"07:21",0,"7 plays, 35 yards, 04:09 elapsed",FALSE
"20250906_j5s3",178,"Bethany",3,"07:21","01:28","next drive start",3,"05:53",0,"3 plays, -3 yards, 01:28 elapsed",FALSE
"20250906_j5s3",197,"Sewanee",3,"05:53","05:18","score clock",3,"00:35",0,"13 plays, 70 yards, 05:18 elapsed",FALSE
"20250906_j5s3",204,"Sewanee",3,"00:28","00:06","score clock",3,"00:22",0,"1 plays, 25 yards, 00:06 elapsed",FALSE
"20250906_j5s3",218,"Bethany",3,"00:22","03:02","next drive start",4,"12:20",0,"6 plays, 22 yards, 03:02 elapsed",FALSE
"20250906_j5s3",230,"Sewanee",4,"12:20","03:42","next drive start",4,"08:38",0,"6 plays, 18 yards, 03:42 elapsed",FALSE
"20250906_j5s3",241,"Bethany",4,"08:38","02:17","score clock",4,"06:21",0,"4 plays, 17 yards, 02:17 elapsed",FALSE
"20250906_j5s3",254,"Bethany",4,"06:21","04:34","next drive start",4,"01:47",0,"7 plays, 16 yards, 04:34 elapsed",FALSE
"20250906_j5s3",261,"Sewanee",4,"01:47","01:47","end of half",4,"00:00",0,"3 plays, 5 yards, 01:47 elapsed",FALSE
"20250906_jdae",15,"Olivet",1,"14:55","02:36","score clock",1,"12:19",0,"5 plays, 4 yards, 02:36 elapsed",FALSE
"20250906_jdae",22,"Olivet",1,"12:15","01:25","next drive start",1,"10:50",0,"3 plays, 2 yards, 01:25 elapsed",FALSE
"20250906_jdae",32,"Rochester",1,"10:50","02:14","score clock",1,"08:36",0,"5 plays, 33 yards, 02:14 elapsed",FALSE
"20250906_jdae",44,"Olivet",1,"08:36","03:31","next drive start",1,"05:05",0,"7 plays, 29 yards, 03:31 elapsed",FALSE
"20250906_jdae",67,"Rochester",1,"05:05","06:33","score clock",2,"13:32",0,"13 plays, 64 yards, 06:33 elapsed",FALSE
"20250906_jdae",82,"Olivet",2,"13:32","06:22","next drive start",2,"07:10",0,"10 plays, 38 yards, 06:22 elapsed",FALSE
"20250906_jdae",90,"Rochester",2,"07:10","02:07","next drive start",2,"05:03",0,"4 plays, 15 yards, 02:07 elapsed",FALSE
"20250906_jdae",103,"Olivet",2,"05:03","03:11","score clock",2,"01:52",0,"7 plays, 53 yards, 03:11 elapsed",FALSE
"20250906_jdae",116,"Rochester",2,"01:51","01:24","score clock",2,"00:27",0,"6 plays, 60 yards, 01:24 elapsed",FALSE
"20250906_jdae",125,"Rochester",2,"00:19","00:19","end of half",2,"00:00",0,"3 plays, -7 yards, 00:19 elapsed",FALSE
"20250906_jdae",136,"Rochester",3,"14:52","00:53","next drive start",3,"13:59",0,"3 plays, 2 yards, 00:53 elapsed",FALSE
"20250906_jdae",143,"Olivet",3,"13:59","00:46","score clock",3,"13:13",0,"2 plays, 33 yards, 00:46 elapsed",FALSE
"20250906_jdae",155,"Rochester",3,"13:13","03:33","next drive start",3,"09:40",0,"5 plays, 14 yards, 03:33 elapsed",FALSE
"20250906_jdae",185,"Olivet",3,"09:40","10:21","score clock",4,"14:19",0,"18 plays, 90 yards, 10:21 elapsed",FALSE
"20250906_jdae",202,"Rochester",4,"14:13","03:47","score clock",4,"10:26",0,"9 plays, 66 yards, 03:47 elapsed",FALSE
"20250906_jdae",217,"Olivet",4,"10:20","03:36","next drive start",4,"06:44",0,"8 plays, 56 yards, 03:36 elapsed",FALSE
"20250906_jdae",224,"Rochester",4,"06:44","00:27","score clock",4,"06:17",0,"2 plays, 48 yards, 00:27 elapsed",FALSE
"20250906_jdae",240,"Olivet",4,"06:11","02:25","next drive start",4,"03:46",0,"10 plays, 61 yards, 02:25 elapsed",FALSE
"20250906_jdae",254,"Rochester",4,"03:46","03:46","end of half",4,"00:00",0,"7 plays, 45 yards, 03:46 elapsed",FALSE
"20250906_k8vz",13,"Manchester",1,"14:50","01:35","next drive start",1,"13:15",0,"3 plays, 1 yards, 01:35 elapsed",FALSE
"20250906_k8vz",20,"Westminster (Mo.)",1,"13:15","00:48","next drive start",1,"12:27",0,"3 plays, 3 yards, 00:48 elapsed",FALSE
"20250906_k8vz",29,"Manchester",1,"12:27","02:18","score clock",1,"10:09",0,"4 plays, 32 yards, 02:18 elapsed",FALSE
"20250906_k8vz",42,"Westminster (Mo.)",1,"10:00","01:40","score clock",1,"08:20",0,"7 plays, 52 yards, 01:40 elapsed",FALSE
"20250906_k8vz",51,"Manchester",1,"08:14","00:52","next drive start",1,"07:22",0,"3 plays, -3 yards, 00:52 elapsed",FALSE
"20250906_k8vz",58,"Westminster (Mo.)",1,"07:22","01:18","next drive start",1,"06:04",0,"3 plays, -2 yards, 01:18 elapsed",FALSE
"20250906_k8vz",66,"Manchester",1,"06:04","02:35","next drive start",1,"03:29",0,"3 plays, 2 yards, 02:35 elapsed",FALSE
"20250906_k8vz",71,"Westminster (Mo.)",1,"03:29","00:38","next drive start",1,"02:51",0,"2 plays, 7 yards, 00:38 elapsed",FALSE
"20250906_k8vz",78,"Manchester",1,"02:51","00:36","score clock",1,"02:15",0,"2 plays, 47 yards, 00:36 elapsed",FALSE
"20250906_k8vz",90,"Westminster (Mo.)",1,"02:10","02:17","next drive start",2,"14:53",0,"5 plays, 21 yards, 02:17 elapsed",FALSE
"20250906_k8vz",98,"Manchester",2,"14:53","02:31","next drive start",2,"12:22",0,"3 plays, 8 yards, 02:31 elapsed",FALSE
"20250906_k8vz",107,"Westminster (Mo.)",2,"12:22","01:47","next drive start",2,"10:35",0,"5 plays, 24 yards, 01:47 elapsed",FALSE
"20250906_k8vz",120,"Manchester",2,"10:35","03:17","next drive start",2,"07:18",0,"8 plays, 34 yards, 03:17 elapsed",FALSE
"20250906_k8vz",128,"Westminster (Mo.)",2,"07:18","01:22","next drive start",2,"05:56",0,"4 plays, 8 yards, 01:22 elapsed",FALSE
"20250906_k8vz",139,"Manchester",2,"05:56","03:12","next drive start",2,"02:44",0,"4 plays, 5 yards, 03:12 elapsed",FALSE
"20250906_k8vz",159,"Westminster (Mo.)",2,"02:44","02:38","score clock",2,"00:06",0,"12 plays, 40 yards, 02:38 elapsed",FALSE
"20250906_k8vz",182,"Westminster (Mo.)",3,"14:50","03:45","score clock",3,"11:05",0,"9 plays, 43 yards, 03:45 elapsed",FALSE
"20250906_k8vz",192,"Manchester",3,"10:58","03:26","next drive start",3,"07:32",0,"5 plays, 13 yards, 03:26 elapsed",FALSE
"20250906_k8vz",205,"Westminster (Mo.)",3,"07:32","03:45","score clock",3,"03:47",0,"9 plays, 72 yards, 03:45 elapsed",FALSE
"20250906_k8vz",217,"Manchester",3,"03:40","02:20","next drive start",3,"01:20",0,"5 plays, 5 yards, 02:20 elapsed",FALSE
"20250906_k8vz",233,"Westminster (Mo.)",3,"01:20","03:35","next drive start",4,"12:45",0,"9 plays, 24 yards, 03:35 elapsed",FALSE
"20250906_k8vz",240,"Manchester",4,"12:45","02:05","next drive start",4,"10:40",0,"3 plays, 7 yards, 02:05 elapsed",FALSE
"20250906_k8vz",250,"Westminster (Mo.)",4,"10:40","03:28","next drive start",4,"07:12",0,"7 plays, 10 yards, 03:28 elapsed",FALSE
"20250906_k8vz",257,"Manchester",4,"07:12","01:36","next drive start",4,"05:36",0,"3 plays, 0 yards, 01:36 elapsed",FALSE
"20250906_k8vz",269,"Westminster (Mo.)",4,"05:36","02:49","score clock",4,"02:47",0,"7 plays, 36 yards, 02:49 elapsed",FALSE
"20250906_k8vz",278,"Manchester",4,"02:42","00:56","next drive start",4,"01:46",0,"3 plays, -13 yards, 00:56 elapsed",FALSE
"20250906_k8vz",288,"Westminster (Mo.)",4,"01:46","00:31","next drive start",4,"01:15",0,"3 plays, -2 yards, 00:31 elapsed",FALSE
"20250906_k8vz",293,"Manchester",4,"01:15","00:16","next drive start",4,"00:59",0,"2 plays, 11 yards, 00:16 elapsed",FALSE
"20250906_k8vz",299,"Westminster (Mo.)",4,"00:59","00:59","end of half",4,"00:00",0,"2 plays, -10 yards, 00:59 elapsed",FALSE
"20250906_kbs4",12,"Concordia-Chicago",1,"14:53","01:14","next drive start",1,"13:39",0,"3 plays, 5 yards, 01:14 elapsed",FALSE
"20250906_kbs4",19,"Minnesota-Morris",1,"13:39","02:00","next drive start",1,"11:39",0,"3 plays, 7 yards, 02:00 elapsed",FALSE
"20250906_kbs4",26,"Concordia-Chicago",1,"11:39","01:46","next drive start",1,"09:53",0,"3 plays, -1 yards, 01:46 elapsed",FALSE
"20250906_kbs4",33,"Minnesota-Morris",1,"09:53","02:09","next drive start",1,"07:44",0,"4 plays, 3 yards, 02:09 elapsed",FALSE
"20250906_kbs4",40,"Concordia-Chicago",1,"07:44","00:59","next drive start",1,"06:45",0,"3 plays, 5 yards, 00:59 elapsed",FALSE
"20250906_kbs4",49,"Concordia-Chicago",1,"06:45","06:45","next drive start",1,,,"5 plays, 29 yards, 06:45 elapsed",TRUE
"20250906_kbs4",56,"Minnesota-Morris",1,,"12:34","next drive start",1,"02:26",,"3 plays, 3 yards, 12:34 elapsed",TRUE
"20250906_kbs4",68,"Concordia-Chicago",1,"02:26","04:21","next drive start",2,"13:05",0,"6 plays, 21 yards, 04:21 elapsed",FALSE
"20250906_kbs4",76,"Minnesota-Morris",2,"13:05","00:40","next drive start",2,"12:25",0,"4 plays, 7 yards, 00:40 elapsed",FALSE
"20250906_kbs4",83,"Concordia-Chicago",2,"12:25","00:56","next drive start",2,"11:29",0,"3 plays, 0 yards, 00:56 elapsed",FALSE
"20250906_kbs4",95,"Minnesota-Morris",2,"11:29","03:55","score clock",2,"07:34",0,"6 plays, 56 yards, 03:55 elapsed",FALSE
"20250906_kbs4",110,"Concordia-Chicago",2,"07:28","04:39","score clock",2,"02:49",0,"10 plays, 54 yards, 04:39 elapsed",FALSE
"20250906_kbs4",121,"Minnesota-Morris",2,"02:40","00:56","next drive start",2,"01:44",0,"5 plays, 7 yards, 00:56 elapsed",FALSE
"20250906_kbs4",132,"Concordia-Chicago",2,"01:44","01:32","next drive start",2,"00:12",0,"6 plays, 2 yards, 01:32 elapsed",FALSE
"20250906_kbs4",137,"Minnesota-Morris",2,"00:12","00:00","end of half",2,"00:00",12,"1 plays, 0 yards, 00:00 elapsed",TRUE
"20250906_kbs4",150,"Minnesota-Morris",3,"14:54","02:52","next drive start",3,"12:02",0,"5 plays, 11 yards, 02:52 elapsed",FALSE
"20250906_kbs4",157,"Concordia-Chicago",3,"12:02","01:43","next drive start",3,"10:19",0,"4 plays, 8 yards, 01:43 elapsed",FALSE
"20250906_kbs4",172,"Minnesota-Morris",3,"10:19","04:57","next drive start",3,"05:22",0,"10 plays, 54 yards, 04:57 elapsed",FALSE
"20250906_kbs4",186,"Concordia-Chicago",3,"05:22","04:05","score clock",3,"01:17",0,"9 plays, 94 yards, 04:05 elapsed",FALSE
"20250906_kbs4",207,"Minnesota-Morris",3,"01:17","05:50","score clock",4,"10:27",0,"11 plays, 65 yards, 05:50 elapsed",FALSE
"20250906_kbs4",226,"Concordia-Chicago",4,"10:22","08:02","next drive start",4,"02:20",0,"15 plays, 66 yards, 08:02 elapsed",FALSE
"20250906_kbs4",240,"Minnesota-Morris",4,"02:20","00:48","score clock",4,"01:32",0,"7 plays, 75 yards, 00:48 elapsed",FALSE
"20250906_kbs4",251,"Concordia-Chicago",4,"01:25","00:27","score clock",4,"00:58",0,"4 plays, 62 yards, 00:27 elapsed",FALSE
"20250906_kbs4",260,"Minnesota-Morris",4,"00:50","00:15","next drive start",4,"00:35",0,"4 plays, 0 yards, 00:15 elapsed",FALSE
"20250906_kbs4",265,"Concordia-Chicago",4,"00:35","00:35","end of half",4,"00:00",0,"1 plays, 0 yards, 00:35 elapsed",FALSE
"20250906_kd8h",13,"Nichols",1,"15:00","02:38","next drive start",1,"12:22",0,"4 plays, 12 yards, 02:38 elapsed",FALSE
"20250906_kd8h",20,"MIT",1,"12:22","01:29","next drive start",1,"10:53",0,"3 plays, 6 yards, 01:29 elapsed",FALSE
"20250906_kd8h",26,"Nichols",1,"10:53","00:09","score clock",1,"10:44",0,"1 plays, 61 yards, 00:09 elapsed",FALSE
"20250906_kd8h",35,"MIT",1,"10:37","01:22","score clock",1,"09:15",0,"3 plays, 62 yards, 01:22 elapsed",FALSE
"20250906_kd8h",44,"Nichols",1,"09:15","01:52","next drive start",1,"07:23",0,"3 plays, -2 yards, 01:52 elapsed",FALSE
"20250906_kd8h",54,"MIT",1,"07:23","02:12","score clock",1,"05:11",0,"5 plays, 66 yards, 02:12 elapsed",FALSE
"20250906_kd8h",67,"Nichols",1,"05:04","05:00","next drive start",1,"00:04",0,"9 plays, 38 yards, 05:00 elapsed",FALSE
"20250906_kd8h",81,"MIT",1,"00:04","02:42","score clock",2,"12:22",0,"6 plays, 72 yards, 02:42 elapsed",FALSE
"20250906_kd8h",89,"Nichols",2,"12:15","02:13","next drive start",2,"10:02",0,"3 plays, -3 yards, 02:13 elapsed",FALSE
"20250906_kd8h",96,"MIT",2,"10:02","00:45","next drive start",2,"09:17",0,"3 plays, 3 yards, 00:45 elapsed",FALSE
"20250906_kd8h",105,"Nichols",2,"09:17","01:43","next drive start",2,"07:34",0,"6 plays, 8 yards, 01:43 elapsed",FALSE
"20250906_kd8h",111,"MIT",2,"07:34","00:07","score clock",2,"07:27",0,"1 plays, 29 yards, 00:07 elapsed",FALSE
"20250906_kd8h",119,"Nichols",2,"07:27","01:24","next drive start",2,"06:03",0,"3 plays, -7 yards, 01:24 elapsed",FALSE
"20250906_kd8h",126,"MIT",2,"06:03","01:00","next drive start",2,"05:03",0,"3 plays, 7 yards, 01:00 elapsed",FALSE
"20250906_kd8h",133,"Nichols",2,"05:03","01:03","next drive start",2,"04:00",0,"3 plays, 0 yards, 01:03 elapsed",FALSE
"20250906_kd8h",149,"MIT",2,"04:00","03:50","score clock",2,"00:10",0,"10 plays, 29 yards, 03:50 elapsed",FALSE
"20250906_kd8h",155,"Nichols",2,"00:10","00:10","end of half",2,"00:00",0,"1 plays, -1 yards, 00:10 elapsed",FALSE
"20250906_kd8h",174,"MIT",3,"15:00","04:04","next drive start",3,"10:56",0,"9 plays, 40 yards, 04:04 elapsed",FALSE
"20250906_kd8h",181,"Nichols",3,"10:56","01:26","next drive start",3,"09:30",0,"4 plays, 25 yards, 01:26 elapsed",FALSE
"20250906_kd8h",194,"MIT",3,"09:30","04:37","score clock",3,"04:53",0,"8 plays, 84 yards, 04:37 elapsed",FALSE
"20250906_kd8h",207,"Nichols",3,"04:46","04:09","next drive start",3,"00:37",0,"9 plays, 48 yards, 04:09 elapsed",FALSE
"20250906_kd8h",220,"MIT",3,"00:37","03:09","next drive start",4,"12:28",0,"5 plays, 17 yards, 03:09 elapsed",FALSE
"20250906_kd8h",227,"Nichols",4,"12:28","02:19","next drive start",4,"10:09",0,"3 plays, 5 yards, 02:19 elapsed",FALSE
"20250906_kd8h",234,"MIT",4,"10:09","02:06","next drive start",4,"08:03",0,"4 plays, 8 yards, 02:06 elapsed",FALSE
"20250906_kd8h",245,"Nichols",4,"08:03","03:18","score clock",4,"04:45",0,"6 plays, 68 yards, 03:18 elapsed",FALSE
"20250906_kd8h",253,"MIT",4,"04:38","02:18","next drive start",4,"02:20",0,"3 plays, 9 yards, 02:18 elapsed",FALSE
"20250906_kd8h",260,"Nichols",4,"02:20","00:38","next drive start",4,"01:42",0,"3 plays, 2 yards, 00:38 elapsed",FALSE
"20250906_kd8h",266,"MIT",4,"01:42","00:09","score clock",4,"01:33",0,"1 plays, 40 yards, 00:09 elapsed",FALSE
"20250906_kd8h",276,"Nichols",4,"01:25","01:25","end of half",4,"00:00",0,"5 plays, 17 yards, 01:25 elapsed",FALSE
"20250906_khao",20,"Morrisville State",1,"14:55","04:04","next drive start",1,"10:51",0,"11 plays, 36 yards, 04:04 elapsed",FALSE
"20250906_khao",28,"Kean",1,"10:51","02:06","next drive start",1,"08:45",0,"4 plays, 15 yards, 02:06 elapsed",FALSE
"20250906_khao",34,"Morrisville State",1,"08:45","00:51","next drive start",1,"07:54",0,"3 plays, 43 yards, 00:51 elapsed",FALSE
"20250906_khao",42,"Kean",1,"07:54","01:01","next drive start",1,"06:53",0,"3 plays, 22 yards, 01:01 elapsed",FALSE
"20250906_khao",64,"Morrisville State",1,"06:53","06:04","score clock",1,"00:49",0,"15 plays, 75 yards, 06:04 elapsed",FALSE
"20250906_khao",74,"Kean",1,"00:41","00:49","next drive start",2,"14:52",0,"3 plays, 7 yards, 00:49 elapsed",FALSE
"20250906_khao",89,"Morrisville State",2,"14:52","02:49","next drive start",2,"12:03",0,"10 plays, 31 yards, 02:49 elapsed",FALSE
"20250906_khao",98,"Kean",2,"12:03","02:35","next drive start",2,"09:28",0,"5 plays, 27 yards, 02:35 elapsed",FALSE
"20250906_khao",105,"Morrisville State",2,"09:28","01:06","next drive start",2,"08:22",0,"3 plays, 7 yards, 01:06 elapsed",FALSE
"20250906_khao",120,"Kean",2,"08:22","04:42","score clock",2,"03:40",0,"10 plays, 62 yards, 04:42 elapsed",FALSE
"20250906_khao",130,"Morrisville State",2,"03:29","01:04","next drive start",2,"02:25",0,"4 plays, 18 yards, 01:04 elapsed",FALSE
"20250906_khao",139,"Kean",2,"02:25","01:23","next drive start",2,"01:02",0,"4 plays, 17 yards, 01:23 elapsed",FALSE
"20250906_khao",151,"Morrisville State",2,"01:02","01:02","end of half",2,"00:00",0,"4 plays, 21 yards, 01:02 elapsed",FALSE
"20250906_khao",166,"Kean",3,"14:55","02:49","next drive start",3,"12:06",0,"6 plays, 23 yards, 02:49 elapsed",FALSE
"20250906_khao",174,"Morrisville State",3,"12:06","01:03","score clock",3,"11:03",0,"3 plays, 36 yards, 01:03 elapsed",FALSE
"20250906_khao",185,"Kean",3,"10:55","03:01","next drive start",3,"07:54",0,"6 plays, 25 yards, 03:01 elapsed",FALSE
"20250906_khao",200,"Morrisville State",3,"07:54","04:03","score clock",3,"03:51",0,"8 plays, 21 yards, 04:03 elapsed",FALSE
"20250906_khao",210,"Morrisville State",3,"03:44","00:50","next drive start",3,"02:54",0,"3 plays, 6 yards, 00:50 elapsed",FALSE
"20250906_khao",217,"Kean",3,"02:54","02:20","next drive start",3,"00:34",0,"3 plays, 4 yards, 02:20 elapsed",FALSE
"20250906_khao",238,"Morrisville State",3,"00:34","03:46","next drive start",4,"11:48",0,"11 plays, 43 yards, 03:46 elapsed",FALSE
"20250906_khao",250,"Kean",4,"11:48","03:57","next drive start",4,"07:51",0,"8 plays, 53 yards, 03:57 elapsed",FALSE
"20250906_khao",260,"Morrisville State",4,"07:51","02:34","next drive start",4,"05:17",0,"4 plays, 20 yards, 02:34 elapsed",FALSE
"20250906_khao",283,"Kean",4,"05:17","05:17","score clock",4,"00:00",0,"14 plays, 79 yards, 05:17 elapsed",FALSE
"20250906_km6t",12,"Aurora",1,"14:51","01:31","next drive start",1,"13:20",0,"3 plays, -3 yards, 01:31 elapsed",FALSE
"20250906_km6t",19,"UW-Platteville",1,"13:20","01:43","next drive start",1,"11:37",0,"3 plays, 9 yards, 01:43 elapsed",FALSE
"20250906_km6t",27,"Aurora",1,"11:37","00:48","score clock",1,"10:49",0,"3 plays, -6 yards, 00:48 elapsed",FALSE
"20250906_km6t",38,"Aurora",1,"10:44","02:39","next drive start",1,"08:05",0,"6 plays, 73 yards, 02:39 elapsed",FALSE
"20250906_km6t",50,"UW-Platteville",1,"08:05","02:46","score clock",1,"05:19",0,"7 plays, 99 yards, 02:46 elapsed",FALSE
"20250906_km6t",62,"Aurora",1,"05:12","02:51","next drive start",1,"02:21",0,"6 plays, 23 yards, 02:51 elapsed",FALSE
"20250906_km6t",71,"UW-Platteville",1,"02:21","00:49","score clock",1,"01:32",0,"4 plays, 50 yards, 00:49 elapsed",FALSE
"20250906_km6t",84,"Aurora",1,"01:27","02:25","next drive start",2,"14:02",0,"5 plays, 15 yards, 02:25 elapsed",FALSE
"20250906_km6t",99,"UW-Platteville",2,"14:02","05:57","next drive start",2,"08:05",0,"11 plays, 76 yards, 05:57 elapsed",FALSE
"20250906_km6t",110,"Aurora",2,"08:05","02:46","next drive start",2,"05:19",0,"7 plays, 35 yards, 02:46 elapsed",FALSE
"20250906_km6t",120,"UW-Platteville",2,"05:19","02:26","score clock",2,"02:53",0,"5 plays, 90 yards, 02:26 elapsed",FALSE
"20250906_km6t",128,"Aurora",2,"02:53","01:02","next drive start",2,"01:51",0,"3 plays, 5 yards, 01:02 elapsed",FALSE
"20250906_km6t",137,"UW-Platteville",2,"01:51","01:13","score clock",2,"00:38",0,"4 plays, 53 yards, 01:13 elapsed",FALSE
"20250906_km6t",147,"Aurora",2,"00:31","00:31","end of half",2,"00:00",0,"5 plays, 37 yards, 00:31 elapsed",FALSE
"20250906_km6t",163,"UW-Platteville",3,"15:00","03:26","next drive start",3,"11:34",0,"7 plays, 24 yards, 03:26 elapsed",FALSE
"20250906_km6t",171,"Aurora",3,"11:34","02:47","next drive start",3,"08:47",0,"5 plays, 30 yards, 02:47 elapsed",FALSE
"20250906_km6t",181,"UW-Platteville",3,"08:47","02:46","score clock",3,"06:01",0,"5 plays, 55 yards, 02:46 elapsed",FALSE
"20250906_km6t",187,"Aurora",3,"05:48","00:45","next drive start",3,"05:03",0,"2 plays, 5 yards, 00:45 elapsed",FALSE
"20250906_km6t",194,"UW-Platteville",3,"05:03","02:18","next drive start",3,"02:45",0,"3 plays, -18 yards, 02:18 elapsed",FALSE
"20250906_km6t",202,"Aurora",3,"02:45","01:12","next drive start",3,"01:33",0,"3 plays, -6 yards, 01:12 elapsed",FALSE
"20250906_km6t",218,"UW-Platteville",3,"01:33","04:35","next drive start",4,"11:58",0,"10 plays, 46 yards, 04:35 elapsed",FALSE
"20250906_km6t",225,"Aurora",4,"11:58","00:55","next drive start",4,"11:03",0,"3 plays, 3 yards, 00:55 elapsed",FALSE
"20250906_km6t",239,"UW-Platteville",4,"11:03","05:34","next drive start",4,"05:29",0,"10 plays, 37 yards, 05:34 elapsed",FALSE
"20250906_km6t",251,"Aurora",4,"05:29","02:42","next drive start",4,"02:47",0,"6 plays, 30 yards, 02:42 elapsed",FALSE
"20250906_km6t",258,"UW-Platteville",4,"02:47","01:01","next drive start",4,"01:46",0,"3 plays, 6 yards, 01:01 elapsed",FALSE
"20250906_km6t",268,"Aurora",4,"01:46","01:46","end of half",4,"00:00",0,"6 plays, 60 yards, 01:46 elapsed",FALSE
"20250906_kuih",12,"St. Scholastica",1,"14:54","00:54","next drive start",1,"14:00",0,"3 plays, 7 yards, 00:54 elapsed",FALSE
"20250906_kuih",19,"Wisconsin Lutheran",1,"14:00","02:07","next drive start",1,"11:53",0,"3 plays, 6 yards, 02:07 elapsed",FALSE
"20250906_kuih",31,"St. Scholastica",1,"11:53","03:22","score clock",1,"08:31",0,"7 plays, 51 yards, 03:22 elapsed",FALSE
"20250906_kuih",45,"Wisconsin Lutheran",1,"08:23","04:46","next drive start",1,"03:37",0,"10 plays, 44 yards, 04:46 elapsed",FALSE
"20250906_kuih",60,"St. Scholastica",1,"03:37","03:07","next drive start",1,"00:30",0,"9 plays, 37 yards, 03:07 elapsed",FALSE
"20250906_kuih",64,"Wisconsin Lutheran",1,"00:30","00:07","next drive start",1,"00:23",0,"1 plays, 0 yards, 00:07 elapsed",FALSE
"20250906_kuih",76,"St. Scholastica",1,"00:23","01:07","score clock",2,"14:16",0,"4 plays, 58 yards, 01:07 elapsed",FALSE
"20250906_kuih",85,"Wisconsin Lutheran",2,"14:16","02:13","next drive start",2,"12:03",0,"3 plays, 9 yards, 02:13 elapsed",FALSE
"20250906_kuih",93,"St. Scholastica",2,"12:03","01:12","score clock",2,"10:51",0,"3 plays, 89 yards, 01:12 elapsed",FALSE
"20250906_kuih",106,"Wisconsin Lutheran",2,"10:51","03:17","score clock",2,"07:34",0,"7 plays, 56 yards, 03:17 elapsed",FALSE
"20250906_kuih",119,"St. Scholastica",2,"07:27","02:26","next drive start",2,"05:01",0,"7 plays, 37 yards, 02:26 elapsed",FALSE
"20250906_kuih",137,"Wisconsin Lutheran",2,"05:01","04:47","score clock",2,"00:14",0,"10 plays, 68 yards, 04:47 elapsed",FALSE
"20250906_kuih",143,"St. Scholastica",2,"00:09","00:09","end of half",2,"00:00",0,"1 plays, 3 yards, 00:09 elapsed",FALSE
"20250906_kuih",156,"Wisconsin Lutheran",3,"14:56","01:43","next drive start",3,"13:13",0,"3 plays, -7 yards, 01:43 elapsed",FALSE
"20250906_kuih",168,"St. Scholastica",3,"13:13","02:53","score clock",3,"10:20",0,"7 plays, 81 yards, 02:53 elapsed",FALSE
"20250906_kuih",186,"Wisconsin Lutheran",3,"10:13","06:15","score clock",3,"03:58",0,"11 plays, 59 yards, 06:15 elapsed",FALSE
"20250906_kuih",205,"St. Scholastica",3,"03:51","03:56","score clock",4,"14:55",0,"9 plays, 66 yards, 03:56 elapsed",FALSE
"20250906_kuih",222,"Wisconsin Lutheran",4,"14:50","04:21","score clock",4,"10:29",0,"8 plays, 58 yards, 04:21 elapsed",FALSE
"20250906_kuih",233,"St. Scholastica",4,"10:22","01:48","next drive start",4,"08:34",0,"6 plays, 18 yards, 01:48 elapsed",FALSE
"20250906_kuih",240,"Wisconsin Lutheran",4,"08:34","01:34","next drive start",4,"07:00",0,"3 plays, -1 yards, 01:34 elapsed",FALSE
"20250906_kuih",253,"St. Scholastica",4,"07:00","03:58","score clock",4,"03:02",0,"8 plays, 52 yards, 03:58 elapsed",FALSE
"20250906_kuih",259,"Wisconsin Lutheran",4,"02:55","00:32","next drive start",4,"02:23",0,"2 plays, 4 yards, 00:32 elapsed",FALSE
"20250906_kuih",276,"St. Scholastica",4,"02:23","02:23","end of half",4,"00:00",0,"7 plays, 37 yards, 02:23 elapsed",FALSE
"20250913_6i95",21,"UW-La Crosse",1,"15:00","05:23","score clock",1,"09:37",0,"11 plays, 75 yards, 05:23 elapsed",FALSE
"20250913_6i95",30,"Carnegie Mellon",1,"09:37","02:06","next drive start",1,"07:31",0,"4 plays, 24 yards, 02:06 elapsed",FALSE
"20250913_6i95",41,"UW-La Crosse",1,"07:31","03:59","next drive start",1,"03:32",0,"6 plays, 18 yards, 03:59 elapsed",FALSE
"20250913_6i95",56,"Carnegie Mellon",1,"03:32","04:26","next drive start",2,"14:06",0,"8 plays, 40 yards, 04:26 elapsed",FALSE
"20250913_6i95",64,"UW-La Crosse",2,"14:06","02:09","next drive start",2,"11:57",0,"4 plays, 30 yards, 02:09 elapsed",FALSE
"20250913_6i95",73,"Carnegie Mellon",2,"11:57","01:21","next drive start",2,"10:36",0,"3 plays, -10 yards, 01:21 elapsed",FALSE
"20250913_6i95",89,"UW-La Crosse",2,"10:36","05:36","next drive start",2,"05:00",0,"10 plays, 53 yards, 05:36 elapsed",FALSE
"20250913_6i95",95,"Carnegie Mellon",2,"05:00","00:31","score clock",2,"04:29",0,"2 plays, 80 yards, 00:31 elapsed",FALSE
"20250913_6i95",113,"UW-La Crosse",2,"04:29","04:02","score clock",2,"00:27",0,"11 plays, 75 yards, 04:02 elapsed",FALSE
"20250913_6i95",124,"Carnegie Mellon",2,"00:21","00:21","next drive start",2,"00:00",0,"4 plays, 45 yards, 00:21 elapsed",FALSE
"20250913_6i95",127,"UW-La Crosse",2,"00:00","00:00","end of half",2,"00:00",0,"0 plays, 0 yards, 00:00 elapsed",FALSE
"20250913_6i95",140,"Carnegie Mellon",3,"14:52","01:07","next drive start",3,"13:45",0,"3 plays, 1 yards, 01:07 elapsed",FALSE
"20250913_6i95",157,"UW-La Crosse",3,"13:45","06:19","score clock",3,"07:26",0,"13 plays, 72 yards, 06:19 elapsed",FALSE
"20250913_6i95",163,"Carnegie Mellon",3,"07:21","00:49","score clock",3,"06:32",0,"2 plays, 3 yards, 00:49 elapsed",FALSE
"20250913_6i95",170,"UW-La Crosse",3,"06:32","00:00","next drive start",3,"06:32",0,"0 plays, 15 yards, 00:00 elapsed",FALSE
"20250913_6i95",183,"Carnegie Mellon",3,"06:32","03:35","next drive start",3,"02:57",0,"8 plays, 62 yards, 03:35 elapsed",FALSE
"20250913_6i95",200,"UW-La Crosse",3,"02:57","04:24","score clock",4,"13:33",0,"9 plays, 94 yards, 04:24 elapsed",FALSE
"20250913_6i95",216,"Carnegie Mellon",4,"13:33","03:50","next drive start",4,"09:43",0,"10 plays, 29 yards, 03:50 elapsed",FALSE
"20250913_6i95",223,"UW-La Crosse",4,"09:43","01:35","next drive start",4,"08:08",0,"3 plays, 4 yards, 01:35 elapsed",FALSE
"20250913_6i95",233,"Carnegie Mellon",4,"08:08","02:04","score clock",4,"06:04",0,"5 plays, 45 yards, 02:04 elapsed",FALSE
"20250913_6i95",242,"UW-La Crosse",4,"06:04","02:22","next drive start",4,"03:42",0,"3 plays, 9 yards, 02:22 elapsed",FALSE
"20250913_6i95",246,"Carnegie Mellon",4,"03:42","00:08","next drive start",4,"03:34",0,"1 plays, 0 yards, 00:08 elapsed",FALSE
"20250913_6i95",256,"UW-La Crosse",4,"03:34","01:40","score clock",4,"01:54",0,"3 plays, 9 yards, 01:40 elapsed",FALSE
"20250913_6i95",261,"Carnegie Mellon",4,"01:54","00:09","next drive start",4,"01:45",0,"1 plays, -5 yards, 00:09 elapsed",FALSE
"20250913_6i95",267,"UW-La Crosse",4,"01:45","01:45","end of half",4,"00:00",0,"3 plays, -5 yards, 01:45 elapsed",FALSE
"20250913_8770",17,"John Carroll",1,"15:00","04:09","score clock",1,"10:51",0,"8 plays, 63 yards, 04:09 elapsed",FALSE
"20250913_8770",27,"Johns Hopkins",1,"10:41","02:15","score clock",1,"08:26",0,"4 plays, 50 yards, 02:15 elapsed",FALSE
"20250913_8770",35,"John Carroll",1,"08:26","01:37","next drive start",1,"06:49",0,"3 plays, 0 yards, 01:37 elapsed",FALSE
"20250913_8770",49,"Johns Hopkins",1,"06:49","03:46","score clock",1,"03:03",0,"8 plays, 62 yards, 03:46 elapsed",FALSE
"20250913_8770",59,"John Carroll",1,"03:03","01:44","next drive start",1,"01:19",0,"3 plays, -5 yards, 01:44 elapsed",FALSE
"20250913_8770",72,"Johns Hopkins",1,"01:19","02:58","next drive start",2,"13:21",0,"6 plays, 21 yards, 02:58 elapsed",FALSE
"20250913_8770",79,"John Carroll",2,"13:21","00:55","next drive start",2,"12:26",0,"3 plays, 5 yards, 00:55 elapsed",FALSE
"20250913_8770",92,"Johns Hopkins",2,"12:26","04:45","score clock",2,"07:41",0,"8 plays, 61 yards, 04:45 elapsed",FALSE
"20250913_8770",110,"John Carroll",2,"07:32","05:51","score clock",2,"01:41",0,"10 plays, 68 yards, 05:51 elapsed",FALSE
"20250913_8770",118,"Johns Hopkins",2,"01:33","00:29","next drive start",2,"01:04",0,"3 plays, 6 yards, 00:29 elapsed",FALSE
"20250913_8770",133,"John Carroll",2,"01:04","01:04","score clock",2,"00:00",0,"7 plays, 49 yards, 01:04 elapsed",FALSE
"20250913_8770",150,"Johns Hopkins",3,"14:53","03:59","next drive start",3,"10:54",0,"8 plays, 51 yards, 03:59 elapsed",FALSE
"20250913_8770",163,"John Carroll",3,"10:54","03:08","next drive start",3,"07:46",0,"8 plays, 51 yards, 03:08 elapsed",FALSE
"20250913_8770",173,"Johns Hopkins",3,"07:46","03:07","next drive start",3,"04:39",0,"6 plays, 14 yards, 03:07 elapsed",FALSE
"20250913_8770",192,"John Carroll",3,"04:39","06:04","next drive start",4,"13:35",0,"10 plays, 40 yards, 06:04 elapsed",FALSE
"20250913_8770",197,"Johns Hopkins",4,"13:35","00:53","next drive start",4,"12:42",0,"2 plays, 4 yards, 00:53 elapsed",FALSE
"20250913_8770",204,"John Carroll",4,"12:42","01:41","next drive start",4,"11:01",0,"3 plays, -2 yards, 01:41 elapsed",FALSE
"20250913_8770",214,"Johns Hopkins",4,"11:01","01:42","score clock",4,"09:19",0,"6 plays, 44 yards, 01:42 elapsed",FALSE
"20250913_8770",224,"John Carroll",4,"09:12","02:34","next drive start",4,"06:38",0,"4 plays, 20 yards, 02:34 elapsed",FALSE
"20250913_8770",232,"Johns Hopkins",4,"06:38","02:17","score clock",4,"04:21",0,"4 plays, 7 yards, 02:17 elapsed",FALSE
"20250913_8770",244,"John Carroll",4,"04:21","02:10","next drive start",4,"02:11",0,"7 plays, 13 yards, 02:10 elapsed",FALSE
"20250913_8770",256,"Johns Hopkins",4,"02:11","02:11","end of half",4,"00:00",0,"5 plays, 9 yards, 02:11 elapsed",FALSE
"20250913_8wif",23,"Christopher Newport",1,"15:00","02:57","score clock",1,"12:03",0,"7 plays, 70 yards, 02:57 elapsed",FALSE
"20250913_8wif",39,"Gettysburg",1,"11:54","05:06","next drive start",1,"06:48",0,"10 plays, 51 yards, 05:06 elapsed",FALSE
"20250913_8wif",55,"Christopher Newport",1,"06:48","05:46","score clock",1,"01:02",0,"10 plays, 80 yards, 05:46 elapsed",FALSE
"20250913_8wif",66,"Gettysburg",1,"00:57","01:39","score clock",2,"14:18",0,"3 plays, 5 yards, 01:39 elapsed",FALSE
"20250913_8wif",71,"Christopher Newport",2,"14:18","00:00","next drive start",2,"14:11",7,"0 plays, 0 yards, 00:00 elapsed",TRUE
"20250913_8wif",91,"Gettysburg",2,"14:11","03:15","score clock",2,"10:56",0,"8 plays, 78 yards, 03:15 elapsed",FALSE
"20250913_8wif",105,"Christopher Newport",2,"10:48","03:05","score clock",2,"07:43",0,"6 plays, 75 yards, 03:05 elapsed",FALSE
"20250913_8wif",120,"Gettysburg",2,"07:43","02:58","next drive start",2,"04:45",0,"6 plays, 46 yards, 02:58 elapsed",FALSE
"20250913_8wif",135,"Christopher Newport",2,"04:45","03:02","score clock",2,"01:43",0,"7 plays, 75 yards, 03:02 elapsed",FALSE
"20250913_8wif",143,"Gettysburg",2,"01:37","00:38","next drive start",2,"00:59",0,"3 plays, 8 yards, 00:38 elapsed",FALSE
"20250913_8wif",156,"Christopher Newport",2,"00:59","00:50","score clock",2,"00:09",0,"7 plays, 55 yards, 00:50 elapsed",FALSE
"20250913_8wif",161,"Gettysburg",2,"00:05","00:05","end of half",2,"00:00",0,"1 plays, 10 yards, 00:05 elapsed",FALSE
"20250913_8wif",175,"Gettysburg",3,"14:56","01:19","next drive start",3,"13:37",0,"3 plays, 7 yards, 01:19 elapsed",FALSE
"20250913_8wif",187,"Christopher Newport",3,"13:37","03:55","score clock",3,"09:42",0,"6 plays, 55 yards, 03:55 elapsed",FALSE
"20250913_8wif",210,"Gettysburg",3,"09:20","04:35","score clock",3,"04:45",0,"10 plays, 80 yards, 04:35 elapsed",FALSE
"20250913_8wif",235,"Christopher Newport",3,"04:45","04:45","next drive start",4,"11:49",191,"17 plays, 61 yards, 04:45 elapsed",TRUE
"20250913_8wif",253,"Gettysburg",4,"11:49","04:19","next drive start",4,"07:30",0,"11 plays, 73 yards, 04:19 elapsed",FALSE
"20250913_8wif",262,"Christopher Newport",4,"07:30","02:57","next drive start",4,"04:33",0,"5 plays, 22 yards, 02:57 elapsed",FALSE
"20250913_8wif",269,"Gettysburg",4,"04:33","01:43","next drive start",4,"02:50",0,"3 plays, 3 yards, 01:43 elapsed",FALSE
"20250913_8wif",278,"Christopher Newport",4,"02:50","02:50","end of half",4,"00:00",0,"6 plays, 32 yards, 02:50 elapsed",FALSE
"20250913_f947",23,"Dickinson",1,"14:55","04:24","score clock",1,"10:31",0,"11 plays, 72 yards, 04:24 elapsed",FALSE
"20250913_f947",39,"Waynesburg",1,"10:26","06:32","next drive start",1,"03:54",0,"12 plays, 51 yards, 06:32 elapsed",FALSE
"20250913_f947",58,"Dickinson",1,"03:54","04:00","score clock",2,"14:54",0,"10 plays, 86 yards, 04:00 elapsed",FALSE
"20250913_f947",74,"Waynesburg",2,"14:46","04:51","next drive start",2,"09:55",0,"9 plays, 32 yards, 04:51 elapsed",FALSE
"20250913_f947",84,"Dickinson",2,"09:55","01:27","score clock",2,"08:28",0,"5 plays, 63 yards, 01:27 elapsed",FALSE
"20250913_f947",102,"Waynesburg",2,"08:20","06:25","score clock",2,"01:55",0,"11 plays, 70 yards, 06:25 elapsed",FALSE
"20250913_f947",114,"Dickinson",2,"01:55","00:47","score clock",2,"01:08",0,"5 plays, 65 yards, 00:47 elapsed",FALSE
"20250913_f947",121,"Waynesburg",2,"01:02","00:30","next drive start",2,"00:32",0,"3 plays, 12 yards, 00:30 elapsed",FALSE
"20250913_f947",126,"Dickinson",2,"00:32","00:32","end of half",2,"00:00",0,"1 plays, 5 yards, 00:32 elapsed",FALSE
"20250913_f947",140,"Waynesburg",3,"14:53","02:26","score clock",3,"12:27",0,"4 plays, 70 yards, 02:26 elapsed",FALSE
"20250913_f947",150,"Waynesburg",3,"12:05","01:40","next drive start",3,"10:25",0,"4 plays, -5 yards, 01:40 elapsed",FALSE
"20250913_f947",159,"Dickinson",3,"10:25","01:35","score clock",3,"08:50",0,"5 plays, 7 yards, 01:35 elapsed",FALSE
"20250913_f947",172,"Waynesburg",3,"08:44","02:37","score clock",3,"06:07",0,"6 plays, 13 yards, 02:37 elapsed",FALSE
"20250913_f947",182,"Waynesburg",3,"06:01","02:57","next drive start",3,"03:04",0,"4 plays, 17 yards, 02:57 elapsed",FALSE
"20250913_f947",193,"Dickinson",3,"03:04","02:53","next drive start",3,"00:11",0,"5 plays, 19 yards, 02:53 elapsed",FALSE
"20250913_f947",207,"Waynesburg",3,"00:11","03:15","next drive start",4,"11:56",0,"7 plays, 66 yards, 03:15 elapsed",FALSE
"20250913_f947",223,"Dickinson",4,"11:56","06:08","score clock",4,"05:48",0,"11 plays, 80 yards, 06:08 elapsed",FALSE
"20250913_f947",242,"Waynesburg",4,"05:41","05:41","score clock",4,"00:00",0,"13 plays, 68 yards, 05:41 elapsed",FALSE
"20250913_jqge",16,"Muhlenberg",1,"15:00","01:30","score clock",1,"13:30",0,"5 plays, 65 yards, 01:30 elapsed",FALSE
"20250913_jqge",28,"Endicott",1,"13:30","03:47","next drive start",1,"09:43",0,"5 plays, 28 yards, 03:47 elapsed",FALSE
"20250913_jqge",35,"Muhlenberg",1,"09:43","01:00","next drive start",1,"08:43",0,"3 plays, -2 yards, 01:00 elapsed",FALSE
"20250913_jqge",46,"Endicott",1,"08:43","01:48","score clock",1,"06:55",0,"6 plays, 45 yards, 01:48 elapsed",FALSE
"20250913_jqge",60,"Muhlenberg",1,"06:49","05:06","score clock",1,"01:43",0,"8 plays, 70 yards, 05:06 elapsed",FALSE
"20250913_jqge",68,"Endicott",1,"01:35","01:11","next drive start",1,"00:24",0,"3 plays, 9 yards, 01:11 elapsed",FALSE
"20250913_jqge",82,"Muhlenberg",1,"00:24","02:46","score clock",2,"12:38",0,"6 plays, 63 yards, 02:46 elapsed",FALSE
"20250913_jqge",92,"Endicott",2,"12:31","02:42","next drive start",2,"09:49",0,"5 plays, 16 yards, 02:42 elapsed",FALSE
"20250913_jqge",101,"Muhlenberg",2,"09:49","02:17","next drive start",2,"07:32",0,"4 plays, 13 yards, 02:17 elapsed",FALSE
"20250913_jqge",108,"Endicott",2,"07:32","02:05","next drive start",2,"05:27",0,"3 plays, 4 yards, 02:05 elapsed",FALSE
"20250913_jqge",118,"Muhlenberg",2,"05:27","02:56","next drive start",2,"02:31",0,"5 plays, 23 yards, 02:56 elapsed",FALSE
"20250913_jqge",133,"Endicott",2,"02:31","01:56","next drive start",2,"00:35",0,"9 plays, 53 yards, 01:56 elapsed",FALSE
"20250913_jqge",138,"Muhlenberg",2,"00:35","00:35","end of half",2,"00:00",0,"1 plays, -1 yards, 00:35 elapsed",FALSE
"20250913_jqge",150,"Endicott",3,"14:54","02:13","next drive start",3,"12:41",0,"3 plays, 9 yards, 02:13 elapsed",FALSE
"20250913_jqge",160,"Muhlenberg",3,"12:41","04:24","next drive start",3,"08:17",0,"6 plays, 23 yards, 04:24 elapsed",FALSE
"20250913_jqge",170,"Endicott",3,"08:17","01:15","next drive start",3,"07:02",0,"5 plays, 29 yards, 01:15 elapsed",FALSE
"20250913_jqge",177,"Muhlenberg",3,"07:02","01:23","next drive start",3,"05:39",0,"3 plays, 8 yards, 01:23 elapsed",FALSE
"20250913_jqge",194,"Endicott",3,"05:39","05:06","score clock",3,"00:33",0,"11 plays, 58 yards, 05:06 elapsed",FALSE
"20250913_jqge",210,"Muhlenberg",3,"00:33","03:28","score clock",4,"12:05",0,"6 plays, 65 yards, 03:28 elapsed",FALSE
"20250913_jqge",230,"Endicott",4,"12:05","03:49","score clock",4,"08:16",0,"13 plays, 75 yards, 03:49 elapsed",FALSE
"20250913_jqge",241,"Muhlenberg",4,"08:11","03:17","next drive start",4,"04:54",0,"6 plays, 14 yards, 03:17 elapsed",FALSE
"20250913_jqge",257,"Endicott",4,"04:54","03:43","next drive start",4,"01:11",0,"11 plays, 71 yards, 03:43 elapsed",FALSE
"20250913_jqge",267,"Muhlenberg",4,"01:11","01:11","end of half",4,"00:00",0,"4 plays, 19 yards, 01:11 elapsed",FALSE
"20250913_mc0u",14,"Westminster (Pa.)",1,"15:00","02:44","next drive start",1,"12:16",0,"4 plays, 16 yards, 02:44 elapsed",FALSE
"20250913_mc0u",34,"Franklin and Marshall",1,"12:16","09:10","next drive start",1,"03:06",0,"13 plays, 43 yards, 09:10 elapsed",FALSE
"20250913_mc0u",50,"Westminster (Pa.)",1,"03:06","04:33","score clock",2,"13:33",0,"8 plays, 91 yards, 04:33 elapsed",FALSE
"20250913_mc0u",56,"Franklin and Marshall",2,"13:33","00:44","next drive start",2,"12:49",0,"2 plays, 1 yards, 00:44 elapsed",FALSE
"20250913_mc0u",64,"Westminster (Pa.)",2,"12:49","01:37","score clock",2,"11:12",0,"4 plays, 2 yards, 01:37 elapsed",FALSE
"20250913_mc0u",76,"Franklin and Marshall",2,"11:12","02:51","next drive start",2,"08:21",0,"6 plays, 34 yards, 02:51 elapsed",FALSE
"20250913_mc0u",86,"Westminster (Pa.)",2,"08:21","02:54","score clock",2,"05:27",0,"5 plays, 93 yards, 02:54 elapsed",FALSE
"20250913_mc0u",101,"Franklin and Marshall",2,"05:19","03:59","next drive start",2,"01:20",0,"7 plays, 42 yards, 03:59 elapsed",FALSE
"20250913_mc0u",113,"Westminster (Pa.)",2,"01:20","01:07","next drive start",2,"00:13",0,"5 plays, 21 yards, 01:07 elapsed",FALSE
"20250913_mc0u",119,"Franklin and Marshall",2,"00:13","00:13","end of half",2,"00:00",0,"1 plays, 0 yards, 00:13 elapsed",FALSE
"20250913_mc0u",130,"Franklin and Marshall",3,"14:52","00:52","next drive start",3,"14:00",0,"3 plays, -3 yards, 00:52 elapsed",FALSE
"20250913_mc0u",142,"Westminster (Pa.)",3,"14:00","02:53","score clock",3,"11:07",0,"7 plays, 31 yards, 02:53 elapsed",FALSE
"20250913_mc0u",150,"Franklin and Marshall",3,"11:07","02:13","next drive start",3,"08:54",0,"3 plays, 9 yards, 02:13 elapsed",FALSE
"20250913_mc0u",168,"Westminster (Pa.)",3,"08:54","07:10","score clock",3,"01:44",0,"11 plays, 80 yards, 07:10 elapsed",FALSE
"20250913_mc0u",183,"Franklin and Marshall",3,"01:38","02:34","next drive start",4,"14:04",0,"7 plays, 27 yards, 02:34 elapsed",FALSE
"20250913_mc0u",190,"Westminster (Pa.)",4,"14:04","01:29","next drive start",4,"12:35",0,"3 plays, -6 yards, 01:29 elapsed",FALSE
"20250913_mc0u",197,"Franklin and Marshall",4,"12:35","01:24","next drive start",4,"11:11",0,"3 plays, -8 yards, 01:24 elapsed",FALSE
"20250913_mc0u",208,"Westminster (Pa.)",4,"11:11","04:27","next drive start",4,"06:44",0,"7 plays, 44 yards, 04:27 elapsed",FALSE
"20250913_mc0u",229,"Franklin and Marshall",4,"06:44","06:31","score clock",4,"00:13",0,"13 plays, 81 yards, 06:31 elapsed",FALSE
"20250913_mc0u",235,"Westminster (Pa.)",4,"00:13","00:13","end of half",4,"00:00",0,"1 plays, 7 yards, 00:13 elapsed",FALSE
"20250913_v6wh",14,"Ursinus",1,"14:56","02:08","next drive start",1,"12:48",0,"4 plays, 22 yards, 02:08 elapsed",FALSE
"20250913_v6wh",21,"Kean",1,"12:48","01:05","next drive start",1,"11:43",0,"3 plays, 4 yards, 01:05 elapsed",FALSE
"20250913_v6wh",37,"Ursinus",1,"11:43","04:45","score clock",1,"06:58",0,"10 plays, 48 yards, 04:45 elapsed",FALSE
"20250913_v6wh",48,"Kean",1,"06:51","02:08","next drive start",1,"04:43",0,"6 plays, 28 yards, 02:08 elapsed",FALSE
"20250913_v6wh",69,"Ursinus",1,"04:43","05:14","score clock",2,"14:29",0,"11 plays, 80 yards, 05:14 elapsed",FALSE
"20250913_v6wh",80,"Kean",2,"14:29","02:58","next drive start",2,"11:31",0,"6 plays, 18 yards, 02:58 elapsed",FALSE
"20250913_v6wh",94,"Ursinus",2,"11:31","03:39","score clock",2,"07:52",0,"9 plays, 67 yards, 03:39 elapsed",FALSE
"20250913_v6wh",103,"Kean",2,"07:52","00:43","score clock",2,"07:09",0,"3 plays, 2 yards, 00:43 elapsed",FALSE
"20250913_v6wh",111,"Kean",2,"07:09","00:52","next drive start",2,"06:17",0,"3 plays, 1 yards, 00:52 elapsed",FALSE
"20250913_v6wh",118,"Ursinus",2,"06:17","01:30","next drive start",2,"04:47",0,"3 plays, 1 yards, 01:30 elapsed",FALSE
"20250913_v6wh",125,"Kean",2,"04:47","01:19","next drive start",2,"03:28",0,"3 plays, -3 yards, 01:19 elapsed",FALSE
"20250913_v6wh",133,"Kean",2,"03:28","00:31","next drive start",2,"02:57",0,"4 plays, 4 yards, 00:31 elapsed",FALSE
"20250913_v6wh",145,"Ursinus",2,"02:57","01:34","score clock",2,"01:23",0,"7 plays, 59 yards, 01:34 elapsed",FALSE
"20250913_v6wh",155,"Kean",2,"01:23","00:51","next drive start",2,"00:32",0,"3 plays, 9 yards, 00:51 elapsed",FALSE
"20250913_v6wh",165,"Ursinus",2,"00:32","00:32","end of half",2,"00:00",0,"4 plays, 5 yards, 00:32 elapsed",FALSE
"20250913_v6wh",192,"Kean",3,"15:00","07:30","score clock",3,"07:30",0,"15 plays, 75 yards, 07:30 elapsed",FALSE
"20250913_v6wh",200,"Ursinus",3,"07:23","01:27","next drive start",3,"05:56",0,"3 plays, 9 yards, 01:27 elapsed",FALSE
"20250913_v6wh",211,"Kean",3,"05:56","03:20","next drive start",3,"02:36",0,"6 plays, 25 yards, 03:20 elapsed",FALSE
"20250913_v6wh",227,"Ursinus",3,"02:36","03:54","score clock",4,"13:42",0,"7 plays, 90 yards, 03:54 elapsed",FALSE
"20250913_v6wh",241,"Kean",4,"13:36","03:07","next drive start",4,"10:29",0,"8 plays, 27 yards, 03:07 elapsed",FALSE
"20250913_v6wh",250,"Ursinus",4,"10:29","02:57","next drive start",4,"07:32",0,"5 plays, -5 yards, 02:57 elapsed",FALSE
"20250913_v6wh",260,"Kean",4,"07:32","02:09","score clock",4,"05:23",0,"5 plays, 53 yards, 02:09 elapsed",FALSE
"20250913_v6wh",270,"Ursinus",4,"05:16","03:19","next drive start",4,"01:57",0,"5 plays, 15 yards, 03:19 elapsed",FALSE
"20250913_v6wh",275,"Kean",4,"01:57","00:35","next drive start",4,"01:22",0,"2 plays, 16 yards, 00:35 elapsed",FALSE
"20250913_v6wh",281,"Ursinus",4,"01:22","01:22","end of half",4,"00:00",0,"2 plays, 4 yards, 01:22 elapsed",FALSE
"20250913_yo3z",21,"Salisbury",1,"14:55","03:55","score clock",1,"11:00",0,"11 plays, 71 yards, 03:55 elapsed",FALSE
"20250913_yo3z",32,"McDaniel",1,"10:55","02:11","next drive start",1,"08:44",0,"5 plays, 45 yards, 02:11 elapsed",FALSE
"20250913_yo3z",46,"Salisbury",1,"08:44","04:56","score clock",1,"03:48",0,"9 plays, 78 yards, 04:56 elapsed",FALSE
"20250913_yo3z",57,"McDaniel",1,"03:48","03:35","next drive start",1,"00:13",0,"6 plays, 36 yards, 03:35 elapsed",FALSE
"20250913_yo3z",72,"Salisbury",1,"00:13","03:02","score clock",2,"12:11",0,"7 plays, 79 yards, 03:02 elapsed",FALSE
"20250913_yo3z",80,"McDaniel",2,"12:04","01:37","next drive start",2,"10:27",0,"3 plays, -7 yards, 01:37 elapsed",FALSE
"20250913_yo3z",90,"Salisbury",2,"10:27","04:08","next drive start",2,"06:19",0,"7 plays, 10 yards, 04:08 elapsed",FALSE
"20250913_yo3z",97,"McDaniel",2,"06:19","01:29","next drive start",2,"04:50",0,"3 plays, 2 yards, 01:29 elapsed",FALSE
"20250913_yo3z",106,"Salisbury",2,"04:50","02:01","score clock",2,"02:49",0,"4 plays, 56 yards, 02:01 elapsed",FALSE
"20250913_yo3z",125,"McDaniel",2,"02:49","02:08","score clock",2,"00:41",0,"9 plays, 75 yards, 02:08 elapsed",FALSE
"20250913_yo3z",132,"Salisbury",2,"00:35","00:35","end of half",2,"00:00",0,"1 plays, -1 yards, 00:35 elapsed",FALSE
"20250913_yo3z",145,"McDaniel",3,"14:54","01:36","next drive start",3,"13:18",0,"3 plays, 0 yards, 01:36 elapsed",FALSE
"20250913_yo3z",149,"Salisbury",3,"13:18","00:06","next drive start",3,"13:12",0,"1 plays, 3 yards, 00:06 elapsed",FALSE
"20250913_yo3z",156,"McDaniel",3,"13:12","01:12","next drive start",3,"12:00",0,"4 plays, 7 yards, 01:12 elapsed",FALSE
"20250913_yo3z",165,"Salisbury",3,"12:00","01:51","score clock",3,"10:09",0,"4 plays, 53 yards, 01:51 elapsed",FALSE
"20250913_yo3z",175,"McDaniel",3,"10:02","00:53","next drive start",3,"09:09",0,"3 plays, 6 yards, 00:53 elapsed",FALSE
"20250913_yo3z",187,"Salisbury",3,"09:09","02:52","score clock",3,"06:17",0,"6 plays, 48 yards, 02:52 elapsed",FALSE
"20250913_yo3z",197,"McDaniel",3,"06:17","02:39","next drive start",3,"03:38",0,"5 plays, 20 yards, 02:39 elapsed",FALSE
"20250913_yo3z",214,"Salisbury",3,"03:38","04:24","score clock",4,"14:14",0,"8 plays, 75 yards, 04:24 elapsed",FALSE
"20250913_yo3z",221,"McDaniel",4,"14:06","01:12","next drive start",4,"12:54",0,"3 plays, 11 yards, 01:12 elapsed",FALSE
"20250913_yo3z",232,"Salisbury",4,"12:54","03:17","score clock",4,"09:37",0,"6 plays, 36 yards, 03:17 elapsed",FALSE
"20250913_yo3z",244,"McDaniel",4,"09:31","03:20","next drive start",4,"06:11",0,"8 plays, 28 yards, 03:20 elapsed",FALSE
"20250913_yo3z",257,"Salisbury",4,"06:11","04:16","score clock",4,"01:55",0,"7 plays, 43 yards, 04:16 elapsed",FALSE
"20250913_yo3z",265,"McDaniel",4,"01:55","01:18","next drive start",4,"00:37",0,"4 plays, 8 yards, 01:18 elapsed",FALSE
"20250913_yo3z",270,"Salisbury",4,"00:37","00:37","end of half",4,"00:00",0,"1 plays, -1 yards, 00:37 elapsed",FALSE
"20250920_6638",22,"Muhlenberg",1,"14:55","05:38","next drive start",1,"09:17",0,"9 plays, 21 yards, 05:38 elapsed",FALSE
"20250920_6638",34,"Wilkes",1,"09:17","04:08","next drive start",1,"05:09",0,"7 plays, 30 yards, 04:08 elapsed",FALSE
"20250920_6638",43,"Muhlenberg",1,"05:09","00:51","score clock",1,"04:18",0,"3 plays, 65 yards, 00:51 elapsed",FALSE
"20250920_6638",57,"Wilkes",1,"04:10","03:35","score clock",1,"00:35",0,"7 plays, 49 yards, 03:35 elapsed",FALSE
"20250920_6638",70,"Muhlenberg",1,"00:25","01:55","next drive start",2,"13:30",0,"5 plays, 13 yards, 01:55 elapsed",FALSE
"20250920_6638",77,"Wilkes",2,"13:30","02:16","next drive start",2,"11:14",0,"3 plays, 3 yards, 02:16 elapsed",FALSE
"20250920_6638",93,"Muhlenberg",2,"11:14","03:44","score clock",2,"07:30",0,"9 plays, 57 yards, 03:44 elapsed",FALSE
"20250920_6638",104,"Wilkes",2,"07:30","02:53","next drive start",2,"04:37",0,"5 plays, 21 yards, 02:53 elapsed",FALSE
"20250920_6638",113,"Muhlenberg",2,"04:37","01:40","score clock",2,"02:57",0,"4 plays, 89 yards, 01:40 elapsed",FALSE
"20250920_6638",129,"Wilkes",2,"02:57","02:39","next drive start",2,"00:18",0,"8 plays, 35 yards, 02:39 elapsed",FALSE
"20250920_6638",135,"Muhlenberg",2,"00:18","00:18","end of half",2,"00:00",0,"2 plays, 4 yards, 00:18 elapsed",FALSE
"20250920_6638",155,"Wilkes",3,"14:53","04:40","score clock",3,"10:13",0,"9 plays, 60 yards, 04:40 elapsed",FALSE
"20250920_6638",165,"Muhlenberg",3,"10:13","01:54","next drive start",3,"08:19",0,"4 plays, 18 yards, 01:54 elapsed",FALSE
"20250920_6638",176,"Wilkes",3,"08:19","03:29","next drive start",3,"04:50",0,"7 plays, 16 yards, 03:29 elapsed",FALSE
"20250920_6638",184,"Muhlenberg",3,"04:50","01:13","next drive start",3,"03:37",0,"3 plays, 0 yards, 01:13 elapsed",FALSE
"20250920_6638",192,"Wilkes",3,"03:37","02:12","next drive start",3,"01:25",0,"3 plays, -9 yards, 02:12 elapsed",FALSE
"20250920_6638",205,"Muhlenberg",3,"01:25","03:02","next drive start",4,"13:23",0,"6 plays, 26 yards, 03:02 elapsed",FALSE
"20250920_6638",212,"Wilkes",4,"13:23","02:27","next drive start",4,"10:56",0,"3 plays, 2 yards, 02:27 elapsed",FALSE
"20250920_6638",221,"Muhlenberg",4,"10:56","01:11","score clock",4,"09:45",0,"3 plays, 14 yards, 01:11 elapsed",FALSE
"20250920_6638",243,"Wilkes",4,"09:45","04:58","score clock",4,"04:47",0,"14 plays, 75 yards, 04:58 elapsed",FALSE
"20250920_6638",260,"Muhlenberg",4,"04:38","04:38","end of half",4,"00:00",0,"9 plays, 20 yards, 04:38 elapsed",FALSE
"20250920_6c77",12,"McDaniel",1,"14:53","01:55","next drive start",1,"12:58",0,"3 plays, 0 yards, 01:55 elapsed",FALSE
"20250920_6c77",30,"Juniata",1,"12:58","05:08","next drive start",1,"07:50",0,"14 plays, 43 yards, 05:08 elapsed",FALSE
"20250920_6c77",48,"McDaniel",1,"07:50","07:08","next drive start",1,"00:42",0,"12 plays, 59 yards, 07:08 elapsed",FALSE
"20250920_6c77",60,"Juniata",1,"00:42","02:30","next drive start",2,"13:12",0,"3 plays, -8 yards, 02:30 elapsed",FALSE
"20250920_6c77",70,"McDaniel",2,"13:12","02:15","score clock",2,"10:57",0,"4 plays, 9 yards, 02:15 elapsed",FALSE
"20250920_6c77",79,"Juniata",2,"10:57","01:33","next drive start",2,"09:24",0,"3 plays, 3 yards, 01:33 elapsed",FALSE
"20250920_6c77",86,"McDaniel",2,"09:24","01:04","next drive start",2,"08:20",0,"3 plays, 0 yards, 01:04 elapsed",FALSE
"20250920_6c77",105,"Juniata",2,"08:20","05:35","score clock",2,"02:45",0,"14 plays, 87 yards, 05:35 elapsed",FALSE
"20250920_6c77",112,"McDaniel",2,"02:39","00:36","next drive start",2,"02:03",0,"2 plays, 4 yards, 00:36 elapsed",FALSE
"20250920_6c77",120,"Juniata",2,"02:03","00:54","next drive start",2,"01:09",0,"3 plays, 1 yards, 00:54 elapsed",FALSE
"20250920_6c77",126,"McDaniel",2,"01:09","01:09","end of half",2,"00:00",0,"2 plays, 2 yards, 01:09 elapsed",FALSE
"20250920_6c77",137,"Juniata",3,"14:54","01:12","next drive start",3,"13:42",0,"3 plays, 1 yards, 01:12 elapsed",FALSE
"20250920_6c77",149,"McDaniel",3,"13:42","03:14","score clock",3,"10:28",0,"7 plays, 39 yards, 03:14 elapsed",FALSE
"20250920_6c77",160,"Juniata",3,"10:28","01:51","next drive start",3,"08:37",0,"5 plays, 21 yards, 01:51 elapsed",FALSE
"20250920_6c77",170,"McDaniel",3,"08:37","02:39","score clock",3,"05:58",0,"5 plays, 88 yards, 02:39 elapsed",FALSE
"20250920_6c77",179,"Juniata",3,"05:58","00:52","next drive start",3,"05:06",0,"3 plays, 2 yards, 00:52 elapsed",FALSE
"20250920_6c77",194,"McDaniel",3,"05:06","05:14","next drive start",4,"14:52",0,"9 plays, 37 yards, 05:14 elapsed",FALSE
"20250920_6c77",201,"Juniata",4,"14:52","00:38","next drive start",4,"14:14",0,"4 plays, 1 yards, 00:38 elapsed",FALSE
"20250920_6c77",220,"McDaniel",4,"14:14","06:23","score clock",4,"07:51",0,"11 plays, 50 yards, 06:23 elapsed",FALSE
"20250920_6c77",229,"Juniata",4,"07:51","01:17","next drive start",4,"06:34",0,"3 plays, -5 yards, 01:17 elapsed",FALSE
"20250920_6c77",237,"McDaniel",4,"06:34","02:23","next drive start",4,"04:11",0,"4 plays, 12 yards, 02:23 elapsed",FALSE
"20250920_6c77",245,"Juniata",4,"04:11","01:40","next drive start",4,"02:31",0,"3 plays, -11 yards, 01:40 elapsed",FALSE
"20250920_6c77",254,"McDaniel",4,"02:31","02:31","end of half",4,"00:00",0,"3 plays, 1 yards, 02:31 elapsed",FALSE
"20250920_dyvl",21,"Susquehanna",1,"14:53","06:26","score clock",1,"08:27",0,"11 plays, 79 yards, 06:26 elapsed",FALSE
"20250920_dyvl",33,"Johns Hopkins",1,"08:17","03:26","score clock",1,"04:51",0,"7 plays, 37 yards, 03:26 elapsed",FALSE
"20250920_dyvl",42,"Susquehanna",1,"04:46","01:00","next drive start",1,"03:46",0,"3 plays, 9 yards, 01:00 elapsed",FALSE
"20250920_dyvl",63,"Johns Hopkins",1,"03:46","05:53","score clock",2,"12:53",0,"11 plays, 83 yards, 05:53 elapsed",FALSE
"20250920_dyvl",73,"Susquehanna",2,"12:47","02:59","next drive start",2,"09:48",0,"5 plays, 39 yards, 02:59 elapsed",FALSE
"20250920_dyvl",80,"Johns Hopkins",2,"09:48","00:45","score clock",2,"09:03",0,"2 plays, 87 yards, 00:45 elapsed",FALSE
"20250920_dyvl",94,"Susquehanna",2,"08:53","05:43","next drive start",2,"03:10",0,"8 plays, 54 yards, 05:43 elapsed",FALSE
"20250920_dyvl",102,"Johns Hopkins",2,"03:10","01:02","next drive start",2,"02:08",0,"3 plays, 5 yards, 01:02 elapsed",FALSE
"20250920_dyvl",113,"Susquehanna",2,"02:08","01:18","next drive start",2,"00:50",0,"5 plays, 19 yards, 01:18 elapsed",FALSE
"20250920_dyvl",129,"Johns Hopkins",2,"00:50","00:50","end of half",2,"00:00",0,"7 plays, 25 yards, 00:50 elapsed",FALSE
"20250920_dyvl",144,"Johns Hopkins",3,"14:59","02:32","score clock",3,"12:27",0,"5 plays, 69 yards, 02:32 elapsed",FALSE
"20250920_dyvl",159,"Susquehanna",3,"12:27","03:55","next drive start",3,"08:32",0,"9 plays, 45 yards, 03:55 elapsed",FALSE
"20250920_dyvl",166,"Johns Hopkins",3,"08:32","01:41","next drive start",3,"06:51",0,"3 plays, 8 yards, 01:41 elapsed",FALSE
"20250920_dyvl",171,"Susquehanna",3,"06:51","00:10","score clock",3,"06:41",0,"1 plays, -1 yards, 00:10 elapsed",FALSE
"20250920_dyvl",185,"Johns Hopkins",3,"06:35","05:03","score clock",3,"01:32",0,"8 plays, 73 yards, 05:03 elapsed",FALSE
"20250920_dyvl",199,"Susquehanna",3,"01:32","02:22","next drive start",4,"14:10",0,"6 plays, 28 yards, 02:22 elapsed",FALSE
"20250920_dyvl",207,"Johns Hopkins",4,"14:10","02:05","next drive start",4,"12:05",0,"3 plays, 4 yards, 02:05 elapsed",FALSE
"20250920_dyvl",214,"Susquehanna",4,"12:05","00:58","next drive start",4,"11:07",0,"3 plays, 2 yards, 00:58 elapsed",FALSE
"20250920_dyvl",221,"Johns Hopkins",4,"11:07","02:25","next drive start",4,"08:42",0,"3 plays, -9 yards, 02:25 elapsed",FALSE
"20250920_dyvl",232,"Susquehanna",4,"08:42","01:54","score clock",4,"06:48",0,"6 plays, 53 yards, 01:54 elapsed",FALSE
"20250920_dyvl",241,"Susquehanna",4,"06:42","00:54","score clock",4,"05:48",0,"3 plays, 24 yards, 00:54 elapsed",FALSE
"20250920_dyvl",256,"Johns Hopkins",4,"05:48","03:36","score clock",4,"02:12",0,"7 plays, 75 yards, 03:36 elapsed",FALSE
"20250920_dyvl",272,"Susquehanna",4,"02:03","02:03","end of half",4,"00:00",0,"9 plays, 80 yards, 02:03 elapsed",FALSE
"20250920_ed92",18,"Western Connecticut",1,"14:53","02:38","score clock",1,"12:15",0,"7 plays, 48 yards, 02:38 elapsed",FALSE
"20250920_ed92",29,"Gettysburg",1,"12:14","02:17","next drive start",1,"09:57",0,"6 plays, 13 yards, 02:17 elapsed",FALSE
"20250920_ed92",38,"Western Connecticut",1,"09:57","01:09","next drive start",1,"08:48",0,"4 plays, 17 yards, 01:09 elapsed",FALSE
"20250920_ed92",47,"Gettysburg",1,"08:48","02:30","next drive start",1,"06:18",0,"5 plays, 2 yards, 02:30 elapsed",FALSE
"20250920_ed92",56,"Western Connecticut",1,"06:18","00:52","score clock",1,"05:26",0,"3 plays, 22 yards, 00:52 elapsed",FALSE
"20250920_ed92",67,"Gettysburg",1,"05:26","02:48","score clock",1,"02:38",0,"5 plays, 75 yards, 02:48 elapsed",FALSE
"20250920_ed92",75,"Western Connecticut",1,"02:32","01:29","next drive start",1,"01:03",0,"3 plays, 6 yards, 01:29 elapsed",FALSE
"20250920_ed92",82,"Gettysburg",1,"01:03","00:52","next drive start",1,"00:11",0,"3 plays, 6 yards, 00:52 elapsed",FALSE
"20250920_ed92",93,"Western Connecticut",1,"00:11","00:20","score clock",2,"14:51",0,"3 plays, 64 yards, 00:20 elapsed",FALSE
"20250920_ed92",101,"Gettysburg",2,"14:46","01:28","next drive start",2,"13:18",0,"3 plays, 5 yards, 01:28 elapsed",FALSE
"20250920_ed92",114,"Western Connecticut",2,"13:18","03:06","score clock",2,"10:12",0,"6 plays, 74 yards, 03:06 elapsed",FALSE
"20250920_ed92",128,"Gettysburg",2,"10:00","03:30","next drive start",2,"06:30",0,"9 plays, 28 yards, 03:30 elapsed",FALSE
"20250920_ed92",141,"Western Connecticut",2,"06:30","03:43","score clock",2,"02:47",0,"7 plays, 59 yards, 03:43 elapsed",FALSE
"20250920_ed92",160,"Gettysburg",2,"02:41","02:26","score clock",2,"00:15",0,"8 plays, 64 yards, 02:26 elapsed",FALSE
"20250920_ed92",166,"Western Connecticut",2,"00:08","00:08","end of half",2,"00:00",0,"1 plays, -1 yards, 00:08 elapsed",FALSE
"20250920_ed92",180,"Gettysburg",3,"14:36","01:24","next drive start",3,"13:12",0,"6 plays, 13 yards, 01:24 elapsed",FALSE
"20250920_ed92",188,"Western Connecticut",3,"13:12","02:03","next drive start",3,"11:09",0,"4 plays, 14 yards, 02:03 elapsed",FALSE
"20250920_ed92",197,"Gettysburg",3,"11:09","02:04","next drive start",3,"09:05",0,"6 plays, 31 yards, 02:04 elapsed",FALSE
"20250920_ed92",204,"Western Connecticut",3,"09:05","01:31","next drive start",3,"07:34",0,"3 plays, 6 yards, 01:31 elapsed",FALSE
"20250920_ed92",212,"Gettysburg",3,"07:34","01:00","next drive start",3,"06:34",0,"4 plays, 14 yards, 01:00 elapsed",FALSE
"20250920_ed92",227,"Western Connecticut",3,"06:34","05:10","score clock",3,"01:24",0,"10 plays, 61 yards, 05:10 elapsed",FALSE
"20250920_ed92",233,"Gettysburg",3,"01:24","00:12","next drive start",3,"01:12",0,"1 plays, 0 yards, 00:12 elapsed",FALSE
"20250920_ed92",245,"Western Connecticut",3,"01:12","01:17","score clock",4,"14:55",0,"4 plays, 35 yards, 01:17 elapsed",FALSE
"20250920_ed92",258,"Gettysburg",4,"14:55","02:18","score clock",4,"12:37",0,"5 plays, 65 yards, 02:18 elapsed",FALSE
"20250920_ed92",271,"Western Connecticut",4,"12:31","02:56","score clock",4,"09:35",0,"5 plays, 64 yards, 02:56 elapsed",FALSE
"20250920_ed92",277,"Gettysburg",4,"09:30","00:11","next drive start",4,"09:19",0,"1 plays, 0 yards, 00:11 elapsed",FALSE
"20250920_ed92",296,"Western Connecticut",4,"09:19","08:06","score clock",4,"01:13",0,"13 plays, 50 yards, 08:06 elapsed",FALSE
"20250920_ed92",307,"Gettysburg",4,"01:03","01:03","end of half",4,"00:00",0,"5 plays, 22 yards, 01:03 elapsed",FALSE
"20250920_evn8",11,"Lycoming",1,"14:55","00:46","next drive start",1,"14:09",0,"3 plays, 1 yards, 00:46 elapsed",FALSE
"20250920_evn8",21,"Dickinson",1,"14:09","02:34","score clock",1,"11:35",0,"6 plays, 44 yards, 02:34 elapsed",FALSE
"20250920_evn8",34,"Lycoming",1,"11:35","03:02","next drive start",1,"08:33",0,"6 plays, 16 yards, 03:02 elapsed",FALSE
"20250920_evn8",43,"Dickinson",1,"08:33","01:55","next drive start",1,"06:38",0,"5 plays, 20 yards, 01:55 elapsed",FALSE
"20250920_evn8",50,"Lycoming",1,"06:38","00:50","score clock",1,"05:48",0,"2 plays, 78 yards, 00:50 elapsed",FALSE
"20250920_evn8",65,"Lycoming",1,"05:31","02:57","score clock",1,"02:34",0,"7 plays, 82 yards, 02:57 elapsed",FALSE
"20250920_evn8",87,"Dickinson",1,"02:34","06:09","score clock",2,"11:25",0,"13 plays, 92 yards, 06:09 elapsed",FALSE
"20250920_evn8",96,"Lycoming",2,"11:17","00:46","next drive start",2,"10:31",0,"3 plays, 2 yards, 00:46 elapsed",FALSE
"20250920_evn8",110,"Dickinson",2,"10:31","03:05","score clock",2,"07:26",0,"9 plays, 86 yards, 03:05 elapsed",FALSE
"20250920_evn8",131,"Lycoming",2,"07:26","06:17","next drive start",2,"01:09",0,"12 plays, 54 yards, 06:17 elapsed",FALSE
"20250920_evn8",147,"Dickinson",2,"01:09","00:54","score clock",2,"00:15",0,"7 plays, 98 yards, 00:54 elapsed",FALSE
"20250920_evn8",154,"Lycoming",2,"00:09","00:09","end of half",2,"00:00",0,"2 plays, 10 yards, 00:09 elapsed",FALSE
"20250920_evn8",174,"Dickinson",3,"14:59","03:54","next drive start",3,"11:05",0,"11 plays, 68 yards, 03:54 elapsed",FALSE
"20250920_evn8",183,"Lycoming",3,"11:05","01:56","next drive start",3,"09:09",0,"6 plays, 19 yards, 01:56 elapsed",FALSE
"20250920_evn8",197,"Dickinson",3,"09:09","02:42","score clock",3,"06:27",0,"7 plays, 39 yards, 02:42 elapsed",FALSE
"20250920_evn8",210,"Lycoming",3,"06:26","03:08","next drive start",3,"03:18",0,"9 plays, 60 yards, 03:08 elapsed",FALSE
"20250920_evn8",224,"Dickinson",3,"03:18","03:29","next drive start",4,"14:49",0,"8 plays, 67 yards, 03:29 elapsed",FALSE
"20250920_evn8",230,"Lycoming",4,"14:49","00:12","score clock",4,"14:37",0,"1 plays, 89 yards, 00:12 elapsed",FALSE
"20250920_evn8",238,"Dickinson",4,"14:31","02:01","next drive start",4,"12:30",0,"3 plays, 8 yards, 02:01 elapsed",FALSE
"20250920_evn8",246,"Lycoming",4,"12:30","01:33","next drive start",4,"10:57",0,"3 plays, 2 yards, 01:33 elapsed",FALSE
"20250920_evn8",255,"Dickinson",4,"10:57","01:38","score clock",4,"09:19",0,"4 plays, 58 yards, 01:38 elapsed",FALSE
"20250920_evn8",268,"Lycoming",4,"09:09","02:45","score clock",4,"06:24",0,"6 plays, 35 yards, 02:45 elapsed",FALSE
"20250920_evn8",281,"Dickinson",4,"06:17","02:56","score clock",4,"03:21",0,"6 plays, 70 yards, 02:56 elapsed",FALSE
"20250920_evn8",296,"Lycoming",4,"03:16","02:06","next drive start",4,"01:10",0,"9 plays, 32 yards, 02:06 elapsed",FALSE
"20250920_evn8",304,"Dickinson",4,"01:10","01:10","end of half",4,"00:00",0,"3 plays, -3 yards, 01:10 elapsed",FALSE
"20250920_l58t",17,"Berry",1,"15:00","05:57","next drive start",1,"09:03",0,"8 plays, 35 yards, 05:57 elapsed",FALSE
"20250920_l58t",28,"Carnegie Mellon",1,"09:03","02:45","score clock",1,"06:18",0,"7 plays, 79 yards, 02:45 elapsed",FALSE
"20250920_l58t",51,"Berry",1,"06:18","07:02","score clock",2,"14:16",0,"13 plays, 65 yards, 07:02 elapsed",FALSE
"20250920_l58t",60,"Carnegie Mellon",2,"14:11","02:31","next drive start",2,"11:40",0,"3 plays, 4 yards, 02:31 elapsed",FALSE
"20250920_l58t",67,"Berry",2,"11:40","00:00","next drive start",2,"11:40",0,"3 plays, -8 yards, 00:00 elapsed",FALSE
"20250920_l58t",70,"Berry",2,"11:40","01:09","next drive start",2,"10:31",0,"0 plays, 0 yards, 01:09 elapsed",FALSE
"20250920_l58t",77,"Carnegie Mellon",2,"10:31","00:57","next drive start",2,"09:34",0,"3 plays, 0 yards, 00:57 elapsed",FALSE
"20250920_l58t",84,"Berry",2,"09:34","02:19","next drive start",2,"07:15",0,"3 plays, 1 yards, 02:19 elapsed",FALSE
"20250920_l58t",93,"Carnegie Mellon",2,"07:15","02:03","score clock",2,"05:12",0,"4 plays, 50 yards, 02:03 elapsed",FALSE
"20250920_l58t",103,"Berry",2,"05:12","02:19","next drive start",2,"02:53",0,"5 plays, 27 yards, 02:19 elapsed",FALSE
"20250920_l58t",127,"Carnegie Mellon",2,"02:53","02:53","end of half",2,"00:00",0,"10 plays, 37 yards, 02:53 elapsed",FALSE
"20250920_l58t",142,"Carnegie Mellon",3,"14:54","02:15","score clock",3,"12:39",0,"5 plays, 73 yards, 02:15 elapsed",FALSE
"20250920_l58t",161,"Berry",3,"12:39","07:45","next drive start",3,"04:54",0,"11 plays, 31 yards, 07:45 elapsed",FALSE
"20250920_l58t",175,"Carnegie Mellon",3,"04:54","04:16","next drive start",3,"00:38",0,"8 plays, 38 yards, 04:16 elapsed",FALSE
"20250920_l58t",187,"Berry",3,"00:38","02:05","next drive start",4,"13:33",0,"5 plays, 20 yards, 02:05 elapsed",FALSE
"20250920_l58t",195,"Carnegie Mellon",4,"13:33","02:13","next drive start",4,"11:20",0,"5 plays, 14 yards, 02:13 elapsed",FALSE
"20250920_l58t",205,"Berry",4,"11:20","02:20","next drive start",4,"09:00",0,"6 plays, 24 yards, 02:20 elapsed",FALSE
"20250920_l58t",213,"Carnegie Mellon",4,"09:00","00:00","next drive start",4,"09:00",0,"3 plays, 11 yards, 00:00 elapsed",FALSE
"20250920_l58t",223,"Carnegie Mellon",4,"09:00","06:21","next drive start",4,"02:39",0,"6 plays, 24 yards, 06:21 elapsed",FALSE
"20250920_l58t",242,"Berry",4,"02:39","01:46","score clock",4,"00:53",0,"9 plays, 88 yards, 01:46 elapsed",FALSE
"20250920_l58t",248,"Carnegie Mellon",4,"00:52","00:52","end of half",4,"00:00",0,"2 plays, -2 yards, 00:52 elapsed",FALSE
"20250920_puiy",17,"Catholic",1,"14:52","05:16","next drive start",1,"09:36",0,"8 plays, 35 yards, 05:16 elapsed",FALSE
"20250920_puiy",34,"Franklin and Marshall",1,"09:36","05:42","score clock",1,"03:54",0,"11 plays, 67 yards, 05:42 elapsed",FALSE
"20250920_puiy",42,"Catholic",1,"03:48","02:00","next drive start",1,"01:48",0,"3 plays, -14 yards, 02:00 elapsed",FALSE
"20250920_puiy",49,"Franklin and Marshall",1,"01:48","00:45","score clock",1,"01:03",0,"2 plays, 46 yards, 00:45 elapsed",FALSE
"20250920_puiy",60,"Catholic",1,"00:52","01:29","next drive start",2,"14:23",0,"3 plays, -1 yards, 01:29 elapsed",FALSE
"20250920_puiy",70,"Franklin and Marshall",2,"14:23","03:04","next drive start",2,"11:19",0,"6 plays, 19 yards, 03:04 elapsed",FALSE
"20250920_puiy",78,"Catholic",2,"11:19","01:21","next drive start",2,"09:58",0,"3 plays, -5 yards, 01:21 elapsed",FALSE
"20250920_puiy",85,"Franklin and Marshall",2,"09:58","00:51","score clock",2,"09:07",0,"2 plays, 45 yards, 00:51 elapsed",FALSE
"20250920_puiy",96,"Catholic",2,"09:06","03:04","next drive start",2,"06:02",0,"6 plays, 39 yards, 03:04 elapsed",FALSE
"20250920_puiy",103,"Franklin and Marshall",2,"06:02","01:37","next drive start",2,"04:25",0,"3 plays, 0 yards, 01:37 elapsed",FALSE
"20250920_puiy",110,"Catholic",2,"04:25","01:40","next drive start",2,"02:45",0,"3 plays, -1 yards, 01:40 elapsed",FALSE
"20250920_puiy",115,"Franklin and Marshall",2,"02:45","00:39","next drive start",2,"02:06",0,"1 plays, -14 yards, 00:39 elapsed",FALSE
"20250920_puiy",123,"Catholic",2,"02:06","01:01","next drive start",2,"01:05",0,"4 plays, -6 yards, 01:01 elapsed",FALSE
"20250920_puiy",132,"Franklin and Marshall",2,"01:05","00:33","score clock",2,"00:32",0,"3 plays, 68 yards, 00:33 elapsed",FALSE
"20250920_puiy",138,"Catholic",2,"00:32","00:32","end of half",2,"00:00",0,"1 plays, -1 yards, 00:32 elapsed",FALSE
"20250920_puiy",162,"Franklin and Marshall",3,"14:51","08:08","score clock",3,"06:43",0,"12 plays, 74 yards, 08:08 elapsed",FALSE
"20250920_puiy",174,"Catholic",3,"06:39","02:49","next drive start",3,"03:50",0,"7 plays, 31 yards, 02:49 elapsed",FALSE
"20250920_puiy",182,"Franklin and Marshall",3,"03:50","02:34","next drive start",3,"01:16",0,"3 plays, 9 yards, 02:34 elapsed",FALSE
"20250920_puiy",189,"Catholic",3,"01:16","00:53","next drive start",3,"00:23",0,"3 plays, 3 yards, 00:53 elapsed",FALSE
"20250920_puiy",205,"Franklin and Marshall",3,"00:23","02:34","score clock",4,"12:49",0,"6 plays, 31 yards, 02:34 elapsed",FALSE
"20250920_puiy",231,"Catholic",4,"12:49","09:06","score clock",4,"03:43",0,"18 plays, 75 yards, 09:06 elapsed",FALSE
"20250920_puiy",242,"Franklin and Marshall",4,"03:36","03:36","end of half",4,"00:00",0,"6 plays, 22 yards, 03:36 elapsed",FALSE
"20250920_s44c",18,"Ursinus",1,"15:00","02:36","next drive start",1,"13:22",-58,"3 plays, 4 yards, 2:36 elapsed",TRUE
"20250920_s44c",25,"Moravian",1,"13:22","01:52","next drive start",1,"12:12",-42,"3 plays, 7 yards, 1:52 elapsed",TRUE
"20250920_s44c",38,"Ursinus",1,"12:12","03:23","score clock",1,"06:57",112,"8 plays, 70 yards, 3:23 elapsed",TRUE
"20250920_s44c",47,"Moravian",1,"06:57","01:41","next drive start",1,"06:57",-101,"3 plays, 6 yards, 1:41 elapsed",TRUE
"20250920_s44c",54,"Moravian",1,"06:57","00:58","next drive start",1,"05:16",43,"4 plays, 0 yards, 0:58 elapsed",TRUE
"20250920_s44c",58,"Ursinus",1,"05:16","00:10","next drive start",1,"04:18",48,"1 plays, 10 yards, 0:10 elapsed",TRUE
"20250920_s44c",67,"Moravian",1,"04:18","03:32","next drive start",1,"04:08",-202,"6 plays, 18 yards, 3:32 elapsed",TRUE
"20250920_s44c",84,"Ursinus",1,"04:08","03:20","score clock",2,"12:16",212,"9 plays, 64 yards, 3:20 elapsed",TRUE
"20250920_s44c",92,"Moravian",2,"12:16","02:24","next drive start",2,"12:09",-137,"3 plays, -2 yards, 2:24 elapsed",TRUE
"20250920_s44c",113,"Ursinus",2,"12:09","05:20","score clock",2,"04:25",144,"11 plays, 99 yards, 5:20 elapsed",TRUE
"20250920_s44c",120,"Moravian",2,"04:25","01:19","next drive start",2,"04:15",-69,"3 plays, 3 yards, 1:19 elapsed",TRUE
"20250920_s44c",129,"Ursinus",2,"04:15","00:47","score clock",2,"02:09",79,"2 plays, 50 yards, 0:47 elapsed",TRUE
"20250920_s44c",138,"Moravian",2,"02:09","01:22","next drive start",2,"00:51",-4,"3 plays, 7 yards, 1:22 elapsed",TRUE
"20250920_s44c",145,"Ursinus",2,"00:51","00:38","end of half",2,"00:00",13,"1 plays, 2 yards, 0:38 elapsed",TRUE
"20250920_s44c",174,"Moravian",3,"15:00","11:41","next drive start",3,"05:25",-126,"18 plays, 54 yards, 11:41 elapsed",TRUE
"20250920_s44c",189,"Ursinus",3,"05:25","04:21","next drive start",4,"15:00",64,"8 plays, 28 yards, 4:21 elapsed",TRUE
"20250920_s44c",196,"Moravian",4,"15:00","02:31","next drive start",4,"13:58",-89,"3 plays, 5 yards, 2:31 elapsed",TRUE
"20250920_s44c",204,"Ursinus",4,"13:58","00:57","score clock",4,"10:30",151,"3 plays, 51 yards, 0:57 elapsed",TRUE
"20250920_s44c",216,"Moravian",4,"10:30","02:49","next drive start",4,"10:28",-167,"5 plays, 12 yards, 2:49 elapsed",TRUE
"20250920_s44c",223,"Ursinus",4,"10:28","00:56","next drive start",4,"07:39",113,"3 plays, 4 yards, 0:56 elapsed",TRUE
"20250920_s44c",237,"Moravian",4,"07:39","03:50","score clock",4,"02:53",56,"8 plays, 70 yards, 3:50 elapsed",TRUE
"20250920_s44c",249,"Ursinus",4,"02:53","02:45","end of half",4,"00:00",8,"6 plays, 44 yards, 2:45 elapsed",TRUE
"20251003_tcdm",9,"Dickinson",1,"14:54","00:12","next drive start",1,"14:42",0,"1 plays, 0 yards, 00:12 elapsed",FALSE
"20251003_tcdm",19,"Johns Hopkins",1,"14:42","02:39","score clock",1,"12:03",0,"5 plays, 23 yards, 02:39 elapsed",FALSE
"20251003_tcdm",28,"Dickinson",1,"11:57","01:59","next drive start",1,"09:58",0,"3 plays, 3 yards, 01:59 elapsed",FALSE
"20251003_tcdm",40,"Johns Hopkins",1,"09:58","03:46","score clock",1,"06:12",0,"7 plays, 67 yards, 03:46 elapsed",FALSE
"20251003_tcdm",48,"Dickinson",1,"06:01","01:35","next drive start",1,"04:26",0,"3 plays, 5 yards, 01:35 elapsed",FALSE
"20251003_tcdm",54,"Johns Hopkins",1,"04:26","00:09","score clock",1,"04:17",0,"1 plays, 30 yards, 00:09 elapsed",FALSE
"20251003_tcdm",66,"Dickinson",1,"04:04","02:52","next drive start",1,"01:12",0,"6 plays, 29 yards, 02:52 elapsed",FALSE
"20251003_tcdm",81,"Johns Hopkins",1,"01:12","02:31","score clock",2,"13:41",0,"6 plays, 80 yards, 02:31 elapsed",FALSE
"20251003_tcdm",89,"Dickinson",2,"13:41","01:42","next drive start",2,"11:59",0,"3 plays, -1 yards, 01:42 elapsed",FALSE
"20251003_tcdm",98,"Johns Hopkins",2,"11:59","02:13","score clock",2,"09:46",0,"4 plays, 57 yards, 02:13 elapsed",FALSE
"20251003_tcdm",110,"Dickinson",2,"09:46","03:10","next drive start",2,"06:36",0,"6 plays, 13 yards, 03:10 elapsed",FALSE
"20251003_tcdm",117,"Johns Hopkins",2,"06:36","02:19","next drive start",2,"04:17",0,"3 plays, 3 yards, 02:19 elapsed",FALSE
"20251003_tcdm",125,"Dickinson",2,"04:17","01:36","next drive start",2,"02:41",0,"3 plays, 0 yards, 01:36 elapsed",FALSE
"20251003_tcdm",136,"Johns Hopkins",2,"02:41","01:40","score clock",2,"01:01",0,"5 plays, 65 yards, 01:40 elapsed",FALSE
"20251003_tcdm",143,"Dickinson",2,"01:01","01:01","end of half",2,"00:00",0,"2 plays, -1 yards, 01:01 elapsed",FALSE
"20251003_tcdm",152,"Johns Hopkins",3,"14:52","00:06","next drive start",3,"14:46",0,"1 plays, -4 yards, 00:06 elapsed",FALSE
"20251003_tcdm",164,"Dickinson",3,"14:46","02:46","score clock",3,"12:00",0,"6 plays, 31 yards, 02:46 elapsed",FALSE
"20251003_tcdm",179,"Johns Hopkins",3,"11:53","04:38","score clock",3,"07:15",0,"9 plays, 70 yards, 04:38 elapsed",FALSE
"20251003_tcdm",188,"Dickinson",3,"07:07","01:01","next drive start",3,"06:06",0,"3 plays, 7 yards, 01:01 elapsed",FALSE
"20251003_tcdm",206,"Johns Hopkins",3,"06:06","05:32","score clock",3,"00:34",0,"12 plays, 51 yards, 05:32 elapsed",FALSE
"20251003_tcdm",227,"Dickinson",3,"00:28","05:59","score clock",4,"09:29",0,"11 plays, 73 yards, 05:59 elapsed",FALSE
"20251003_tcdm",240,"Johns Hopkins",4,"09:19","03:16","score clock",4,"06:03",0,"7 plays, 28 yards, 03:16 elapsed",FALSE
"20251003_tcdm",248,"Dickinson",4,"06:03","01:56","next drive start",4,"04:07",0,"3 plays, 7 yards, 01:56 elapsed",FALSE
"20251003_tcdm",256,"Johns Hopkins",4,"04:07","02:20","next drive start",4,"01:47",0,"3 plays, 5 yards, 02:20 elapsed",FALSE
"20251003_tcdm",263,"Dickinson",4,"01:47","01:47","end of half",4,"00:00",0,"3 plays, 9 yards, 01:47 elapsed",FALSE
"20251004_gwn0",14,"McDaniel",1,"15:00","04:14","next drive start",1,"10:46",0,"6 plays, 23 yards, 04:14 elapsed",FALSE
"20251004_gwn0",22,"Carnegie Mellon",1,"10:46","01:58","next drive start",1,"08:48",0,"4 plays, 46 yards, 01:58 elapsed",FALSE
"20251004_gwn0",30,"McDaniel",1,"08:48","01:27","next drive start",1,"07:21",0,"3 plays, -3 yards, 01:27 elapsed",FALSE
"20251004_gwn0",43,"Carnegie Mellon",1,"07:21","03:59","score clock",1,"03:22",0,"7 plays, 57 yards, 03:59 elapsed",FALSE
"20251004_gwn0",51,"McDaniel",1,"03:22","02:20","next drive start",1,"01:02",0,"3 plays, 9 yards, 02:20 elapsed",FALSE
"20251004_gwn0",67,"Carnegie Mellon",1,"01:02","01:49","score clock",2,"14:13",0,"6 plays, 35 yards, 01:49 elapsed",FALSE
"20251004_gwn0",74,"McDaniel",2,"14:13","01:04","next drive start",2,"13:09",0,"3 plays, 19 yards, 01:04 elapsed",FALSE
"20251004_gwn0",83,"Carnegie Mellon",2,"13:09","02:02","next drive start",2,"11:07",0,"5 plays, 18 yards, 02:02 elapsed",FALSE
"20251004_gwn0",92,"McDaniel",2,"11:07","00:56","next drive start",2,"10:11",0,"3 plays, -9 yards, 00:56 elapsed",FALSE
"20251004_gwn0",100,"Carnegie Mellon",2,"10:11","01:11","score clock",2,"09:00",0,"3 plays, 44 yards, 01:11 elapsed",FALSE
"20251004_gwn0",106,"McDaniel",2,"09:00","00:48","score clock",2,"08:12",0,"2 plays, 4 yards, 00:48 elapsed",FALSE
"20251004_gwn0",111,"Carnegie Mellon",2,"08:12","00:00","next drive start",2,"08:12",0,"0 plays, 0 yards, 00:00 elapsed",FALSE
"20251004_gwn0",121,"Carnegie Mellon",2,"08:12","02:37","next drive start",2,"05:35",0,"3 plays, 6 yards, 02:37 elapsed",FALSE
"20251004_gwn0",129,"McDaniel",2,"05:35","01:36","next drive start",2,"03:59",0,"3 plays, -9 yards, 01:36 elapsed",FALSE
"20251004_gwn0",140,"Carnegie Mellon",2,"03:59","01:45","score clock",2,"02:14",0,"4 plays, 59 yards, 01:45 elapsed",FALSE
"20251004_gwn0",150,"McDaniel",2,"02:14","01:06","next drive start",2,"01:08",0,"4 plays, 18 yards, 01:06 elapsed",FALSE
"20251004_gwn0",157,"Carnegie Mellon",2,"01:08","00:20","score clock",2,"00:48",0,"2 plays, 63 yards, 00:20 elapsed",FALSE
"20251004_gwn0",164,"McDaniel",2,"00:48","00:48","end of half",2,"00:00",0,"2 plays, -16 yards, 00:48 elapsed",FALSE
"20251004_gwn0",179,"Carnegie Mellon",3,"15:00","02:41","score clock",3,"12:19",0,"4 plays, 20 yards, 02:41 elapsed",FALSE
"20251004_gwn0",184,"McDaniel",3,"12:19","00:15","score clock",3,"12:04",0,"1 plays, -20 yards, 00:15 elapsed",FALSE
"20251004_gwn0",189,"Carnegie Mellon",3,"12:04","00:00","next drive start",3,"12:04",0,"0 plays, 0 yards, 00:00 elapsed",FALSE
"20251004_gwn0",197,"McDaniel",3,"12:04","02:27","next drive start",3,"09:37",0,"3 plays, -8 yards, 02:27 elapsed",FALSE
"20251004_gwn0",204,"Carnegie Mellon",3,"09:37","02:07","next drive start",3,"07:30",0,"4 plays, 7 yards, 02:07 elapsed",FALSE
"20251004_gwn0",212,"McDaniel",3,"07:30","02:32","next drive start",3,"04:58",0,"4 plays, 24 yards, 02:32 elapsed",FALSE
"20251004_gwn0",222,"Carnegie Mellon",3,"04:58","03:20","next drive start",3,"01:38",0,"6 plays, 26 yards, 03:20 elapsed",FALSE
"20251004_gwn0",229,"McDaniel",3,"01:38","01:08","next drive start",3,"00:30",0,"3 plays, -5 yards, 01:08 elapsed",FALSE
"20251004_gwn0",240,"Carnegie Mellon",3,"00:30","02:00","next drive start",4,"13:30",0,"4 plays, 16 yards, 02:00 elapsed",FALSE
"20251004_gwn0",259,"McDaniel",4,"13:30","04:29","next drive start",4,"09:01",0,"12 plays, 52 yards, 04:29 elapsed",FALSE
"20251004_gwn0",263,"McDaniel",4,"09:01","02:01","next drive start",4,"07:00",0,"1 plays, -5 yards, 02:01 elapsed",FALSE
"20251004_gwn0",275,"McDaniel",4,"07:00","03:29","next drive start",4,"03:31",0,"7 plays, 16 yards, 03:29 elapsed",FALSE
"20251004_gwn0",282,"Carnegie Mellon",4,"03:31","01:43","next drive start",4,"01:48",0,"3 plays, -7 yards, 01:43 elapsed",FALSE
"20251004_gwn0",295,"McDaniel",4,"01:48","01:38","score clock",4,"00:10",0,"6 plays, 84 yards, 01:38 elapsed",FALSE
"20251004_gwn0",300,"Carnegie Mellon",4,"00:10","00:10","end of half",4,"00:00",0,"1 plays, -1 yards, 00:10 elapsed",FALSE
"20251004_k167",13,"Ursinus",1,"15:00","01:49","next drive start",1,"13:11",0,"3 plays, -13 yards, 01:49 elapsed",FALSE
"20251004_k167",20,"Muhlenberg",1,"13:11","01:27","next drive start",1,"11:44",0,"3 plays, 2 yards, 01:27 elapsed",FALSE
"20251004_k167",37,"Ursinus",1,"11:44","04:25","score clock",1,"07:19",0,"10 plays, 80 yards, 04:25 elapsed",FALSE
"20251004_k167",49,"Muhlenberg",1,"07:19","03:43","next drive start",1,"03:36",0,"8 plays, 36 yards, 03:43 elapsed",FALSE
"20251004_k167",56,"Ursinus",1,"03:36","01:25","next drive start",1,"02:11",0,"3 plays, 7 yards, 01:25 elapsed",FALSE
"20251004_k167",62,"Muhlenberg",1,"02:11","00:51","next drive start",1,"01:20",0,"3 plays, -2 yards, 00:51 elapsed",FALSE
"20251004_k167",79,"Ursinus",1,"01:20","04:05","score clock",2,"12:15",0,"9 plays, 69 yards, 04:05 elapsed",FALSE
"20251004_k167",92,"Muhlenberg",2,"12:15","02:58","score clock",2,"09:17",0,"7 plays, 68 yards, 02:58 elapsed",FALSE
"20251004_k167",100,"Ursinus",2,"09:17","01:23","next drive start",2,"07:54",0,"3 plays, 41 yards, 01:23 elapsed",FALSE
"20251004_k167",114,"Muhlenberg",2,"07:54","02:26","score clock",2,"05:28",0,"7 plays, 66 yards, 02:26 elapsed",FALSE
"20251004_k167",122,"Ursinus",2,"05:28","01:05","next drive start",2,"04:23",0,"3 plays, 1 yards, 01:05 elapsed",FALSE
"20251004_k167",139,"Muhlenberg",2,"04:23","03:52","score clock",2,"00:31",0,"8 plays, 40 yards, 03:52 elapsed",FALSE
"20251004_k167",145,"Ursinus",2,"00:31","00:31","end of half",2,"00:00",0,"2 plays, -1 yards, 00:31 elapsed",FALSE
"20251004_k167",163,"Muhlenberg",3,"15:00","03:25","score clock",3,"11:35",0,"8 plays, 75 yards, 03:25 elapsed",FALSE
"20251004_k167",179,"Ursinus",3,"11:35","04:02","score clock",3,"07:33",0,"9 plays, 79 yards, 04:02 elapsed",FALSE
"20251004_k167",189,"Muhlenberg",3,"07:33","03:08","next drive start",3,"04:25",0,"5 plays, 13 yards, 03:08 elapsed",FALSE
"20251004_k167",207,"Ursinus",3,"04:25","04:31","score clock",4,"14:54",0,"10 plays, 80 yards, 04:31 elapsed",FALSE
"20251004_k167",215,"Muhlenberg",4,"14:54","01:16","next drive start",4,"13:38",0,"4 plays, 8 yards, 01:16 elapsed",FALSE
"20251004_k167",225,"Ursinus",4,"13:38","01:10","next drive start",4,"12:28",0,"3 plays, -2 yards, 01:10 elapsed",FALSE
"20251004_k167",231,"Muhlenberg",4,"12:28","00:32","next drive start",4,"11:56",0,"3 plays, -5 yards, 00:32 elapsed",FALSE
"20251004_k167",243,"Ursinus",4,"11:56","03:22","score clock",4,"08:34",0,"7 plays, 34 yards, 03:22 elapsed",FALSE
"20251004_k167",259,"Muhlenberg",4,"08:34","02:35","score clock",4,"05:59",0,"9 plays, 89 yards, 02:35 elapsed",FALSE
"20251004_k167",267,"Ursinus",4,"05:59","01:09","next drive start",4,"04:50",0,"3 plays, 4 yards, 01:09 elapsed",FALSE
"20251004_k167",278,"Muhlenberg",4,"04:50","01:44","next drive start",4,"03:06",0,"7 plays, 13 yards, 01:44 elapsed",FALSE
"20251004_k167",283,"Ursinus",4,"03:06","00:52","next drive start",4,"02:14",0,"2 plays, 22 yards, 00:52 elapsed",FALSE
"20251004_k167",298,"Muhlenberg",4,"02:14","01:08","score clock",4,"01:06",0,"7 plays, 55 yards, 01:08 elapsed",FALSE
"20251004_k167",317,"Ursinus",4,"01:06","01:06","next drive start",4,"00:00",0,"9 plays, 54 yards, 01:06 elapsed",FALSE
"20251004_k167",320,"Muhlenberg",4,"00:00","00:00","end of half",4,"00:00",0,"0 plays, 0 yards, 00:00 elapsed",FALSE
"20251004_s1ak",19,"Gettysburg",1,"14:47","04:00","next drive start",1,"10:47",0,"10 plays, 56 yards, 04:00 elapsed",FALSE
"20251004_s1ak",28,"Franklin and Marshall",1,"10:47","02:08","score clock",1,"08:39",0,"3 plays, 5 yards, 02:08 elapsed",FALSE
"20251004_s1ak",39,"Franklin and Marshall",1,"08:39","02:51","score clock",1,"05:48",0,"5 plays, 84 yards, 02:51 elapsed",FALSE
"20251004_s1ak",63,"Gettysburg",1,"05:41","07:35","score clock",2,"13:06",0,"14 plays, 76 yards, 07:35 elapsed",FALSE
"20251004_s1ak",79,"Franklin and Marshall",2,"13:01","04:13","score clock",2,"08:48",0,"9 plays, 63 yards, 04:13 elapsed",FALSE
"20251004_s1ak",92,"Gettysburg",2,"08:41","03:19","next drive start",2,"05:22",0,"7 plays, 29 yards, 03:19 elapsed",FALSE
"20251004_s1ak",98,"Franklin and Marshall",2,"05:22","00:13","score clock",2,"05:09",0,"1 plays, 86 yards, 00:13 elapsed",FALSE
"20251004_s1ak",111,"Gettysburg",2,"05:09","04:26","next drive start",2,"00:43",0,"8 plays, 31 yards, 04:26 elapsed",FALSE
"20251004_s1ak",122,"Franklin and Marshall",2,"00:43","00:43","end of half",2,"00:00",0,"4 plays, 8 yards, 00:43 elapsed",FALSE
"20251004_s1ak",136,"Franklin and Marshall",3,"15:00","02:07","next drive start",3,"12:53",0,"5 plays, 20 yards, 02:07 elapsed",FALSE
"20251004_s1ak",142,"Gettysburg",3,"12:53","00:12","score clock",3,"12:41",0,"1 plays, 55 yards, 00:12 elapsed",FALSE
"20251004_s1ak",158,"Franklin and Marshall",3,"12:41","04:41","score clock",3,"08:00",0,"10 plays, 55 yards, 04:41 elapsed",FALSE
"20251004_s1ak",170,"Gettysburg",3,"08:00","04:12","next drive start",3,"03:48",0,"8 plays, 35 yards, 04:12 elapsed",FALSE
"20251004_s1ak",188,"Franklin and Marshall",3,"03:48","05:19","score clock",4,"13:29",0,"9 plays, 37 yards, 05:19 elapsed",FALSE
"20251004_s1ak",198,"Gettysburg",4,"13:29","01:15","score clock",4,"12:14",0,"4 plays, 70 yards, 01:15 elapsed",FALSE
"20251004_s1ak",214,"Franklin and Marshall",4,"12:09","05:02","score clock",4,"07:07",0,"7 plays, 56 yards, 05:02 elapsed",FALSE
"20251004_s1ak",235,"Gettysburg",4,"07:07","05:22","next drive start",4,"01:45",0,"14 plays, 62 yards, 05:22 elapsed",FALSE
"20251004_s1ak",244,"Franklin and Marshall",4,"01:45","01:45","end of half",4,"00:00",0,"4 plays, 7 yards, 01:45 elapsed",FALSE
"20251011_98xu",17,"Gettysburg",1,"15:00","02:45","score clock",1,"12:15",0,"6 plays, 70 yards, 02:45 elapsed",FALSE
"20251011_98xu",31,"Dickinson",1,"12:00","03:31","score clock",1,"08:29",0,"8 plays, 61 yards, 03:31 elapsed",FALSE
"20251011_98xu",47,"Gettysburg",1,"08:20","04:32","score clock",1,"03:48",0,"10 plays, 57 yards, 04:32 elapsed",FALSE
"20251011_98xu",69,"Dickinson",1,"03:48","04:28","score clock",2,"14:20",0,"13 plays, 67 yards, 04:28 elapsed",FALSE
"20251011_98xu",80,"Gettysburg",2,"14:20","02:18","next drive start",2,"12:02",0,"5 plays, 9 yards, 02:18 elapsed",FALSE
"20251011_98xu",92,"Dickinson",2,"12:02","02:08","score clock",2,"09:54",0,"6 plays, 74 yards, 02:08 elapsed",FALSE
"20251011_98xu",106,"Gettysburg",2,"09:40","04:02","score clock",2,"05:38",0,"9 plays, 38 yards, 04:02 elapsed",FALSE
"20251011_98xu",121,"Dickinson",2,"05:21","03:30","score clock",2,"01:51",0,"8 plays, 63 yards, 03:30 elapsed",FALSE
"20251011_98xu",135,"Gettysburg",2,"01:41","01:29","next drive start",2,"00:12",0,"9 plays, 28 yards, 01:29 elapsed",FALSE
"20251011_98xu",141,"Dickinson",2,"00:12","00:12","end of half",2,"00:00",0,"1 plays, 0 yards, 00:12 elapsed",FALSE
"20251011_98xu",166,"Dickinson",3,"15:00","06:56","score clock",3,"08:04",0,"13 plays, 75 yards, 06:56 elapsed",FALSE
"20251011_98xu",184,"Gettysburg",3,"07:58","06:24","score clock",3,"01:34",0,"12 plays, 77 yards, 06:24 elapsed",FALSE
"20251011_98xu",198,"Dickinson",3,"01:30","02:12","score clock",4,"14:18",0,"5 plays, 65 yards, 02:12 elapsed",FALSE
"20251011_98xu",212,"Gettysburg",4,"14:10","03:11","next drive start",4,"10:59",0,"9 plays, 11 yards, 03:11 elapsed",FALSE
"20251011_98xu",224,"Dickinson",4,"10:59","02:57","score clock",4,"08:02",0,"6 plays, 42 yards, 02:57 elapsed",FALSE
"20251011_98xu",239,"Gettysburg",4,"07:54","03:25","next drive start",4,"04:29",0,"9 plays, 53 yards, 03:25 elapsed",FALSE
"20251011_98xu",250,"Dickinson",4,"04:29","00:00","end of half",4,"00:00",269,"7 plays, 63 yards, 00:00 elapsed",TRUE
"20251011_ew1x",13,"McDaniel",1,"14:54","02:50","next drive start",1,"12:04",0,"5 plays, 41 yards, 02:50 elapsed",FALSE
"20251011_ew1x",22,"Ursinus",1,"12:04","01:55","score clock",1,"10:09",0,"4 plays, 70 yards, 01:55 elapsed",FALSE
"20251011_ew1x",30,"McDaniel",1,"10:03","00:46","next drive start",1,"09:17",0,"3 plays, 0 yards, 00:46 elapsed",FALSE
"20251011_ew1x",44,"Ursinus",1,"09:17","04:20","score clock",1,"04:57",0,"9 plays, 57 yards, 04:20 elapsed",FALSE
"20251011_ew1x",56,"McDaniel",1,"04:49","02:43","next drive start",1,"02:06",0,"6 plays, 19 yards, 02:43 elapsed",FALSE
"20251011_ew1x",71,"Ursinus",1,"02:06","03:02","score clock",2,"14:04",0,"6 plays, 92 yards, 03:02 elapsed",FALSE
"20251011_ew1x",87,"McDaniel",2,"13:57","03:34","next drive start",2,"10:23",0,"8 plays, 47 yards, 03:34 elapsed",FALSE
"20251011_ew1x",94,"Ursinus",2,"10:23","01:33","next drive start",2,"08:50",0,"3 plays, 4 yards, 01:33 elapsed",FALSE
"20251011_ew1x",104,"McDaniel",2,"08:50","02:35","score clock",2,"06:15",0,"5 plays, 16 yards, 02:35 elapsed",FALSE
"20251011_ew1x",117,"McDaniel",2,"06:15","03:00","next drive start",2,"03:15",0,"6 plays, 28 yards, 03:00 elapsed",FALSE
"20251011_ew1x",128,"Ursinus",2,"03:15","02:24","next drive start",2,"00:51",0,"6 plays, 36 yards, 02:24 elapsed",FALSE
"20251011_ew1x",137,"McDaniel",2,"00:51","00:41","next drive start",2,"00:10",0,"4 plays, 16 yards, 00:41 elapsed",FALSE
"20251011_ew1x",143,"Ursinus",2,"00:10","00:10","end of half",2,"00:00",0,"2 plays, 0 yards, 00:10 elapsed",FALSE
"20251011_ew1x",159,"Ursinus",3,"14:53","02:08","score clock",3,"12:45",0,"5 plays, 45 yards, 02:08 elapsed",FALSE
"20251011_ew1x",168,"McDaniel",3,"12:39","03:01","next drive start",3,"09:38",0,"4 plays, 18 yards, 03:01 elapsed",FALSE
"20251011_ew1x",174,"Ursinus",3,"09:38","00:54","next drive start",3,"08:44",0,"3 plays, 6 yards, 00:54 elapsed",FALSE
"20251011_ew1x",181,"McDaniel",3,"08:44","01:29","next drive start",3,"07:15",0,"4 plays, -1 yards, 01:29 elapsed",FALSE
"20251011_ew1x",195,"Ursinus",3,"07:15","05:12","score clock",3,"02:03",0,"9 plays, 80 yards, 05:12 elapsed",FALSE
"20251011_ew1x",200,"McDaniel",3,"01:55","00:11","next drive start",3,"01:44",0,"1 plays, 0 yards, 00:11 elapsed",FALSE
"20251011_ew1x",212,"Ursinus",3,"01:44","01:48","score clock",4,"14:56",0,"5 plays, 26 yards, 01:48 elapsed",FALSE
"20251011_ew1x",220,"McDaniel",4,"14:56","01:23","next drive start",4,"13:33",0,"3 plays, 5 yards, 01:23 elapsed",FALSE
"20251011_ew1x",227,"Ursinus",4,"13:33","02:15","next drive start",4,"11:18",0,"3 plays, -4 yards, 02:15 elapsed",FALSE
"20251011_ew1x",236,"McDaniel",4,"11:18","02:05","next drive start",4,"09:13",0,"5 plays, 22 yards, 02:05 elapsed",FALSE
"20251011_ew1x",255,"Ursinus",4,"09:13","06:50","score clock",4,"02:23",0,"13 plays, 63 yards, 06:50 elapsed",FALSE
"20251011_ew1x",264,"McDaniel",4,"02:23","00:39","next drive start",4,"01:44",0,"3 plays, 5 yards, 00:39 elapsed",FALSE
"20251011_ew1x",271,"Ursinus",4,"01:44","01:44","end of half",4,"00:00",0,"3 plays, 9 yards, 01:44 elapsed",FALSE
"20251011_kqku",25,"Franklin and Marshall",1,"14:56","06:52","score clock",1,"08:04",0,"14 plays, 83 yards, 06:52 elapsed",FALSE
"20251011_kqku",35,"Muhlenberg",1,"08:00","01:46","next drive start",1,"06:14",0,"5 plays, 13 yards, 01:46 elapsed",FALSE
"20251011_kqku",44,"Franklin and Marshall",1,"06:14","02:56","next drive start",1,"03:18",0,"4 plays, 18 yards, 02:56 elapsed",FALSE
"20251011_kqku",51,"Muhlenberg",1,"03:18","01:21","next drive start",1,"01:57",0,"3 plays, 0 yards, 01:21 elapsed",FALSE
"20251011_kqku",63,"Franklin and Marshall",1,"01:57","02:18","next drive start",2,"14:39",0,"5 plays, 21 yards, 02:18 elapsed",FALSE
"20251011_kqku",70,"Muhlenberg",2,"14:39","00:25","next drive start",2,"14:14",0,"3 plays, 0 yards, 00:25 elapsed",FALSE
"20251011_kqku",77,"Franklin and Marshall",2,"14:14","02:16","next drive start",2,"11:58",0,"3 plays, 3 yards, 02:16 elapsed",FALSE
"20251011_kqku",95,"Muhlenberg",2,"11:58","04:16","score clock",2,"07:42",0,"12 plays, 97 yards, 04:16 elapsed",FALSE
"20251011_kqku",102,"Franklin and Marshall",2,"07:42","01:33","next drive start",2,"06:09",0,"3 plays, 1 yards, 01:33 elapsed",FALSE
"20251011_kqku",113,"Muhlenberg",2,"06:09","03:03","next drive start",2,"03:06",0,"6 plays, 9 yards, 03:03 elapsed",FALSE
"20251011_kqku",127,"Franklin and Marshall",2,"03:06","02:32","next drive start",2,"00:34",0,"8 plays, 41 yards, 02:32 elapsed",FALSE
"20251011_kqku",132,"Muhlenberg",2,"00:34","00:34","end of half",2,"00:00",0,"1 plays, 5 yards, 00:34 elapsed",FALSE
"20251011_kqku",154,"Muhlenberg",3,"14:56","04:55","score clock",3,"10:01",0,"12 plays, 64 yards, 04:55 elapsed",FALSE
"20251011_kqku",170,"Franklin and Marshall",3,"10:01","04:31","score clock",3,"05:30",0,"9 plays, 75 yards, 04:31 elapsed",FALSE
"20251011_kqku",177,"Muhlenberg",3,"05:25","00:42","next drive start",3,"04:43",0,"2 plays, 2 yards, 00:42 elapsed",FALSE
"20251011_kqku",185,"Franklin and Marshall",3,"04:43","00:53","score clock",3,"03:50",0,"3 plays, 35 yards, 00:53 elapsed",FALSE
"20251011_kqku",205,"Muhlenberg",3,"03:47","04:35","score clock",4,"14:12",0,"11 plays, 65 yards, 04:35 elapsed",FALSE
"20251011_kqku",220,"Franklin and Marshall",4,"14:12","03:09","score clock",4,"11:03",0,"7 plays, 65 yards, 03:09 elapsed",FALSE
"20251011_kqku",228,"Muhlenberg",4,"11:03","02:08","next drive start",4,"08:55",0,"3 plays, 7 yards, 02:08 elapsed",FALSE
"20251011_kqku",235,"Franklin and Marshall",4,"08:55","02:17","next drive start",4,"06:38",0,"3 plays, 9 yards, 02:17 elapsed",FALSE
"20251011_kqku",243,"Muhlenberg",4,"06:38","00:40","next drive start",4,"05:58",0,"3 plays, 6 yards, 00:40 elapsed",FALSE
"20251011_kqku",258,"Franklin and Marshall",4,"05:58","03:37","next drive start",4,"02:21",0,"9 plays, 44 yards, 03:37 elapsed",FALSE
"20251011_kqku",276,"Muhlenberg",4,"02:21","01:43","score clock",4,"00:38",0,"10 plays, 80 yards, 01:43 elapsed",FALSE
"20251011_kqku",282,"Franklin and Marshall",4,"00:36","00:36","end of half",4,"00:00",0,"1 plays, -4 yards, 00:36 elapsed",FALSE
"20251011_t8bp",21,"Carnegie Mellon",1,"14:55","04:11","score clock",1,"10:44",0,"10 plays, 76 yards, 04:11 elapsed",FALSE
"20251011_t8bp",32,"Johns Hopkins",1,"10:39","03:13","next drive start",1,"07:26",0,"6 plays, 30 yards, 03:13 elapsed",FALSE
"20251011_t8bp",41,"Carnegie Mellon",1,"07:26","01:28","score clock",1,"05:58",0,"5 plays, 12 yards, 01:28 elapsed",FALSE
"20251011_t8bp",63,"Johns Hopkins",1,"05:49","06:43","next drive start",2,"14:06",0,"13 plays, 54 yards, 06:43 elapsed",FALSE
"20251011_t8bp",78,"Carnegie Mellon",2,"14:06","05:44","score clock",2,"08:22",0,"10 plays, 96 yards, 05:44 elapsed",FALSE
"20251011_t8bp",94,"Johns Hopkins",2,"08:15","04:16","score clock",2,"03:59",0,"9 plays, 75 yards, 04:16 elapsed",FALSE
"20251011_t8bp",107,"Carnegie Mellon",2,"03:50","01:57","score clock",2,"01:53",0,"5 plays, 72 yards, 01:57 elapsed",FALSE
"20251011_t8bp",127,"Johns Hopkins",2,"01:45","01:45","end of half",2,"00:00",0,"9 plays, 18 yards, 01:45 elapsed",FALSE
"20251011_t8bp",147,"Johns Hopkins",3,"15:00","04:57","score clock",3,"10:03",0,"10 plays, 75 yards, 04:57 elapsed",FALSE
"20251011_t8bp",167,"Carnegie Mellon",3,"09:57","08:35","score clock",3,"01:22",0,"14 plays, 73 yards, 08:35 elapsed",FALSE
"20251011_t8bp",183,"Johns Hopkins",3,"01:09","03:20","next drive start",4,"12:49",0,"8 plays, 14 yards, 03:20 elapsed",FALSE
"20251011_t8bp",192,"Carnegie Mellon",4,"12:49","02:49","next drive start",4,"10:00",0,"5 plays, 15 yards, 02:49 elapsed",FALSE
"20251011_t8bp",204,"Johns Hopkins",4,"10:00","02:01","score clock",4,"07:59",0,"4 plays, 23 yards, 02:01 elapsed",FALSE
"20251011_t8bp",213,"Carnegie Mellon",4,"07:51","01:07","next drive start",4,"06:44",0,"3 plays, 5 yards, 01:07 elapsed",FALSE
"20251011_t8bp",223,"Johns Hopkins",4,"06:44","02:07","score clock",4,"04:37",0,"5 plays, 74 yards, 02:07 elapsed",FALSE
"20251011_t8bp",234,"Carnegie Mellon",4,"04:29","01:57","next drive start",4,"02:32",0,"5 plays, 0 yards, 01:57 elapsed",FALSE
"20251011_t8bp",246,"Johns Hopkins",4,"02:32","02:32","end of half",4,"00:00",0,"5 plays, 11 yards, 02:32 elapsed",FALSE
"20251018_mhk5",22,"Muhlenberg",1,"14:53","05:25","score clock",1,"09:28",0,"11 plays, 63 yards, 05:25 elapsed",FALSE
"20251018_mhk5",30,"McDaniel",1,"09:28","01:26","next drive start",1,"08:02",0,"3 plays, -17 yards, 01:26 elapsed",FALSE
"20251018_mhk5",41,"Muhlenberg",1,"08:02","03:07","score clock",1,"04:55",0,"6 plays, 35 yards, 03:07 elapsed",FALSE
"20251018_mhk5",47,"McDaniel",1,"04:55","00:40","next drive start",1,"04:15",0,"2 plays, 0 yards, 00:40 elapsed",FALSE
"20251018_mhk5",54,"Muhlenberg",1,"04:15","00:22","score clock",1,"03:53",0,"2 plays, 8 yards, 00:22 elapsed",FALSE
"20251018_mhk5",64,"McDaniel",1,"03:53","02:51","next drive start",1,"01:02",0,"5 plays, 24 yards, 02:51 elapsed",FALSE
"20251018_mhk5",76,"Muhlenberg",1,"01:02","01:13","score clock",2,"14:49",0,"4 plays, 49 yards, 01:13 elapsed",FALSE
"20251018_mhk5",84,"McDaniel",2,"14:49","01:02","next drive start",2,"13:47",0,"3 plays, 2 yards, 01:02 elapsed",FALSE
"20251018_mhk5",91,"Muhlenberg",2,"13:47","00:25","score clock",2,"13:22",0,"2 plays, 3 yards, 00:25 elapsed",FALSE
"20251018_mhk5",101,"McDaniel",2,"13:16","02:51","next drive start",2,"10:25",0,"4 plays, 18 yards, 02:51 elapsed",FALSE
"20251018_mhk5",115,"Muhlenberg",2,"10:25","03:51","score clock",2,"06:34",0,"7 plays, 58 yards, 03:51 elapsed",FALSE
"20251018_mhk5",128,"McDaniel",2,"06:26","03:45","next drive start",2,"02:41",0,"7 plays, 35 yards, 03:45 elapsed",FALSE
"20251018_mhk5",137,"Muhlenberg",2,"02:41","01:46","next drive start",2,"00:55",0,"5 plays, 85 yards, 01:46 elapsed",FALSE
"20251018_mhk5",145,"McDaniel",2,"00:55","00:55","end of half",2,"00:00",0,"4 plays, 27 yards, 00:55 elapsed",FALSE
"20251018_mhk5",165,"McDaniel",3,"15:00","04:51","score clock",3,"10:09",0,"9 plays, 75 yards, 04:51 elapsed",FALSE
"20251018_mhk5",175,"Muhlenberg",3,"09:56","01:17","score clock",3,"08:39",0,"4 plays, 32 yards, 01:17 elapsed",FALSE
"20251018_mhk5",186,"McDaniel",3,"08:30","03:16","next drive start",3,"05:14",0,"6 plays, 50 yards, 03:16 elapsed",FALSE
"20251018_mhk5",206,"Muhlenberg",3,"05:14","06:04","score clock",4,"14:10",0,"9 plays, 80 yards, 06:04 elapsed",FALSE
"20251018_mhk5",222,"McDaniel",4,"13:59","04:57","next drive start",4,"09:02",0,"10 plays, 50 yards, 04:57 elapsed",FALSE
"20251018_mhk5",241,"Muhlenberg",4,"09:02","08:30","next drive start",4,"00:32",0,"14 plays, 93 yards, 08:30 elapsed",FALSE
"20251018_mhk5",249,"McDaniel",4,"00:32","00:00","end of half",4,"00:00",32,"2 plays, 24 yards, 00:00 elapsed",TRUE
"20251018_q4jr",12,"Dickinson",1,"15:00","01:48","next drive start",1,"13:12",0,"3 plays, 4 yards, 01:48 elapsed",FALSE
"20251018_q4jr",19,"Franklin and Marshall",1,"13:12","00:51","next drive start",1,"12:21",0,"3 plays, 0 yards, 00:51 elapsed",FALSE
"20251018_q4jr",38,"Dickinson",1,"12:21","06:41","score clock",1,"05:40",0,"13 plays, 68 yards, 06:41 elapsed",FALSE
"20251018_q4jr",49,"Franklin and Marshall",1,"00:34","01:35","next drive start",1,,,"6 plays, 19 yards, 01:35 elapsed",TRUE
"20251018_q4jr",69,"Dickinson",1,,"04:53","score clock",2,"12:16",,"12 plays, 67 yards, 04:53 elapsed",TRUE
"20251018_q4jr",78,"Franklin and Marshall",2,"12:11","01:37","next drive start",2,"10:34",0,"4 plays, 19 yards, 01:37 elapsed",FALSE
"20251018_q4jr",86,"Dickinson",2,"10:34","02:41","next drive start",2,"07:53",0,"5 plays, 10 yards, 02:41 elapsed",FALSE
"20251018_q4jr",99,"Franklin and Marshall",2,"07:53","02:19","score clock",2,"05:34",0,"6 plays, 45 yards, 02:19 elapsed",FALSE
"20251018_q4jr",107,"Dickinson",2,"05:27","01:47","next drive start",2,"03:40",0,"3 plays, 5 yards, 01:47 elapsed",FALSE
"20251018_q4jr",116,"Franklin and Marshall",2,"03:40","01:53","next drive start",2,"01:47",0,"4 plays, 3 yards, 01:53 elapsed",FALSE
"20251018_q4jr",129,"Dickinson",2,"01:47","01:26","score clock",2,"00:21",0,"8 plays, 70 yards, 01:26 elapsed",FALSE
"20251018_q4jr",135,"Franklin and Marshall",2,"00:21","00:21","end of half",2,"00:00",0,"1 plays, -3 yards, 00:21 elapsed",FALSE
"20251018_q4jr",158,"Franklin and Marshall",3,"14:53","08:27","next drive start",3,"06:26",0,"14 plays, 72 yards, 08:27 elapsed",FALSE
"20251018_q4jr",165,"Dickinson",3,"06:26","01:27","next drive start",3,"04:59",0,"3 plays, 22 yards, 01:27 elapsed",FALSE
"20251018_q4jr",172,"Franklin and Marshall",3,"04:59","00:46","score clock",3,"04:13",0,"2 plays, 12 yards, 00:46 elapsed",FALSE
"20251018_q4jr",183,"Dickinson",3,"04:07","01:53","next drive start",3,"02:14",0,"5 plays, 23 yards, 01:53 elapsed",FALSE
"20251018_q4jr",197,"Franklin and Marshall",3,"02:14","02:17","score clock",4,"14:57",0,"6 plays, 19 yards, 02:17 elapsed",FALSE
"20251018_q4jr",210,"Dickinson",4,"14:57","03:21","next drive start",4,"11:36",0,"7 plays, 37 yards, 03:21 elapsed",FALSE
"20251018_q4jr",222,"Franklin and Marshall",4,"11:36","03:53","score clock",4,"07:43",0,"8 plays, 65 yards, 03:53 elapsed",FALSE
"20251018_q4jr",239,"Dickinson",4,"07:43","03:56","score clock",4,"03:47",0,"10 plays, 75 yards, 03:56 elapsed",FALSE
"20251018_q4jr",247,"Franklin and Marshall",4,,"01:36","next drive start",4,"02:16",,"3 plays, 8 yards, 01:36 elapsed",TRUE
"20251018_q4jr",255,"Dickinson",4,"02:16","00:33","next drive start",4,"01:43",0,"3 plays, 5 yards, 00:33 elapsed",FALSE
"20251018_q4jr",269,"Franklin and Marshall",4,"01:43","01:42","score clock",4,"00:01",0,"7 plays, 59 yards, 01:42 elapsed",FALSE
"20251018_rd3r",11,"Johns Hopkins",1,"14:54","00:10","score clock",1,"14:44",0,"1 plays, 76 yards, 00:10 elapsed",FALSE
"20251018_rd3r",20,"Ursinus",1,"14:37","02:08","next drive start",1,"12:29",0,"5 plays, 34 yards, 02:08 elapsed",FALSE
"20251018_rd3r",34,"Johns Hopkins",1,"12:29","03:26","score clock",1,"09:03",0,"9 plays, 44 yards, 03:26 elapsed",FALSE
"20251018_rd3r",47,"Ursinus",1,"08:57","03:23","next drive start",1,"05:34",0,"8 plays, 36 yards, 03:23 elapsed",FALSE
"20251018_rd3r",62,"Johns Hopkins",1,"05:34","05:26","score clock",1,"00:08",0,"10 plays, 75 yards, 05:26 elapsed",FALSE
"20251018_rd3r",80,"Johns Hopkins",1,"00:01","03:40","score clock",2,"11:21",0,"8 plays, 28 yards, 03:40 elapsed",FALSE
"20251018_rd3r",95,"Ursinus",2,"11:15","04:35","next drive start",2,"06:40",0,"11 plays, 50 yards, 04:35 elapsed",FALSE
"20251018_rd3r",107,"Johns Hopkins",2,"06:40","02:21","score clock",2,"04:19",0,"6 plays, 77 yards, 02:21 elapsed",FALSE
"20251018_rd3r",123,"Ursinus",2,"04:12","02:56","score clock",2,"01:16",0,"7 plays, 80 yards, 02:56 elapsed",FALSE
"20251018_rd3r",136,"Johns Hopkins",2,"01:16","00:57","score clock",2,"00:19",0,"6 plays, 75 yards, 00:57 elapsed",FALSE
"20251018_rd3r",142,"Ursinus",2,"00:16","00:16","end of half",2,"00:00",0,"1 plays, 0 yards, 00:16 elapsed",FALSE
"20251018_rd3r",159,"Ursinus",3,"14:57","02:35","score clock",3,"12:22",0,"7 plays, 75 yards, 02:35 elapsed",FALSE
"20251018_rd3r",165,"Johns Hopkins",3,"12:16","00:47","next drive start",3,"11:29",0,"2 plays, 11 yards, 00:47 elapsed",FALSE
"20251018_rd3r",172,"Ursinus",3,"11:29","00:29","next drive start",3,"11:00",0,"4 plays, 3 yards, 00:29 elapsed",FALSE
"20251018_rd3r",188,"Johns Hopkins",3,"11:00","06:12","score clock",3,"04:48",0,"10 plays, 76 yards, 06:12 elapsed",FALSE
"20251018_rd3r",196,"Ursinus",3,"04:43","01:29","next drive start",3,"03:14",0,"3 plays, 4 yards, 01:29 elapsed",FALSE
"20251018_rd3r",205,"Johns Hopkins",3,"03:14","02:30","next drive start",3,"00:44",0,"6 plays, 37 yards, 02:30 elapsed",FALSE
"20251018_rd3r",212,"Ursinus",3,"00:44","00:24","next drive start",3,"00:20",0,"3 plays, 0 yards, 00:24 elapsed",FALSE
"20251018_rd3r",228,"Johns Hopkins",3,"00:20","04:56","score clock",4,"10:24",0,"8 plays, 77 yards, 04:56 elapsed",FALSE
"20251018_rd3r",245,"Ursinus",4,"10:18","03:11","score clock",4,"07:07",0,"9 plays, 65 yards, 03:11 elapsed",FALSE
"20251018_rd3r",258,"Johns Hopkins",4,"06:59","04:18","next drive start",4,"02:41",0,"6 plays, -5 yards, 04:18 elapsed",FALSE
"20251018_rd3r",266,"Ursinus",4,"02:41","00:53","next drive start",4,"01:48",0,"3 plays, 0 yards, 00:53 elapsed",FALSE
"20251018_rd3r",273,"Johns Hopkins",4,"01:48","01:48","end of half",4,"00:00",0,"3 plays, -3 yards, 01:48 elapsed",FALSE
"20251018_uxv5",15,"Carnegie Mellon",1,"14:56","02:43","next drive start",1,"12:13",0,"6 plays, 29 yards, 02:43 elapsed",FALSE
"20251018_uxv5",22,"Gettysburg",1,"12:13","01:01","next drive start",1,"11:12",0,"4 plays, -14 yards, 01:01 elapsed",FALSE
"20251018_uxv5",28,"Carnegie Mellon",1,"11:12","00:02","score clock",1,"11:10",0,"1 plays, 1 yards, 00:02 elapsed",FALSE
"20251018_uxv5",36,"Gettysburg",1,"11:04","02:04","next drive start",1,"09:00",0,"3 plays, 5 yards, 02:04 elapsed",FALSE
"20251018_uxv5",49,"Carnegie Mellon",1,"09:00","03:48","next drive start",1,"05:12",0,"8 plays, 48 yards, 03:48 elapsed",FALSE
"20251018_uxv5",72,"Gettysburg",1,"05:12","07:32","next drive start",2,"12:40",0,"16 plays, 66 yards, 07:32 elapsed",FALSE
"20251018_uxv5",88,"Carnegie Mellon",2,"12:40","04:22","score clock",2,"08:18",0,"11 plays, 90 yards, 04:22 elapsed",FALSE
"20251018_uxv5",97,"Gettysburg",2,"08:18","01:44","next drive start",2,"06:34",0,"4 plays, 21 yards, 01:44 elapsed",FALSE
"20251018_uxv5",104,"Carnegie Mellon",2,"06:34","00:43","score clock",2,"05:51",0,"2 plays, 84 yards, 00:43 elapsed",FALSE
"20251018_uxv5",112,"Gettysburg",2,"05:51","00:58","next drive start",2,"04:53",0,"3 plays, 1 yards, 00:58 elapsed",FALSE
"20251018_uxv5",125,"Carnegie Mellon",2,"04:53","03:34","score clock",2,"01:19",0,"8 plays, 55 yards, 03:34 elapsed",FALSE
"20251018_uxv5",135,"Gettysburg",2,"01:12","01:00","next drive start",2,"00:12",0,"4 plays, 31 yards, 01:00 elapsed",FALSE
"20251018_uxv5",143,"Carnegie Mellon",2,"00:12","00:12","score clock",2,"00:00",0,"3 plays, 24 yards, 00:12 elapsed",FALSE
"20251018_uxv5",166,"Gettysburg",3,"15:00","03:52","next drive start",3,"11:08",0,"11 plays, 46 yards, 03:52 elapsed",FALSE
"20251018_uxv5",171,"Carnegie Mellon",3,"11:08","00:35","next drive start",3,"10:33",0,"2 plays, 19 yards, 00:35 elapsed",FALSE
"20251018_uxv5",179,"Gettysburg",3,"10:33","01:35","next drive start",3,"08:58",0,"4 plays, 5 yards, 01:35 elapsed",FALSE
"20251018_uxv5",188,"Carnegie Mellon",3,"08:58","00:34","score clock",3,"08:24",0,"2 plays, 56 yards, 00:34 elapsed",FALSE
"20251018_uxv5",201,"Gettysburg",3,"08:24","03:20","score clock",3,"05:04",0,"6 plays, 75 yards, 03:20 elapsed",FALSE
"20251018_uxv5",215,"Carnegie Mellon",3,"04:56","03:42","score clock",3,"01:14",0,"9 plays, 58 yards, 03:42 elapsed",FALSE
"20251018_uxv5",235,"Gettysburg",3,"01:14","04:49","score clock",4,"11:25",0,"10 plays, 75 yards, 04:49 elapsed",FALSE
"20251018_uxv5",254,"Carnegie Mellon",4,"11:25","05:03","score clock",4,"06:22",0,"11 plays, 62 yards, 05:03 elapsed",FALSE
"20251018_uxv5",276,"Gettysburg",4,"06:22","05:20","score clock",4,"01:02",0,"13 plays, 75 yards, 05:20 elapsed",FALSE
"20251018_uxv5",282,"Carnegie Mellon",4,"01:01","01:01","end of half",4,"00:00",0,"2 plays, -2 yards, 01:01 elapsed",FALSE
"20251025_3c40",13,"Carnegie Mellon",1,"15:00","02:05","next drive start",1,"12:55",0,"3 plays, 8 yards, 02:05 elapsed",FALSE
"20251025_3c40",21,"Muhlenberg",1,"12:55","02:31","next drive start",1,"10:24",0,"3 plays, -11 yards, 02:31 elapsed",FALSE
"20251025_3c40",40,"Carnegie Mellon",1,"10:24","07:12","score clock",1,"03:12",0,"11 plays, 77 yards, 07:12 elapsed",FALSE
"20251025_3c40",48,"Muhlenberg",1,"03:12","01:22","next drive start",1,"01:50",0,"3 plays, -1 yards, 01:22 elapsed",FALSE
"20251025_3c40",61,"Carnegie Mellon",1,"01:50","02:43","next drive start",2,"14:07",0,"6 plays, 14 yards, 02:43 elapsed",FALSE
"20251025_3c40",79,"Muhlenberg",2,"14:07","04:50","score clock",2,"09:17",0,"12 plays, 98 yards, 04:50 elapsed",FALSE
"20251025_3c40",87,"Carnegie Mellon",2,"09:17","01:41","next drive start",2,"07:36",0,"3 plays, 4 yards, 01:41 elapsed",FALSE
"20251025_3c40",94,"Muhlenberg",2,"07:36","00:21","next drive start",2,"07:15",0,"3 plays, 0 yards, 00:21 elapsed",FALSE
"20251025_3c40",107,"Carnegie Mellon",2,"07:15","03:22","score clock",2,"03:53",0,"8 plays, 48 yards, 03:22 elapsed",FALSE
"20251025_3c40",122,"Muhlenberg",2,"03:53","02:19","next drive start",2,"01:34",0,"6 plays, 2 yards, 02:19 elapsed",FALSE
"20251025_3c40",133,"Carnegie Mellon",2,"01:34","00:30","score clock",2,"01:04",0,"5 plays, 51 yards, 00:30 elapsed",FALSE
"20251025_3c40",141,"Muhlenberg",2,"01:04","01:04","end of half",2,"00:00",0,"3 plays, 3 yards, 01:04 elapsed",FALSE
"20251025_3c40",163,"Muhlenberg",3,"15:00","05:21","next drive start",3,"09:39",0,"12 plays, 31 yards, 05:21 elapsed",FALSE
"20251025_3c40",171,"Carnegie Mellon",3,"09:39","01:27","next drive start",3,"08:12",0,"4 plays, 2 yards, 01:27 elapsed",FALSE
"20251025_3c40",186,"Muhlenberg",3,"08:12","04:22","next drive start",3,"03:50",0,"11 plays, 35 yards, 04:22 elapsed",FALSE
"20251025_3c40",198,"Carnegie Mellon",3,"03:50","02:49","score clock",3,"01:01",0,"7 plays, 76 yards, 02:49 elapsed",FALSE
"20251025_3c40",213,"Muhlenberg",3,"01:01","01:59","score clock",4,"14:02",0,"6 plays, 66 yards, 01:59 elapsed",FALSE
"20251025_3c40",222,"Carnegie Mellon",4,"14:02","02:13","next drive start",4,"11:49",0,"3 plays, -5 yards, 02:13 elapsed",FALSE
"20251025_3c40",236,"Muhlenberg",4,"11:49","04:12","score clock",4,"07:37",0,"9 plays, 39 yards, 04:12 elapsed",FALSE
"20251025_3c40",244,"Carnegie Mellon",4,"07:37","01:06","next drive start",4,"06:31",0,"3 plays, 3 yards, 01:06 elapsed",FALSE
"20251025_3c40",258,"Muhlenberg",4,"06:31","04:34","score clock",4,"01:57",0,"8 plays, 64 yards, 04:34 elapsed",FALSE
"20251025_3c40",283,"Carnegie Mellon",4,"01:57","01:57","next drive start",4,"00:00",0,"16 plays, 57 yards, 01:57 elapsed",FALSE
"20251025_3c40",286,"Muhlenberg",4,"00:00","00:00","end of half",4,"00:00",0,"0 plays, 0 yards, 00:00 elapsed",FALSE
"20251025_htre",12,"Ursinus",1,"14:55","02:03","next drive start",1,"12:52",0,"3 plays, 9 yards, 02:03 elapsed",FALSE
"20251025_htre",24,"Franklin and Marshall",1,"12:52","04:03","score clock",1,"08:49",0,"6 plays, 80 yards, 04:03 elapsed",FALSE
"20251025_htre",34,"Ursinus",1,"08:49","02:10","next drive start",1,"06:39",0,"5 plays, 19 yards, 02:10 elapsed",FALSE
"20251025_htre",42,"Franklin and Marshall",1,"06:39","02:19","next drive start",1,"04:20",0,"4 plays, 17 yards, 02:19 elapsed",FALSE
"20251025_htre",48,"Ursinus",1,"04:20","00:54","next drive start",1,"03:26",0,"2 plays, -8 yards, 00:54 elapsed",FALSE
"20251025_htre",60,"Franklin and Marshall",1,"03:26","02:55","score clock",1,"00:31",0,"6 plays, 33 yards, 02:55 elapsed",FALSE
"20251025_htre",72,"Ursinus",1,"00:23","01:15","next drive start",2,"14:08",0,"3 plays, 7 yards, 01:15 elapsed",FALSE
"20251025_htre",89,"Franklin and Marshall",2,"14:08","05:25","score clock",2,"08:43",0,"9 plays, 78 yards, 05:25 elapsed",FALSE
"20251025_htre",101,"Ursinus",2,"08:43","03:18","score clock",2,"05:25",0,"6 plays, 75 yards, 03:18 elapsed",FALSE
"20251025_htre",126,"Franklin and Marshall",2,"05:25","05:17","score clock",2,"00:08",0,"12 plays, 74 yards, 05:17 elapsed",FALSE
"20251025_htre",132,"Ursinus",2,"00:01","00:00","end of half",2,"00:00",1,"1 plays, -1 yards, 00:00 elapsed",TRUE
"20251025_htre",153,"Franklin and Marshall",3,"14:54","04:40","score clock",3,"10:14",0,"10 plays, 63 yards, 04:40 elapsed",FALSE
"20251025_htre",161,"Ursinus",3,"10:08","00:53","next drive start",3,"09:15",0,"3 plays, 5 yards, 00:53 elapsed",FALSE
"20251025_htre",171,"Franklin and Marshall",3,"09:15","04:03","next drive start",3,"05:12",0,"6 plays, 29 yards, 04:03 elapsed",FALSE
"20251025_htre",182,"Ursinus",3,"05:12","02:31","next drive start",3,"02:41",0,"8 plays, 17 yards, 02:31 elapsed",FALSE
"20251025_htre",189,"Franklin and Marshall",3,"02:41","01:29","next drive start",3,"01:12",0,"3 plays, 4 yards, 01:29 elapsed",FALSE
"20251025_htre",194,"Ursinus",3,"01:12","00:14","next drive start",3,"00:58",0,"2 plays, 0 yards, 00:14 elapsed",FALSE
"20251025_htre",206,"Franklin and Marshall",3,"00:58","01:46","score clock",4,"14:12",0,"4 plays, 28 yards, 01:46 elapsed",FALSE
"20251025_htre",221,"Ursinus",4,"14:12","03:10","score clock",4,"11:02",0,"8 plays, 70 yards, 03:10 elapsed",FALSE
"20251025_htre",229,"Franklin and Marshall",4,"11:02","00:12","score clock",4,"10:50",0,"1 plays, 61 yards, 00:12 elapsed",FALSE
"20251025_htre",239,"Ursinus",4,"10:44","00:43","score clock",4,"10:01",0,"4 plays, 13 yards, 00:43 elapsed",FALSE
"20251025_htre",253,"Ursinus",4,"09:54","03:27","score clock",4,"06:27",0,"8 plays, 67 yards, 03:27 elapsed",FALSE
"20251025_htre",261,"Franklin and Marshall",4,"06:25","02:26","next drive start",4,"03:59",0,"3 plays, 5 yards, 02:26 elapsed",FALSE
"20251025_htre",275,"Ursinus",4,"03:59","03:40","next drive start",4,"00:19",0,"9 plays, 40 yards, 03:40 elapsed",FALSE
"20251025_htre",280,"Franklin and Marshall",4,"00:19","00:19","end of half",4,"00:00",0,"1 plays, -5 yards, 00:19 elapsed",FALSE
"20251025_mepx",14,"McDaniel",1,"14:56","02:19","next drive start",1,"12:37",0,"5 plays, 14 yards, 02:19 elapsed",FALSE
"20251025_mepx",20,"Dickinson",1,"12:37","00:55","next drive start",1,"11:42",0,"3 plays, 1 yards, 00:55 elapsed",FALSE
"20251025_mepx",29,"McDaniel",1,"11:42","02:52","next drive start",1,"08:50",0,"6 plays, 12 yards, 02:52 elapsed",FALSE
"20251025_mepx",37,"Dickinson",1,"08:50","01:19","score clock",1,"07:31",0,"3 plays, 10 yards, 01:19 elapsed",FALSE
"20251025_mepx",50,"Dickinson",1,"07:31","03:16","next drive start",1,"04:15",0,"6 plays, 13 yards, 03:16 elapsed",FALSE
"20251025_mepx",67,"McDaniel",1,"04:15","05:05","next drive start",2,"14:10",0,"10 plays, 51 yards, 05:05 elapsed",FALSE
"20251025_mepx",79,"Dickinson",2,"14:10","02:05","score clock",2,"12:05",0,"6 plays, 67 yards, 02:05 elapsed",FALSE
"20251025_mepx",90,"McDaniel",2,"11:59","02:00","score clock",2,"09:59",0,"5 plays, 70 yards, 02:00 elapsed",FALSE
"20251025_mepx",100,"Dickinson",2,"09:50","01:34","next drive start",2,"08:16",0,"5 plays, 12 yards, 01:34 elapsed",FALSE
"20251025_mepx",110,"McDaniel",2,"08:16","02:36","next drive start",2,"05:40",0,"6 plays, 35 yards, 02:36 elapsed",FALSE
"20251025_mepx",126,"Dickinson",2,"05:40","03:56","next drive start",2,"01:44",0,"11 plays, 58 yards, 03:56 elapsed",FALSE
"20251025_mepx",144,"McDaniel",2,"01:44","01:44","end of half",2,"00:00",0,"10 plays, 45 yards, 01:44 elapsed",FALSE
"20251025_mepx",160,"Dickinson",3,"14:49","01:12","score clock",3,"13:37",0,"4 plays, 48 yards, 01:12 elapsed",FALSE
"20251025_mepx",177,"McDaniel",3,"13:31","06:49","next drive start",3,"06:42",0,"13 plays, 68 yards, 06:49 elapsed",FALSE
"20251025_mepx",184,"Dickinson",3,"06:42","01:03","next drive start",3,"05:39",0,"3 plays, 7 yards, 01:03 elapsed",FALSE
"20251025_mepx",190,"McDaniel",3,"05:39","00:11","score clock",3,"05:28",0,"1 plays, 0 yards, 00:11 elapsed",FALSE
"20251025_mepx",195,"McDaniel",3,"05:22","00:07","next drive start",3,"05:15",0,"1 plays, 7 yards, 00:07 elapsed",FALSE
"20251025_mepx",202,"Dickinson",3,"05:15","01:36","next drive start",3,"03:39",0,"3 plays, -4 yards, 01:36 elapsed",FALSE
"20251025_mepx",208,"McDaniel",3,"03:39","00:38","score clock",3,"03:01",0,"2 plays, -1 yards, 00:38 elapsed",FALSE
"20251025_mepx",223,"Dickinson",3,"02:53","03:43","next drive start",4,"14:10",0,"6 plays, 11 yards, 03:43 elapsed",FALSE
"20251025_mepx",232,"McDaniel",4,"14:10","02:09","next drive start",4,"12:01",0,"5 plays, 22 yards, 02:09 elapsed",FALSE
"20251025_mepx",250,"Dickinson",4,"12:01","06:36","next drive start",4,"05:25",0,"11 plays, 45 yards, 06:36 elapsed",FALSE
"20251025_mepx",269,"McDaniel",4,"05:25","04:01","score clock",4,"01:24",0,"13 plays, 93 yards, 04:01 elapsed",FALSE
"20251025_mepx",282,"Dickinson",4,"01:22","00:36","next drive start",4,"00:46",0,"3 plays, 4 yards, 00:36 elapsed",FALSE
"20251025_mepx",288,"McDaniel",4,"00:46","00:23","next drive start",4,"00:23",0,"3 plays, -4 yards, 00:23 elapsed",FALSE
"20251025_mepx",293,"Dickinson",4,"00:23","00:00","end of half",4,"00:00",23,"1 plays, -1 yards, 00:00 elapsed",TRUE
"20251025_yvrv",14,"Johns Hopkins",1,"15:00","02:02","score clock",1,"12:58",0,"4 plays, 65 yards, 02:02 elapsed",FALSE
"20251025_yvrv",27,"Gettysburg",1,"12:58","02:33","next drive start",1,"10:25",0,"8 plays, 26 yards, 02:33 elapsed",FALSE
"20251025_yvrv",36,"Johns Hopkins",1,"10:25","01:32","score clock",1,"08:53",0,"4 plays, 77 yards, 01:32 elapsed",FALSE
"20251025_yvrv",52,"Gettysburg",1,"08:46","06:31","next drive start",1,"02:15",0,"11 plays, 66 yards, 06:31 elapsed",FALSE
"20251025_yvrv",77,"Johns Hopkins",1,"02:15","07:28","score clock",2,"09:47",0,"15 plays, 89 yards, 07:28 elapsed",FALSE
"20251025_yvrv",86,"Gettysburg",2,"09:40","02:12","next drive start",2,"07:28",0,"3 plays, 2 yards, 02:12 elapsed",FALSE
"20251025_yvrv",94,"Johns Hopkins",2,"07:28","02:58","next drive start",2,"04:30",0,"5 plays, 58 yards, 02:58 elapsed",FALSE
"20251025_yvrv",101,"Gettysburg",2,"04:30","01:10","next drive start",2,"03:20",0,"3 plays, 7 yards, 01:10 elapsed",FALSE
"20251025_yvrv",113,"Johns Hopkins",2,"03:20","02:30","score clock",2,"00:50",0,"6 plays, 51 yards, 02:30 elapsed",FALSE
"20251025_yvrv",122,"Gettysburg",2,"00:45","00:22","next drive start",2,"00:23",0,"3 plays, 5 yards, 00:22 elapsed",FALSE
"20251025_yvrv",135,"Johns Hopkins",2,"00:23","00:23","score clock",2,"00:00",0,"5 plays, 49 yards, 00:23 elapsed",FALSE
"20251025_yvrv",152,"Gettysburg",3,"14:54","02:57","score clock",3,"11:57",0,"7 plays, 70 yards, 02:57 elapsed",FALSE
"20251025_yvrv",162,"Johns Hopkins",3,"11:57","01:50","score clock",3,"10:07",0,"4 plays, 69 yards, 01:50 elapsed",FALSE
"20251025_yvrv",172,"Gettysburg",3,"09:59","02:21","next drive start",3,"07:38",0,"5 plays, 11 yards, 02:21 elapsed",FALSE
"20251025_yvrv",182,"Johns Hopkins",3,"07:38","02:43","score clock",3,"04:55",0,"5 plays, 43 yards, 02:43 elapsed",FALSE
"20251025_yvrv",190,"Gettysburg",3,"04:45","00:29","score clock",3,"04:16",0,"2 plays, 71 yards, 00:29 elapsed",FALSE
"20251025_yvrv",206,"Johns Hopkins",3,"04:16","04:05","score clock",3,"00:11",0,"9 plays, 53 yards, 04:05 elapsed",FALSE
"20251025_yvrv",217,"Gettysburg",3,"00:05","01:07","next drive start",4,"13:58",0,"3 plays, -10 yards, 01:07 elapsed",FALSE
"20251025_yvrv",229,"Johns Hopkins",4,"13:58","03:26","score clock",4,"10:32",0,"6 plays, 34 yards, 03:26 elapsed",FALSE
"20251025_yvrv",244,"Gettysburg",4,"10:24","04:48","score clock",4,"05:36",0,"9 plays, 76 yards, 04:48 elapsed",FALSE
"20251025_yvrv",252,"Johns Hopkins",4,"05:36","01:02","next drive start",4,"04:34",0,"3 plays, -3 yards, 01:02 elapsed",FALSE
"20251025_yvrv",259,"Gettysburg",4,"04:34","01:47","next drive start",4,"02:47",0,"4 plays, 23 yards, 01:47 elapsed",FALSE
"20251025_yvrv",268,"Johns Hopkins",4,"02:47","02:47","end of half",4,"00:00",0,"4 plays, 24 yards, 02:47 elapsed",FALSE
"20251101_bikc",13,"Johns Hopkins",1,"15:00","00:57","next drive start",1,"14:03",0,"3 plays, 1 yards, 00:57 elapsed",FALSE
"20251101_bikc",19,"Muhlenberg",1,"14:03","00:45","next drive start",1,"13:18",0,"3 plays, 0 yards, 00:45 elapsed",FALSE
"20251101_bikc",27,"Johns Hopkins",1,"13:18","01:27","score clock",1,"11:51",0,"3 plays, 35 yards, 01:27 elapsed",FALSE
"20251101_bikc",35,"Muhlenberg",1,"11:51","01:32","next drive start",1,"10:19",0,"3 plays, 3 yards, 01:32 elapsed",FALSE
"20251101_bikc",47,"Johns Hopkins",1,"10:19","03:32","score clock",1,"06:47",0,"7 plays, 81 yards, 03:32 elapsed",FALSE
"20251101_bikc",55,"Muhlenberg",1,"06:47","00:59","next drive start",1,"05:48",0,"3 plays, 9 yards, 00:59 elapsed",FALSE
"20251101_bikc",67,"Johns Hopkins",1,"05:48","04:03","score clock",1,"01:45",0,"7 plays, 66 yards, 04:03 elapsed",FALSE
"20251101_bikc",83,"Muhlenberg",1,"01:45","03:46","score clock",2,"12:59",0,"7 plays, 70 yards, 03:46 elapsed",FALSE
"20251101_bikc",102,"Johns Hopkins",2,"12:59","08:28","score clock",2,"04:31",0,"13 plays, 68 yards, 08:28 elapsed",FALSE
"20251101_bikc",121,"Muhlenberg",2,"04:31","03:41","score clock",2,"00:50",0,"10 plays, 60 yards, 03:41 elapsed",FALSE
"20251101_bikc",127,"Johns Hopkins",2,"00:50","00:35","next drive start",2,"00:15",0,"2 plays, 17 yards, 00:35 elapsed",FALSE
"20251101_bikc",134,"Muhlenberg",2,"00:15","00:11","score clock",2,"00:04",0,"2 plays, 34 yards, 00:11 elapsed",FALSE
"20251101_bikc",138,"Johns Hopkins",2,"00:00","00:00","end of half",2,"00:00",0,"0 plays, 0 yards, 00:00 elapsed",FALSE
"20251101_bikc",153,"Muhlenberg",3,"15:00","03:12","next drive start",3,"11:48",0,"7 plays, 47 yards, 03:12 elapsed",FALSE
"20251101_bikc",172,"Johns Hopkins",3,"11:48","07:19","score clock",3,"04:29",0,"12 plays, 66 yards, 07:19 elapsed",FALSE
"20251101_bikc",189,"Muhlenberg",3,"04:29","03:23","score clock",3,"01:06",0,"9 plays, 75 yards, 03:23 elapsed",FALSE
"20251101_bikc",200,"Johns Hopkins",3,"01:06","01:59","next drive start",4,"14:07",0,"3 plays, -3 yards, 01:59 elapsed",FALSE
"20251101_bikc",209,"Muhlenberg",4,"14:07","02:39","next drive start",4,"11:28",0,"5 plays, 25 yards, 02:39 elapsed",FALSE
"20251101_bikc",217,"Johns Hopkins",4,"11:28","00:36","score clock",4,"10:52",0,"2 plays, 61 yards, 00:36 elapsed",FALSE
"20251101_bikc",225,"Muhlenberg",4,"10:52","00:33","next drive start",4,"10:19",0,"3 plays, 0 yards, 00:33 elapsed",FALSE
"20251101_bikc",243,"Johns Hopkins",4,"10:19","07:18","score clock",4,"03:01",0,"11 plays, 87 yards, 07:18 elapsed",FALSE
"20251101_bikc",255,"Muhlenberg",4,"03:01","01:43","next drive start",4,"01:18",0,"7 plays, 22 yards, 01:43 elapsed",FALSE
"20251101_bikc",260,"Johns Hopkins",4,"01:18","01:18","end of half",4,"00:00",0,"2 plays, -2 yards, 01:18 elapsed",FALSE
"20251101_dlys",22,"Carnegie Mellon",1,"15:00","04:44","score clock",1,"10:16",0,"11 plays, 65 yards, 04:44 elapsed",FALSE
"20251101_dlys",40,"Dickinson",1,"10:16","05:17","score clock",1,"04:59",0,"12 plays, 75 yards, 05:17 elapsed",FALSE
"20251101_dlys",57,"Carnegie Mellon",1,"04:52","04:24","score clock",1,"00:28",0,"11 plays, 62 yards, 04:24 elapsed",FALSE
"20251101_dlys",69,"Dickinson",1,"00:28","01:45","next drive start",2,"13:43",0,"4 plays, 19 yards, 01:45 elapsed",FALSE
"20251101_dlys",86,"Carnegie Mellon",2,"13:43","04:57","score clock",2,"08:46",0,"11 plays, 83 yards, 04:57 elapsed",FALSE
"20251101_dlys",94,"Dickinson",2,"08:46","00:49","next drive start",2,"07:57",0,"3 plays, 6 yards, 00:49 elapsed",FALSE
"20251101_dlys",108,"Carnegie Mellon",2,"07:57","04:07","score clock",2,"03:50",0,"9 plays, 67 yards, 04:07 elapsed",FALSE
"20251101_dlys",123,"Dickinson",2,"03:50","02:26","score clock",2,"01:24",0,"9 plays, 75 yards, 02:26 elapsed",FALSE
"20251101_dlys",141,"Carnegie Mellon",2,"01:20","01:07","score clock",2,"00:13",0,"9 plays, 78 yards, 01:07 elapsed",FALSE
"20251101_dlys",149,"Dickinson",2,"00:13","00:13","end of half",2,"00:00",0,"2 plays, 8 yards, 00:13 elapsed",FALSE
"20251101_dlys",164,"Dickinson",3,"15:00","01:19","score clock",3,"13:41",0,"5 plays, 75 yards, 01:19 elapsed",FALSE
"20251101_dlys",185,"Carnegie Mellon",3,"13:36","05:41","score clock",3,"07:55",0,"15 plays, 76 yards, 05:41 elapsed",FALSE
"20251101_dlys",199,"Dickinson",3,"07:47","03:20","next drive start",3,"04:27",0,"9 plays, 45 yards, 03:20 elapsed",FALSE
"20251101_dlys",211,"Carnegie Mellon",3,"04:27","02:54","score clock",3,"01:33",0,"5 plays, 80 yards, 02:54 elapsed",FALSE
"20251101_dlys",223,"Dickinson",3,"01:33","01:42","next drive start",4,"14:51",0,"4 plays, 30 yards, 01:42 elapsed",FALSE
"20251101_dlys",233,"Carnegie Mellon",4,"14:51","02:23","score clock",4,"12:28",0,"5 plays, 55 yards, 02:23 elapsed",FALSE
"20251101_dlys",243,"Dickinson",4,"12:19","01:31","score clock",4,"10:48",0,"4 plays, 50 yards, 01:31 elapsed",FALSE
"20251101_dlys",264,"Carnegie Mellon",4,"10:41","06:06","score clock",4,"04:35",0,"12 plays, 65 yards, 06:06 elapsed",FALSE
"20251101_dlys",273,"Dickinson",4,"04:35","02:05","next drive start",4,"02:30",0,"3 plays, 4 yards, 02:05 elapsed",FALSE
"20251101_dlys",284,"Carnegie Mellon",4,"02:30","01:58","score clock",4,"00:32",0,"6 plays, 63 yards, 01:58 elapsed",FALSE
"20251101_dlys",291,"Dickinson",4,"00:24","00:24","end of half",4,"00:00",0,"1 plays, 6 yards, 00:24 elapsed",FALSE
"20251101_k2em",18,"Franklin and Marshall",1,"14:53","04:23","score clock",1,"10:30",0,"8 plays, 73 yards, 04:23 elapsed",FALSE
"20251101_k2em",28,"McDaniel",1,"10:24","02:43","next drive start",1,"07:41",0,"5 plays, 29 yards, 02:43 elapsed",FALSE
"20251101_k2em",50,"Franklin and Marshall",1,"07:41","08:19","next drive start",2,"14:22",0,"14 plays, 61 yards, 08:19 elapsed",FALSE
"20251101_k2em",70,"McDaniel",2,"14:22","07:19","score clock",2,"07:03",0,"13 plays, 59 yards, 07:19 elapsed",FALSE
"20251101_k2em",78,"McDaniel",2,"06:55","01:34","next drive start",2,"05:21",0,"3 plays, -1 yards, 01:34 elapsed",FALSE
"20251101_k2em",85,"Franklin and Marshall",2,"05:21","02:18","next drive start",2,"03:03",0,"3 plays, 7 yards, 02:18 elapsed",FALSE
"20251101_k2em",93,"McDaniel",2,"03:03","01:16","next drive start",2,"01:47",0,"3 plays, 6 yards, 01:16 elapsed",FALSE
"20251101_k2em",110,"Franklin and Marshall",2,"01:47","01:38","score clock",2,"00:09",0,"8 plays, 36 yards, 01:38 elapsed",FALSE
"20251101_k2em",116,"McDaniel",2,"00:01","00:01","end of half",2,"00:00",0,"1 plays, -2 yards, 00:01 elapsed",FALSE
"20251101_k2em",141,"McDaniel",3,"14:53","06:33","score clock",3,"08:20",0,"16 plays, 54 yards, 06:33 elapsed",FALSE
"20251101_k2em",156,"Franklin and Marshall",3,"08:20","05:04","next drive start",3,"03:16",0,"10 plays, 55 yards, 05:04 elapsed",FALSE
"20251101_k2em",166,"McDaniel",3,"03:16","02:42","next drive start",3,"00:34",0,"6 plays, 25 yards, 02:42 elapsed",FALSE
"20251101_k2em",178,"Franklin and Marshall",3,"00:34","03:49","next drive start",4,"11:45",0,"5 plays, 11 yards, 03:49 elapsed",FALSE
"20251101_k2em",189,"Franklin and Marshall",4,"11:45","01:07","score clock",4,"10:38",0,"4 plays, 18 yards, 01:07 elapsed",FALSE
"20251101_k2em",198,"McDaniel",4,"10:33","00:50","next drive start",4,"09:43",0,"3 plays, 4 yards, 00:50 elapsed",FALSE
"20251101_k2em",208,"Franklin and Marshall",4,"09:43","04:09","next drive start",4,"05:34",0,"6 plays, 12 yards, 04:09 elapsed",FALSE
"20251101_k2em",218,"McDaniel",4,"05:34","02:23","next drive start",4,"03:11",0,"6 plays, 22 yards, 02:23 elapsed",FALSE
"20251101_k2em",226,"Franklin and Marshall",4,"03:11","01:16","next drive start",4,"01:55",0,"4 plays, 9 yards, 01:16 elapsed",FALSE
"20251101_k2em",239,"McDaniel",4,"01:55","01:55","end of half",4,"00:00",0,"9 plays, 47 yards, 01:55 elapsed",FALSE
"20251101_l1ok",15,"Ursinus",1,"15:00","02:47","next drive start",1,"12:13",0,"5 plays, 18 yards, 2:47 elapsed",FALSE
"20251101_l1ok",28,"Gettysburg",1,"12:13","03:14","next drive start",1,"08:59",0,"7 plays, 39 yards, 3:14 elapsed",FALSE
"20251101_l1ok",37,"Ursinus",1,"08:59","01:36","next drive start",1,"07:23",0,"3 plays, -1 yards, 1:36 elapsed",FALSE
"20251101_l1ok",45,"Gettysburg",1,"07:23","02:06","score clock",1,"05:17",0,"4 plays, -5 yards, 2:06 elapsed",FALSE
"20251101_l1ok",53,"Ursinus",1,"05:06","01:36","next drive start",1,"03:30",0,"3 plays, -12 yards, 1:36 elapsed",FALSE
"20251101_l1ok",64,"Gettysburg",1,"03:30","02:03","next drive start",1,"01:27",0,"5 plays, 41 yards, 2:03 elapsed",FALSE
"20251101_l1ok",81,"Ursinus",1,"01:27","04:35","score clock",2,"11:52",0,"9 plays, 75 yards, 4:35 elapsed",FALSE
"20251101_l1ok",103,"Gettysburg",2,"11:48","06:52","next drive start",2,"04:56",0,"13 plays, 67 yards, 6:52 elapsed",FALSE
"20251101_l1ok",119,"Ursinus",2,"04:56","03:55","score clock",2,"01:01",0,"8 plays, 97 yards, 3:55 elapsed",FALSE
"20251101_l1ok",133,"Gettysburg",2,"00:56","00:56","next drive start",2,"00:00",0,"8 plays, 39 yards, 0:56 elapsed",FALSE
"20251101_l1ok",137,"Ursinus",2,"00:00","00:00","end of half",2,"00:00",0,"0 plays, 0 yards, 0:00 elapsed",FALSE
"20251101_l1ok",154,"Gettysburg",3,"15:00","03:13","score clock",3,"11:47",0,"7 plays, 73 yards, 3:13 elapsed",FALSE
"20251101_l1ok",175,"Ursinus",3,"11:42","07:10","score clock",3,"04:32",0,"13 plays, 70 yards, 7:10 elapsed",FALSE
"20251101_l1ok",187,"Gettysburg",3,"04:29","03:07","score clock",3,"01:22",0,"7 plays, 55 yards, 3:07 elapsed",FALSE
"20251101_l1ok",214,"Ursinus",3,"01:17","06:22","score clock",4,"09:55",0,"13 plays, 77 yards, 6:22 elapsed",FALSE
"20251101_l1ok",222,"Gettysburg",4,"09:55","02:01","next drive start",4,"07:54",0,"4 plays, 3 yards, 2:01 elapsed",FALSE
"20251101_l1ok",229,"Ursinus",4,"07:54","00:57","score clock",4,"06:57",0,"2 plays, 36 yards, 0:57 elapsed",FALSE
"20251101_l1ok",237,"Gettysburg",4,"06:49","02:04","next drive start",4,"04:45",0,"4 plays, 3 yards, 2:04 elapsed",FALSE
"20251101_l1ok",248,"Ursinus",4,"04:45","02:49","score clock",4,"01:56",0,"5 plays, 14 yards, 2:49 elapsed",FALSE
"20251101_l1ok",258,"Gettysburg",4,"01:46","01:46","next drive start",4,"00:00",0,"6 plays, 31 yards, 1:46 elapsed",FALSE
"20251101_l1ok",262,"Ursinus",4,"00:00","00:00","end of half",4,"00:00",0,"0 plays, 0 yards, 0:00 elapsed",FALSE
"20251108_3ubg",13,"Franklin and Marshall",1,"15:00","02:39","next drive start",1,"12:21",0,"5 plays, 28 yards, 02:39 elapsed",FALSE
"20251108_3ubg",23,"Carnegie Mellon",1,"12:21","02:26","score clock",1,"09:55",0,"7 plays, -11 yards, 02:26 elapsed",FALSE
"20251108_3ubg",28,"Franklin and Marshall",1,"09:55","00:00","next drive start",1,"09:47",8,"0 plays, 0 yards, 00:00 elapsed",TRUE
"20251108_3ubg",39,"Carnegie Mellon",1,"09:47","02:42","next drive start",1,"07:05",0,"5 plays, 18 yards, 02:42 elapsed",FALSE
"20251108_3ubg",46,"Franklin and Marshall",1,"07:05","01:58","next drive start",1,"05:07",0,"3 plays, 8 yards, 01:58 elapsed",FALSE
"20251108_3ubg",54,"Carnegie Mellon",1,"05:07","01:28","next drive start",1,"03:39",0,"3 plays, -1 yards, 01:28 elapsed",FALSE
"20251108_3ubg",68,"Franklin and Marshall",1,"03:39","03:32","score clock",1,"00:07",0,"8 plays, 54 yards, 03:32 elapsed",FALSE
"20251108_3ubg",79,"Carnegie Mellon",1,"00:02","00:31","next drive start",2,"14:31",0,"3 plays, 0 yards, 00:31 elapsed",FALSE
"20251108_3ubg",92,"Franklin and Marshall",2,"14:31","05:31","next drive start",2,"09:00",0,"10 plays, 37 yards, 05:31 elapsed",FALSE
"20251108_3ubg",103,"Carnegie Mellon",2,"09:00","02:46","score clock",2,"06:14",0,"6 plays, 77 yards, 02:46 elapsed",FALSE
"20251108_3ubg",112,"Franklin and Marshall",2,"06:07","02:15","next drive start",2,"03:52",0,"3 plays, 6 yards, 02:15 elapsed",FALSE
"20251108_3ubg",122,"Carnegie Mellon",2,"03:52","02:28","next drive start",2,"01:24",0,"6 plays, 31 yards, 02:28 elapsed",FALSE
"20251108_3ubg",133,"Franklin and Marshall",2,"01:24","01:21","next drive start",2,"00:03",0,"7 plays, 22 yards, 01:21 elapsed",FALSE
"20251108_3ubg",137,"Carnegie Mellon",2,"00:03","00:03","end of half",2,"00:00",0,"1 plays, 6 yards, 00:03 elapsed",FALSE
"20251108_3ubg",148,"Carnegie Mellon",3,"14:56","01:16","next drive start",3,"13:40",0,"3 plays, 3 yards, 01:16 elapsed",FALSE
"20251108_3ubg",158,"Franklin and Marshall",3,"13:40","01:57","score clock",3,"11:43",0,"4 plays, 54 yards, 01:57 elapsed",FALSE
"20251108_3ubg",171,"Carnegie Mellon",3,"11:39","02:39","score clock",3,"09:00",0,"7 plays, 70 yards, 02:39 elapsed",FALSE
"20251108_3ubg",187,"Franklin and Marshall",3,"09:00","05:50","score clock",3,"03:10",0,"11 plays, 68 yards, 05:50 elapsed",FALSE
"20251108_3ubg",192,"Franklin and Marshall",3,"03:05","00:03","next drive start",3,"03:02",0,"1 plays, 0 yards, 00:03 elapsed",FALSE
"20251108_3ubg",204,"Carnegie Mellon",3,"03:02","01:56","score clock",3,"01:06",0,"6 plays, 77 yards, 01:56 elapsed",FALSE
"20251108_3ubg",218,"Franklin and Marshall",3,"01:06","02:06","next drive start",4,"14:00",0,"6 plays, 11 yards, 02:06 elapsed",FALSE
"20251108_3ubg",225,"Carnegie Mellon",4,"14:00","01:30","next drive start",4,"12:30",0,"3 plays, 4 yards, 01:30 elapsed",FALSE
"20251108_3ubg",233,"Franklin and Marshall",4,"12:30","01:48","next drive start",4,"10:42",0,"4 plays, 23 yards, 01:48 elapsed",FALSE
"20251108_3ubg",240,"Carnegie Mellon",4,"10:42","00:48","next drive start",4,"09:54",0,"3 plays, -9 yards, 00:48 elapsed",FALSE
"20251108_3ubg",247,"Franklin and Marshall",4,"09:54","01:36","next drive start",4,"08:18",0,"3 plays, 11 yards, 01:36 elapsed",FALSE
"20251108_3ubg",259,"Carnegie Mellon",4,"08:18","03:42","score clock",4,"04:36",0,"8 plays, 7 yards, 03:42 elapsed",FALSE
"20251108_3ubg",270,"Franklin and Marshall",4,"04:36","02:41","score clock",4,"01:55",0,"5 plays, 75 yards, 02:41 elapsed",FALSE
"20251108_3ubg",278,"Carnegie Mellon",4,"01:44","00:53","next drive start",4,"00:51",0,"3 plays, -3 yards, 00:53 elapsed",FALSE
"20251108_3ubg",286,"Franklin and Marshall",4,"00:51","00:51","end of half",4,"00:00",0,"3 plays, -8 yards, 00:51 elapsed",FALSE
"20251108_wc79",17,"Dickinson",1,"14:54","04:43","next drive start",1,"10:11",0,"9 plays, 68 yards, 04:43 elapsed",FALSE
"20251108_wc79",28,"Ursinus",1,"10:11","04:35","next drive start",1,"05:36",0,"8 plays, 75 yards, 04:35 elapsed",FALSE
"20251108_wc79",35,"Dickinson",1,"05:36","01:22","next drive start",1,"04:14",0,"4 plays, 21 yards, 01:22 elapsed",FALSE
"20251108_wc79",43,"Ursinus",1,"04:14","01:52","next drive start",1,"02:22",0,"3 plays, -10 yards, 01:52 elapsed",FALSE
"20251108_wc79",60,"Dickinson",1,"02:22","03:48","score clock",2,"13:34",0,"9 plays, 81 yards, 03:48 elapsed",FALSE
"20251108_wc79",70,"Ursinus",2,"13:34","01:26","next drive start",2,"12:08",0,"4 plays, 21 yards, 01:26 elapsed",FALSE
"20251108_wc79",92,"Dickinson",2,"12:08","08:56","score clock",2,"03:12",0,"18 plays, 75 yards, 08:56 elapsed",FALSE
"20251108_wc79",104,"Ursinus",2,"03:12","01:14","score clock",2,"01:58",0,"5 plays, 65 yards, 01:14 elapsed",FALSE
"20251108_wc79",116,"Dickinson",2,"01:58","01:12","score clock",2,"00:46",0,"5 plays, 65 yards, 01:12 elapsed",FALSE
"20251108_wc79",123,"Ursinus",2,"00:46","00:14","next drive start",2,"00:32",0,"2 plays, 0 yards, 00:14 elapsed",FALSE
"20251108_wc79",136,"Dickinson",2,"00:32","00:32","score clock",2,"00:00",0,"5 plays, 40 yards, 00:32 elapsed",FALSE
"20251108_wc79",148,"Ursinus",3,"15:00","01:30","next drive start",3,"13:30",0,"4 plays, 8 yards, 01:30 elapsed",FALSE
"20251108_wc79",156,"Dickinson",3,"13:30","01:00","score clock",3,"12:30",0,"3 plays, 33 yards, 01:00 elapsed",FALSE
"20251108_wc79",179,"Ursinus",3,"12:24","07:25","score clock",3,"04:59",0,"16 plays, 79 yards, 07:25 elapsed",FALSE
"20251108_wc79",192,"Dickinson",3,"04:59","02:08","score clock",3,"02:51",0,"6 plays, 65 yards, 02:08 elapsed",FALSE
"20251108_wc79",211,"Ursinus",3,"02:44","04:07","score clock",4,"13:37",0,"9 plays, 67 yards, 04:07 elapsed",FALSE
"20251108_wc79",232,"Dickinson",4,"13:29","06:58","score clock",4,"06:31",0,"13 plays, 80 yards, 06:58 elapsed",FALSE
"20251108_wc79",242,"Ursinus",4,"06:31","01:08","next drive start",4,"05:23",0,"6 plays, 60 yards, 01:08 elapsed",FALSE
"20251108_wc79",259,"Dickinson",4,"05:23","04:13","score clock",4,"01:10",0,"10 plays, 85 yards, 04:13 elapsed",FALSE
"20251108_wc79",266,"Ursinus",4,"01:05","01:05","end of half",4,"00:00",0,"2 plays, 4 yards, 01:05 elapsed",FALSE
"20251108_x77w",16,"McDaniel",1,"14:53","03:13","next drive start",1,"11:40",0,"6 plays, 18 yards, 03:13 elapsed",FALSE
"20251108_x77w",27,"Johns Hopkins",1,"11:40","03:28","score clock",1,"08:12",0,"6 plays, 43 yards, 03:28 elapsed",FALSE
"20251108_x77w",35,"McDaniel",1,"08:05","01:27","next drive start",1,"06:38",0,"3 plays, 7 yards, 01:27 elapsed",FALSE
"20251108_x77w",49,"Johns Hopkins",1,"06:38","05:10","score clock",1,"01:28",0,"9 plays, 72 yards, 05:10 elapsed",FALSE
"20251108_x77w",55,"McDaniel",1,"01:28","00:45","next drive start",1,"00:43",0,"2 plays, -1 yards, 00:45 elapsed",FALSE
"20251108_x77w",62,"Johns Hopkins",1,"00:43","00:34","next drive start",1,"00:09",0,"4 plays, 4 yards, 00:34 elapsed",FALSE
"20251108_x77w",71,"McDaniel",1,"00:09","00:58","next drive start",2,"14:11",0,"3 plays, 3 yards, 00:58 elapsed",FALSE
"20251108_x77w",81,"Johns Hopkins",2,"14:11","02:17","score clock",2,"11:54",0,"5 plays, 42 yards, 02:17 elapsed",FALSE
"20251108_x77w",90,"McDaniel",2,"11:48","02:23","next drive start",2,"09:25",0,"4 plays, 22 yards, 02:23 elapsed",FALSE
"20251108_x77w",100,"Johns Hopkins",2,"09:25","04:18","next drive start",2,"05:07",0,"6 plays, 32 yards, 04:18 elapsed",FALSE
"20251108_x77w",107,"McDaniel",2,"05:07","01:02","next drive start",2,"04:05",0,"3 plays, 5 yards, 01:02 elapsed",FALSE
"20251108_x77w",119,"Johns Hopkins",2,"04:05","02:02","score clock",2,"02:03",0,"6 plays, 43 yards, 02:02 elapsed",FALSE
"20251108_x77w",135,"McDaniel",2,"01:58","01:35","next drive start",2,"00:23",0,"6 plays, 23 yards, 01:35 elapsed",FALSE
"20251108_x77w",140,"Johns Hopkins",2,"00:23","00:23","end of half",2,"00:00",0,"1 plays, -1 yards, 00:23 elapsed",FALSE
"20251108_x77w",160,"Johns Hopkins",3,"14:52","04:42","score clock",3,"10:10",0,"8 plays, 74 yards, 04:42 elapsed",FALSE
"20251108_x77w",170,"McDaniel",3,"10:03","03:14","next drive start",3,"06:49",0,"5 plays, 22 yards, 03:14 elapsed",FALSE
"20251108_x77w",180,"Johns Hopkins",3,"06:49","03:24","next drive start",3,"03:25",0,"7 plays, 57 yards, 03:24 elapsed",FALSE
"20251108_x77w",194,"McDaniel",3,"03:25","03:34","next drive start",4,"14:51",0,"6 plays, 20 yards, 03:34 elapsed",FALSE
"20251108_x77w",202,"Johns Hopkins",4,"14:51","00:58","next drive start",4,"13:53",0,"3 plays, -3 yards, 00:58 elapsed",FALSE
"20251108_x77w",209,"McDaniel",4,"13:53","02:10","next drive start",4,"11:43",0,"3 plays, 4 yards, 02:10 elapsed",FALSE
"20251108_x77w",216,"Johns Hopkins",4,"11:43","00:55","score clock",4,"10:48",0,"2 plays, 48 yards, 00:55 elapsed",FALSE
"20251108_x77w",224,"McDaniel",4,"10:40","02:00","next drive start",4,"08:40",0,"3 plays, -1 yards, 02:00 elapsed",FALSE
"20251108_x77w",235,"Johns Hopkins",4,"08:40","04:42","next drive start",4,"03:58",0,"8 plays, 54 yards, 04:42 elapsed",FALSE
"20251108_x77w",244,"McDaniel",4,"03:58","02:05","next drive start",4,"01:53",0,"5 plays, 12 yards, 02:05 elapsed",FALSE
"20251108_x77w",252,"Johns Hopkins",4,"01:53","00:00","end of half",4,"00:00",113,"4 plays, 15 yards, 00:00 elapsed",TRUE
"20251108_xaqb",17,"Muhlenberg",1,"15:00","02:21","score clock",1,"12:39",0,"6 plays, 75 yards, 2:21 elapsed",FALSE
"20251108_xaqb",26,"Gettysburg",1,"12:39","02:22","next drive start",1,"10:17",0,"5 plays, 36 yards, 2:22 elapsed",FALSE
"20251108_xaqb",35,"Muhlenberg",1,"10:17","01:03","score clock",1,"09:14",0,"4 plays, 46 yards, 1:03 elapsed",FALSE
"20251108_xaqb",43,"Gettysburg",1,"09:08","01:34","next drive start",1,"07:34",0,"3 plays, 2 yards, 1:34 elapsed",FALSE
"20251108_xaqb",57,"Muhlenberg",1,"07:34","04:07","score clock",1,"03:27",0,"9 plays, 63 yards, 4:07 elapsed",FALSE
"20251108_xaqb",65,"Gettysburg",1,"03:22","01:29","next drive start",1,"01:53",0,"3 plays, 9 yards, 1:29 elapsed",FALSE
"20251108_xaqb",80,"Muhlenberg",1,"01:53","02:09","score clock",2,"14:44",0,"8 plays, 40 yards, 2:09 elapsed",FALSE
"20251108_xaqb",96,"Gettysburg",2,"14:44","04:54","score clock",2,"09:50",0,"10 plays, 75 yards, 4:54 elapsed",FALSE
"20251108_xaqb",109,"Muhlenberg",2,"09:39","02:09","score clock",2,"07:30",0,"7 plays, 55 yards, 2:09 elapsed",FALSE
"20251108_xaqb",119,"Gettysburg",2,"07:30","01:27","next drive start",2,"05:56",7,"3 plays, 3 yards, 1:27 elapsed",TRUE
"20251108_xaqb",130,"Muhlenberg",2,"05:56","03:07","score clock",2,"02:49",0,"6 plays, 49 yards, 3:07 elapsed",FALSE
"20251108_xaqb",142,"Gettysburg",2,"02:49","01:25","score clock",2,"01:24",0,"6 plays, 75 yards, 1:25 elapsed",FALSE
"20251108_xaqb",155,"Muhlenberg",2,"01:17","01:02","score clock",2,"00:15",0,"6 plays, 72 yards, 1:02 elapsed",FALSE
"20251108_xaqb",161,"Gettysburg",2,"00:10","00:10","end of half",2,"00:00",0,"1 plays, 0 yards, 0:10 elapsed",FALSE
"20251108_xaqb",175,"Gettysburg",3,"15:00","02:07","next drive start",3,"12:47",6,"3 plays, -3 yards, 2:07 elapsed",TRUE
"20251108_xaqb",185,"Muhlenberg",3,"12:47","01:30","score clock",3,"11:17",0,"5 plays, 42 yards, 1:30 elapsed",FALSE
"20251108_xaqb",209,"Gettysburg",3,"11:12","05:47","next drive start",3,"05:25",0,"13 plays, 65 yards, 5:47 elapsed",FALSE
"20251108_xaqb",223,"Muhlenberg",3,"05:25","04:38","score clock",3,"00:47",0,"9 plays, 92 yards, 4:38 elapsed",FALSE
"20251108_xaqb",243,"Gettysburg",3,"00:47","02:51","score clock",4,"12:47",9,"7 plays, 86 yards, 2:51 elapsed",TRUE
"20251108_xaqb",256,"Muhlenberg",4,"12:47","02:45","next drive start",4,"10:02",0,"3 plays, 3 yards, 2:45 elapsed",FALSE
"20251108_xaqb",279,"Gettysburg",4,"10:02","06:15","score clock",4,"03:47",0,"14 plays, 89 yards, 6:15 elapsed",FALSE
"20251108_xaqb",291,"Muhlenberg",4,"03:47","03:47","end of half",4,"00:00",0,"7 plays, 35 yards, 3:47 elapsed",FALSE
"20251115_1cr9",26,"Gettysburg",1,"14:53","07:39","score clock",1,"07:25",-11,"14 plays, 45 yards, 7:39 elapsed",TRUE
"20251115_1cr9",36,"Gettysburg",1,"07:14","00:51","score clock",1,"06:23",0,"4 plays, 19 yards, 0:51 elapsed",FALSE
"20251115_1cr9",44,"McDaniel",1,"06:16","02:07","next drive start",1,"04:09",0,"3 plays, 8 yards, 2:07 elapsed",FALSE
"20251115_1cr9",61,"Gettysburg",1,"04:09","04:14","next drive start",2,"14:55",0,"9 plays, 57 yards, 4:14 elapsed",FALSE
"20251115_1cr9",74,"McDaniel",2,"14:55","02:42","score clock",2,"12:13",0,"7 plays, 46 yards, 2:42 elapsed",FALSE
"20251115_1cr9",84,"Gettysburg",2,"12:05","02:01","next drive start",2,"10:04",0,"4 plays, 23 yards, 2:01 elapsed",FALSE
"20251115_1cr9",95,"McDaniel",2,"10:04","02:45","score clock",2,"07:19",0,"6 plays, 27 yards, 2:45 elapsed",FALSE
"20251115_1cr9",114,"Gettysburg",2,"07:10","06:48","score clock",2,"00:22",0,"14 plays, 66 yards, 6:48 elapsed",FALSE
"20251115_1cr9",122,"McDaniel",2,"00:17","00:17","end of half",2,"00:00",0,"1 plays, -1 yards, 0:17 elapsed",FALSE
"20251115_1cr9",142,"McDaniel",3,"15:00","05:45","score clock",3,"09:15",0,"10 plays, 75 yards, 5:45 elapsed",FALSE
"20251115_1cr9",153,"Gettysburg",3,"09:09","02:30","next drive start",3,"06:39",0,"6 plays, 34 yards, 2:30 elapsed",FALSE
"20251115_1cr9",159,"McDaniel",3,"06:39","00:06","score clock",3,"06:33",0,"1 plays, -3 yards, 0:06 elapsed",FALSE
"20251115_1cr9",164,"Gettysburg",3,"06:22","00:00","next drive start",3,"06:22",0,"0 plays, 0 yards, 0:00 elapsed",FALSE
"20251115_1cr9",174,"McDaniel",3,"06:22","02:43","next drive start",3,"03:39",0,"5 plays, 18 yards, 2:43 elapsed",FALSE
"20251115_1cr9",185,"Gettysburg",3,"03:39","02:56","score clock",3,"00:43",0,"6 plays, 64 yards, 2:56 elapsed",FALSE
"20251115_1cr9",209,"McDaniel",3,"00:35","06:42","score clock",4,"08:53",0,"14 plays, 75 yards, 6:42 elapsed",FALSE
"20251115_1cr9",233,"Gettysburg",4,"08:46","05:09","score clock",4,"03:37",0,"9 plays, 73 yards, 5:09 elapsed",FALSE
"20251115_1cr9",245,"McDaniel",4,"03:37","01:00","next drive start",4,"02:43",-6,"5 plays, -2 yards, 1:00 elapsed",TRUE
"20251115_1cr9",256,"Gettysburg",4,"02:43","02:29","end of half",4,"00:00",14,"5 plays, 15 yards, 2:29 elapsed",TRUE
"20251115_2lnx",15,"Franklin and Marshall",1,"14:52","02:16","next drive start",1,"12:36",0,"4 plays, 20 yards, 02:16 elapsed",FALSE
"20251115_2lnx",30,"Johns Hopkins",1,"12:36","05:09","score clock",1,"07:27",0,"9 plays, 88 yards, 05:09 elapsed",FALSE
"20251115_2lnx",38,"Franklin and Marshall",1,"07:27","02:08","next drive start",1,"05:19",0,"3 plays, -17 yards, 02:08 elapsed",FALSE
"20251115_2lnx",58,"Johns Hopkins",1,"05:19","05:23","score clock",2,"14:56",0,"10 plays, 43 yards, 05:23 elapsed",FALSE
"20251115_2lnx",64,"Franklin and Marshall",2,"14:49","00:13","next drive start",2,"14:36",0,"1 plays, 15 yards, 00:13 elapsed",FALSE
"20251115_2lnx",80,"Johns Hopkins",2,"14:36","06:05","score clock",2,"08:31",0,"10 plays, 80 yards, 06:05 elapsed",FALSE
"20251115_2lnx",93,"Franklin and Marshall",2,"08:25","03:18","score clock",2,"05:07",0,"7 plays, 77 yards, 03:18 elapsed",FALSE
"20251115_2lnx",101,"Johns Hopkins",2,"04:59","02:07","next drive start",2,"02:52",0,"3 plays, 6 yards, 02:07 elapsed",FALSE
"20251115_2lnx",121,"Franklin and Marshall",2,"02:52","02:26","score clock",2,"00:26",0,"11 plays, 86 yards, 02:26 elapsed",FALSE
"20251115_2lnx",128,"Johns Hopkins",2,"00:18","00:18","end of half",2,"00:00",0,"1 plays, -1 yards, 00:18 elapsed",FALSE
"20251115_2lnx",142,"Johns Hopkins",3,"15:00","03:17","next drive start",3,"11:43",0,"6 plays, 23 yards, 03:17 elapsed",FALSE
"20251115_2lnx",152,"Franklin and Marshall",3,"11:43","03:02","next drive start",3,"08:41",0,"6 plays, 14 yards, 03:02 elapsed",FALSE
"20251115_2lnx",160,"Johns Hopkins",3,"08:41","02:16","next drive start",3,"06:25",0,"4 plays, 6 yards, 02:16 elapsed",FALSE
"20251115_2lnx",170,"Franklin and Marshall",3,"06:25","02:32","next drive start",3,"03:53",0,"6 plays, 41 yards, 02:32 elapsed",FALSE
"20251115_2lnx",196,"Johns Hopkins",3,"03:53","10:14","next drive start",4,"08:39",0,"17 plays, 55 yards, 10:14 elapsed",FALSE
"20251115_2lnx",203,"Franklin and Marshall",4,"08:39","00:30","score clock",4,"08:09",0,"2 plays, 56 yards, 00:30 elapsed",FALSE
"20251115_2lnx",212,"Johns Hopkins",4,"08:01","00:56","next drive start",4,"07:05",0,"3 plays, 3 yards, 00:56 elapsed",FALSE
"20251115_2lnx",219,"Franklin and Marshall",4,"07:05","01:31","next drive start",4,"05:34",0,"3 plays, 4 yards, 01:31 elapsed",FALSE
"20251115_2lnx",229,"Johns Hopkins",4,"05:34","03:07","next drive start",4,"02:27",0,"7 plays, 32 yards, 03:07 elapsed",FALSE
"20251115_2lnx",239,"Franklin and Marshall",4,"02:27","00:43","next drive start",4,"01:44",0,"4 plays, 14 yards, 00:43 elapsed",FALSE
"20251115_2lnx",253,"Johns Hopkins",4,"01:44","01:44","next drive start",5,"15:00",0,"7 plays, 49 yards, 01:44 elapsed",FALSE
"20251115_2lnx",268,"Johns Hopkins",5,"15:00","00:00","overtime (untimed)",5,"15:00",,"6 plays, 45 yards, 00:00 elapsed",FALSE
"20251115_2lnx",278,"Franklin and Marshall",5,"15:00","00:00","overtime (untimed)",5,"00:00",,"2 plays, 25 yards, 00:00 elapsed",FALSE
"20251115_bpex",22,"Muhlenberg",1,"15:00","07:00","score clock",1,"08:00",0,"11 plays, 88 yards, 07:00 elapsed",FALSE
"20251115_bpex",30,"Dickinson",1,"08:00","00:00","next drive start",1,"08:00",0,"3 plays, 8 yards, 00:00 elapsed",FALSE
"20251115_bpex",33,"Dickinson",1,"08:00","01:50","next drive start",1,"06:10",0,"0 plays, 0 yards, 01:50 elapsed",FALSE
"20251115_bpex",47,"Muhlenberg",1,"06:10","03:44","score clock",1,"02:26",0,"9 plays, 81 yards, 03:44 elapsed",FALSE
"20251115_bpex",67,"Dickinson",1,"02:26","05:48","score clock",2,"11:38",0,"12 plays, 52 yards, 05:48 elapsed",FALSE
"20251115_bpex",83,"Muhlenberg",2,"11:38","03:53","score clock",2,"07:45",0,"9 plays, 63 yards, 03:53 elapsed",FALSE
"20251115_bpex",91,"Dickinson",2,"07:45","01:42","score clock",2,"06:03",0,"4 plays, 21 yards, 01:42 elapsed",FALSE
"20251115_bpex",95,"Muhlenberg",2,"06:03","00:00","next drive start",2,"06:03",0,"0 plays, 0 yards, 00:00 elapsed",FALSE
"20251115_bpex",116,"Dickinson",2,"06:03","05:39","score clock",2,"00:24",0,"13 plays, 75 yards, 05:39 elapsed",FALSE
"20251115_bpex",121,"Muhlenberg",2,"00:24","00:24","end of half",2,"00:00",0,"1 plays, -1 yards, 00:24 elapsed",FALSE
"20251115_bpex",139,"Dickinson",3,"15:00","04:29","next drive start",3,"10:31",0,"10 plays, 30 yards, 04:29 elapsed",FALSE
"20251115_bpex",146,"Muhlenberg",3,"10:31","01:05","next drive start",3,"09:26",0,"3 plays, 2 yards, 01:05 elapsed",FALSE
"20251115_bpex",153,"Dickinson",3,"09:26","01:30","next drive start",3,"07:56",0,"3 plays, 7 yards, 01:30 elapsed",FALSE
"20251115_bpex",161,"Muhlenberg",3,"07:56","02:21","next drive start",3,"05:35",0,"5 plays, 31 yards, 02:21 elapsed",FALSE
"20251115_bpex",176,"Dickinson",3,"05:35","05:03","next drive start",3,"00:32",0,"11 plays, 69 yards, 05:03 elapsed",FALSE
"20251115_bpex",190,"Muhlenberg",3,"00:32","03:12","next drive start",4,"12:20",0,"8 plays, 28 yards, 03:12 elapsed",FALSE
"20251115_bpex",195,"Dickinson",4,"12:20","00:34","next drive start",4,"11:46",0,"2 plays, 8 yards, 00:34 elapsed",FALSE
"20251115_bpex",202,"Muhlenberg",4,"11:46","01:47","next drive start",4,"09:59",0,"4 plays, -1 yards, 01:47 elapsed",FALSE
"20251115_bpex",219,"Dickinson",4,"09:59","03:54","score clock",4,"06:05",0,"10 plays, 74 yards, 03:54 elapsed",FALSE
"20251115_bpex",236,"Muhlenberg",4,"06:05","04:11","next drive start",4,"01:54",0,"8 plays, 40 yards, 04:11 elapsed",FALSE
"20251115_bpex",241,"Dickinson",4,"01:54","00:10","score clock",4,"01:44",0,"1 plays, -6 yards, 00:10 elapsed",FALSE
"20251115_bpex",251,"Dickinson",4,"01:44","00:59","next drive start",4,"00:45",0,"6 plays, 29 yards, 00:59 elapsed",FALSE
"20251115_bpex",256,"Muhlenberg",4,"00:45","00:45","end of half",4,"00:00",0,"2 plays, -2 yards, 00:45 elapsed",FALSE
"20251115_h3wh",23,"Ursinus",1,"15:00","07:34","next drive start",1,"07:26",0,"14 plays, 70 yards, 07:34 elapsed",FALSE
"20251115_h3wh",34,"Carnegie Mellon",1,"07:26","03:14","next drive start",1,"04:12",0,"7 plays, 27 yards, 03:14 elapsed",FALSE
"20251115_h3wh",46,"Ursinus",1,"04:12","02:17","score clock",1,"01:55",0,"5 plays, 67 yards, 02:17 elapsed",FALSE
"20251115_h3wh",67,"Carnegie Mellon",1,"01:47","05:24","score clock",2,"11:23",0,"13 plays, 61 yards, 05:24 elapsed",FALSE
"20251115_h3wh",75,"Ursinus",2,"11:23","00:37","score clock",2,"10:46",0,"2 plays, 2 yards, 00:37 elapsed",FALSE
"20251115_h3wh",83,"Ursinus",2,"10:46","01:40","next drive start",2,"09:06",0,"3 plays, 8 yards, 01:40 elapsed",FALSE
"20251115_h3wh",94,"Carnegie Mellon",2,"09:06","03:17","next drive start",2,"05:49",0,"6 plays, 17 yards, 03:17 elapsed",FALSE
"20251115_h3wh",110,"Ursinus",2,"05:49","03:58","score clock",2,"01:51",0,"8 plays, 68 yards, 03:58 elapsed",FALSE
"20251115_h3wh",130,"Carnegie Mellon",2,"01:44","01:20","score clock",2,"00:24",0,"10 plays, 85 yards, 01:20 elapsed",FALSE
"20251115_h3wh",136,"Ursinus",2,"00:24","00:00","end of half",2,"00:00",24,"1 plays, -2 yards, 00:00 elapsed",TRUE
"20251115_h3wh",154,"Carnegie Mellon",3,"15:00","04:36","next drive start",3,"10:24",0,"8 plays, 27 yards, 04:36 elapsed",FALSE
"20251115_h3wh",171,"Ursinus",3,"10:24","05:08","score clock",3,"05:16",0,"11 plays, 80 yards, 05:08 elapsed",FALSE
"20251115_h3wh",186,"Carnegie Mellon",3,"05:16","04:15","score clock",3,"01:01",0,"9 plays, 46 yards, 04:15 elapsed",FALSE
"20251115_h3wh",207,"Ursinus",3,"01:01","04:40","score clock",4,"11:21",0,"12 plays, 75 yards, 04:40 elapsed",FALSE
"20251115_h3wh",215,"Carnegie Mellon",4,"11:14","00:37","next drive start",4,"10:37",0,"3 plays, 0 yards, 00:37 elapsed",FALSE
"20251115_h3wh",222,"Ursinus",4,"10:37","01:33","next drive start",4,"09:04",0,"3 plays, 0 yards, 01:33 elapsed",FALSE
"20251115_h3wh",229,"Carnegie Mellon",4,"09:04","02:25","next drive start",4,"06:39",0,"3 plays, 8 yards, 02:25 elapsed",FALSE
"20251115_h3wh",249,"Ursinus",4,"06:39","05:55","next drive start",4,"00:44",0,"12 plays, 70 yards, 05:55 elapsed",FALSE
"20251115_h3wh",258,"Carnegie Mellon",4,"00:44","00:44","end of half",4,"00:00",0,"3 plays, 4 yards, 00:44 elapsed",FALSE
"20251122_6buh",20,"Lebanon Valley",1,"14:54","05:44","score clock",1,"09:10",0,"10 plays, 65 yards, 05:44 elapsed",FALSE
"20251122_6buh",31,"Ursinus",1,"09:05","02:11","next drive start",1,"06:54",0,"5 plays, 15 yards, 02:11 elapsed",FALSE
"20251122_6buh",46,"Lebanon Valley",1,"06:54","05:32","score clock",1,"01:22",0,"9 plays, 94 yards, 05:32 elapsed",FALSE
"20251122_6buh",61,"Ursinus",1,"01:18","02:24","score clock",2,"13:54",0,"6 plays, 69 yards, 02:24 elapsed",FALSE
"20251122_6buh",70,"Lebanon Valley",2,"13:49","01:58","next drive start",2,"11:51",0,"4 plays, 8 yards, 01:58 elapsed",FALSE
"20251122_6buh",81,"Ursinus",2,"11:51","02:23","score clock",2,"09:28",0,"7 plays, 24 yards, 02:23 elapsed",FALSE
"20251122_6buh",93,"Lebanon Valley",2,"09:22","02:49","next drive start",2,"06:33",0,"8 plays, 39 yards, 02:49 elapsed",FALSE
"20251122_6buh",111,"Ursinus",2,"06:33","06:14","score clock",2,"00:19",0,"11 plays, 68 yards, 06:14 elapsed",FALSE
"20251122_6buh",117,"Lebanon Valley",2,"00:19","00:19","end of half",2,"00:00",0,"1 plays, 4 yards, 00:19 elapsed",FALSE
"20251122_6buh",133,"Ursinus",3,"14:56","02:59","next drive start",3,"11:57",0,"8 plays, 51 yards, 02:59 elapsed",FALSE
"20251122_6buh",150,"Lebanon Valley",3,"11:57","05:41","score clock",3,"06:16",0,"13 plays, 57 yards, 05:41 elapsed",FALSE
"20251122_6buh",162,"Ursinus",3,"06:10","03:15","next drive start",3,"02:55",0,"7 plays, 36 yards, 03:15 elapsed",FALSE
"20251122_6buh",173,"Lebanon Valley",3,"02:55","02:31","next drive start",3,"00:24",0,"5 plays, 35 yards, 02:31 elapsed",FALSE
"20251122_6buh",187,"Ursinus",3,"00:24","03:15","next drive start",4,"12:09",0,"7 plays, 47 yards, 03:15 elapsed",FALSE
"20251122_6buh",200,"Lebanon Valley",4,"12:09","03:55","next drive start",4,"08:14",0,"8 plays, 29 yards, 03:55 elapsed",FALSE
"20251122_6buh",212,"Ursinus",4,"08:14","04:37","score clock",4,"03:37",0,"7 plays, 62 yards, 04:37 elapsed",FALSE
"20251122_6buh",218,"Lebanon Valley",4,"03:37","00:19","next drive start",4,"03:18",0,"2 plays, 0 yards, 00:19 elapsed",FALSE
"20251122_6buh",227,"Ursinus",4,"03:18","01:21","score clock",4,"01:57",0,"3 plays, 3 yards, 01:21 elapsed",FALSE
"20251122_6buh",235,"Lebanon Valley",4,"01:50","00:51","next drive start",4,"00:59",0,"3 plays, 9 yards, 00:51 elapsed",FALSE
"20251122_6buh",242,"Ursinus",4,"00:59","00:59","end of half",4,"00:00",0,"2 plays, 4 yards, 00:59 elapsed",FALSE
"20251122_6ygb",13,"Union",1,"15:00","02:14","next drive start",1,"12:46",0,"3 plays, 9 yards, 02:14 elapsed",FALSE
"20251122_6ygb",20,"Muhlenberg",1,"12:46","01:26","next drive start",1,"11:20",0,"3 plays, 9 yards, 01:26 elapsed",FALSE
"20251122_6ygb",31,"Union",1,"11:20","02:56","score clock",1,"08:24",0,"6 plays, 80 yards, 02:56 elapsed",FALSE
"20251122_6ygb",48,"Muhlenberg",1,"08:24","04:11","score clock",1,"04:13",0,"11 plays, 68 yards, 04:11 elapsed",FALSE
"20251122_6ygb",67,"Union",1,"04:13","05:40","score clock",2,"13:33",0,"10 plays, 76 yards, 05:40 elapsed",FALSE
"20251122_6ygb",85,"Muhlenberg",2,"13:33","05:10","score clock",2,"08:23",0,"12 plays, 76 yards, 05:10 elapsed",FALSE
"20251122_6ygb",93,"Union",2,"08:23","01:39","next drive start",2,"06:44",0,"3 plays, 1 yards, 01:39 elapsed",FALSE
"20251122_6ygb",102,"Muhlenberg",2,"06:44","00:44","next drive start",2,"06:00",0,"3 plays, 0 yards, 00:44 elapsed",FALSE
"20251122_6ygb",109,"Union",2,"06:00","01:43","next drive start",2,"04:17",0,"3 plays, 7 yards, 01:43 elapsed",FALSE
"20251122_6ygb",116,"Muhlenberg",2,"04:17","01:05","next drive start",2,"03:12",0,"3 plays, 6 yards, 01:05 elapsed",FALSE
"20251122_6ygb",124,"Union",2,"03:12","02:10","next drive start",2,"01:02",0,"3 plays, 9 yards, 02:10 elapsed",FALSE
"20251122_6ygb",135,"Muhlenberg",2,"01:02","01:02","end of half",2,"00:00",0,"5 plays, 39 yards, 01:02 elapsed",FALSE
"20251122_6ygb",154,"Muhlenberg",3,"15:00","04:19","score clock",3,"10:41",0,"9 plays, 57 yards, 04:19 elapsed",FALSE
"20251122_6ygb",163,"Union",3,"10:41","01:35","next drive start",3,"09:06",0,"3 plays, 4 yards, 01:35 elapsed",FALSE
"20251122_6ygb",170,"Muhlenberg",3,"09:06","00:49","score clock",3,"08:17",0,"2 plays, 9 yards, 00:49 elapsed",FALSE
"20251122_6ygb",189,"Union",3,"08:17","07:05","score clock",3,"01:12",0,"13 plays, 86 yards, 07:05 elapsed",FALSE
"20251122_6ygb",203,"Muhlenberg",3,"01:12","02:09","score clock",4,"14:03",0,"5 plays, 63 yards, 02:09 elapsed",FALSE
"20251122_6ygb",224,"Union",4,"14:03","05:50","score clock",4,"08:13",0,"11 plays, 75 yards, 05:50 elapsed",FALSE
"20251122_6ygb",247,"Muhlenberg",4,"08:13","06:35","score clock",4,"01:38",0,"12 plays, 55 yards, 06:35 elapsed",FALSE
"20251122_6ygb",256,"Union",4,"01:38","00:41","next drive start",4,"00:57",0,"4 plays, 16 yards, 00:41 elapsed",FALSE
"20251122_6ygb",263,"Muhlenberg",4,"00:57","00:57","end of half",4,"00:00",0,"2 plays, -17 yards, 00:57 elapsed",FALSE
"20251122_a800",10,"Delaware Valley",1,"14:51","00:41","next drive start",1,"14:10",0,"2 plays, 5 yards, 00:41 elapsed",FALSE
"20251122_a800",20,"Dickinson",1,"14:10","02:20","score clock",1,"11:50",0,"6 plays, 23 yards, 02:20 elapsed",FALSE
"20251122_a800",40,"Delaware Valley",1,"11:41","08:37","next drive start",1,"03:04",0,"14 plays, 63 yards, 08:37 elapsed",FALSE
"20251122_a800",59,"Dickinson",1,"03:04","04:09","score clock",2,"13:55",0,"11 plays, 88 yards, 04:09 elapsed",FALSE
"20251122_a800",70,"Delaware Valley",2,"13:47","03:46","next drive start",2,"10:01",0,"6 plays, 16 yards, 03:46 elapsed",FALSE
"20251122_a800",83,"Dickinson",2,"10:01","04:49","next drive start",2,"05:12",0,"8 plays, 50 yards, 04:49 elapsed",FALSE
"20251122_a800",92,"Delaware Valley",2,"05:12","02:24","next drive start",2,"02:48",0,"6 plays, 25 yards, 02:24 elapsed",FALSE
"20251122_a800",101,"Dickinson",2,"02:48","01:47","next drive start",2,"01:01",0,"5 plays, 29 yards, 01:47 elapsed",FALSE
"20251122_a800",115,"Delaware Valley",2,"01:01","01:01","end of half",2,"00:00",0,"8 plays, 22 yards, 01:01 elapsed",FALSE
"20251122_a800",131,"Dickinson",3,"14:54","04:47","next drive start",3,"10:07",0,"8 plays, 35 yards, 04:47 elapsed",FALSE
"20251122_a800",143,"Delaware Valley",3,"10:07","03:32","score clock",3,"06:35",0,"7 plays, 63 yards, 03:32 elapsed",FALSE
"20251122_a800",154,"Dickinson",3,"06:26","03:53","score clock",3,"02:33",0,"6 plays, 49 yards, 03:53 elapsed",FALSE
"20251122_a800",171,"Delaware Valley",3,"02:33","03:48","next drive start",4,"13:45",0,"10 plays, 55 yards, 03:48 elapsed",FALSE
"20251122_a800",178,"Dickinson",4,"13:45","01:07","next drive start",4,"12:38",0,"3 plays, 6 yards, 01:07 elapsed",FALSE
"20251122_a800",185,"Delaware Valley",4,"12:38","00:57","score clock",4,"11:41",0,"2 plays, 68 yards, 00:57 elapsed",FALSE
"20251122_a800",195,"Dickinson",4,"11:33","02:33","next drive start",4,"09:00",0,"5 plays, 19 yards, 02:33 elapsed",FALSE
"20251122_a800",206,"Delaware Valley",4,"09:00","04:03","next drive start",4,"04:57",0,"6 plays, 17 yards, 04:03 elapsed",FALSE
"20251122_a800",218,"Dickinson",4,"04:57","02:34","next drive start",4,"02:23",0,"7 plays, 17 yards, 02:34 elapsed",FALSE
"20251122_a800",231,"Delaware Valley",4,"02:23","02:23","end of half",4,"00:00",0,"6 plays, 66 yards, 02:23 elapsed",FALSE
"20251122_xsab",19,"Carnegie Mellon",1,"14:55","04:27","score clock",1,"10:28",0,"10 plays, 65 yards, 04:27 elapsed",FALSE
"20251122_xsab",27,"Misericordia",1,"10:24","01:21","next drive start",1,"09:03",0,"3 plays, -7 yards, 01:21 elapsed",FALSE
"20251122_xsab",37,"Carnegie Mellon",1,"09:03","02:33","next drive start",1,"06:30",0,"7 plays, 21 yards, 02:33 elapsed",FALSE
"20251122_xsab",44,"Misericordia",1,"06:30","01:21","next drive start",1,"05:09",0,"4 plays, 7 yards, 01:21 elapsed",FALSE
"20251122_xsab",51,"Carnegie Mellon",1,"05:09","01:20","next drive start",1,"03:49",0,"4 plays, 9 yards, 01:20 elapsed",FALSE
"20251122_xsab",70,"Misericordia",1,"03:49","05:18","next drive start",2,"13:31",0,"11 plays, 64 yards, 05:18 elapsed",FALSE
"20251122_xsab",80,"Carnegie Mellon",2,"13:31","02:25","next drive start",2,"11:06",0,"7 plays, 51 yards, 02:25 elapsed",FALSE
"20251122_xsab",89,"Misericordia",2,"11:06","02:57","next drive start",2,"08:09",0,"5 plays, 34 yards, 02:57 elapsed",FALSE
"20251122_xsab",96,"Carnegie Mellon",2,"08:09","01:30","next drive start",2,"06:39",0,"3 plays, 0 yards, 01:30 elapsed",FALSE
"20251122_xsab",115,"Misericordia",2,"06:39","05:06","score clock",2,"01:33",0,"13 plays, 73 yards, 05:06 elapsed",FALSE
"20251122_xsab",123,"Carnegie Mellon",2,"01:28","00:24","next drive start",2,"01:04",0,"3 plays, -6 yards, 00:24 elapsed",FALSE
"20251122_xsab",139,"Misericordia",2,"01:04","01:03","score clock",2,"00:01",0,"9 plays, 60 yards, 01:03 elapsed",FALSE
"20251122_xsab",143,"Carnegie Mellon",2,"00:00","00:00","end of half",2,"00:00",0,"0 plays, 0 yards, 00:00 elapsed",FALSE
"20251122_xsab",156,"Misericordia",3,"14:57","02:34","score clock",3,"12:23",0,"5 plays, 10 yards, 02:34 elapsed",FALSE
"20251122_xsab",161,"Carnegie Mellon",3,"12:23","00:00","next drive start",3,"12:18",5,"0 plays, 0 yards, 00:00 elapsed",TRUE
"20251122_xsab",177,"Misericordia",3,"12:18","05:51","score clock",3,"06:27",0,"11 plays, 65 yards, 05:51 elapsed",FALSE
"20251122_xsab",188,"Carnegie Mellon",3,"06:20","02:50","next drive start",3,"03:30",0,"5 plays, 4 yards, 02:50 elapsed",FALSE
"20251122_xsab",194,"Misericordia",3,"03:30","00:49","next drive start",3,"02:41",0,"3 plays, 12 yards, 00:49 elapsed",FALSE
"20251122_xsab",203,"Carnegie Mellon",3,"02:41","00:50","score clock",3,"01:51",0,"3 plays, 44 yards, 00:50 elapsed",FALSE
"20251122_xsab",222,"Misericordia",3,"01:51","06:23","next drive start",4,"10:28",0,"12 plays, 58 yards, 06:23 elapsed",FALSE
"20251122_xsab",233,"Carnegie Mellon",4,"10:28","03:47","next drive start",4,"06:41",0,"8 plays, 68 yards, 03:47 elapsed",FALSE
"20251122_xsab",240,"Misericordia",4,"06:41","01:47","next drive start",4,"04:54",0,"3 plays, -6 yards, 01:47 elapsed",FALSE
"20251122_xsab",249,"Carnegie Mellon",4,"04:54","01:53","score clock",4,"03:01",0,"4 plays, 4 yards, 01:53 elapsed",FALSE
"20251122_xsab",254,"Misericordia",4,"02:56","00:10","next drive start",4,"02:46",0,"1 plays, 0 yards, 00:10 elapsed",FALSE
"20251122_xsab",267,"Carnegie Mellon",4,"02:46","02:46","end of half",4,"00:00",0,"7 plays, 21 yards, 02:46 elapsed",FALSE
"20251129_1h8l",18,"Muhlenberg",1,"14:55","03:40","next drive start",1,"11:15",0,"9 plays, 33 yards, 03:40 elapsed",FALSE
"20251129_1h8l",35,"Mount Union",1,"11:15","06:32","score clock",1,"04:43",0,"12 plays, 90 yards, 06:32 elapsed",FALSE
"20251129_1h8l",46,"Muhlenberg",1,"04:35","02:16","next drive start",1,"02:19",0,"5 plays, 11 yards, 02:16 elapsed",FALSE
"20251129_1h8l",64,"Mount Union",1,"02:19","05:08","score clock",2,"12:11",0,"10 plays, 76 yards, 05:08 elapsed",FALSE
"20251129_1h8l",73,"Muhlenberg",2,"12:11","02:47","next drive start",2,"09:24",0,"5 plays, 23 yards, 02:47 elapsed",FALSE
"20251129_1h8l",79,"Mount Union",2,"09:24","00:05","score clock",2,"09:19",0,"1 plays, 17 yards, 00:05 elapsed",FALSE
"20251129_1h8l",87,"Muhlenberg",2,"09:19","01:13","next drive start",2,"08:06",0,"3 plays, -4 yards, 01:13 elapsed",FALSE
"20251129_1h8l",100,"Mount Union",2,"08:06","03:01","score clock",2,"05:05",0,"7 plays, 58 yards, 03:01 elapsed",FALSE
"20251129_1h8l",108,"Muhlenberg",2,"04:58","01:29","next drive start",2,"03:29",0,"3 plays, 3 yards, 01:29 elapsed",FALSE
"20251129_1h8l",121,"Mount Union",2,"03:29","02:31","score clock",2,"00:58",0,"7 plays, 86 yards, 02:31 elapsed",FALSE
"20251129_1h8l",128,"Muhlenberg",2,"00:58","00:58","end of half",2,"00:00",0,"2 plays, 6 yards, 00:58 elapsed",FALSE
"20251129_1h8l",144,"Mount Union",3,"15:00","03:22","score clock",3,"11:38",0,"6 plays, 75 yards, 03:22 elapsed",FALSE
"20251129_1h8l",157,"Muhlenberg",3,"11:29","03:06","next drive start",3,"08:23",0,"7 plays, 11 yards, 03:06 elapsed",FALSE
"20251129_1h8l",171,"Mount Union",3,"08:23","04:23","score clock",3,"04:00",0,"9 plays, 79 yards, 04:23 elapsed",FALSE
"20251129_1h8l",188,"Muhlenberg",3,"03:53","03:25","score clock",3,"00:28",0,"11 plays, 56 yards, 03:25 elapsed",FALSE
"20251129_1h8l",203,"Mount Union",3,"00:23","05:03","next drive start",4,"10:20",0,"7 plays, 37 yards, 05:03 elapsed",FALSE
"20251129_1h8l",210,"Muhlenberg",4,"10:20","01:47","next drive start",4,"08:33",0,"3 plays, -4 yards, 01:47 elapsed",FALSE
"20251129_1h8l",218,"Mount Union",4,"08:33","02:57","next drive start",4,"05:36",0,"3 plays, 2 yards, 02:57 elapsed",FALSE
"20251129_1h8l",235,"Muhlenberg",4,"05:36","05:36","end of half",4,"00:00",0,"12 plays, 68 yards, 05:36 elapsed",FALSE
"20251129_h79x",22,"Eastern",1,"14:56","06:12","score clock",1,"08:44",0,"12 plays, 60 yards, 06:12 elapsed",FALSE
"20251129_h79x",30,"Franklin and Marshall",1,"08:44","02:03","next drive start",1,"06:41",0,"3 plays, 8 yards, 02:03 elapsed",FALSE
"20251129_h79x",37,"Eastern",1,"06:41","02:17","next drive start",1,"04:24",0,"3 plays, 6 yards, 02:17 elapsed",FALSE
"20251129_h79x",44,"Franklin and Marshall",1,"04:24","02:00","next drive start",1,"02:24",0,"3 plays, -9 yards, 02:00 elapsed",FALSE
"20251129_h79x",52,"Eastern",1,"02:24","01:29","score clock",1,"00:55",0,"3 plays, 47 yards, 01:29 elapsed",FALSE
"20251129_h79x",71,"Franklin and Marshall",1,"00:47","02:56","score clock",2,"12:51",0,"6 plays, 90 yards, 02:56 elapsed",FALSE
"20251129_h79x",89,"Eastern",2,"12:41","06:07","score clock",2,"06:34",0,"10 plays, 81 yards, 06:07 elapsed",FALSE
"20251129_h79x",99,"Franklin and Marshall",2,"06:27","02:42","next drive start",2,"03:45",0,"5 plays, 13 yards, 02:42 elapsed",FALSE
"20251129_h79x",104,"Eastern",2,"03:45","00:47","next drive start",2,"02:58",0,"2 plays, 10 yards, 00:47 elapsed",FALSE
"20251129_h79x",111,"Franklin and Marshall",2,"02:58","00:45","score clock",2,"02:13",0,"2 plays, 31 yards, 00:45 elapsed",FALSE
"20251129_h79x",125,"Eastern",2,"02:06","02:06","end of half",2,"00:00",0,"7 plays, 39 yards, 02:06 elapsed",FALSE
"20251129_h79x",139,"Franklin and Marshall",3,"14:54","03:44","next drive start",3,"11:10",0,"6 plays, 28 yards, 03:44 elapsed",FALSE
"20251129_h79x",146,"Eastern",3,"11:10","02:10","next drive start",3,"09:00",0,"3 plays, -8 yards, 02:10 elapsed",FALSE
"20251129_h79x",160,"Franklin and Marshall",3,"09:00","04:19","score clock",3,"04:41",0,"9 plays, 36 yards, 04:19 elapsed",FALSE
"20251129_h79x",177,"Eastern",3,"04:36","04:44","score clock",4,"14:52",0,"8 plays, 77 yards, 04:44 elapsed",FALSE
"20251129_h79x",188,"Franklin and Marshall",4,"14:43","02:10","score clock",4,"12:33",0,"5 plays, 60 yards, 02:10 elapsed",FALSE
"20251129_h79x",199,"Eastern",4,"12:24","03:16","next drive start",4,"09:08",0,"6 plays, 18 yards, 03:16 elapsed",FALSE
"20251129_h79x",208,"Franklin and Marshall",4,"09:08","03:07","next drive start",4,"06:01",0,"6 plays, 36 yards, 03:07 elapsed",FALSE
"20251129_h79x",220,"Eastern",4,"06:01","03:50","next drive start",4,"02:11",0,"7 plays, 32 yards, 03:50 elapsed",FALSE
"20251129_h79x",239,"Franklin and Marshall",4,"02:11","02:07","next drive start",4,"00:04",0,"12 plays, 66 yards, 02:07 elapsed",FALSE
"20251129_h79x",244,"Eastern",4,"00:04","00:04","end of half",4,"00:00",0,"1 plays, 2 yards, 00:04 elapsed",FALSE
"20251129_zeoo",17,"Springfield",1,"14:54","03:59","score clock",1,"10:55",0,"7 plays, 73 yards, 03:59 elapsed",FALSE
"20251129_zeoo",36,"Johns Hopkins",1,"10:47","05:55","score clock",1,"04:52",0,"12 plays, 73 yards, 05:55 elapsed",FALSE
"20251129_zeoo",54,"Springfield",1,"04:47","06:16","next drive start",2,"13:31",0,"8 plays, 26 yards, 06:16 elapsed",FALSE
"20251129_zeoo",67,"Johns Hopkins",2,"13:31","03:46","score clock",2,"09:45",0,"8 plays, 80 yards, 03:46 elapsed",FALSE
"20251129_zeoo",75,"Springfield",2,"09:39","01:32","next drive start",2,"08:07",0,"3 plays, 1 yards, 01:32 elapsed",FALSE
"20251129_zeoo",85,"Johns Hopkins",2,"08:07","02:23","score clock",2,"05:44",0,"5 plays, 67 yards, 02:23 elapsed",FALSE
"20251129_zeoo",93,"Springfield",2,"05:38","02:09","next drive start",2,"03:29",0,"3 plays, 1 yards, 02:09 elapsed",FALSE
"20251129_zeoo",105,"Johns Hopkins",2,"03:29","02:24","next drive start",2,"01:05",0,"7 plays, 20 yards, 02:24 elapsed",FALSE
"20251129_zeoo",111,"Springfield",2,"01:05","01:05","end of half",2,"00:00",0,"2 plays, 2 yards, 01:05 elapsed",FALSE
"20251129_zeoo",126,"Johns Hopkins",3,"14:53","03:16","next drive start",3,"11:37",0,"5 plays, 9 yards, 03:16 elapsed",FALSE
"20251129_zeoo",133,"Springfield",3,"11:37","02:07","next drive start",3,"09:30",0,"3 plays, 3 yards, 02:07 elapsed",FALSE
"20251129_zeoo",142,"Johns Hopkins",3,"09:30","03:53","next drive start",3,"05:37",0,"5 plays, 21 yards, 03:53 elapsed",FALSE
"20251129_zeoo",152,"Springfield",3,"05:37","04:03","next drive start",3,"01:34",0,"6 plays, 13 yards, 04:03 elapsed",FALSE
"20251129_zeoo",170,"Johns Hopkins",3,"01:34","04:51","score clock",4,"11:43",0,"9 plays, 68 yards, 04:51 elapsed",FALSE
"20251129_zeoo",186,"Springfield",4,"11:38","05:10","score clock",4,"06:28",0,"10 plays, 85 yards, 05:10 elapsed",FALSE
"20251129_zeoo",206,"Johns Hopkins",4,"06:28","04:17","score clock",4,"02:11",0,"9 plays, 32 yards, 04:17 elapsed",FALSE
"20251129_zeoo",214,"Springfield",4,"02:06","00:23","next drive start",4,"01:43",0,"3 plays, 15 yards, 00:23 elapsed",FALSE
"20251129_zeoo",221,"Johns Hopkins",4,"01:43","01:43","end of half",4,"00:00",0,"3 plays, -3 yards, 01:43 elapsed",FALSE
"20251206_u8yr",11,"Salisbury",1,"14:55","00:10","score clock",1,"14:45",0,"1 plays, 69 yards, 00:10 elapsed",FALSE
"20251206_u8yr",28,"Johns Hopkins",1,"14:40","06:51","score clock",1,"07:49",0,"11 plays, 78 yards, 06:51 elapsed",FALSE
"20251206_u8yr",47,"Salisbury",1,"07:49","07:46","next drive start",1,"00:03",0,"13 plays, 73 yards, 07:46 elapsed",FALSE
"20251206_u8yr",65,"Johns Hopkins",1,"00:03","05:40","score clock",2,"09:23",0,"10 plays, 98 yards, 05:40 elapsed",FALSE
"20251206_u8yr",77,"Salisbury",2,"09:17","03:04","score clock",2,"06:13",0,"7 plays, 72 yards, 03:04 elapsed",FALSE
"20251206_u8yr",92,"Johns Hopkins",2,"06:13","04:19","score clock",2,"01:54",0,"8 plays, 75 yards, 04:19 elapsed",FALSE
"20251206_u8yr",107,"Salisbury",2,"01:48","00:58","score clock",2,"00:50",0,"7 plays, 73 yards, 00:58 elapsed",FALSE
"20251206_u8yr",122,"Johns Hopkins",2,"00:50","00:50","score clock",2,"00:00",0,"7 plays, 67 yards, 00:50 elapsed",FALSE
"20251206_u8yr",134,"Johns Hopkins",3,"15:00","02:15","next drive start",3,"12:45",0,"3 plays, 6 yards, 02:15 elapsed",FALSE
"20251206_u8yr",143,"Salisbury",3,"12:45","02:47","next drive start",3,"09:58",0,"6 plays, 29 yards, 02:47 elapsed",FALSE
"20251206_u8yr",153,"Johns Hopkins",3,"09:58","01:18","next drive start",3,"08:40",0,"5 plays, 30 yards, 01:18 elapsed",FALSE
"20251206_u8yr",160,"Salisbury",3,"08:40","01:00","next drive start",3,"07:40",0,"3 plays, 2 yards, 01:00 elapsed",FALSE
"20251206_u8yr",168,"Johns Hopkins",3,"07:40","01:16","next drive start",3,"06:24",0,"5 plays, 13 yards, 01:16 elapsed",FALSE
"20251206_u8yr",176,"Salisbury",3,"06:24","01:51","next drive start",3,"04:33",0,"3 plays, 5 yards, 01:51 elapsed",FALSE
"20251206_u8yr",188,"Johns Hopkins",3,"04:33","02:36","score clock",3,"01:57",0,"6 plays, 73 yards, 02:36 elapsed",FALSE
"20251206_u8yr",195,"Salisbury",3,"01:57","00:46","next drive start",3,"01:11",0,"2 plays, 13 yards, 00:46 elapsed",FALSE
"20251206_u8yr",205,"Johns Hopkins",3,"01:11","01:19","next drive start",4,"14:52",0,"4 plays, 9 yards, 01:19 elapsed",FALSE
"20251206_u8yr",212,"Salisbury",4,"14:52","01:26","next drive start",4,"13:26",0,"3 plays, 23 yards, 01:26 elapsed",FALSE
"20251206_u8yr",220,"Johns Hopkins",4,"13:26","01:33","score clock",4,"11:53",0,"3 plays, 44 yards, 01:33 elapsed",FALSE
"20251206_u8yr",230,"Salisbury",4,"11:47","02:34","next drive start",4,"09:13",0,"3 plays, 4 yards, 02:34 elapsed",FALSE
"20251206_u8yr",250,"Johns Hopkins",4,"09:13","09:10","score clock",4,"00:03",0,"13 plays, 83 yards, 09:10 elapsed",FALSE
"20251213_862g",22,"Johns Hopkins",1,"14:54","06:03","score clock",1,"08:51",0,"11 plays, 91 yards, 06:03 elapsed",FALSE
"20251213_862g",38,"Susquehanna",1,"08:43","06:05","score clock",1,"02:38",0,"11 plays, 53 yards, 06:05 elapsed",FALSE
"20251213_862g",54,"Johns Hopkins",1,"02:30","02:38","next drive start",2,"14:52",0,"6 plays, 6 yards, 02:38 elapsed",FALSE
"20251213_862g",61,"Susquehanna",2,"14:52","01:59","next drive start",2,"12:53",0,"3 plays, 3 yards, 01:59 elapsed",FALSE
"20251213_862g",72,"Johns Hopkins",2,"12:53","02:56","next drive start",2,"09:57",0,"5 plays, 11 yards, 02:56 elapsed",FALSE
"20251213_862g",79,"Susquehanna",2,"09:57","00:55","next drive start",2,"09:02",0,"3 plays, 1 yards, 00:55 elapsed",FALSE
"20251213_862g",92,"Johns Hopkins",2,"09:02","03:10","score clock",2,"05:52",0,"5 plays, 11 yards, 03:10 elapsed",FALSE
"20251213_862g",100,"Susquehanna",2,"05:44","01:02","next drive start",2,"04:42",0,"3 plays, 6 yards, 01:02 elapsed",FALSE
"20251213_862g",108,"Johns Hopkins",2,"04:42","01:36","score clock",2,"03:06",0,"3 plays, 48 yards, 01:36 elapsed",FALSE
"20251213_862g",119,"Susquehanna",2,"02:59","01:10","next drive start",2,"01:49",0,"4 plays, 3 yards, 01:10 elapsed",FALSE
"20251213_862g",130,"Johns Hopkins",2,"01:49","01:49","end of half",2,"00:00",0,"4 plays, 8 yards, 01:49 elapsed",FALSE
"20251213_862g",147,"Susquehanna",3,"14:53","04:10","next drive start",3,"10:43",0,"9 plays, 38 yards, 04:10 elapsed",FALSE
"20251213_862g",157,"Johns Hopkins",3,"10:43","02:16","score clock",3,"08:27",0,"4 plays, 68 yards, 02:16 elapsed",FALSE
"20251213_862g",174,"Susquehanna",3,"08:21","04:58","score clock",3,"03:23",0,"11 plays, 75 yards, 04:58 elapsed",FALSE
"20251213_862g",182,"Johns Hopkins",3,"03:18","02:26","next drive start",3,"00:52",0,"3 plays, 6 yards, 02:26 elapsed",FALSE
"20251213_862g",195,"Susquehanna",3,"00:52","03:36","next drive start",4,"12:16",0,"7 plays, 54 yards, 03:36 elapsed",FALSE
"20251213_862g",205,"Johns Hopkins",4,"12:16","02:55","score clock",4,"09:21",0,"5 plays, 86 yards, 02:55 elapsed",FALSE
"20251213_862g",216,"Susquehanna",4,"09:13","02:22","next drive start",4,"06:51",0,"4 plays, 10 yards, 02:22 elapsed",FALSE
"20251213_862g",230,"Johns Hopkins",4,"06:51","04:46","score clock",4,"02:05",0,"8 plays, 58 yards, 04:46 elapsed",FALSE
"20251213_862g",242,"Susquehanna",4,"02:00","02:00","end of half",4,"00:00",0,"6 plays, 37 yards, 02:00 elapsed",FALSE
"20251220_vlfc",15,"UW-River Falls",1,"14:55","01:29","score clock",1,"13:26",0,"5 plays, 45 yards, 01:29 elapsed",FALSE
"20251220_vlfc",27,"Johns Hopkins",1,"13:20","01:32","score clock",1,"11:48",0,"4 plays, 63 yards, 01:32 elapsed",FALSE
"20251220_vlfc",41,"UW-River Falls",1,"11:45","02:30","next drive start",1,"09:15",0,"6 plays, 12 yards, 02:30 elapsed",FALSE
"20251220_vlfc",49,"Johns Hopkins",1,"09:15","01:25","score clock",1,"07:50",0,"3 plays, 25 yards, 01:25 elapsed",FALSE
"20251220_vlfc",58,"UW-River Falls",1,"07:42","00:22","next drive start",1,"07:20",0,"3 plays, 0 yards, 00:22 elapsed",FALSE
"20251220_vlfc",65,"Johns Hopkins",1,"07:20","01:07","next drive start",1,"06:13",0,"3 plays, 3 yards, 01:07 elapsed",FALSE
"20251220_vlfc",82,"UW-River Falls",1,"06:13","03:44","score clock",1,"02:29",0,"12 plays, 77 yards, 03:44 elapsed",FALSE
"20251220_vlfc",90,"Johns Hopkins",1,"02:22","01:33","next drive start",1,"00:49",0,"3 plays, 1 yards, 01:33 elapsed",FALSE
"20251220_vlfc",97,"UW-River Falls",1,"00:49","00:49","next drive start",2,"15:00",0,"3 plays, 3 yards, 00:49 elapsed",FALSE
"20251220_vlfc",109,"Johns Hopkins",2,"15:00","03:13","next drive start",2,"11:47",0,"6 plays, 54 yards, 03:13 elapsed",FALSE
"20251220_vlfc",116,"UW-River Falls",2,"11:47","01:19","next drive start",2,"10:28",0,"3 plays, 0 yards, 01:19 elapsed",FALSE
"20251220_vlfc",124,"Johns Hopkins",2,"10:28","02:09","next drive start",2,"08:19",0,"3 plays, 6 yards, 02:09 elapsed",FALSE
"20251220_vlfc",130,"UW-River Falls",2,"08:19","00:13","score clock",2,"08:06",0,"1 plays, 72 yards, 00:13 elapsed",FALSE
"20251220_vlfc",142,"Johns Hopkins",2,"08:01","01:11","score clock",2,"06:50",0,"5 plays, 72 yards, 01:11 elapsed",FALSE
"20251220_vlfc",151,"UW-River Falls",2,"06:50","00:53","next drive start",2,"05:57",0,"3 plays, 6 yards, 00:53 elapsed",FALSE
"20251220_vlfc",158,"Johns Hopkins",2,"05:57","02:11","next drive start",2,"03:46",0,"3 plays, 0 yards, 02:11 elapsed",FALSE
"20251220_vlfc",166,"UW-River Falls",2,"03:46","01:16","next drive start",2,"02:30",0,"5 plays, 29 yards, 01:16 elapsed",FALSE
"20251220_vlfc",182,"Johns Hopkins",2,"02:30","02:17","score clock",2,"00:13",0,"8 plays, 42 yards, 02:17 elapsed",FALSE
"20251220_vlfc",187,"UW-River Falls",2,"00:08","00:04","next drive start",2,"00:04",0,"1 plays, 0 yards, 00:04 elapsed",FALSE
"20251220_vlfc",193,"Johns Hopkins",2,"00:04","00:04","end of half",2,"00:00",0,"1 plays, 0 yards, 00:04 elapsed",FALSE
"20251220_vlfc",205,"Johns Hopkins",3,"14:54","01:02","next drive start",3,"13:52",0,"3 plays, 1 yards, 01:02 elapsed",FALSE
"20251220_vlfc",213,"UW-River Falls",3,"13:52","00:56","score clock",3,"12:56",0,"3 plays, 63 yards, 00:56 elapsed",FALSE
"20251220_vlfc",226,"Johns Hopkins",3,"12:56","02:10","score clock",3,"10:46",0,"5 plays, 65 yards, 02:10 elapsed",FALSE
"20251220_vlfc",247,"UW-River Falls",3,"10:45","02:57","score clock",3,"07:48",0,"9 plays, 99 yards, 02:57 elapsed",FALSE
"20251220_vlfc",255,"Johns Hopkins",3,"07:41","01:22","next drive start",3,"06:19",0,"3 plays, 4 yards, 01:22 elapsed",FALSE
"20251220_vlfc",263,"UW-River Falls",3,"06:19","00:48","score clock",3,"05:31",0,"3 plays, 70 yards, 00:48 elapsed",FALSE
"20251220_vlfc",287,"Johns Hopkins",3,"05:25","06:02","score clock",4,"14:23",0,"13 plays, 94 yards, 06:02 elapsed",FALSE
"20251220_vlfc",304,"UW-River Falls",4,"14:16","03:06","next drive start",4,"11:10",0,"10 plays, 41 yards, 03:06 elapsed",FALSE
"20251220_vlfc",321,"Johns Hopkins",4,"11:10","05:51","next drive start",4,"05:19",0,"12 plays, 61 yards, 05:51 elapsed",FALSE
"20251220_vlfc",333,"UW-River Falls",4,"05:19","02:10","next drive start",4,"03:09",0,"6 plays, 31 yards, 02:10 elapsed",FALSE
"20251220_vlfc",341,"Johns Hopkins",4,"03:09","01:27","next drive start",4,"01:42",0,"3 plays, 5 yards, 01:27 elapsed",FALSE
"20251220_vlfc",352,"UW-River Falls",4,"01:42","00:57","score clock",4,"00:45",0,"5 plays, 96 yards, 00:57 elapsed",FALSE
"20251220_vlfc",357,"Johns Hopkins",4,"00:42","00:08","next drive start",4,"00:34",0,"1 plays, 0 yards, 00:08 elapsed",FALSE
"20251220_vlfc",362,"UW-River Falls",4,"00:34","00:34","end of half",4,"00:00",0,"1 plays, -5 yards, 00:34 elapsed",FALSE
