"game_id","play_index","period","play_type","pos_team","yards_to_goal","down_end","distance_end","yards_to_goal_end","next_pos_team","scoring_play","play_text","next_play_text"
"20250904_2g4w",1,1,"kickoff","Buffalo State",,1,10,65,"Buffalo State",FALSE,"McGowan,Zach kickoff 64 yards to the BSU01, out of bounds at BSU01.","No Huddle-Shotgun Boadi,Chris rush middle for 0 yards to the BSU35 fumbled by Boadi,Chris at BSU35 forced by Cervi,Darius recovered by BPT Grooms,Elijah at BSU35, End Of Play."
"20250904_2g4w",2,1,"rush","Buffalo State",65,1,10,35,"Brockport",FALSE,"No Huddle-Shotgun Boadi,Chris rush middle for 0 yards to the BSU35 fumbled by Boadi,Chris at BSU35 forced by Cervi,Darius recovered by BPT Grooms,Elijah at BSU35, End Of Play.","No Huddle-Shotgun Simmons,Isaiah rush right for 13 yards gain to the BSU22 (Stevens,Brody), out of bounds, 1ST DOWN."
"20250904_2g4w",4,1,"rush","Brockport",22,1,10,80,"Buffalo State",FALSE,"No Huddle-Shotgun Simmons,Isaiah rush right for 22 yards gain to the BSU00 fumbled by Simmons,Isaiah at BSU22 forced by Coriano,Jaiden recovered by BSU Green,Sincere at BSU00, Touchback.","PENALTY BSU False Start (Higdon,Jeadi) 5 yards from BSU20 to BSU15. NO PLAY."
"20250904_2g4w",9,1,"punt_no_return","Buffalo State",79,1,10,60,"Brockport",FALSE,"Gatti-Ezard,Jason punt 39 yards to the BPT40 fair catch by Manneh,Daniel at BPT40.","No Huddle-Shotgun Simmons,Isaiah rush middle for 3 yards gain to the BPT43 (Green,Sincere)."
"20250904_2g4w",19,1,"rush","Brockport",3,,,,"Buffalo State",TRUE,"No Huddle-Shotgun Simmons,Isaiah rush left for 3 yards gain to the BSU00 TOUCHDOWN, clock 06:40.","No Huddle-Shotgun Cameron,Amir rush middle for 16 yards gain to the BSU40 (Clarke,Jahmere), 1ST DOWN."
"20250904_2g4w",21,1,"kickoff","Buffalo State",,1,10,76,"Buffalo State",FALSE,"McGowan,Zach kickoff 55 yards to the BSU10 Johnson,Mikai return 14 yards to the BSU24 (Otoo,Jonathan; Ware,Chamarr).","No Huddle-Shotgun Cameron,Amir rush middle for 16 yards gain to the BSU40 (Clarke,Jahmere), 1ST DOWN."
"20250904_2g4w",28,1,"punt_no_return","Buffalo State",71,1,10,61,"Brockport",FALSE,"Gatti-Ezard,Jason punt 32 yards to the BPT39.","No Huddle-Shotgun Simmons,Isaiah rush middle for 11 yards gain to the BPT50 (DeCamp,Isaiah), 1ST DOWN."
"20250904_2g4w",37,2,"rush","Brockport",1,,,,"Buffalo State",TRUE,"No Huddle-Shotgun Vino,Anthony rush middle for 1 yard gain to the BSU00 TOUCHDOWN, clock 12:04.","No Huddle-Shotgun Cameron,Amir rush left for 0 yards to the BSU25 (Ferrell,Jayden; Cervi,Darius)."
"20250904_2g4w",39,2,"kickoff","Buffalo State",,1,10,75,"Buffalo State",FALSE,"McGowan,Zach kickoff 65 yards to the BSU00, Touchback.","No Huddle-Shotgun Cameron,Amir rush left for 0 yards to the BSU25 (Ferrell,Jayden; Cervi,Darius)."
"20250904_2g4w",44,2,"punt_no_return","Buffalo State",78,1,10,60,"Brockport",FALSE,"Gatti-Ezard,Jason punt 38 yards to the BPT40.","No Huddle-Shotgun Vino,Anthony pass complete short left to Williams,Nathan caught at BPT45, for 6 yards to the BPT46 (DeCamp,Isaiah), out of bounds."
"20250904_2g4w",57,2,"rush","Brockport",1,,,,"Buffalo State",TRUE,"No Huddle-Shotgun Simmons,Isaiah rush left for 1 yard gain to the BSU00 TOUCHDOWN, clock 02:26.","No Huddle-Shotgun Higdon,Jeadi rush left for 4 yards gain to the BSU26 (Ware,Chamarr)."
"20250904_2g4w",59,2,"kickoff","Buffalo State",,1,10,78,"Buffalo State",FALSE,"McGowan,Zach kickoff 60 yards to the BSU05 Johnson,Mikai return 17 yards to the BSU22 (Gollnitz,Austyn; Matthew,John).","No Huddle-Shotgun Higdon,Jeadi rush left for 4 yards gain to the BSU26 (Ware,Chamarr)."
"20250904_2g4w",70,2,"punt_no_return","Buffalo State",32,1,10,63,"Brockport",FALSE,"Gatti-Ezard,Jason punt 5 yards to the BPT37.","Kneel down by Gocella,Ben at BPT37 for loss of 0 yards."
"20250904_2g4w",72,3,"kickoff","Brockport",,1,10,75,"Brockport",FALSE,"Massetta,Steven kickoff 55 yards to the BPT10 Weller,Sal return 15 yards to the BPT25 (Bradt,Nicholas).","No Huddle-Shotgun Simmons,Isaiah rush middle for 14 yards gain to the BPT39 (Stevens,Brody), 1ST DOWN."
"20250904_2g4w",76,3,"pass_complete","Brockport",56,,,,"Buffalo State",TRUE,"No Huddle-Shotgun Gocella,Ben pass complete deep right to Williams,Nathan caught at BSU25, for 56 yards to the BSU00 TOUCHDOWN, clock 13:21, 1ST DOWN.","No Huddle-Shotgun Johnson,Mikai rush right for 8 yards loss to the BSU17 (Ferrell,Jayden)."
"20250904_2g4w",78,3,"kickoff","Buffalo State",,1,10,75,"Buffalo State",FALSE,"McGowan,Zach kickoff 65 yards to the BSU00, Touchback.","No Huddle-Shotgun Johnson,Mikai rush right for 8 yards loss to the BSU17 (Ferrell,Jayden)."
"20250904_2g4w",90,3,"punt_no_return","Buffalo State",50,1,10,82,"Brockport",FALSE,"Gatti-Ezard,Jason punt 32 yards to the BPT18 fair catch by Harry,Micah at BPT18.","No Huddle-Shotgun Gocella,Ben pass complete short right to Lewis,Tim caught at BPT20, for 3 yards to the BPT21 (Tinker,Wyatt)."
"20250904_2g4w",105,3,"rush","Brockport",6,,,,"Buffalo State",TRUE,"No Huddle-Shotgun Simmons,Isaiah rush right for 6 yards gain to the BSU00 TOUCHDOWN, clock 00:03, 1ST DOWN.","No Huddle-Shotgun Cameron,Amir sacked for loss of 6 yards to the BSU44 (Davis,Kanye)."
"20250904_2g4w",107,3,"kickoff","Buffalo State",,1,10,50,"Buffalo State",FALSE,"McGowan,Zach kickoff 55 yards to the BSU10 Higdon,Jeadi return 40 yards to the BSU50, out of bounds at BSU50.","No Huddle-Shotgun Cameron,Amir sacked for loss of 6 yards to the BSU44 (Davis,Kanye)."
"20250904_2g4w",111,4,"punt_no_return","Buffalo State",54,1,10,79,"Brockport",FALSE,"Gatti-Ezard,Jason punt 33 yards to the BPT21.","No Huddle-Shotgun Harry,Micah rush left for 2 yards gain to the BPT23 (Joyner,Lee; Livingston,Pharrell)."
"20250904_2g4w",115,4,"punt_with_return","Brockport",73,1,10,86,"Buffalo State",FALSE,"Parker,Connor punt 59 yards to the BSU14 Johnson,Mikai return 0 yards to the PENALTY BSU Illegal Block in Back (Betts,Xzaivion) 7 yards from BSU14 to BSU07.","PENALTY BSU False Start (Cox,Otho) 5 yards from BSU14 to BSU09. NO PLAY."
"20250904_2g4w",120,4,"punt_no_return","Buffalo State",86,1,10,44,"Brockport",FALSE,"Gatti-Ezard,Jason punt 30 yards to the BSU44 fair catch by Harry,Micah at BSU44.","No Huddle-Shotgun Jackson,Zymier pass complete short left to Collier,Xavien caught at BSU45, for 1 yard to the BSU43 (Livingston,Pharrell) PENALTY BPT UNS: Unsportsmanlike Conduct (Collier,Xavien) 15 yards from BSU43 to BPT42."
"20250904_2g4w",125,4,"punt_no_return","Brockport",39,1,10,95,"Buffalo State",FALSE,"Vino,Anthony punt 34 yards to the BSU05, out of bounds at BSU05.","No Huddle-Shotgun Earnst,Chris rush middle for 7 yards gain to the BSU12 (English,Najae; Howard,Felton)."
"20250904_2g4w",128,4,"rush","Buffalo State",81,,,,"Buffalo State",TRUE,"No Huddle-Shotgun LaDuke,Landon rush right for 1 yard loss to the BSU18 fumbled by LaDuke,Landon at BSU18 forced by Thorp,Colton recovered by BPT Ware,Chamarr at BSU18 Ware,Chamarr return 18 yards to the BSU00 TOUCHDOWN, clock 04:43.","No Huddle-Shotgun LaDuke,Landon pass complete short right to Cox,Otho caught at BSU30, for 9 yards to the BSU30, out of bounds at BSU30."
"20250904_2g4w",131,4,"kickoff","Buffalo State",,1,10,79,"Buffalo State",FALSE,"McGowan,Zach kickoff 62 yards to the BSU03 Higdon,Jeadi return 18 yards to the BSU21 (Harry,Micah).","No Huddle-Shotgun LaDuke,Landon pass complete short right to Cox,Otho caught at BSU30, for 9 yards to the BSU30, out of bounds at BSU30."
"20250904_2g4w",140,4,"sack","Buffalo State",55,1,10,35,"Brockport",FALSE,"No Huddle-Shotgun LaDuke,Landon sacked for loss of 10 yards to the BSU35 (Dolshun,Carroll), TURNOVER ON DOWNS.","No Huddle-Shotgun Harry,Micah rush middle for 2 yards gain to the BSU33 (Livingston,Pharrell; DeCamp,Isaiah)."
"20250904_d231",1,1,"kickoff","UW-Eau Claire",,1,10,80,"UW-Eau Claire",FALSE,"(15:00) Swink,Matthew kickoff 62 yards to the UWEC03 Chuol,Yaach return 17 yards to the UWEC20 (Hankinson,Michael).","Mercado,NaKiye rush middle for 5 yards gain to the UWEC25 (Curtin,Braedon)."
"20250904_d231",19,1,"field_goal_good","UW-Eau Claire",6,,,,"Carroll",TRUE,"Perry,Reece field goal attempt from 24 yards GOOD (H: Hanz,Vince, LS: Vrieze,Logan), clock 05:16.","No Huddle-Shotgun Breckheimer,Reed rush right for 0 yards to the CUP20 (Spickerman,Ryan)."
"20250904_d231",20,1,"kickoff","Carroll",,1,10,80,"Carroll",FALSE,"(05:16) Perry,Reece kickoff 63 yards to the CUP02 White,Daniel return 18 yards to the CUP20 (Sager,Deshaun).","No Huddle-Shotgun Breckheimer,Reed rush right for 0 yards to the CUP20 (Spickerman,Ryan)."
"20250904_d231",29,1,"punt_no_return","Carroll",46,1,10,81,"UW-Eau Claire",FALSE,"Hankinson,Michael punt 27 yards to the UWEC19 fair catch by Kihn,Nick at UWEC19.","No Huddle Helder,Ayden pass complete short right to Rothmeier,Paxton caught at UWEC21, for 11 yards to the UWEC30 (Griffiths,Evan), out of bounds, 1ST DOWN."
"20250904_d231",47,2,"field_goal_good","UW-Eau Claire",7,,,,"Carroll",TRUE,"(07:55) Perry,Reece field goal attempt from 24 yards GOOD (H: Hanz,Vince, LS: Vrieze,Logan), clock 07:51.","(07:51) No Huddle-Shotgun King,Charlie pass incomplete short left to Appiah-Kubi,Aaron thrown to CUP28."
"20250904_d231",48,2,"kickoff","Carroll",,1,10,75,"Carroll",FALSE,"(07:51) Perry,Reece kickoff 65 yards to the CUP00, Touchback.","(07:51) No Huddle-Shotgun King,Charlie pass incomplete short left to Appiah-Kubi,Aaron thrown to CUP28."
"20250904_d231",57,2,"pass_intercepted","Carroll",22,1,10,69,"UW-Eau Claire",FALSE,"No Huddle-Shotgun King,Charlie pass intercepted by Kanellakis,Gyanni at UWEC15 QB hurried by Puls,Brady Kanellakis,Gyanni return 16 yards to the UWEC31 (Katsenos,Max), out of bounds.","(03:07) No Huddle-Shotgun Helder,Ayden pass complete deep left to Chuol,Yaach caught at CUP26, for 69 yards to the CUP00 TOUCHDOWN, clock 02:57, 1ST DOWN."
"20250904_d231",58,2,"pass_complete","UW-Eau Claire",69,,,,"Carroll",TRUE,"(03:07) No Huddle-Shotgun Helder,Ayden pass complete deep left to Chuol,Yaach caught at CUP26, for 69 yards to the CUP00 TOUCHDOWN, clock 02:57, 1ST DOWN.","(02:50) No Huddle-Shotgun King,Charlie sacked for loss of 2 yards to the CUP35 (Koeppen,Henry)."
"20250904_d231",60,2,"kickoff","Carroll",,1,10,63,"Carroll",FALSE,"(02:57) Perry,Reece kickoff 60 yards to the CUP05 White,Daniel return 32 yards to the CUP37, out of bounds at CUP37.","(02:50) No Huddle-Shotgun King,Charlie sacked for loss of 2 yards to the CUP35 (Koeppen,Henry)."
"20250904_d231",75,3,"kickoff","Carroll",,1,10,85,"Carroll",FALSE,"(15:00) Perry,Reece kickoff 55 yards to the CUP10 White,Daniel return 0 yards to the CUP10 (Terlizzi,LJ) PENALTY CUP Holding (Curtin,Braedon) 10 yards from CUP25 to CUP15.","No Huddle-Shotgun Coleman,Mikey rush middle for 6 yards gain to the CUP21 (Kanellakis,Gyanni; Sager,Deshaun)."
"20250904_d231",81,3,"punt_no_return","Carroll",81,1,10,45,"UW-Eau Claire",FALSE,"Swink,Jackson punt 26 yards to the CUP45, out of bounds at CUP45.","No Huddle-Shotgun Mercado,NaKiye rush middle for 5 yards gain to the CUP40 (Peters,Aidan)."
"20250904_d231",85,3,"punt_no_return","UW-Eau Claire",40,1,10,34,"UW-Eau Claire",FALSE,"Helder,Ayden punt 18 yards to the CUP22 muffed by Gary,Mychale at CUP22 recovered by UWEC Kihn,Nick at CUP19, End Of Play PENALTY UWEC UNS: Unsportsmanlike Conduct (Kolinski,Jayce) 15 yards from CUP19 to CUP34.","No Huddle-Shotgun Helder,Ayden pass complete short left to Mercado,NaKiye caught at CUP33, for 13 yards to the CUP21, out of bounds at CUP21, 1ST DOWN."
"20250904_d231",87,3,"pass_complete","UW-Eau Claire",21,,,,"Carroll",TRUE,"No Huddle-Shotgun Helder,Ayden pass complete short left to Hanz,Vince caught at CUP02, for 21 yards to the CUP00 TOUCHDOWN, clock 10:14, 1ST DOWN.","(10:10) No Huddle-Shotgun Nieves,Elisha rush right for 0 yards to the CUP25 (Clark,Carson; Swenson,Lucas)."
"20250904_d231",89,3,"kickoff","Carroll",,1,10,75,"Carroll",FALSE,"Perry,Reece kickoff 65 yards to the CUP00, Touchback.","(10:10) No Huddle-Shotgun Nieves,Elisha rush right for 0 yards to the CUP25 (Clark,Carson; Swenson,Lucas)."
"20250904_d231",93,3,"punt_no_return","Carroll",70,1,10,58,"UW-Eau Claire",FALSE,"Hankinson,Michael punt 28 yards to the UWEC42 fair catch by Kihn,Nick at UWEC42.","(08:05) No Huddle-Shotgun Helder,Ayden rush right for 15 yards gain to the CUP43 (Pickens,Anthony), 1ST DOWN."
"20250904_d231",104,3,"rush","UW-Eau Claire",6,,,,"Carroll",TRUE,"Shotgun Krogman,Kendon rush left for 6 yards gain to the CUP00 TOUCHDOWN, clock 01:46.","(01:37) No Huddle-Shotgun Johnson,Marcus rush right for 0 yards to the CUP27 (Scheldroup,Jack), out of bounds."
"20250904_d231",106,3,"kickoff","Carroll",,1,10,73,"Carroll",FALSE,"(01:46) Perry,Reece kickoff 63 yards to the CUP02 White,Daniel return 25 yards to the CUP27 (Sager,Deshaun).","(01:37) No Huddle-Shotgun Johnson,Marcus rush right for 0 yards to the CUP27 (Scheldroup,Jack), out of bounds."
"20250904_d231",110,3,"punt_no_return","Carroll",73,1,10,46,"UW-Eau Claire",FALSE,"(00:59) Swink,Jackson punt 19 yards to the CUP46.","(00:51) Helder,Ayden rush right for 2 yards gain to the CUP44 (Madigan,Jack), out of bounds."
"20250904_d231",121,4,"field_goal_good","UW-Eau Claire",17,,,,"Carroll",TRUE,"(11:36) Perry,Reece field goal attempt from 35 yards GOOD (H: Hanz,Vince, LS: Vrieze,Logan), clock 11:36.","(11:29) No Huddle-Shotgun Crouch,Carson rush middle for 3 yards gain to the CUP36 (Scheldroup,Jack)."
"20250904_d231",122,4,"kickoff","Carroll",,1,10,67,"Carroll",FALSE,"(11:36) Perry,Reece kickoff 58 yards to the CUP07 White,Daniel return 26 yards to the CUP33 (Gregorio,Jake).","(11:29) No Huddle-Shotgun Crouch,Carson rush middle for 3 yards gain to the CUP36 (Scheldroup,Jack)."
"20250904_d231",129,4,"pass_complete","Carroll",21,,,,"UW-Eau Claire",TRUE,"No Huddle-Shotgun Nieves,Elisha pass complete deep right to White,Daniel caught at UWEC00, for 21 yards to the UWEC00 TOUCHDOWN, clock 08:27, 1ST DOWN, PENALTY UWEC Pass Interference declined.","(08:24) Scott,Nick rush left for 3 yards gain to the UWEC31 (Behling,Jonah)."
"20250904_d231",132,4,"kickoff","UW-Eau Claire",,1,10,72,"UW-Eau Claire",FALSE,"Swink,Matthew kickoff 42 yards to the UWEC28 Mercado,NaKiye return 0 yards to the UWEC28, End Of Play.","(08:24) Scott,Nick rush left for 3 yards gain to the UWEC31 (Behling,Jonah)."
"20250904_d231",138,4,"punt_no_return","UW-Eau Claire",51,1,10,92,"Carroll",FALSE,"Fischer,Branden punt 43 yards to the CUP08, out of bounds at CUP08.","No Huddle-Shotgun Nieves,Elisha pass complete short middle to Breckheimer,Reed caught at CUP17, for 14 yards to the CUP22 (Scheldroup,Jack), 1ST DOWN."
"20250904_d231",145,4,"sack","Carroll",53,1,10,40,"UW-Eau Claire",FALSE,"No Huddle-Shotgun King,Charlie sacked for loss of 7 yards to the CUP40 (Medley III,Thomas), TURNOVER ON DOWNS.","Shotgun Scott,Nick rush middle for 11 yards gain to the CUP29 (Redmon,Andrew), 1ST DOWN."
"20250904_e307",1,1,"kickoff","Valley City State",,1,10,31,"Augsburg",FALSE,"N Wangensteen kickoff 50 yards to the VCSU15, Exav. Westbrook return 14 yards to the VCSU29, fumble forced by Javan Harvey, fumble by Exav. Westbrook recovered by AUG Javan Harvey at VCSU31.","Jeremiah Moore rush for loss of 4 yards to the VCSU35 (Jacob Foss)."
"20250904_e307",6,1,"punt_no_return","Augsburg",43,1,10,57,"Valley City State",FALSE,"N Wangensteen punt 0 yards to the VCSU43, downed.","Marty Gohn rush for loss of 1 yard to the VCSU42 (Tayvion Gardner)."
"20250904_e307",11,1,"rush","Valley City State",31,1,10,72,"Augsburg",FALSE,"Devyne Pearson rush for 3 yards to the AUG28, fumble forced by London Campbell, fumble by Devyne Pearson recovered by AUG RJ Chakolis at AUG28.","Jeremiah Moore rush for loss of 3 yards to the AUG25 (Tuff Longie)."
"20250904_e307",15,1,"punt_no_return","Augsburg",75,1,10,54,"Valley City State",FALSE,"N Wangensteen punt 29 yards to the VCSU46, downed.","Joey Cave pass complete to Domi. Sotomayor for 6 yards to the AUG48, out-of-bounds (London Campbell)."
"20250904_e307",20,1,"pass_complete","Valley City State",28,,,,"Augsburg",TRUE,"Joey Cave pass complete to Will Pfahl for 28 yards to the AUG0, 1ST DOWN VCSU, TOUCHDOWN, clock 05:08.","Omar Madkour rush for 4 yards to the AUG39 (Aiden Russell)."
"20250904_e307",22,1,"kickoff","Augsburg",,1,10,65,"Augsburg",FALSE,"Walker Brondos kickoff 65 yards to the AUG0, out-of-bounds, AUG ball on AUG35.","Omar Madkour rush for 4 yards to the AUG39 (Aiden Russell)."
"20250904_e307",29,1,"punt_no_return","Augsburg",51,1,10,88,"Valley City State",FALSE,"N Wangensteen punt 39 yards to the VCSU12, downed, PENALTY VCSU roughing the kicker declined.","Joey Cave rush for 3 yards to the VCSU15 (RJ Chakolis)."
"20250904_e307",37,2,"punt_no_return","Valley City State",74,1,10,47,"Augsburg",FALSE,"Jim Miller punt 21 yards to the VCSU47, downed.","Caden Rodkewich pass incomplete to Ben Davis."
"20250904_e307",43,2,"pass_incomplete","Augsburg",25,1,10,75,"Valley City State",FALSE,"Caden Rodkewich pass incomplete to Michael Lau.","Joey Cave rush for 5 yards to the VCSU30 (Joe Zachow)."
"20250904_e307",63,2,"kickoff","Augsburg",,1,10,35,"Valley City State",FALSE,"Walker Brondos kickoff 30 yards to the AUG35, on-side kick, recovered by VCSU TEAM on AUG35.","Joey Cave rush for 6 yards to the AUG29 (Langden College;RJ Chakolis)."
"20250904_e307",70,2,"rush","Valley City State",1,,,,"Augsburg",TRUE,"Joey Cave rush for 1 yard to the AUG0, TOUCHDOWN, clock 00:32.","CJ Ritchie rush for 5 yards to the AUG39 (Fafo Lefano)."
"20250904_e307",72,2,"kickoff","Augsburg",,1,10,66,"Augsburg",FALSE,"Walker Brondos kickoff 45 yards to the AUG20, Ralph Naimah return 14 yards to the AUG34 (Lorenzo Luchi).","CJ Ritchie rush for 5 yards to the AUG39 (Fafo Lefano)."
"20250904_e307",77,3,"kickoff","Augsburg",,1,10,75,"Augsburg",FALSE,"Walker Brondos kickoff 65 yards to the AUG0, touchback.","Ralph Naimah rush for 1 yard to the AUG26 (Ashton Raquino;Aiden Russell)."
"20250904_e307",86,3,"punt_no_return","Augsburg",60,1,10,70,"Valley City State",FALSE,"N Wangensteen punt 30 yards to the VCSU30, downed, PENALTY AUG false start declined.","Marty Gohn rush for 6 yards to the VCSU36 (F Mulvehill;RJ Chakolis)."
"20250904_e307",91,3,"punt_no_return","Valley City State",68,1,10,71,"Augsburg",FALSE,"Jim Miller punt 39 yards to the AUG29, fair catch by Tyrone Wilson.","Omar Madkour rush for 1 yard to the AUG30 (Emmitt Maher)."
"20250904_e307",95,3,"punt_no_return","Augsburg",71,1,10,67,"Valley City State",FALSE,"N Wangensteen punt 38 yards to the VCSU33, downed.","Devyne Pearson rush for 11 yards to the VCSU44, 1ST DOWN VCSU (Jax Bokman;Sean Robinson)."
"20250904_e307",104,3,"rush","Valley City State",4,,,,"Augsburg",TRUE,"Nick Mears rush for 4 yards to the AUG0, 1ST DOWN VCSU, TOUCHDOWN, clock 01:27.","Ralph Naimah rush for 3 yards to the AUG9 (TaQuez Chatman;Brody O'Keefe)."
"20250904_e307",106,3,"kickoff","Augsburg",,1,10,94,"Augsburg",FALSE,"Walker Brondos kickoff 59 yards to the AUG6, downed.","Ralph Naimah rush for 3 yards to the AUG9 (TaQuez Chatman;Brody O'Keefe)."
"20250904_e307",110,3,"punt_blocked","Augsburg",98,,,,"Valley City State",TRUE,"N Wangensteen punt BLOCKED, recovered by AUG Team at AUG0 (blocked by Fafo Lefano), TEAM safety, clock 00:57.","Joey Cave pass complete to Exav. Westbrook for 3 yards to the AUG42, out-of-bounds (Sean Robinson)."
"20250904_e307",111,3,"kickoff","Valley City State",,1,10,45,"Valley City State",FALSE,"N Wangensteen kickoff 25 yards to the AUG45, fair catch by Caleb Torke.","Joey Cave pass complete to Exav. Westbrook for 3 yards to the AUG42, out-of-bounds (Sean Robinson)."
"20250904_e307",121,4,"pass_incomplete","Valley City State",25,1,10,75,"Augsburg",FALSE,"Ethan Kastner pass incomplete to Domi. Sotomayor.","Caden Rodkewich pass incomplete to Michael Lau."
"20250904_e307",128,4,"punt_no_return","Augsburg",63,1,10,79,"Valley City State",FALSE,"N Wangensteen punt 42 yards to the VCSU21, fair catch by Domi. Sotomayor.","Owen Quail rush for 3 yards to the VCSU24 (Nick Norman)."
"20250904_e307",141,4,"rush","Valley City State",46,1,10,53,"Augsburg",FALSE,"TEAM rush for loss of 1 yard to the AUG47.","Ralph Naimah rush for 3 yards to the 50 yardline, out-of-bounds (Tuff Longie)."
"20250904_hjux",1,1,"kickoff","Heidelberg",,1,10,58,"Heidelberg",FALSE,"Lavigne,Nathan kickoff 47 yards to the HEID18 Clerveau,Tyreese return 24 yards to the HEID42 (Scott,Kade).","No Huddle Poorman,Ty sacked for loss of 12 yards to the HEID30 (Taylor,Janado)."
"20250904_hjux",10,1,"rush","Heidelberg",8,,,,"Hiram",TRUE,"No Huddle-Shotgun Miller,Drew rush left for 8 yards gain to the HIRAM00 TOUCHDOWN, clock 10:39.","PENALTY HIRAM Delay Of Game 5 yards from HIRAM22 to HIRAM17. NO PLAY."
"20250904_hjux",12,1,"kickoff","Hiram",,1,10,78,"Hiram",FALSE,"LaRoche,Nate kickoff 62 yards to the HIRAM03 Stapleton,Jordan return 19 yards to the HIRAM22 (Chery,Zion).","PENALTY HIRAM Delay Of Game 5 yards from HIRAM22 to HIRAM17. NO PLAY."
"20250904_hjux",15,1,"sack","Hiram",83,,,,"Hiram",TRUE,"No Huddle-Shotgun Tejeda,Sean sacked for loss of 17 yards to the HIRAM00 (Manley,Aaryion), fumble by Tejeda,Sean recovered by HEID WIlliams,Kris at HIRAM00 TOUCHDOWN, clock 09:45.","No Huddle-Shotgun Tejeda,Sean pass complete short right to Stapleton,Jordan caught at HIRAM23, for 5 yards to the HIRAM23 (Jacoby,Nick; Manley,Aaryion)."
"20250904_hjux",18,1,"kickoff","Hiram",,1,10,82,"Hiram",FALSE,"LaRoche,Nate kickoff 63 yards to the HIRAM02 Stapleton,Jordan return 16 yards to the HIRAM18 (Sandoval,Solomon).","No Huddle-Shotgun Tejeda,Sean pass complete short right to Stapleton,Jordan caught at HIRAM23, for 5 yards to the HIRAM23 (Jacoby,Nick; Manley,Aaryion)."
"20250904_hjux",26,1,"rush","Hiram",68,1,10,16,"Heidelberg",FALSE,"No Huddle Stewart,Brandon rush middle for 16 yards loss to the HIRAM16 fumbled by Stewart,Brandon at HIRAM16 recovered by HIRAM Stewart,Brandon at HIRAM16, End Of Play, TURNOVER ON DOWNS.","No Huddle-Shotgun Miller,Drew rush middle for 2 yards gain to the HIRAM14 fumbled by Miller,Drew at HIRAM15 recovered by HEID May,Zach at HIRAM14, End Of Play."
"20250904_hjux",31,1,"rush","Heidelberg",1,,,,"Hiram",TRUE,"No Huddle Poorman,Ty rush middle for 1 yard gain to the HIRAM00 TOUCHDOWN, clock 05:24 PENALTY HIRAM Illegal Substitution declined.","No Huddle-Shotgun Johnson,RJ rush middle for 3 yards loss to the HIRAM14 (Villarreal,Mason; Pfeifer,Bryant)."
"20250904_hjux",33,1,"kickoff","Hiram",,1,10,83,"Hiram",FALSE,"LaRoche,Nate kickoff 61 yards to the HIRAM04 Tufts,Devin return 13 yards to the HIRAM17 (Dings,Camden).","No Huddle-Shotgun Johnson,RJ rush middle for 3 yards loss to the HIRAM14 (Villarreal,Mason; Pfeifer,Bryant)."
"20250904_hjux",42,1,"rush","Hiram",53,1,10,47,"Heidelberg",FALSE,"No Huddle-Shotgun Johnson,RJ rush middle for 0 yards to the HIRAM47 (Pfeifer,Bryant; Villarreal,Mason), TURNOVER ON DOWNS.","No Huddle Poorman,Ty pass incomplete deep middle to Peters,Dmitry thrown to HIRAM04."
"20250904_hjux",52,2,"rush","Heidelberg",6,,,,"Hiram",TRUE,"No Huddle-Shotgun Poorman,Ty rush right for 6 yards gain to the HIRAM00 TOUCHDOWN, clock 12:58.","No Huddle-Shotgun Feltner,Nathan rush right for 1 yard loss to the HIRAM12 (Jackson,Tyler; Pfeifer,Bryant)."
"20250904_hjux",54,2,"kickoff","Hiram",,1,10,87,"Hiram",FALSE,"LaRoche,Nate kickoff 56 yards to the HIRAM09 fair catch by Tufts,Devin at HIRAM09 PENALTY HIRAM UNR: Unnecessary Roughness (Livingstone,Isaiah) 12 yards from HIRAM25 to HIRAM13.","No Huddle-Shotgun Feltner,Nathan rush right for 1 yard loss to the HIRAM12 (Jackson,Tyler; Pfeifer,Bryant)."
"20250904_hjux",61,2,"punt_with_return","Hiram",64,1,10,65,"Heidelberg",FALSE,"Stewart,Brandon punt 34 yards to the HEID30 Woodruff,Chase return 5 yards to the HEID35 (Owens,Kendal).","No Huddle-Shotgun LeMaster,Caylan rush middle for 17 yards gain to the HIRAM48 (Newsone,Keinen-Markell), 1ST DOWN."
"20250904_hjux",71,2,"field_goal_good","Heidelberg",22,,,,"Hiram",TRUE,"Ramsdail,Ethan field goal attempt from 39 yards GOOD (H: Hanslik,Gabe, LS: Lamb,Kaleb), clock 06:23.","No Huddle-Shotgun Tejeda,Sean pass complete short left to Davis,Jalen caught at HIRAM25, for 6 yards to the HIRAM31 (Bolden,Travis)."
"20250904_hjux",72,2,"kickoff","Hiram",,1,10,75,"Hiram",FALSE,"LaRoche,Nate kickoff 58 yards to the HIRAM07 fair catch by Tufts,Devin at HIRAM07.","No Huddle-Shotgun Tejeda,Sean pass complete short left to Davis,Jalen caught at HIRAM25, for 6 yards to the HIRAM31 (Bolden,Travis)."
"20250904_hjux",82,2,"pass_complete","Hiram",27,,,,"Heidelberg",TRUE,"No Huddle-Shotgun Tejeda,Sean pass complete deep right to Van Irvin,Jamal caught at HEID00, for 27 yards to the HEID00 TOUCHDOWN, clock 02:27, 1ST DOWN.","No Huddle-Shotgun Miller,Drew rush middle for 3 yards gain to the HEID50 (Tarary,Kole)."
"20250904_hjux",84,2,"kickoff","Heidelberg",,1,10,53,"Heidelberg",FALSE,"Lavigne,Nathan kickoff 41 yards to the HEID24 Clerveau,Tyreese return 23 yards to the HEID47 (Tarary,Kole).","No Huddle-Shotgun Miller,Drew rush middle for 3 yards gain to the HEID50 (Tarary,Kole)."
"20250904_hjux",96,2,"pass_incomplete","Heidelberg",5,,,,,FALSE,"No Huddle Poorman,Ty pass incomplete short right thrown to HIRAM00, TURNOVER ON DOWNS.",
"20250904_hjux",97,3,"kickoff","Hiram",,1,10,91,"Hiram",FALSE,"LaRoche,Nate kickoff 56 yards to the HIRAM09 return 0 yards to the HIRAM09, End Of Play.","No Huddle-Shotgun Johnson,RJ rush middle for 1 yard loss to the HIRAM08 (Hooker,Kobee; Villarreal,Mason)."
"20250904_hjux",101,3,"punt_with_return","Hiram",92,1,10,40,"Heidelberg",FALSE,"Stewart,Brandon punt 34 yards to the HIRAM42 Woodruff,Chase return 12 yards to the HIRAM30 (Southern,Abram), out of bounds PENALTY HEID Holding (Jacoby,Nick) 10 yards from HIRAM30 to HIRAM40.","No Huddle-Shotgun Poorman,Ty pass complete short left to Miller,Drew caught at HIRAM37, for 14 yards to the HIRAM26 (Cruser,Gavin), 1ST DOWN."
"20250904_hjux",106,3,"pass_complete","Heidelberg",15,,,,"Hiram",TRUE,"No Huddle-Shotgun Poorman,Ty pass complete short right to Peters,Dmitry caught at HIRAM00, for 15 yards to the HIRAM00 TOUCHDOWN, clock 12:14, 1ST DOWN.","No Huddle-Shotgun Feltner,Nathan rush left for 3 yards loss to the HIRAM22 (WIlliams,Kris; Manley,Aaryion)."
"20250904_hjux",108,3,"kickoff","Hiram",,1,10,75,"Hiram",FALSE,"LaRoche,Nate kickoff 58 yards to the HIRAM07 fair catch by Stapleton,Jordan at HIRAM07.","No Huddle-Shotgun Feltner,Nathan rush left for 3 yards loss to the HIRAM22 (WIlliams,Kris; Manley,Aaryion)."
"20250904_hjux",115,3,"pass_intercepted","Hiram",21,1,10,89,"Heidelberg",FALSE,"No Huddle-Shotgun Tejeda,Sean pass intercepted by Reese,Griffin at HEID05 QB hurried by Jacoby,Nick Reese,Griffin return 16 yards to the HEID21 (Lewis,Da'Vaughn) PENALTY HEID Personal Foul (Peterson,Tai) 10 yards from HEID21 to HEID11.","PENALTY HEID UNS: Unsportsmanlike Conduct (Reese,Griffin) HEID Personal Foul (Reese,Griffin) 8 yards from HEID11 to HEID03. NO PLAY."
"20250904_hjux",122,3,"pass_complete","Heidelberg",4,,,,"Hiram",TRUE,"No Huddle-Shotgun Poorman,Ty pass complete short left to Poorman,Cole caught at HIRAM00, for 4 yards to the HIRAM00 TOUCHDOWN, clock 07:52.","No Huddle-Shotgun Tejeda,Sean pass complete short right to Hargas,Dylan caught at HIRAM28, for 14 yards to the HIRAM39 (Reams,Jalani), 1ST DOWN."
"20250904_hjux",125,3,"kickoff","Hiram",,1,10,75,"Hiram",FALSE,"LaRoche,Nate kickoff 59 yards to the HIRAM06 fair catch by Jimenez,Ricardo at HIRAM06.","No Huddle-Shotgun Tejeda,Sean pass complete short right to Hargas,Dylan caught at HIRAM28, for 14 yards to the HIRAM39 (Reams,Jalani), 1ST DOWN."
"20250904_hjux",130,3,"rush","Hiram",54,1,10,45,"Heidelberg",FALSE,"No Huddle-Shotgun Feltner,Nathan rush middle for 1 yard loss to the HIRAM45 fumbled by Feltner,Nathan at HIRAM46 forced by Finn,Nick recovered by HEID Peterson,Tai at HIRAM45, End Of Play.","No Huddle-Shotgun Sparks,Shae rush middle for 8 yards gain to the HIRAM37 (Tarary,Kole)."
"20250904_hjux",139,3,"pass_incomplete","Heidelberg",35,1,10,65,"Hiram",FALSE,"No Huddle-Shotgun Rickle,Lance pass incomplete short right to Peters,Dmitry thrown to HIRAM23, TURNOVER ON DOWNS.","No Huddle-Shotgun Tejeda,Sean pass incomplete deep left to Dycks,Kevin thrown to HEID32 broken up by Manley,Aaryion."
"20250904_hjux",146,3,"pass_complete","Hiram",35,,,,"Heidelberg",TRUE,"No Huddle-Shotgun Tejeda,Sean pass complete deep middle to Tufts,Devin caught at HEID06, for 35 yards to the HEID00 TOUCHDOWN, clock 00:18, 1ST DOWN.","No Huddle-Shotgun Poorman,Ty pass complete short right to Bradshaw,Aiden caught at HEID50, for 9 yards to the HEID50 (Jimenez,Ricardo)."
"20250904_hjux",148,3,"kickoff","Heidelberg",,1,10,59,"Heidelberg",FALSE,"Lavigne,Nathan kickoff 43 yards to the HEID22 Clerveau,Tyreese return 19 yards to the HEID41 (Cevera-Aguado,Peyton).","No Huddle-Shotgun Poorman,Ty pass complete short right to Bradshaw,Aiden caught at HEID50, for 9 yards to the HEID50 (Jimenez,Ricardo)."
"20250904_hjux",158,4,"rush","Heidelberg",9,,,,"Hiram",TRUE,"No Huddle-Shotgun Poorman,Ty rush right for 9 yards gain to the HIRAM00 TOUCHDOWN, clock 11:32 PENALTY.","No Huddle-Shotgun Livingstone,Isaiah rush right for 4 yards gain to the HIRAM26 (Betancourt,Williams; Finn,Nick)."
"20250904_hjux",160,4,"kickoff","Hiram",,1,10,78,"Hiram",FALSE,"LaRoche,Nate kickoff 56 yards to the HIRAM09 Dycks,Kevin return 13 yards to the HIRAM22 (Mossbarger,Mason).","No Huddle-Shotgun Livingstone,Isaiah rush right for 4 yards gain to the HIRAM26 (Betancourt,Williams; Finn,Nick)."
"20250904_hjux",164,4,"punt_no_return","Hiram",73,1,10,64,"Heidelberg",FALSE,"Stewart,Brandon punt 37 yards to the HEID36.","PENALTY HEID Delay Of Game (Arledge,Alex) 5 yards from HEID36 to HEID31. NO PLAY."
"20250904_hjux",174,4,"pass_complete","Heidelberg",12,,,,"Hiram",TRUE,"No Huddle-Shotgun Arledge,Alex pass complete short middle to Mossbarger,Mason caught at HIRAM15, for 12 yards to the HIRAM00 TOUCHDOWN, clock 04:25, 1ST DOWN.","No Huddle-Shotgun Lakes,Ammaar pass complete deep right to Dycks,Kevin caught at HEID40, for 47 yards to the HEID28 (Bolden,Travis), out of bounds, 1ST DOWN."
"20250904_hjux",176,4,"kickoff","Hiram",,1,10,75,"Hiram",FALSE,"LaRoche,Nate kickoff 56 yards to the HIRAM09 fair catch by Stapleton,Jordan at HIRAM09.","No Huddle-Shotgun Lakes,Ammaar pass complete deep right to Dycks,Kevin caught at HEID40, for 47 yards to the HEID28 (Bolden,Travis), out of bounds, 1ST DOWN."
"20250904_hjux",181,4,"kickoff","Heidelberg",,,,,"Hiram",TRUE,"Lavigne,Nathan kickoff 34 yards to the HEID31 Clerveau,Tyreese return 69 yards to the HIRAM00 TOUCHDOWN, clock 03:12.","No Huddle-Shotgun Feltner,Nathan rush left for 2 yards loss to the HIRAM23 (Diaz,Rolando; Jackson,Tyler)."
"20250904_hjux",183,4,"kickoff","Hiram",,1,10,75,"Hiram",FALSE,"LaRoche,Nate kickoff 55 yards to the HIRAM10 fair catch by Tufts,Devin at HIRAM10.","No Huddle-Shotgun Feltner,Nathan rush left for 2 yards loss to the HIRAM23 (Diaz,Rolando; Jackson,Tyler)."
"20250904_hjux",185,4,"pass_complete","Hiram",77,,,,"Heidelberg",TRUE,"No Huddle-Shotgun Lakes,Ammaar pass complete deep right to Dycks,Kevin caught at HIRAM48, for 77 yards to the HEID00 TOUCHDOWN, clock 02:22, 1ST DOWN.","No Huddle-Shotgun Blatnik,Luke rush right for 4 yards gain to the HIRAM46 (Martinez,Raymond)."
"20250904_hjux",187,4,"kickoff","Heidelberg",,1,10,50,"Heidelberg",FALSE,"Lavigne,Nathan kickoff 41 yards to the HEID24 Haley,Korbyn return 11 yards to the HEID35 (Southern,Abram) PENALTY HIRAM UNS: Unsportsmanlike Conduct (Owens,Kendal) 15 yards from HEID35 to HEID50.","No Huddle-Shotgun Blatnik,Luke rush right for 4 yards gain to the HIRAM46 (Martinez,Raymond)."
"20250904_hz19",1,1,"kickoff","Lebanon Valley",,1,10,76,"Lebanon Valley",FALSE,"Harlamov,Ivan kickoff 53 yards to the LVC12 Donlin,James return 12 yards to the LVC24, End Of Play.","No Huddle-Shotgun Klitsch,Logan pass complete short left to Acker,Adam caught at LVC27, for 12 yards to the LVC36 (Long,Quincy), 1ST DOWN."
"20250904_hz19",7,1,"rush","Lebanon Valley",3,,,,"Franklin and Marshall",TRUE,"Bryant,Dion rush middle for 3 yards gain to the FMC00 TOUCHDOWN, clock 11:58.","No Huddle-Shotgun Tremba,Ty pass complete short left to Lewis,Gary caught at FMC35, for 5 yards to the FMC40 (Sisko,Ryan)."
"20250904_hz19",9,1,"kickoff","Franklin and Marshall",,1,10,65,"Franklin and Marshall",FALSE,"Dym,Brian kickoff 54 yards to the FMC11, out of bounds at FMC11.","No Huddle-Shotgun Tremba,Ty pass complete short left to Lewis,Gary caught at FMC35, for 5 yards to the FMC40 (Sisko,Ryan)."
"20250904_hz19",15,1,"punt_with_return","Franklin and Marshall",52,1,10,97,"Lebanon Valley",FALSE,"Harlamov,Ivan punt 47 yards to the LVC05 Freeman,Trey return for loss of 2 yards to the LVC03 (Marx,Oscar).","PENALTY LVC False Start 1 yard from LVC03 to LVC02. NO PLAY."
"20250904_hz19",21,1,"punt_blocked","Lebanon Valley",59,1,9,9,"Franklin and Marshall",FALSE,"Wisensale,Maxwell punt 0 yards to the LVC41 blocked by Evancho,Kyle recovered by FMC Schultz,Nathan at LVC25 Schultz,Nathan return 16 yards to the LVC09 (Heisey,Ethan).","No Huddle-Shotgun Valdez,Anthony rush middle for 1 yard gain to the LVC08 (Foust,Carter)."
"20250904_hz19",23,1,"pass_complete","Franklin and Marshall",8,,,,"Lebanon Valley",TRUE,"No Huddle-Shotgun Tremba,Ty pass complete short middle to Harrison,Jack caught at LVC00, for 8 yards to the LVC00 TOUCHDOWN, clock 06:42.","No Huddle-Shotgun Grimm,Avrey rush left for 2 yards gain to the LVC27 (Carner,Rafe)."
"20250904_hz19",25,1,"kickoff","Lebanon Valley",,1,10,75,"Lebanon Valley",FALSE,"Harlamov,Ivan kickoff 65 yards to the LVC00, Touchback.","No Huddle-Shotgun Grimm,Avrey rush left for 2 yards gain to the LVC27 (Carner,Rafe)."
"20250904_hz19",31,1,"punt_with_return","Lebanon Valley",56,1,10,67,"Franklin and Marshall",FALSE,"Wisensale,Maxwell punt 36 yards to the FMC20 Albero,Chris return 13 yards to the FMC33 (Karkoska,Jacob).","No Huddle-Shotgun Valdez,Anthony rush middle for 0 yards to the FMC33 (Evanick,Aonghas)."
"20250904_hz19",40,2,"rush","Franklin and Marshall",24,,,,"Lebanon Valley",TRUE,"No Huddle-Shotgun Lewis,Gary rush right for 24 yards gain to the LVC00 TOUCHDOWN, clock 13:50, 1ST DOWN.","No Huddle-Shotgun Bryant,Dion rush left for 5 yards gain to the LVC38 (Kelley,LT)."
"20250904_hz19",42,2,"kickoff","Lebanon Valley",,1,10,67,"Lebanon Valley",FALSE,"Harlamov,Ivan kickoff 54 yards to the LVC11 Cooper,Makih return 22 yards to the LVC33 (Wertz,Matt), out of bounds.","No Huddle-Shotgun Bryant,Dion rush left for 5 yards gain to the LVC38 (Kelley,LT)."
"20250904_hz19",50,2,"punt_no_return","Lebanon Valley",49,1,10,93,"Franklin and Marshall",FALSE,"Wisensale,Maxwell punt 42 yards to the FMC07 fair catch by Albero,Chris at FMC07.","No Huddle-Shotgun Tremba,Ty pass incomplete short right to Zawadzkas,Hudson thrown to FMC13 QB hurried by Pollock,Luke."
"20250904_hz19",54,2,"punt_no_return","Franklin and Marshall",89,1,10,52,"Lebanon Valley",FALSE,"Harlamov,Ivan punt 51 yards to the LVC38 PENALTY FMC Holding 10 yards from LVC38 to LVC48.","No Huddle-Shotgun Bryant,Dion rush right for 1 yard gain to the LVC49 (Long,Quincy)."
"20250904_hz19",67,2,"field_goal_missed","Lebanon Valley",7,1,10,80,"Franklin and Marshall",FALSE,"Dym,Brian field goal attempt from 28 yards NO GOOD (H: Fasnacht,Payton, LS: Partee,Malachi), clock 04:14.","No Huddle-Shotgun Fant,Jake rush right for 4 yards loss to the FMC16 (Brown,Alex)."
"20250904_hz19",71,2,"punt_no_return","Franklin and Marshall",92,1,10,23,"Lebanon Valley",FALSE,"Harlamov,Ivan punt 30 yards to the FMC38 PENALTY FMC Face Mask 15 yards from FMC38 to FMC23, 1ST DOWN.","No Huddle-Shotgun Grimm,Avrey rush left for 14 yards gain to the FMC09 (Wertz,Matt), out of bounds, 1ST DOWN."
"20250904_hz19",75,2,"rush","Lebanon Valley",3,,,,"Franklin and Marshall",TRUE,"Klitsch,Logan rush right for 3 yards gain to the FMC00 TOUCHDOWN, clock 01:15.","No Huddle-Shotgun Tremba,Ty rush middle for 12 yards gain to the FMC22 (Makosy,Sheadan), 1ST DOWN."
"20250904_hz19",77,2,"kickoff","Franklin and Marshall",,1,10,90,"Franklin and Marshall",FALSE,"Dym,Brian kickoff 60 yards to the FMC05 Lewis,Gary return 5 yards to the FMC10 (Calabretta,Tony; Cosme,Nahseem).","No Huddle-Shotgun Tremba,Ty rush middle for 12 yards gain to the FMC22 (Makosy,Sheadan), 1ST DOWN."
"20250904_hz19",86,3,"kickoff","Franklin and Marshall",,1,10,65,"Franklin and Marshall",FALSE,"Dym,Brian kickoff 47 yards to the FMC18, out of bounds at FMC18.","No Huddle-Shotgun Taylor,Seth rush middle for 2 yards gain to the FMC37 (Makosy,Sheadan; Foust,Carter)."
"20250904_hz19",90,3,"punt_with_return","Franklin and Marshall",64,1,10,60,"Lebanon Valley",FALSE,"Harlamov,Ivan punt 44 yards to the LVC20 Freeman,Trey return 15 yards to the LVC35 (Shivas,Aaron), out of bounds PENALTY FMC Illegal Formation 5 yards from LVC35 to LVC40.","Shotgun Bryant,Dion rush right for 4 yards gain to the LVC44 (Long,Quincy)."
"20250904_hz19",100,3,"pass_incomplete","Lebanon Valley",29,1,10,71,"Franklin and Marshall",FALSE,"No Huddle-Shotgun Klitsch,Logan pass incomplete short left to Hirshman,Cameron thrown to FMC20, TURNOVER ON DOWNS.","No Huddle-Shotgun Tremba,Ty pass complete short left to Harrison,Jack caught at FMC35, for 6 yards to the FMC35, End Of Play."
"20250904_hz19",113,3,"field_goal_missed","Franklin and Marshall",24,1,10,76,"Lebanon Valley",FALSE,"Fleming,Michael field goal attempt from 41 yards NO GOOD (H: O'Brien,Daniel, LS: Galligan,Will), clock 02:43, End Of Play.","No Huddle-Shotgun Klitsch,Logan pass incomplete short left to Vassallo,Alex thrown to LVC27 broken up by Hille,Connor."
"20250904_hz19",117,3,"punt_no_return","Lebanon Valley",75,1,10,45,"Franklin and Marshall",FALSE,"Wisensale,Maxwell punt 20 yards to the LVC45.","No Huddle-Shotgun Tremba,Ty pass incomplete deep right to Lewis,Gary thrown to LVC04 broken up by Foust,Carter PENALTY LVC Offside 5 yards from LVC45 to LVC40. NO PLAY."
"20250904_hz19",121,3,"pass_complete","Franklin and Marshall",15,,,,"Lebanon Valley",TRUE,"No Huddle-Shotgun Tremba,Ty pass complete short right to Lewis,Gary caught at LVC00, for 15 yards to the LVC00 TOUCHDOWN, clock 00:07, 1ST DOWN.","No Huddle-Shotgun Klitsch,Logan pass incomplete short right to Freeman,Trey thrown to LVC28."
"20250904_hz19",123,3,"kickoff","Lebanon Valley",,1,10,75,"Lebanon Valley",FALSE,"Harlamov,Ivan kickoff 65 yards to the LVC00, Touchback.","No Huddle-Shotgun Klitsch,Logan pass incomplete short right to Freeman,Trey thrown to LVC28."
"20250904_hz19",127,4,"punt_no_return","Lebanon Valley",70,1,10,69,"Franklin and Marshall",FALSE,"Wisensale,Maxwell punt 39 yards to the FMC31.","No Huddle-Shotgun Taylor,Seth rush right for 1 yard gain to the FMC32 (Baughman,Landen) PENALTY FMC Holding 10 yards from FMC31 to FMC21. NO PLAY."
"20250904_hz19",132,4,"punt_with_return","Franklin and Marshall",69,1,10,81,"Lebanon Valley",FALSE,"Harlamov,Ivan punt 49 yards to the LVC20 Freeman,Trey return for loss of 1 yard to the LVC19 (Bonanno,Anthony).","No Huddle-Shotgun Grimm,Avrey rush middle for 2 yards gain to the LVC21 (Long,Quincy)."
"20250904_hz19",136,4,"punt_with_return","Lebanon Valley",84,1,10,34,"Franklin and Marshall",FALSE,"Wisensale,Maxwell punt 41 yards to the FMC43 Albero,Chris return 8 yards to the LVC49 (Keller,Bryce) PENALTY LVC Personal Foul 15 yards from LVC49 to LVC34, 1ST DOWN.","No Huddle-Shotgun Valdez,Anthony rush left for 3 yards gain to the LVC31 (Brown,Alex)."
"20250904_hz19",141,4,"rush","Franklin and Marshall",4,,,,"Lebanon Valley",TRUE,"No Huddle-Shotgun Taylor,Seth rush left for 4 yards gain to the LVC00 TOUCHDOWN, clock 07:28, 1ST DOWN.","No Huddle-Shotgun Klitsch,Logan sacked for loss of 4 yards to the LVC21 (Long,Quincy)."
"20250904_hz19",143,4,"kickoff","Lebanon Valley",,1,10,75,"Lebanon Valley",FALSE,"Harlamov,Ivan kickoff 65 yards to the LVC00, Touchback.","No Huddle-Shotgun Klitsch,Logan sacked for loss of 4 yards to the LVC21 (Long,Quincy)."
"20250904_hz19",153,4,"pass_complete","Lebanon Valley",30,,,,"Franklin and Marshall",TRUE,"No Huddle-Shotgun Klitsch,Logan pass complete deep left to Vassallo,Alex caught at FMC00, for 30 yards to the FMC00 TOUCHDOWN, clock 03:59, 1ST DOWN, PENALTY FMC Roughing The Passer 15 yards from FMC00 to FMC03, 1ST DOWN.","PENALTY FMC Delay Of Game 5 yards from FMC38 to FMC33. NO PLAY."
"20250904_hz19",155,4,"kickoff","Franklin and Marshall",,1,10,62,"Franklin and Marshall",FALSE,"Hazel,Connor onside kickoff 12 yards to the FMC38, End Of Play.","PENALTY FMC Delay Of Game 5 yards from FMC38 to FMC33. NO PLAY."
"20250904_hz19",164,4,"punt_no_return","Franklin and Marshall",53,1,10,80,"Lebanon Valley",FALSE,"Harlamov,Ivan punt 53 yards to the LVC00, Touchback.","No Huddle-Shotgun Klitsch,Logan pass complete short left to Vassallo,Alex caught at LVC26, for 8 yards to the LVC28 (Hille,Connor), out of bounds."
"20250904_ndb9",1,1,"kickoff","Greenville",,1,10,55,"Greenville",FALSE,"McTamney,Toby kickoff 55 yards to the Greenv10 Williams,LaShawn return 35 yards to the Greenv45 (Evans,Mauriece; Rakers,Carson).","No Huddle-Shotgun Lynch,Max pass complete short right to Williams,LaShawn caught at Greenv45, for 1 yard loss to the Greenv44 (Grapperhaus,Landon)."
"20250904_ndb9",5,1,"punt_with_return","Greenville",55,1,10,76,"Illinois College",FALSE,"De Haan,Derek punt 31 yards to the IC24 Kato,Timo return 0 yards to the IC24, End Of Play.","No Huddle-Shotgun Spencer,Tanner rush right for 9 yards gain to the IC33 (Lawless,Terrance)."
"20250904_ndb9",13,1,"punt_no_return","Illinois College",37,1,10,92,"Greenville",FALSE,"Banovz,Zack punt 29 yards to the Greenv08, out of bounds at Greenv08.","No Huddle-Shotgun Lynch,Max sacked for loss of 4 yards to the Greenv04 (Stuart,Drake, Helton,Blaze)."
"20250904_ndb9",17,1,"punt_no_return","Greenville",84,1,10,52,"Illinois College",FALSE,"De Haan,Derek punt 36 yards to the IC48, out of bounds at IC48.","No Huddle-Shotgun Spencer,Tanner rush middle for 6 yards gain to the Greenv46 (Velasquez,Elias; Mix,Xavier)."
"20250904_ndb9",22,1,"pass_complete","Illinois College",40,,,,"Greenville",TRUE,"Shotgun Elliott,Tyson pass complete deep right to Leonard,Kyle caught at Greenv12, for 40 yards to the Greenv00 TOUCHDOWN, clock 05:33, 1ST DOWN.","No Huddle-Shotgun Lynch,Max pass incomplete short left to Thomas,Shemari thrown to Greenv28."
"20250904_ndb9",24,1,"kickoff","Greenville",,1,10,75,"Greenville",FALSE,"McTamney,Toby kickoff 57 yards to the Greenv08 Williams,LaShawn return 17 yards to the Greenv25 (Guzevich,Daniel; Rakers,Carson).","No Huddle-Shotgun Lynch,Max pass incomplete short left to Thomas,Shemari thrown to Greenv28."
"20250904_ndb9",28,1,"punt_no_return","Greenville",74,1,10,51,"Illinois College",FALSE,"De Haan,Derek punt 25 yards to the IC49, out of bounds at IC49.","No Huddle-Shotgun Miller,Lleyton rush middle for 4 yards gain to the Greenv47 (Mix,Xavier)."
"20250904_ndb9",40,2,"punt_no_return","Illinois College",32,1,10,80,"Greenville",FALSE,"Banovz,Zack punt 32 yards to the Greenv00, Touchback.","No Huddle-Shotgun Graves,Terrel rush left for 3 yards gain to the Greenv23 (Dailey,Cam)."
"20250904_ndb9",49,2,"punt_with_return","Greenville",52,1,10,77,"Illinois College",FALSE,"De Haan,Derek punt 32 yards to the IC20 Gipson,Justin return 3 yards to the IC23 (Thomas,Shemari).","No Huddle-Shotgun Spencer,Tanner rush left for 6 yards gain to the IC29 fumbled by Spencer,Tanner at IC29 forced by Newton,Nick recovered by Greenv Newton,Nick at IC29, End Of Play."
"20250904_ndb9",50,2,"rush","Illinois College",77,1,10,29,"Greenville",FALSE,"No Huddle-Shotgun Spencer,Tanner rush left for 6 yards gain to the IC29 fumbled by Spencer,Tanner at IC29 forced by Newton,Nick recovered by Greenv Newton,Nick at IC29, End Of Play.","No Huddle-Shotgun Lynch,Max pass complete short right to McKinley,Jashaun caught at IC24, for 11 yards to the IC18 (Grapperhaus,Landon), 1ST DOWN."
"20250904_ndb9",55,2,"field_goal_good","Greenville",11,,,,"Illinois College",TRUE,"De Haan,Derek field goal attempt from 21 yards GOOD (H: Kouzoukas,Tiffin, LS: Conn,Thomas), clock 05:49.","No Huddle-Shotgun Spencer,Tanner rush right for 3 yards gain to the IC36 (Velasquez,Elias; Mix,Xavier)."
"20250904_ndb9",56,2,"kickoff","Illinois College",,1,10,67,"Illinois College",FALSE,"De Haan,Derek kickoff 50 yards to the IC15 Kato,Timo return 18 yards to the IC15 fumbled by Kato,Timo at IC15, out of bounds at IC33.","No Huddle-Shotgun Spencer,Tanner rush right for 3 yards gain to the IC36 (Velasquez,Elias; Mix,Xavier)."
"20250904_ndb9",67,2,"pass_complete","Illinois College",11,,,,"Greenville",TRUE,"Shotgun Elliott,Tyson pass complete short left to Leonard,Kyle caught at Greenv11, for 11 yards to the Greenv00 TOUCHDOWN, clock 00:29, 1ST DOWN.","No Huddle-Shotgun Lynch,Max pass complete short right to Lane,Levern caught at Greenv36, for 5 yards to the Greenv36 (Johnson,Jaylen)."
"20250904_ndb9",69,2,"kickoff","Greenville",,1,10,69,"Greenville",FALSE,"McTamney,Toby kickoff 51 yards to the Greenv14 Williams,LaShawn return 17 yards to the Greenv31 (Hendrix,Jamie), out of bounds.","No Huddle-Shotgun Lynch,Max pass complete short right to Lane,Levern caught at Greenv36, for 5 yards to the Greenv36 (Johnson,Jaylen)."
"20250904_ndb9",72,3,"kickoff","Illinois College",,1,10,72,"Illinois College",FALSE,"De Haan,Derek kickoff 50 yards to the IC15 Kato,Timo return 13 yards to the IC28 (Morales,Jaden).","No Huddle-Shotgun Elliott,Tyson pass complete short middle to Laird,Zach caught at IC33, for 9 yards to the IC37 (Mix,Xavier)."
"20250904_ndb9",81,3,"pass_complete","Illinois College",35,,,,"Greenville",TRUE,"Shotgun Elliott,Tyson pass complete deep middle to Middleton III,Timothy caught at Greenv15, for 35 yards to the Greenv00 TOUCHDOWN, clock 10:24, 1ST DOWN.","No Huddle-Shotgun Lynch,Max rush middle for 0 yards to the Greenv25 (Helton,Blaze)."
"20250904_ndb9",83,3,"kickoff","Greenville",,1,10,75,"Greenville",FALSE,"McTamney,Toby kickoff 55 yards to the Greenv10 Williams,LaShawn return 15 yards to the Greenv25 (Dinardo,Clayton).","No Huddle-Shotgun Lynch,Max rush middle for 0 yards to the Greenv25 (Helton,Blaze)."
"20250904_ndb9",92,3,"pass_incomplete","Greenville",34,1,10,66,"Illinois College",FALSE,"No Huddle-Shotgun Lynch,Max pass incomplete short left to Williams,LaShawn thrown to IC15, TURNOVER ON DOWNS.","No Huddle-Shotgun Miller,Lleyton rush left for 10 yards gain to the IC44 (Mix,Xavier; Lawless,Terrance), 1ST DOWN."
"20250904_ndb9",104,3,"punt_no_return","Illinois College",36,1,10,90,"Greenville",FALSE,"Banovz,Zack punt 26 yards to the Greenv10, out of bounds at Greenv10.","No Huddle-Shotgun Lynch,Max pass complete short left to Ambriz,Noah caught at Greenv09, for 1 yard loss to the Greenv09 (Huston,Nic)."
"20250904_ndb9",113,4,"punt_with_return","Greenville",88,1,10,37,"Illinois College",FALSE,"De Haan,Derek punt 30 yards to the Greenv42 Kato,Timo return 0 yards to the Greenv42 (Morrow,Jaylin) PENALTY Greenv Illegal Formation (De Haan,Derek) 5 yards from Greenv42 to Greenv37.","No Huddle-Shotgun Elliott,Tyson pass incomplete short right to Willis,Caleb thrown to Greenv32."
"20250904_ndb9",121,4,"pass_complete","Illinois College",7,,,,"Greenville",TRUE,"No Huddle-Shotgun Elliott,Tyson pass complete short right to Leonard,Kyle caught at Greenv00, for 7 yards to the Greenv00 TOUCHDOWN, clock 07:25, 1ST DOWN.","No Huddle-Shotgun Graves,Terrel rush middle for 4 yards gain to the Greenv22 (Eighner,Kane)."
"20250904_ndb9",123,4,"kickoff","Greenville",,1,10,82,"Greenville",FALSE,"McTamney,Toby kickoff 56 yards to the Greenv09 Williams,LaShawn return 9 yards to the Greenv18 (Johnson,Jaylen).","No Huddle-Shotgun Graves,Terrel rush middle for 4 yards gain to the Greenv22 (Eighner,Kane)."
"20250904_ndb9",128,4,"pass_complete","Greenville",60,,,,"Illinois College",TRUE,"No Huddle-Shotgun Lynch,Max pass complete deep left to Thomas,Shemari caught at IC00, for 60 yards to the IC00 TOUCHDOWN, clock 05:19, 1ST DOWN.","No Huddle-Shotgun Gipson,Justin rush middle for 4 yards gain to the Greenv42 (Newton,Nick)."
"20250904_ndb9",131,4,"kickoff","Illinois College",,1,10,46,"Illinois College",FALSE,"Paixao,Pedro kickoff 11 yards to the Greenv46 Byndom,Malik return 0 yards to the Greenv46, End Of Play.","No Huddle-Shotgun Gipson,Justin rush middle for 4 yards gain to the Greenv42 (Newton,Nick)."
"20250904_x3up",1,1,"kickoff","N.C. Wesleyan",,1,10,75,"N.C. Wesleyan",FALSE,"(15:00) Markulic,Michael kickoff 51 yards to the NWC14 Jackson,Isaiah return 11 yards to the NWC25 (Poff,Tyler), out of bounds.","(14:37) No Huddle Rice,Javier pass complete deep left to Pannell,Michael caught at AU38, for 75 yards to the AU00 TOUCHDOWN, clock 14:37, 1ST DOWN."
"20250904_x3up",2,1,"pass_complete","N.C. Wesleyan",75,,,,"Averett",TRUE,"(14:37) No Huddle Rice,Javier pass complete deep left to Pannell,Michael caught at AU38, for 75 yards to the AU00 TOUCHDOWN, clock 14:37, 1ST DOWN.","(14:27) No Huddle-Shotgun Soto,Gaby rush middle for 9 yards gain to the AU31 (Brown,Andrew; Ervin,Evan)."
"20250904_x3up",4,1,"kickoff","Averett",,1,10,78,"Averett",FALSE,"(14:37) Green,Braxtyn kickoff 62 yards to the AU03 Jackson,Kayden return 19 yards to the AU22 (Young,Solomon; Rodgers,Ahmad).","(14:27) No Huddle-Shotgun Soto,Gaby rush middle for 9 yards gain to the AU31 (Brown,Andrew; Ervin,Evan)."
"20250904_x3up",8,1,"punt_no_return","Averett",69,1,10,11,"Averett",FALSE,"(13:04) Markulic,Michael punt 55 yards to the NWC14 muffed by Pannell,Michael at NWC14 recovered by AU Harrell,Justin at NWC11, End Of Play.","(13:04) No Huddle-Shotgun Ross,Ethan pass complete short middle to Jones,Christian caught at NWC13, for 1 yard to the NWC10 (McKeithan,Savonte; Winston,Mathias)."
"20250904_x3up",10,1,"rush","Averett",10,,,,"N.C. Wesleyan",TRUE,"(12:19) No Huddle-Shotgun Ross,Ethan rush middle for 10 yards gain to the NWC00 TOUCHDOWN, clock 12:18, 1ST DOWN.","(12:07) No Huddle Seagraves,Nahir rush right for 1 yard gain to the NWC46 (Fazzolari,Rocco; Thorne,Caden)."
"20250904_x3up",13,1,"kickoff","N.C. Wesleyan",,1,10,55,"N.C. Wesleyan",FALSE,"(12:18) Markulic,Michael kickoff 50 yards to the NWC15 Littlejohn,Micah return 30 yards to the NWC45 (Tarpley,Nick).","(12:07) No Huddle Seagraves,Nahir rush right for 1 yard gain to the NWC46 (Fazzolari,Rocco; Thorne,Caden)."
"20250904_x3up",26,1,"rush","N.C. Wesleyan",1,,,,"Averett",TRUE,"(05:00) No Huddle-Shotgun Melton,Keondrick rush middle for 1 yard gain to the AU00 TOUCHDOWN, clock 05:00.","(04:51) No Huddle-Shotgun Ross,Ethan pass complete short left to Jones,Christian caught at AU13, for 3 yards to the AU15 (Wesolowki,Luke)."
"20250904_x3up",28,1,"kickoff","Averett",,1,10,88,"Averett",FALSE,"(05:00) Green,Braxtyn kickoff 62 yards to the AU03 Jackson,Kayden return 9 yards to the AU12 (Young,Solomon; Kassnove,Gabriel) (Kassnove,Gabriel; Young,Solomon).","(04:51) No Huddle-Shotgun Ross,Ethan pass complete short left to Jones,Christian caught at AU13, for 3 yards to the AU15 (Wesolowki,Luke)."
"20250904_x3up",33,1,"safety","Averett",86,,,,"N.C. Wesleyan",TRUE,"(03:20). N.C. Wesleyan SAFETY, clock 03:20.","(03:14) No Huddle-Shotgun Seagraves,Nahir rush middle for 5 yards gain to the NWC27 (Crump,Cory; Kelander,Jarno)."
"20250904_x3up",34,1,"kickoff","N.C. Wesleyan",,1,10,78,"N.C. Wesleyan",FALSE,"(03:20) Markulic,Michael kickoff 66 yards to the NWC14 Jackson,Isaiah return 8 yards to the NWC22 (Easley,Nicholas; Hamilton,Isaac).","(03:14) No Huddle-Shotgun Seagraves,Nahir rush middle for 5 yards gain to the NWC27 (Crump,Cory; Kelander,Jarno)."
"20250904_x3up",36,1,"pass_complete","N.C. Wesleyan",73,,,,"Averett",TRUE,"(02:35) No Huddle-Shotgun Rice,Javier pass complete deep right to Resper,Tyson caught at NWC48, for 73 yards to the AU00 TOUCHDOWN, clock 02:29, 1ST DOWN.","(02:25) No Huddle-Shotgun Ross,Ethan pass incomplete deep middle to Yarborough,Khalil thrown to NWC16."
"20250904_x3up",38,1,"kickoff","Averett",,1,10,61,"Averett",FALSE,"(02:29) Green,Braxtyn kickoff 49 yards to the AU16 Lumpkins,Jamarrie return 23 yards to the AU39 (Barnett,Tremonte).","(02:25) No Huddle-Shotgun Ross,Ethan pass incomplete deep middle to Yarborough,Khalil thrown to NWC16."
"20250904_x3up",42,1,"punt_no_return","Averett",62,1,10,74,"N.C. Wesleyan",FALSE,"(01:29) Markulic,Michael punt 36 yards to the NWC26 fair catch by Pannell,Michael at NWC26.","(01:23) No Huddle-Shotgun Seagraves,Nahir rush middle for 3 yards gain to the NWC29 (Chege,Brian; Williams,Ivan)."
"20250904_x3up",50,2,"field_goal_missed","N.C. Wesleyan",7,1,10,80,"Averett",FALSE,"Green,Braxtyn field goal attempt from 24 yards NO GOOD (H: Newsom,Colten, LS: Bisco,Gavin), clock 13:45, End Of Play.","No Huddle-Shotgun Easley,Nicholas rush right for 2 yards loss to the AU18 (Brown,Andrew; Winston,Mathias)."
"20250904_x3up",52,2,"pass_intercepted","Averett",82,1,10,13,"N.C. Wesleyan",FALSE,"No Huddle-Shotgun Ross,Ethan pass intercepted by Cooper,Eric at AU26 Cooper,Eric return 13 yards to the AU13 (Curtis,Mason).","No Huddle-Shotgun Resper,Tyson rush right for 5 yards gain to the AU08 (Guess,Jonethan)."
"20250904_x3up",55,2,"pass_complete","N.C. Wesleyan",6,,,,"Averett",TRUE,"No Huddle-Shotgun Rice,Javier pass complete short right to Resper,Tyson caught at AU05, for 6 yards to the AU00 TOUCHDOWN, clock 11:33, 1ST DOWN.","No Huddle-Shotgun Ross,Ethan pass incomplete deep middle to Jackson,Kayden thrown to NWC43 broken up by Manuel,Botise."
"20250904_x3up",57,2,"kickoff","Averett",,1,10,75,"Averett",FALSE,"Green,Braxtyn kickoff 65 yards to the AU00, Touchback.","No Huddle-Shotgun Ross,Ethan pass incomplete deep middle to Jackson,Kayden thrown to NWC43 broken up by Manuel,Botise."
"20250904_x3up",61,2,"rush","Averett",76,1,10,14,"N.C. Wesleyan",FALSE,"No Huddle-Shotgun Averett rush middle for 10 yards loss to the AU14 fumbled by Averett at AU17 recovered by AU Schaper,Spencer at AU14, End Of Play, TURNOVER ON DOWNS.","No Huddle-Shotgun Bullock,Nolan rush middle for 1 yard gain to the AU13 (Kelander,Jarno)."
"20250904_x3up",66,2,"field_goal_good","N.C. Wesleyan",9,,,,"Averett",TRUE,"Green,Braxtyn field goal attempt from 25 yards GOOD (H: Newsom,Colten, LS: Bisco,Gavin), clock 09:28.","No Huddle-Shotgun Neal,Jaylin rush middle for 3 yards gain to the AU26 (Brown,Andrew)."
"20250904_x3up",67,2,"kickoff","Averett",,1,10,77,"Averett",FALSE,"Green,Braxtyn kickoff 63 yards to the AU02 Lumpkins,Jamarrie return 21 yards to the AU23 (McKnight,Marti).","No Huddle-Shotgun Neal,Jaylin rush middle for 3 yards gain to the AU26 (Brown,Andrew)."
"20250904_x3up",80,2,"rush","Averett",8,1,10,95,"N.C. Wesleyan",FALSE,"No Huddle-Shotgun Ross,Ethan rush middle for 3 yards gain to the NWC05 (McKeithan,Savonte; Barnes,Jordan), TURNOVER ON DOWNS.","No Huddle-Shotgun Rice,Javier pass complete short left to Pannell,Michael caught at NWC11, for 9 yards to the NWC14 (Guess,Jonethan)."
"20250904_x3up",82,2,"rush","N.C. Wesleyan",86,,,,"Averett",TRUE,"No Huddle-Shotgun Seagraves,Nahir rush left for 86 yards gain to the AU00 TOUCHDOWN, clock 02:45, 1ST DOWN.","PENALTY AU False Start (Bridges,Alex) 5 yards from AU25 to AU20. NO PLAY."
"20250904_x3up",84,2,"kickoff","Averett",,1,10,75,"Averett",FALSE,"Green,Braxtyn kickoff 65 yards to the AU00, Touchback.","PENALTY AU False Start (Bridges,Alex) 5 yards from AU25 to AU20. NO PLAY."
"20250904_x3up",89,2,"punt_blocked","Averett",83,1,10,26,"N.C. Wesleyan",FALSE,"Markulic,Michael punt 9 yards to the AU26 blocked by McKeithan,Savonte, out of bounds at AU26.","No Huddle-Shotgun Melton,Keondrick rush right for 6 yards gain to the AU20 (Clark,Jayden)."
"20250904_x3up",94,3,"kickoff","Averett",,1,10,75,"Averett",FALSE,"Green,Braxtyn kickoff 65 yards to the AU00, Touchback.","No Huddle-Shotgun Ross,Ethan pass complete short middle to Jackson,Kayden caught at AU38, for 13 yards to the AU38 fumbled by Jackson,Kayden at AU40 forced by McKeithan,Savonte recovered by NWC McKeithan,Savonte at AU38 McKeithan,Savonte return 23 yards to the AU15 (Speed III,Calvin), out of bounds."
"20250904_x3up",95,3,"pass_complete","Averett",75,1,10,15,"N.C. Wesleyan",FALSE,"No Huddle-Shotgun Ross,Ethan pass complete short middle to Jackson,Kayden caught at AU38, for 13 yards to the AU38 fumbled by Jackson,Kayden at AU40 forced by McKeithan,Savonte recovered by NWC McKeithan,Savonte at AU38 McKeithan,Savonte return 23 yards to the AU15 (Speed III,Calvin), out of bounds.","No Huddle-Shotgun Seagraves,Nahir rush left for 6 yards gain to the AU09 (Guess,Jonethan), out of bounds."
"20250904_x3up",99,3,"rush","N.C. Wesleyan",7,,,,"Averett",TRUE,"No Huddle-Shotgun Melton,Keondrick rush middle for 7 yards gain to the AU00 TOUCHDOWN, clock 13:06, 1ST DOWN.","(11:27) No Huddle-Shotgun Soto,Gaby rush middle for 2 yards gain to the AU32 (McMinn,Wilson)."
"20250904_x3up",101,3,"kickoff","Averett",,1,10,70,"Averett",FALSE,"(11:27) Green,Braxtyn kickoff 61 yards to the AU04 Joplin,Xavier return 26 yards to the AU30 (Kassnove,Gabriel), out of bounds.","(11:27) No Huddle-Shotgun Soto,Gaby rush middle for 2 yards gain to the AU32 (McMinn,Wilson)."
"20250904_x3up",112,3,"rush","Averett",14,,,,"N.C. Wesleyan",TRUE,"No Huddle-Shotgun Ross,Ethan rush middle for 14 yards gain to the NWC00 TOUCHDOWN, clock 09:03, 1ST DOWN.","No Huddle-Shotgun Newsom,Colten pass complete short left to Wilson,Seriyon caught at NWC20, for 12 yards to the NWC20 (Guess,Jonethan), 1ST DOWN, PENALTY NWC Holding (Torrence,Brian) 10 yards from NWC20 to NWC10."
"20250904_x3up",114,3,"kickoff","N.C. Wesleyan",,1,10,92,"N.C. Wesleyan",FALSE,"Markulic,Michael kickoff 56 yards to the NWC09 Littlejohn,Micah return 7 yards to the NWC16, out of bounds at NWC16 PENALTY NWC Holding 8 yards from NWC16 to NWC08.","No Huddle-Shotgun Newsom,Colten pass complete short left to Wilson,Seriyon caught at NWC20, for 12 yards to the NWC20 (Guess,Jonethan), 1ST DOWN, PENALTY NWC Holding (Torrence,Brian) 10 yards from NWC20 to NWC10."
"20250904_x3up",121,3,"rush","N.C. Wesleyan",3,,,,"Averett",TRUE,"No Huddle-Shotgun Sechrest,Trae rush middle for 3 yards gain to the AU00 TOUCHDOWN, clock 04:56, 1ST DOWN.","No Huddle-Shotgun Easley,Nicholas rush left for 0 yards to the AU25 (Hill,Mason; Ryals,Josh)."
"20250904_x3up",123,3,"kickoff","Averett",,1,10,75,"Averett",FALSE,"Green,Braxtyn kickoff 65 yards to the AU00, Touchback.","No Huddle-Shotgun Easley,Nicholas rush left for 0 yards to the AU25 (Hill,Mason; Ryals,Josh)."
"20250904_x3up",131,3,"punt_no_return","Averett",70,1,10,55,"N.C. Wesleyan",FALSE,"Markulic,Michael punt 25 yards to the NWC45 fair catch by Pannell,Michael at NWC45.","No Huddle-Shotgun Jackson,Isaiah rush right for 2 yards loss to the NWC43 fumbled by Jackson,Isaiah at NWC45 recovered by AU Blankenship,Bo at NWC43 Blankenship,Bo return 1 yard to the NWC42 (Reed,Israel)."
"20250904_x3up",132,3,"rush","N.C. Wesleyan",55,1,10,42,"Averett",FALSE,"No Huddle-Shotgun Jackson,Isaiah rush right for 2 yards loss to the NWC43 fumbled by Jackson,Isaiah at NWC45 recovered by AU Blankenship,Bo at NWC43 Blankenship,Bo return 1 yard to the NWC42 (Reed,Israel).","No Huddle-Shotgun Ross,Ethan pass complete short right to Jones,Christian caught at NWC37, for 8 yards to the NWC34 (Young,Solomon), out of bounds."
"20250904_x3up",136,3,"sack","Averett",38,1,10,55,"N.C. Wesleyan",FALSE,"No Huddle-Shotgun Ross,Ethan sacked for loss of 7 yards to the NWC45 (Hill,Mason, Barnett,Tremonte), TURNOVER ON DOWNS.","No Huddle-Shotgun Flemister,Carmen rush middle for 35 yards gain to the AU20, out of bounds at AU20, 1ST DOWN."
"20250904_x3up",142,4,"rush","N.C. Wesleyan",16,,,,"Averett",TRUE,"No Huddle-Shotgun Winborne,Zamarreon rush middle for 16 yards gain to the AU00 TOUCHDOWN, clock 12:58, 1ST DOWN.","No Huddle-Shotgun Ross,Ethan pass incomplete deep left to Owens,Jamahrie thrown to NWC38 broken up by Hunt,Trevor."
"20250904_x3up",144,4,"kickoff","Averett",,1,10,75,"Averett",FALSE,"Green,Braxtyn kickoff 65 yards to the AU00, Touchback.","No Huddle-Shotgun Ross,Ethan pass incomplete deep left to Owens,Jamahrie thrown to NWC38 broken up by Hunt,Trevor."
"20250904_x3up",148,4,"punt_no_return","Averett",68,1,10,67,"N.C. Wesleyan",FALSE,"Markulic,Michael punt 35 yards to the NWC33 fair catch by Pannell,Michael at NWC33.","No Huddle-Shotgun Flemister,Carmen rush middle for 2 yards gain to the NWC35 (Mckenzie,Jaylan)."
"20250904_x3up",163,4,"kneel","N.C. Wesleyan",4,1,10,95,"Averett",FALSE,"Kneel down by N.C. Wesleyan at AU05 for loss of 1 yard, TURNOVER ON DOWNS.","No Huddle-Shotgun De Iulio,Louie pass complete short left to Francois,Andre caught at AU11, for 11 yards to the AU16 (Bisco,Gavin), 1ST DOWN."
"20250904_x4o2",1,1,"kickoff","Millsaps",,1,10,75,"Millsaps",FALSE,"Norris,Kyle kickoff 61 yards to the MIL04 Patterson,Tam return 21 yards to the MIL25 (Craven,John Ross; Hardy,Miles).","No Huddle-Shotgun Bizjack,Grant pass incomplete deep right to Donaldson,Greg thrown to BEL35."
"20250904_x4o2",6,1,"rush","Millsaps",66,,,,"Belhaven",TRUE,"No Huddle-Shotgun Garmon,Braxton rush middle for 66 yards gain to the BEL00 TOUCHDOWN, clock 13:33, 1ST DOWN.","No Huddle-Shotgun Gallashaw,Caleb rush middle for 4 yards gain to the BEL32 (Coalson,Nehemiah; Johnson,Nate)."
"20250904_x4o2",8,1,"kickoff","Belhaven",,1,10,72,"Belhaven",FALSE,"Babin,Connor kickoff 60 yards to the BEL05 Gray,Dee return 23 yards to the BEL28 (DeGeorge,Jackson).","No Huddle-Shotgun Gallashaw,Caleb rush middle for 4 yards gain to the BEL32 (Coalson,Nehemiah; Johnson,Nate)."
"20250904_x4o2",24,1,"rush","Belhaven",1,,,,"Millsaps",TRUE,"No Huddle Gallashaw,Caleb rush middle for 1 yard gain to the MIL00 TOUCHDOWN, clock 06:02.","No Huddle-Shotgun Garmon,Braxton rush left for 4 yards gain to the MIL12 (Beck,Wyatt; Maloney,Austin)."
"20250904_x4o2",26,1,"kickoff","Millsaps",,1,10,92,"Millsaps",FALSE,"Norris,Kyle kickoff 62 yards to the MIL03 Wilkerson,Bryce return 25 yards to the MIL28 (Oliver,Jessie; Craven,John Ross) PENALTY MIL Illegal Block in Back (Smith,Justin) 8 yards from MIL16 to MIL08.","No Huddle-Shotgun Garmon,Braxton rush left for 4 yards gain to the MIL12 (Beck,Wyatt; Maloney,Austin)."
"20250904_x4o2",30,1,"punt_no_return","Millsaps",87,1,10,37,"Belhaven",FALSE,"Vasquez,Jace punt 24 yards to the MIL37, out of bounds at MIL37.","No Huddle-Shotgun Gallashaw,Caleb rush right for 0 yards to the MIL37 (Bailey,Brewer; Allen,Elias)."
"20250904_x4o2",41,2,"rush","Belhaven",2,,,,"Millsaps",TRUE,"No Huddle-Shotgun Tabor,Julien rush middle for 2 yards gain to the MIL00 TOUCHDOWN, clock 14:55, 1ST DOWN.","No Huddle-Shotgun Jacobs,Chase rush middle for 3 yards gain to the MIL06 (Moore,Arnez; Benoit,Reece)."
"20250904_x4o2",43,2,"kickoff","Millsaps",,1,10,97,"Millsaps",FALSE,"Norris,Kyle kickoff 63 yards to the MIL02 muffed by Patterson,Tam at MIL02 recovered by MIL Dare,Davis at MIL02 Dare,Davis return 1 yard to the MIL03 (Thomas,Avery).","No Huddle-Shotgun Jacobs,Chase rush middle for 3 yards gain to the MIL06 (Moore,Arnez; Benoit,Reece)."
"20250904_x4o2",47,2,"punt_no_return","Millsaps",93,1,10,37,"Belhaven",FALSE,"Vasquez,Jace punt 30 yards to the MIL37 fair catch by Hodgin,Icarius at MIL37.","No Huddle Gallashaw,Caleb rush left for 5 yards gain to the MIL32 (Smith,Justin) PENALTY MIL UNS: Unsportsmanlike Conduct (Williams,Gavin) 15 yards from MIL32 to MIL17, 1ST DOWN."
"20250904_x4o2",56,2,"rush","Belhaven",1,,,,"Millsaps",TRUE,"No Huddle-Shotgun Gallashaw,Caleb rush left for 1 yard gain to the MIL00 TOUCHDOWN, clock 09:21.","No Huddle-Shotgun Bizjack,Grant pass complete short left to Colom II,Taj caught at MIL25, for 7 yards to the MIL32 (Hodgin,Icarius)."
"20250904_x4o2",58,2,"kickoff","Millsaps",,1,10,75,"Millsaps",FALSE,"Norris,Kyle kickoff 57 yards to the MIL08 fair catch by Dare,Davis at MIL08.","No Huddle-Shotgun Bizjack,Grant pass complete short left to Colom II,Taj caught at MIL25, for 7 yards to the MIL32 (Hodgin,Icarius)."
"20250904_x4o2",75,2,"field_goal_good","Millsaps",19,,,,"Belhaven",TRUE,"Babin,Connor field goal attempt from 36 yards GOOD (H: McGrath,Landon, LS: Foster,Bruce), clock 02:55.","No Huddle Gallashaw,Caleb rush right for 1 yard gain to the BEL20 (Warren,Decorian; Strain,Mikey)."
"20250904_x4o2",76,2,"kickoff","Belhaven",,1,10,81,"Belhaven",FALSE,"Babin,Connor kickoff 45 yards to the BEL20 muffed by Bell,Reggie at BEL20 recovered by BEL Hammett,Justin at BEL19, End Of Play.","No Huddle Gallashaw,Caleb rush right for 1 yard gain to the BEL20 (Warren,Decorian; Strain,Mikey)."
"20250904_x4o2",80,2,"punt_with_return","Belhaven",82,1,10,60,"Millsaps",FALSE,"Norris,Kyle punt 50 yards to the MIL32 Dare,Davis return 23 yards to the BEL45, out of bounds at BEL45 PENALTY MIL Personal Foul (Wiley,Blake) 15 yards from BEL45 to MIL40.","No Huddle-Shotgun Bizjack,Grant rush left for 1 yard loss to the MIL39 (Miller,Tyler)."
"20250904_x4o2",92,3,"kickoff","Belhaven",,1,10,75,"Belhaven",FALSE,"Babin,Connor kickoff 65 yards to the BEL00, Touchback.","No Huddle-Shotgun Gallashaw,Caleb rush right for 20 yards gain to the BEL45 (Bridges,Luke), out of bounds, 1ST DOWN."
"20250904_x4o2",100,3,"punt_no_return","Belhaven",37,1,10,87,"Millsaps",FALSE,"Norris,Kyle punt 24 yards to the MIL13 fair catch by Dare,Davis at MIL13.","No Huddle-Shotgun Bizjack,Grant pass complete short right to Taylor,Mitch caught at MIL17, for 5 yards to the MIL18 (Beck,Wyatt)."
"20250904_x4o2",104,3,"punt_with_return","Millsaps",79,1,10,61,"Belhaven",FALSE,"Vasquez,Jace punt 39 yards to the BEL40 Hodgin,Icarius return for loss of 1 yard to the BEL39 (Wiley,Blake).","No Huddle-Shotgun Gallashaw,Caleb rush middle for 2 yards gain to the BEL41 (Williams,Gavin)."
"20250904_x4o2",107,3,"pass_complete","Belhaven",59,,,,"Millsaps",TRUE,"No Huddle-Shotgun Morris,Brock pass complete deep middle to Garrison,RJ caught at MIL13, for 59 yards to the MIL00 TOUCHDOWN, clock 08:10, 1ST DOWN.","No Huddle-Shotgun Bizjack,Grant pass incomplete deep right to Sinclair,Isaiah thrown to MIL50."
"20250904_x4o2",109,3,"kickoff","Millsaps",,1,10,75,"Millsaps",FALSE,"Norris,Kyle kickoff 65 yards to the MIL00, Touchback.","No Huddle-Shotgun Bizjack,Grant pass incomplete deep right to Sinclair,Isaiah thrown to MIL50."
"20250904_x4o2",115,3,"rush","Millsaps",49,1,10,51,"Belhaven",FALSE,"No Huddle-Shotgun Jacobs,Chase rush middle for 0 yards to the BEL49 (Moore,Arnez), TURNOVER ON DOWNS.","No Huddle-Shotgun Morris,Brock pass complete short right to Hatch,TJ caught at MIL46, for 5 yards to the MIL46, End Of Play PENALTY MIL UNS: Unsportsmanlike Conduct (Boutan,Zabian) 15 yards from MIL46 to MIL31, 1ST DOWN."
"20250904_x4o2",122,3,"pass_complete","Belhaven",14,,,,"Millsaps",TRUE,"No Huddle-Shotgun Morris,Brock pass complete short left to Gallashaw,Caleb caught at MIL12, for 14 yards to the MIL00 TOUCHDOWN, clock 01:41, 1ST DOWN.","No Huddle-Shotgun Bizjack,Grant pass complete short left to Colom II,Taj caught at MIL50, for 17 yards to the MIL50, End Of Play, 1ST DOWN."
"20250904_x4o2",124,3,"kickoff","Millsaps",,1,10,67,"Millsaps",FALSE,"Norris,Kyle kickoff 63 yards to the MIL02 Wilkerson,Bryce return 31 yards to the MIL33 (Oliver,Jessie).","No Huddle-Shotgun Bizjack,Grant pass complete short left to Colom II,Taj caught at MIL50, for 17 yards to the MIL50, End Of Play, 1ST DOWN."
"20250904_x4o2",130,3,"pass_incomplete","Millsaps",36,1,10,64,"Belhaven",FALSE,"No Huddle-Shotgun Bizjack,Grant pass incomplete short middle to Elliott,Willie thrown to BEL25 broken up by Craven,John Ross, TURNOVER ON DOWNS.","No Huddle-Shotgun Morris,Brock rush middle for 5 yards loss to the BEL31 (Albright,Ray)."
"20250904_x4o2",132,4,"pass_intercepted","Belhaven",69,1,10,36,"Millsaps",FALSE,"No Huddle-Shotgun Morris,Brock pass intercepted by Carver,W.H. at BEL36 QB hurried by Johnson,Myles, End Of Play.","No Huddle-Shotgun Patterson,Tam rush middle for 3 yards gain to the BEL33 (Moore,Arnez)."
"20250904_x4o2",134,4,"sack","Millsaps",33,1,10,49,"Belhaven",FALSE,"No Huddle-Shotgun Bizjack,Grant sacked for loss of 8 yards to the BEL41 (Benoit,Reece), fumble by Bizjack,Grant recovered by BEL Moore,Arnez at BEL41 Moore,Arnez return 10 yards to the MIL49 (Garmon,Braxton).","No Huddle-Shotgun Gallashaw,Caleb rush left for 15 yards gain to the MIL34 (Smith,Justin), out of bounds, 1ST DOWN."
"20250904_x4o2",140,4,"rush","Belhaven",15,,,,"Millsaps",TRUE,"No Huddle-Shotgun Hatch,TJ rush right for 15 yards gain to the MIL00 TOUCHDOWN, clock 10:56, 1ST DOWN.","No Huddle-Shotgun Bizjack,Grant rush right for 11 yards gain to the MIL37, out of bounds at MIL37, 1ST DOWN."
"20250904_x4o2",143,4,"kickoff","Millsaps",,1,10,74,"Millsaps",FALSE,"Norris,Kyle kickoff 39 yards to the MIL26 Wyers,Sean return 0 yards to the MIL26, End Of Play.","No Huddle-Shotgun Bizjack,Grant rush right for 11 yards gain to the MIL37, out of bounds at MIL37, 1ST DOWN."
"20250904_x4o2",151,4,"punt_no_return","Millsaps",55,1,10,62,"Belhaven",FALSE,"Vasquez,Jace punt 17 yards to the BEL38, out of bounds at BEL38.","No Huddle-Shotgun Morris,Brock pass complete short left to Carruth,Cannon caught at BEL41, for 4 yards to the BEL42 (DeGeorge,Jackson; Smith,Justin)."
"20250904_x4o2",156,4,"punt_with_return","Belhaven",65,1,10,72,"Millsaps",FALSE,"Norris,Kyle punt 49 yards to the MIL16 Dare,Davis return 12 yards to the MIL28 (Craven,John Ross).","No Huddle-Shotgun Bizjack,Grant pass complete short right to Dare,Davis caught at MIL25, for 2 yards to the MIL30 (Thomas,Avery)."
"20250904_x4o2",159,4,"pass_complete","Millsaps",66,,,,"Belhaven",TRUE,"No Huddle-Shotgun Bizjack,Grant pass complete short right to Wiley,Blake caught at MIL45, for 66 yards to the BEL00 TOUCHDOWN, clock 04:24, 1ST DOWN.","No Huddle-Shotgun Stevens,Martavious rush right for 1 yard loss to the BEL29 (Melancon,Pierce)."
"20250904_x4o2",161,4,"kickoff","Belhaven",,1,10,70,"Belhaven",FALSE,"Babin,Connor kickoff 62 yards to the BEL03 fair catch by Gray,Dee at BEL03 PENALTY MIL Offside (Ross,Keiron) 5 yards from BEL25 to BEL30.","No Huddle-Shotgun Stevens,Martavious rush right for 1 yard loss to the BEL29 (Melancon,Pierce)."
"20250904_x4o2",165,4,"rush","Belhaven",4,,,,"Millsaps",TRUE,"No Huddle-Shotgun Stevens,Martavious rush middle for 4 yards gain to the MIL00 TOUCHDOWN, clock 02:01 PENALTY MIL Face Mask declined.","No Huddle-Shotgun Bizjack,Grant sacked for loss of 5 yards to the MIL25 (Evans,Johnny)."
"20250904_x4o2",167,4,"kickoff","Millsaps",,1,10,70,"Millsaps",FALSE,"Norris,Kyle kickoff 35 yards to the MIL30 fair catch by Lee,Dertavious at MIL30.","No Huddle-Shotgun Bizjack,Grant sacked for loss of 5 yards to the MIL25 (Evans,Johnny)."
"20250904_x4o2",176,4,"punt_no_return","Millsaps",68,1,10,86,"Belhaven",FALSE,"Vasquez,Jace punt 44 yards to the BEL24 PENALTY BEL Illegal Block in Back (Schlatre,Joseph) 10 yards from BEL24 to BEL14.","Kneel down by Morris,Brock at BEL13 for loss of 1 yard."
"20250904_x9dy",1,1,"kickoff","Pacific",,1,10,52,"Pacific",FALSE,"Cobos,Elijah kickoff 51 yards to the PAC14 Bantolina,Brody return 34 yards to the PAC48 (Brown,Michael).","No Huddle-Shotgun Smith,Keaton pass incomplete deep right to Camarillo,Riley thrown to HPU25 PENALTY HPU Pass Interference (Campbell,Ryan) 15 yards from PAC48 to HPU37, 1ST DOWN. NO PLAY."
"20250904_x9dy",7,1,"punt_no_return","Pacific",45,1,10,82,"Howard Payne",FALSE,"Ahmed,Isaac punt 27 yards to the HPU18, out of bounds at HPU18.","No Huddle-Shotgun Ngene,Blessing rush middle for 7 yards gain to the HPU25 (Huppin,Kaden; Vasquez,Byson)."
"20250904_x9dy",24,1,"rush","Howard Payne",3,,,,"Pacific",TRUE,"No Huddle-Shotgun Ngene,Blessing rush middle for 3 yards gain to the PAC00 TOUCHDOWN, clock 03:45.","No Huddle-Shotgun Bantolina,Brody rush right for 2 yards gain to the PAC40 (Rochinski,Cade; Dillard,Elijah)."
"20250904_x9dy",26,1,"kickoff","Pacific",,1,10,62,"Pacific",FALSE,"Cobos,Elijah kickoff 56 yards to the PAC09 Tanioka,Avin return 29 yards to the PAC38 (Dillard,Elijah; Erilus,Jha'Mauri).","No Huddle-Shotgun Bantolina,Brody rush right for 2 yards gain to the PAC40 (Rochinski,Cade; Dillard,Elijah)."
"20250904_x9dy",30,1,"punt_no_return","Pacific",54,1,10,78,"Howard Payne",FALSE,"Ahmed,Isaac punt 32 yards to the HPU22, out of bounds at HPU22.","No Huddle-Shotgun Toney-Black,Jamel rush right for 5 yards gain to the HPU27 (Mizukami,Kainoa)."
"20250904_x9dy",36,2,"punt_with_return","Howard Payne",68,1,10,64,"Pacific",FALSE,"Cobos,Elijah punt 39 yards to the PAC29 Chaffin,Josiah return 7 yards to the PAC36 (Carr,Kadarius; Parker,Jerwayne).","No Huddle-Shotgun Bantolina,Brody rush middle for 1 yard gain to the PAC37 (Rochinski,Cade; Campbell,Ryan)."
"20250904_x9dy",45,2,"field_goal_good","Pacific",8,,,,"Howard Payne",TRUE,"Ahmed,Isaac field goal attempt from 35 yards GOOD (H: Smith,Keaton, LS: Racz,Brandon), clock 09:57.","No Huddle-Shotgun Mata,Andon pass complete short right to Ngene,Blessing caught at HPU22, for 35 yards to the PAC43 (Mizukami,Kainoa), 1ST DOWN."
"20250904_x9dy",46,2,"kickoff","Howard Payne",,1,10,78,"Howard Payne",FALSE,"Ahmed,Isaac kickoff 60 yards to the HPU05 Toney-Black,Jamel return 17 yards to the HPU22 (Vasquez,Byson; Camarillo,Riley).","No Huddle-Shotgun Mata,Andon pass complete short right to Ngene,Blessing caught at HPU22, for 35 yards to the PAC43 (Mizukami,Kainoa), 1ST DOWN."
"20250904_x9dy",49,2,"rush","Howard Payne",45,,,,"Pacific",TRUE,"No Huddle-Shotgun Mata,Andon rush right for 45 yards gain to the PAC00 TOUCHDOWN, clock 08:18, 1ST DOWN.","No Huddle-Shotgun Kamaka-Brayce,Isaac pass complete deep left to Camarillo,Riley caught at PAC45, for 21 yards to the PAC45, out of bounds at PAC45, 1ST DOWN."
"20250904_x9dy",51,2,"kickoff","Pacific",,1,10,76,"Pacific",FALSE,"Cobos,Elijah kickoff 65 yards to the PAC00 Chaffin,Josiah return 24 yards to the PAC24 (Mendoza,Jesus; Parker,Hezekiah).","No Huddle-Shotgun Kamaka-Brayce,Isaac pass complete deep left to Camarillo,Riley caught at PAC45, for 21 yards to the PAC45, out of bounds at PAC45, 1ST DOWN."
"20250904_x9dy",63,2,"pass_incomplete","Pacific",36,1,10,64,"Howard Payne",FALSE,"No Huddle-Shotgun Kamaka-Brayce,Isaac pass incomplete deep middle to Camarillo,Riley thrown to HPU00 broken up by Carr,Kadarius, TURNOVER ON DOWNS.","No Huddle-Shotgun Casas-Willis,Glendon pass complete short middle to Kay,Landon caught at HPU36, for 1 yard loss to the HPU35 (Tanioka,Avin)."
"20250904_x9dy",68,2,"punt_with_return","Howard Payne",68,,,,,FALSE,"Cobos,Elijah punt 38 yards to the PAC30 Chaffin,Josiah return 13 yards to the PAC43 (Hernandez,Mateo).",
"20250904_x9dy",69,3,"kickoff","Howard Payne",,1,10,83,"Howard Payne",FALSE,"Ahmed,Isaac kickoff 64 yards to the HPU01 Toney-Black,Jamel return 16 yards to the HPU17 (Aki,Kilinahe).","No Huddle-Shotgun Ngene,Blessing rush middle for 1 yard gain to the HPU18 (Faleulu,Nehemiah)."
"20250904_x9dy",73,3,"punt_no_return","Howard Payne",80,1,10,60,"Pacific",FALSE,"Cobos,Elijah punt 40 yards to the PAC40 fair catch by Chaffin,Josiah at PAC40.","No Huddle-Shotgun Kamaka-Brayce,Isaac pass complete short right to Racz,Brandon caught at PAC40, for 1 yard to the PAC41 (Kay,Justin; Carr,Kadarius)."
"20250904_x9dy",82,3,"rush","Pacific",2,,,,"Howard Payne",TRUE,"No Huddle-Shotgun Bantolina,Brody rush middle for 2 yards gain to the HPU00 TOUCHDOWN, clock 10:22.","No Huddle-Shotgun Casas-Willis,Glendon pass complete short left to Ngene,Blessing caught at HPU11, for 3 yards to the HPU15 (Mizukami,Kainoa)."
"20250904_x9dy",84,3,"kickoff","Howard Payne",,1,10,88,"Howard Payne",FALSE,"Ahmed,Isaac kickoff 63 yards to the HPU02 Myers,Ellis return 21 yards to the HPU23 (Vasquez,Byson) PENALTY HPU Personal Foul 11 yard from HPU23 to HPU12.","No Huddle-Shotgun Casas-Willis,Glendon pass complete short left to Ngene,Blessing caught at HPU11, for 3 yards to the HPU15 (Mizukami,Kainoa)."
"20250904_x9dy",88,3,"punt_no_return","Howard Payne",88,1,10,57,"Pacific",FALSE,"Cobos,Elijah punt 45 yards to the PAC43, out of bounds at PAC43.","No Huddle-Shotgun Bantolina,Brody rush middle for 5 yards gain to the PAC48 (Mendoza,Jesus; Mapps,Roderick)."
"20250904_x9dy",93,3,"punt_no_return","Pacific",60,1,10,73,"Howard Payne",FALSE,"Ahmed,Isaac punt 33 yards to the HPU27 fair catch by Carter,Tyrique at HPU27.","No Huddle-Shotgun Ngene,Blessing rush middle for 4 yards gain to the HPU31 (Faleulu,Nehemiah; Passi,Rayne)."
"20250904_x9dy",112,4,"rush","Howard Payne",1,,,,"Pacific",TRUE,"No Huddle Ngene,Blessing rush middle for 1 yard gain to the PAC00 TOUCHDOWN, clock 11:53.","No Huddle-Shotgun Kamaka-Brayce,Isaac pass complete short right to Kansou,Bradley caught at PAC30, for 6 yards to the PAC31 (Bookman,KD; Rochinski,Cade)."
"20250904_x9dy",114,4,"kickoff","Pacific",,1,10,75,"Pacific",FALSE,"Cobos,Elijah kickoff 57 yards to the PAC08 Chaffin,Josiah return 17 yards to the PAC25 (Brown,Michael).","No Huddle-Shotgun Kamaka-Brayce,Isaac pass complete short right to Kansou,Bradley caught at PAC30, for 6 yards to the PAC31 (Bookman,KD; Rochinski,Cade)."
"20250904_x9dy",119,4,"punt_with_return","Pacific",82,1,10,22,"Pacific",FALSE,"Ahmed,Isaac punt 48 yards to the HPU34 Carter,Tyrique return for loss of 12 yards to the HPU34 fumbled by Carter,Tyrique at HPU34 recovered by PAC Racz,Brandon at HPU22, End Of Play.","No Huddle-Shotgun Bantolina,Brody rush right for 6 yards loss to the HPU28 (Brown,Michael)."
"20250904_x9dy",123,4,"field_goal_good","Pacific",13,,,,"Howard Payne",TRUE,"Ahmed,Isaac field goal attempt from 30 yards GOOD (H: Smith,Keaton, LS: Racz,Brandon), clock 07:21.","No Huddle Mata,Andon pass complete short left to Hernandez,Mateo caught at HPU23, for 7 yards to the HPU32 (Vasquez,Byson; Faleulu,Nehemiah)."
"20250904_x9dy",124,4,"kickoff","Howard Payne",,1,10,75,"Howard Payne",FALSE,"Ahmed,Isaac kickoff 65 yards to the HPU00, Touchback.","No Huddle Mata,Andon pass complete short left to Hernandez,Mateo caught at HPU23, for 7 yards to the HPU32 (Vasquez,Byson; Faleulu,Nehemiah)."
"20250904_x9dy",132,4,"punt_no_return","Howard Payne",54,1,10,55,"Pacific",FALSE,"Cobos,Elijah punt 9 yards to the PAC45, out of bounds at PAC45.","No Huddle-Shotgun Kamaka-Brayce,Isaac pass complete short right to Bantolina,Brody caught at PAC45, for 2 yards to the PAC47 (Parker,Jerwayne)."
"20250904_x9dy",140,4,"pass_incomplete","Pacific",16,1,10,84,"Howard Payne",FALSE,"No Huddle-Shotgun Kamaka-Brayce,Isaac pass incomplete short right to Camarillo,Riley thrown to HPU08 broken up by Parker,Jerwayne, TURNOVER ON DOWNS.","Kneel down by Casas-Willis,Glendon at HPU15 for loss of 1 yard."
"20250904_xvn8",1,1,"kickoff","Coe",,1,10,72,"Coe",FALSE,"Frahm,Mitchell kickoff 60 yards to the COE05 Johnson,CJ return 23 yards to the COE28 (Jordan,Zavion).","No Huddle-Shotgun Kelly,Brady pass complete short left to Senters,Jeron caught at COE33, for 7 yards to the COE35 (Jordan,Zavion)."
"20250904_xvn8",6,1,"pass_complete","Coe",49,,,,"Cornell",TRUE,"No Huddle-Shotgun Kelly,Brady pass complete deep middle to Kollasch,Devon caught at COR15, for 49 yards to the COR00 TOUCHDOWN, clock 12:42, 1ST DOWN.","No Huddle-Shotgun Monken,Thomas pass complete short right to Reed,Cole caught at COR40, for 10 yards to the COR40 (Cummins,Stone), 1ST DOWN."
"20250904_xvn8",8,1,"kickoff","Cornell",,1,10,70,"Cornell",FALSE,"Collett,Jake kickoff 60 yards to the COR05 Pinner,Rommel return 25 yards to the COR30 (Elizondo,Randy; Baethke,Jackson).","No Huddle-Shotgun Monken,Thomas pass complete short right to Reed,Cole caught at COR40, for 10 yards to the COR40 (Cummins,Stone), 1ST DOWN."
"20250904_xvn8",13,1,"punt_no_return","Cornell",63,1,10,67,"Coe",FALSE,"Frahm,Mitchell punt 30 yards to the COE33 muffed by Senters,Jeron at COE33 recovered by COE Kollasch,Devon at COE33, End Of Play.","No Huddle-Shotgun Kelly,Brady pass complete short right to Taylor,Latrell caught at COE35, for 7 yards to the COE40 (Wilson III,Perry; Martin,Joshua)."
"20250904_xvn8",24,1,"rush","Coe",2,,,,"Cornell",TRUE,"No Huddle-Shotgun Cunningham,Tre'Sean rush middle for 2 yards gain to the COR00 TOUCHDOWN, clock 05:37.","No Huddle-Shotgun Browning,BooBoo rush middle for 5 yards gain to the COR40 (Shaw,Will)."
"20250904_xvn8",26,1,"kickoff","Cornell",,1,10,65,"Cornell",FALSE,"Collett,Jake kickoff 57 yards to the COR08, out of bounds at COR08.","No Huddle-Shotgun Browning,BooBoo rush middle for 5 yards gain to the COR40 (Shaw,Will)."
"20250904_xvn8",30,1,"punt_with_return","Cornell",65,1,10,71,"Coe",FALSE,"Frahm,Mitchell punt 25 yards to the COE40 Senters,Jeron return 6 yards to the COE46 (Thomas,Kelby), out of bounds PENALTY COE Clipping (Charters,Leighton) 15 yards from COE44 to COE29.","No Huddle-Shotgun Lee,Isaiah rush left for 7 yards gain to the COE36 (Dean,Isaiah)."
"20250904_xvn8",36,1,"pass_complete","Coe",31,,,,"Cornell",TRUE,"No Huddle-Shotgun Kelly,Brady pass complete deep middle to Kollasch,Devon caught at COR03, for 31 yards to the COR00 TOUCHDOWN, clock 01:42, 1ST DOWN.","No Huddle-Shotgun Monken,Thomas pass intercepted by Johnson,Carter at COR36, End Of Play."
"20250904_xvn8",38,1,"kickoff","Cornell",,1,10,75,"Cornell",FALSE,"Garcia Ayala,Julian kickoff 57 yards to the COR08 Pinner,Rommel return 17 yards to the COR25 (Charters,Leighton; Johnson,CJ), out of bounds.","No Huddle-Shotgun Monken,Thomas pass intercepted by Johnson,Carter at COR36, End Of Play."
"20250904_xvn8",39,1,"pass_intercepted","Cornell",75,1,10,36,"Coe",FALSE,"No Huddle-Shotgun Monken,Thomas pass intercepted by Johnson,Carter at COR36, End Of Play.","No Huddle-Shotgun Drummer,Quincy rush right for 12 yards gain to the COR24 (Jordan,Zavion), 1ST DOWN."
"20250904_xvn8",46,2,"rush","Coe",1,,,,"Cornell",TRUE,"No Huddle-Shotgun Drummer,Quincy rush middle for 1 yard gain to the COR00 TOUCHDOWN, clock 13:47.","No Huddle-Shotgun Anderson,Trey rush middle for 0 yards to the COR11 (Cummins,Stone; Tedrow,Brant)."
"20250904_xvn8",48,2,"kickoff","Cornell",,1,10,89,"Cornell",FALSE,"Garcia Ayala,Julian kickoff 58 yards to the COR07 Pinner,Rommel return 4 yards to the COR11 (Ryan,Henry).","No Huddle-Shotgun Anderson,Trey rush middle for 0 yards to the COR11 (Cummins,Stone; Tedrow,Brant)."
"20250904_xvn8",52,2,"punt_no_return","Cornell",84,1,10,49,"Coe",FALSE,"Frahm,Mitchell punt 33 yards to the COR49 fair catch by Senters,Jeron at COR49.","No Huddle-Shotgun Kelly,Brady pass complete short right to Taylor,Latrell caught at COR46, for 10 yards to the COR39 (Filice,Lorenzo), 1ST DOWN."
"20250904_xvn8",58,2,"pass_complete","Coe",9,,,,"Cornell",TRUE,"No Huddle-Shotgun Kelly,Brady pass complete short middle to Hutton,James caught at COR00, for 9 yards to the COR00 TOUCHDOWN, clock 08:27.","No Huddle-Shotgun Monken,Thomas rush right for 1 yard gain to the COR33, out of bounds at COR33."
"20250904_xvn8",60,2,"kickoff","Cornell",,1,10,68,"Cornell",FALSE,"Collett,Jake kickoff 59 yards to the COR06 Pinner,Rommel return 26 yards to the COR32 (McNutt,Reed).","No Huddle-Shotgun Monken,Thomas rush right for 1 yard gain to the COR33, out of bounds at COR33."
"20250904_xvn8",64,2,"punt_no_return","Cornell",63,1,10,78,"Coe",FALSE,"Frahm,Mitchell punt 41 yards to the COE22.","No Huddle-Shotgun Cunningham,Tre'Sean rush middle for 9 yards gain to the COE31 (Fergot,Benny)."
"20250904_xvn8",73,2,"sack","Coe",35,1,10,53,"Cornell",FALSE,"No Huddle-Shotgun Kelly,Brady sacked for loss of 12 yards to the COR47 (Thompson,Jamal), TURNOVER ON DOWNS.","No Huddle-Shotgun Monken,Thomas pass complete short right to Bender,Justin caught at COR41, for 1 yard loss to the COR46 (Johnson,CJ)."
"20250904_xvn8",80,2,"pass_intercepted","Cornell",37,,,,"Cornell",TRUE,"No Huddle Monken,Thomas pass intercepted by Tedrow,Brant at COE45 Tedrow,Brant return 55 yards to the COR00 TOUCHDOWN, clock 00:47.","No Huddle Anderson,Trey rush right for 2 yards gain to the COR39 (Johnson,Carter)."
"20250904_xvn8",82,2,"kickoff","Cornell",,1,10,63,"Cornell",FALSE,"Garcia Ayala,Julian kickoff 49 yards to the COR16 Pinner,Rommel return 21 yards to the COR37 (Elizondo,Randy).","No Huddle Anderson,Trey rush right for 2 yards gain to the COR39 (Johnson,Carter)."
"20250904_xvn8",85,3,"kickoff","Cornell",,1,10,80,"Cornell",FALSE,"Garcia Ayala,Julian kickoff 62 yards to the COR03 Pinner,Rommel return 17 yards to the COR20 (Dengler,Ryker).","No Huddle Browning,BooBoo rush left for 0 yards to the COR20 (Hisler,Keegan)."
"20250904_xvn8",95,3,"punt_no_return","Cornell",57,1,10,91,"Coe",FALSE,"Frahm,Mitchell punt 48 yards to the COE09.","No Huddle-Shotgun Smith,Luke pass complete short left to Bushman,Evan caught at COE06, for 8 yards to the COE17 (Jordan,Zavion)."
"20250904_xvn8",101,3,"punt_no_return","Coe",78,1,10,41,"Cornell",FALSE,"Collett,Jake punt 19 yards to the COE41, out of bounds at COE41.","No Huddle-Shotgun Anderson,Trey rush middle for 5 yards gain to the COE36 (Elizondo,Randy; Herff,John)."
"20250904_xvn8",107,3,"rush","Cornell",7,,,,"Coe",TRUE,"No Huddle-Shotgun Browning,BooBoo rush middle for 7 yards gain to the COE00 TOUCHDOWN, clock 04:43, 1ST DOWN.","No Huddle-Shotgun Smith,Luke pass complete short middle to Coley,Michael caught at COE38, for 9 yards to the COE38 (Johnson,Logan)."
"20250904_xvn8",109,3,"kickoff","Coe",,1,10,71,"Coe",FALSE,"Frahm,Mitchell kickoff 49 yards to the COE16 Mitchell,MJ return 13 yards to the COE29 (Perez,Savian).","No Huddle-Shotgun Smith,Luke pass complete short middle to Coley,Michael caught at COE38, for 9 yards to the COE38 (Johnson,Logan)."
"20250904_xvn8",115,3,"rush","Coe",19,,,,"Cornell",TRUE,"No Huddle-Shotgun White,Andrew rush middle for 19 yards gain to the COR00 TOUCHDOWN, clock 01:54, 1ST DOWN.","No Huddle-Shotgun Monken,Thomas pass incomplete short right to Skeffington,Kaleb thrown to COR20."
"20250904_xvn8",117,3,"kickoff","Cornell",,1,10,83,"Cornell",FALSE,"Collett,Jake kickoff 60 yards to the COR05 Pinner,Rommel return 21 yards to the COR26 (Dusenberry,Jordan) PENALTY COR Holding 9 yards from COR26 to COR17.","No Huddle-Shotgun Monken,Thomas pass incomplete short right to Skeffington,Kaleb thrown to COR20."
"20250904_xvn8",122,3,"punt_no_return","Cornell",89,1,10,38,"Coe",FALSE,"Frahm,Mitchell punt 27 yards to the COR38 fair catch by Senters,Jeron at COR38.","No Huddle-Shotgun White,Andrew rush middle for 5 yards gain to the COR33 (Braden,Coy)."
"20250904_xvn8",128,4,"pass_complete","Coe",20,,,,"Cornell",TRUE,"No Huddle-Shotgun Smith,Luke pass complete deep right to Baethke,Jackson caught at COR00, for 20 yards to the COR00 TOUCHDOWN, clock 13:46, 1ST DOWN.","No Huddle-Shotgun Smith,Cameron rush left for 4 yards gain to the COR32 (Williams,Jordan)."
"20250904_xvn8",130,4,"kickoff","Cornell",,1,10,72,"Cornell",FALSE,"Lindsay,Katie kickoff 47 yards to the COR18 Pinner,Rommel return 10 yards to the COR28 (Wiles,Conner).","No Huddle-Shotgun Smith,Cameron rush left for 4 yards gain to the COR32 (Williams,Jordan)."
"20250904_xvn8",136,4,"pass_incomplete","Cornell",42,1,10,58,"Coe",FALSE,"No Huddle-Shotgun Monken,Thomas pass incomplete deep left to Randolph,Tim thrown to COE20, TURNOVER ON DOWNS.","No Huddle-Shotgun White,Andrew rush middle for 11 yards gain to the COR47 (Mere,Adrien), 1ST DOWN."
"20250904_xvn8",145,4,"rush","Coe",3,,,,"Cornell",TRUE,"No Huddle-Shotgun White,Andrew rush middle for 3 yards gain to the COR00 TOUCHDOWN, clock 08:26.","No Huddle-Shotgun Arthur,Brennon pass complete short right to Heimos,Silas caught at COR30, for 14 yards to the COR31 (Dengler,Ryker), out of bounds, 1ST DOWN."
"20250904_xvn8",149,4,"kickoff","Cornell",,1,10,83,"Cornell",FALSE,"Lindsay,Katie kickoff 65 yards to the COR25 Randolph,Tim return 2 yards to the COR27 (Williams,Jordan) PENALTY COR Holding 10 yards from COR27 to COR17.","No Huddle-Shotgun Arthur,Brennon pass complete short right to Heimos,Silas caught at COR30, for 14 yards to the COR31 (Dengler,Ryker), out of bounds, 1ST DOWN."
"20250904_xvn8",157,4,"punt_no_return","Cornell",58,1,10,72,"Coe",FALSE,"Frahm,Mitchell punt 30 yards to the COE28.","No Huddle-Shotgun Dykstra,Brayden rush right for 4 yards gain to the COE32, End Of Play."
"20250904_zbay",1,1,"kickoff","Marietta",,1,10,77,"Marietta",FALSE,"Caranna,Andrew kickoff 54 yards to the MAR11 Hodges,Vante' return 12 yards to the MAR23 (Sullivan,Jaden; Wilden,Dayne).","PENALTY MAR Delay Of Game (Johnson,Antwon) 5 yards from MAR23 to MAR18. NO PLAY."
"20250904_zbay",6,1,"punt_blocked","Marietta",73,1,10,47,"Westminster (Pa.)",FALSE,"Bailey,Aidan punt 20 yards to the MAR47 blocked by Cannon Jr.,Clayton, out of bounds at MAR47.","No Huddle-Shotgun Cannon Jr.,Clayton rush middle for 1 yard loss to the MAR48 (McManaway,Brady)."
"20250904_zbay",10,1,"punt_with_return","Westminster (Pa.)",47,1,10,94,"Marietta",FALSE,"Sonson Jr.,Craig punt 41 yards to the MAR06 Hodges,Vante' return 0 yards to the MAR06 (Covell,Jaxon).","No Huddle-Shotgun Hodges,Vante' rush left for 19 yards gain to the MAR25 (Mila,Devin), out of bounds, 1ST DOWN."
"20250904_zbay",24,1,"pass_incomplete","Marietta",29,1,10,71,"Westminster (Pa.)",FALSE,"No Huddle-Shotgun Johnson,Antwon pass incomplete short right to Goodnow,Louis thrown to WES22, TURNOVER ON DOWNS.","No Huddle-Shotgun McGowan,Ty pass incomplete short right thrown to WES34."
"20250904_zbay",28,1,"punt_no_return","Westminster (Pa.)",64,1,10,75,"Marietta",FALSE,"Sonson Jr.,Craig punt 39 yards to the MAR25 fair catch by Goodnow,Louis at MAR25.","Shotgun Hodges,Vante' rush right for 15 yards gain to the MAR40 (Mila,Devin; Cooper,Ricky), 1ST DOWN."
"20250904_zbay",42,2,"rush","Marietta",1,,,,"Westminster (Pa.)",TRUE,"Hodges,Vante' rush middle for 1 yard gain to the WES00 TOUCHDOWN, clock 11:43.","Shotgun McGowan,Ty pass complete short right to Cannon,Brite caught at WES20, for 4 yards to the WES21 (McManaway,Brady)."
"20250904_zbay",44,2,"kickoff","Westminster (Pa.)",,1,10,83,"Westminster (Pa.)",FALSE,"Sheets,Quentin kickoff 63 yards to the WES02 Cannon,Brite return 0 yards to the WES02 (Barclay,Blade) PENALTY MAR Personal Foul 15 yards from WES02 to WES17.","Shotgun McGowan,Ty pass complete short right to Cannon,Brite caught at WES20, for 4 yards to the WES21 (McManaway,Brady)."
"20250904_zbay",53,2,"punt_no_return","Westminster (Pa.)",49,1,10,92,"Marietta",FALSE,"Sonson Jr.,Craig punt 41 yards to the MAR08 fair catch by Goodnow,Louis at MAR08.","Shotgun Hodges,Vante' rush middle for 6 yards gain to the MAR14 (Sleva,Dylan)."
"20250904_zbay",61,2,"punt_no_return","Marietta",66,1,10,99,"Westminster (Pa.)",FALSE,"Bailey,Aidan punt 65 yards to the WES01.","Cannon Jr.,Clayton rush middle for 0 yards to the WES01 (Hopkins,Harley)."
"20250904_zbay",70,2,"rush","Westminster (Pa.)",43,1,10,56,"Marietta",FALSE,"Shotgun Phillips,Walt rush middle for 1 yard loss to the MAR44 (McCartney,Isaiah; McManaway,Brady), TURNOVER ON DOWNS.","Shotgun Johnson,Antwon pass complete short left to Blind,Gavin caught at MAR48, for 4 yards to the MAR48 (Phillips,Walt)."
"20250904_zbay",75,2,"punt_no_return","Marietta",55,1,10,81,"Westminster (Pa.)",FALSE,"Bailey,Aidan punt 36 yards to the WES19.","Shotgun Cannon Jr.,Clayton rush middle for 2 yards gain to the WES21 (Vawter,Mason; McManaway,Brady)."
"20250904_zbay",79,3,"kickoff","Westminster (Pa.)",,1,10,33,"Westminster (Pa.)",FALSE,"Sheets,Quentin kickoff 58 yards to the WES07 Cannon,Brite return 60 yards to the MAR33 (Sheets,Quentin), out of bounds.","Shotgun McGowan,Ty rush middle for 7 yards gain to the MAR26 (Hopkins,Harley) PENALTY MAR Personal Foul (Hopkins,Harley) 13 yards from MAR26 to MAR13, 1ST DOWN."
"20250904_zbay",82,3,"pass_complete","Westminster (Pa.)",12,,,,"Marietta",TRUE,"Shotgun McGowan,Ty pass complete short right to Beachy,Taite caught at MAR00, for 12 yards to the MAR00 TOUCHDOWN, clock 13:37, 1ST DOWN.","Shotgun Johnson,Antwon pass incomplete short left to Goodnow,Louis thrown to MAR32 broken up by Charles,Beondre."
"20250904_zbay",84,3,"kickoff","Marietta",,1,10,73,"Marietta",FALSE,"Caranna,Andrew kickoff 61 yards to the MAR04 Hodges,Vante' return 23 yards to the MAR27 (Fletcher,Aiden; Bible,Jack).","Shotgun Johnson,Antwon pass incomplete short left to Goodnow,Louis thrown to MAR32 broken up by Charles,Beondre."
"20250904_zbay",96,3,"rush","Marietta",3,,,,"Westminster (Pa.)",TRUE,"No Huddle-Shotgun Johnson,Antwon rush middle for 3 yards gain to the WES00 TOUCHDOWN, clock 08:53, 1ST DOWN.","Shotgun McGowan,Ty rush middle for 4 yards gain to the WES27 (Grandizio,Leo)."
"20250904_zbay",98,3,"kickoff","Westminster (Pa.)",,1,10,77,"Westminster (Pa.)",FALSE,"Sheets,Quentin kickoff 42 yards to the WES23 White,De'Mere return 0 yards to the WES23 (Grandizio,Leo).","Shotgun McGowan,Ty rush middle for 4 yards gain to the WES27 (Grandizio,Leo)."
"20250904_zbay",102,3,"punt_no_return","Westminster (Pa.)",70,1,10,68,"Marietta",FALSE,"Sonson Jr.,Craig punt 38 yards to the MAR32 fair catch by Goodnow,Louis at MAR32.","Shotgun Johnson,Antwon pass complete short right to Hodges,Vante' caught at MAR28, for 4 yards to the MAR36 (Fletcher,Aiden)."
"20250904_zbay",109,3,"rush","Marietta",47,1,10,53,"Westminster (Pa.)",FALSE,"No Huddle-Shotgun Lewis,Benny rush middle for 0 yards to the WES47 (Fletcher,Aiden), TURNOVER ON DOWNS.","Shotgun Cannon,Brite rush right for 4 yards gain to the MAR49 (Neal,Drew)."
"20250904_zbay",113,3,"punt_no_return","Westminster (Pa.)",47,1,10,87,"Marietta",FALSE,"O'Shea,Sean punt 34 yards to the MAR13.","Shotgun Johnson,Antwon pass complete short right to Hodges,Vante' caught at MAR13, for 14 yards to the MAR27 (Anderson,Leland), out of bounds, 1ST DOWN."
"20250904_zbay",121,4,"punt_no_return","Marietta",53,1,10,90,"Westminster (Pa.)",FALSE,"Bailey,Aidan punt 43 yards to the WES10.","Shotgun McGowan,Ty pass incomplete deep middle to Cannon,Brite thrown to WES45 PENALTY WES Holding declined."
"20250904_zbay",125,4,"punt_no_return","Westminster (Pa.)",85,1,10,48,"Marietta",FALSE,"Sonson Jr.,Craig punt 33 yards to the WES48, out of bounds at WES48.","No Huddle-Shotgun Hodges,Vante' rush right for 5 yards gain to the WES43 (Kasanzale II,Lawrence; Sleva,Dylan)."
"20250904_zbay",135,4,"field_goal_missed","Marietta",25,1,10,75,"Westminster (Pa.)",FALSE,"Demuth,Nathaniel field goal attempt from 42 yards NO GOOD (H: Sheets,Quentin, LS: Vawter,Mason), clock 05:06.","PENALTY WES False Start (Torres,Eduardo) 5 yards from WES25 to WES20. NO PLAY."
"20250904_zbay",140,4,"punt_no_return","Westminster (Pa.)",74,1,10,73,"Marietta",FALSE,"Sonson Jr.,Craig punt 47 yards to the MAR27.","Shotgun Hodges,Vante' rush middle for 0 yards to the MAR27 (Fletcher,Aiden; Paljich,Mason)."
"20250904_zbay",147,4,"punt_no_return","Marietta",65,1,10,71,"Westminster (Pa.)",FALSE,"Bailey,Aidan punt 36 yards to the WES29 fair catch by Cannon,Brite at WES29.","Shotgun McGowan,Ty rush middle for 26 yards gain to the MAR45 fumbled by McGowan,Ty at MAR45 forced by Stroup,Zander recovered by MAR Grandizio,Leo at MAR45, End Of Play."
"20250904_zbay",148,4,"rush","Westminster (Pa.)",71,1,10,55,"Marietta",FALSE,"Shotgun McGowan,Ty rush middle for 26 yards gain to the MAR45 fumbled by McGowan,Ty at MAR45 forced by Stroup,Zander recovered by MAR Grandizio,Leo at MAR45, End Of Play.","Kneel down by Marietta at MAR43 for loss of 2 yards."
"20250904_zik0",1,1,"kickoff","Trinity (Texas)",,1,10,75,"Trinity (Texas)",FALSE,"(15:00) Augustine,A'Jean kickoff 55 yards to the TU10, out of bounds at TU10.","(15:00) No Huddle-Shotgun Milo,Johnny rush middle for 1 yard gain to the TU26 (Navarro,Justin; Walker,Sebastian)."
"20250904_zik0",2,1,"kickoff","Trinity (Texas)",,1,10,75,"Trinity (Texas)",FALSE,"(15:00) Augustine,A'Jean kickoff 70 yards to the TU00, Touchback.","(15:00) No Huddle-Shotgun Milo,Johnny rush middle for 1 yard gain to the TU26 (Navarro,Justin; Walker,Sebastian)."
"20250904_zik0",8,1,"rush","Trinity (Texas)",23,,,,"Texas Lutheran",TRUE,"(12:32) No Huddle-Shotgun Huerta,Xadrian rush middle for 23 yards gain to the TLU00 TOUCHDOWN, clock 12:15, 1ST DOWN.","(12:09) No Huddle-Shotgun Guzman,Weston rush middle for 4 yards gain to the TLU25 (Ventura,Ryan; Scannell,TJ)."
"20250904_zik0",10,1,"kickoff","Texas Lutheran",,1,10,79,"Texas Lutheran",FALSE,"(12:15) Rhoades,Hayden kickoff 64 yards to the TLU01 Camarillo,Caleb return 20 yards to the TLU21 (Davila,Diego; Powell,Jaden).","(12:09) No Huddle-Shotgun Guzman,Weston rush middle for 4 yards gain to the TLU25 (Ventura,Ryan; Scannell,TJ)."
"20250904_zik0",27,1,"field_goal_missed","Texas Lutheran",16,1,10,80,"Trinity (Texas)",FALSE,"(05:26) Augustine,A'Jean field goal attempt from 33 yards NO GOOD (H: Casson,Micah, LS: Herrera,Brendan), clock 05:21.","(05:21) No Huddle-Shotgun Franklin,Hondo pass complete short middle to Nickleberry,Lamont caught at TU23, for 5 yards to the TU25 (Tomaselli,Troy)."
"20250904_zik0",37,2,"pass_incomplete","Trinity (Texas)",40,1,10,60,"Texas Lutheran",FALSE,"(15:00) No Huddle-Shotgun Franklin,Hondo pass incomplete short middle to Schmid,Colten thrown to TLU36, TURNOVER ON DOWNS.","(14:55) No Huddle-Shotgun Bosanko,Caden pass incomplete short middle to Henry,Lavonta thrown to TLU50."
"20250904_zik0",48,2,"rush","Texas Lutheran",6,,,,"Trinity (Texas)",TRUE,"(11:50) No Huddle-Shotgun Guzman,Weston rush middle for 6 yards gain to the TU00 TOUCHDOWN, clock 11:37.","(11:27) No Huddle-Shotgun Huerta,Xadrian rush right for 37 yards gain to the TLU00 TOUCHDOWN, clock 11:19, 1ST DOWN."
"20250904_zik0",51,2,"kickoff","Trinity (Texas)",,1,10,37,"Trinity (Texas)",FALSE,"(11:37) Schuetze,Caleb kickoff 70 yards to the TU10 Sams,Luke return 53 yards to the TLU37 (Schuetze,Caleb), out of bounds.","(11:27) No Huddle-Shotgun Huerta,Xadrian rush right for 37 yards gain to the TLU00 TOUCHDOWN, clock 11:19, 1ST DOWN."
"20250904_zik0",52,2,"rush","Trinity (Texas)",37,,,,"Texas Lutheran",TRUE,"(11:27) No Huddle-Shotgun Huerta,Xadrian rush right for 37 yards gain to the TLU00 TOUCHDOWN, clock 11:19, 1ST DOWN.","(11:12) No Huddle-Shotgun Guzman,Weston rush middle for 1 yard loss to the TLU15 (Nwobodo,Jonathan; Priesmeyer,Jackson)."
"20250904_zik0",54,2,"kickoff","Texas Lutheran",,1,10,84,"Texas Lutheran",FALSE,"(11:19) Rhoades,Hayden kickoff 60 yards to the TLU05 Henry,Lavonta return 11 yards to the TLU16 (Powell,Jaden; Morin,Lukas).","(11:12) No Huddle-Shotgun Guzman,Weston rush middle for 1 yard loss to the TLU15 (Nwobodo,Jonathan; Priesmeyer,Jackson)."
"20250904_zik0",58,2,"punt_with_return","Texas Lutheran",83,1,10,50,"Trinity (Texas)",FALSE,"(10:00) Herrera,Vincent punt 38 yards to the TU45 Nickleberry,Lamont return 5 yards to the TU50 (Garcia,Owen).","(09:50) No Huddle-Shotgun Huerta,Xadrian rush middle for 2 yards loss to the TU48 (Meyers,Cole)."
"20250904_zik0",64,2,"punt_no_return","Trinity (Texas)",52,1,10,80,"Texas Lutheran",FALSE,"(08:00) Bope,Tyson punt 52 yards to the TLU00, Touchback.","(07:32) No Huddle-Shotgun Bosanko,Caden pass incomplete short middle to Castellanos,Dominic thrown to TLU37."
"20250904_zik0",69,2,"rush","Texas Lutheran",84,,,,"Trinity (Texas)",TRUE,"(06:36) No Huddle Texas Lutheran rush middle for 16 yards loss to the TLU00. Trinity (TX) SAFETY, clock 06:31.","(06:24) No Huddle-Shotgun Franklin,Hondo rush middle for 15 yards gain to the TLU44 (Navarro,Justin; Edwards,Devin), 1ST DOWN."
"20250904_zik0",70,2,"kickoff","Trinity (Texas)",,1,10,59,"Trinity (Texas)",FALSE,"(06:31) Augustine,A'Jean kickoff 62 yards to the TU18 Nickleberry,Lamont return 23 yards to the TU41 (Johnson,Malik), out of bounds.","(06:24) No Huddle-Shotgun Franklin,Hondo rush middle for 15 yards gain to the TLU44 (Navarro,Justin; Edwards,Devin), 1ST DOWN."
"20250904_zik0",73,2,"pass_complete","Trinity (Texas)",17,,,,"Texas Lutheran",TRUE,"(05:00) No Huddle-Shotgun Franklin,Hondo pass complete short left to Tavarez,Alejandro caught at TLU00, for 17 yards to the TLU00 TOUCHDOWN, clock 04:54, 1ST DOWN.","(04:47) No Huddle-Shotgun Guzman,Weston rush middle for 12 yards gain to the TLU27 (Ventura,Ryan), 1ST DOWN."
"20250904_zik0",75,2,"kickoff","Texas Lutheran",,1,10,85,"Texas Lutheran",FALSE,"(04:54) Rhoades,Hayden kickoff 60 yards to the TLU05 Camarillo,Caleb return 10 yards to the TLU15 (Kuhl,Evan), out of bounds.","(04:47) No Huddle-Shotgun Guzman,Weston rush middle for 12 yards gain to the TLU27 (Ventura,Ryan), 1ST DOWN."
"20250904_zik0",77,2,"pass_complete","Texas Lutheran",73,,,,"Trinity (Texas)",TRUE,"(04:20) No Huddle-Shotgun Bosanko,Caden pass complete short middle to Camarillo,Caleb caught at TLU43, for 73 yards to the TU00 TOUCHDOWN, clock 04:04, 1ST DOWN.","No Huddle-Shotgun Milo,Johnny rush left for 12 yards gain to the TU44 (Walker,Sebastian; Square,Marec), 1ST DOWN."
"20250904_zik0",79,2,"kickoff","Trinity (Texas)",,1,10,68,"Trinity (Texas)",FALSE,"(04:04) Augustine,A'Jean kickoff 43 yards to the TU22 Altrudo,Bryce return 10 yards to the TU32 (Pari,Nicola).","No Huddle-Shotgun Milo,Johnny rush left for 12 yards gain to the TU44 (Walker,Sebastian; Square,Marec), 1ST DOWN."
"20250904_zik0",88,2,"field_goal_good","Trinity (Texas)",30,,,,"Texas Lutheran",TRUE,"(00:13) Rhoades,Hayden field goal attempt from 47 yards GOOD (H: Hancock,Tyson, LS: Dioli,John Adrian), clock 00:08.","(00:08) Kneel down by Bosanko,Caden at TLU25 for loss of 0 yards."
"20250904_zik0",89,2,"kickoff","Texas Lutheran",,1,10,75,"Texas Lutheran",FALSE,"(00:08) Rhoades,Hayden kickoff 65 yards to the TLU00, Touchback.","(00:08) Kneel down by Bosanko,Caden at TLU25 for loss of 0 yards."
"20250904_zik0",91,3,"kickoff","Texas Lutheran",,1,10,80,"Texas Lutheran",FALSE,"Rhoades,Hayden kickoff 55 yards to the TLU10 Henry,Lavonta return 10 yards to the TLU20 (Brown,Jeffrey).","(14:54) No Huddle-Shotgun Bosanko,Caden rush left for 3 yards gain to the TLU23 (Crockett,Judson)."
"20250904_zik0",96,3,"punt_no_return","Texas Lutheran",74,1,10,68,"Trinity (Texas)",FALSE,"(13:35) Herrera,Vincent punt 42 yards to the TU32 fair catch by Nickleberry,Lamont at TU32.","(13:29) No Huddle-Shotgun Huerta,Xadrian rush middle for 1 yard gain to the TU33 (Farris,Marvin; Ortegon,Anthony)."
"20250904_zik0",100,3,"punt_with_return","Trinity (Texas)",65,1,10,60,"Texas Lutheran",FALSE,"(11:53) Bope,Tyson punt 37 yards to the TLU28 Navarro,Justin return 12 yards to the TLU40 (McAdams,John Kohl), out of bounds.","(11:44) No Huddle-Shotgun Williams,Kibreante rush middle for 2 yards gain to the TLU42 (Erwin,Roan; Hill,Dorien)."
"20250904_zik0",109,3,"field_goal_blocked","Texas Lutheran",12,1,10,79,"Trinity (Texas)",FALSE,"(09:48) Augustine,A'Jean field goal attempt from 29 yards NO GOOD blocked by Priesmeyer,Jackson (H: Casson,Micah, LS: Herrera,Brendan), clock 09:44 recovered by TLU Casson,Micah at TU21, End Of Play.","(09:44) Shotgun Milo,Johnny rush right for 3 yards loss to the TU18 (Pari,Nicola)."
"20250904_zik0",121,3,"punt_no_return","Trinity (Texas)",46,1,10,75,"Texas Lutheran",FALSE,"(03:52) Bope,Tyson punt 21 yards to the TLU25, out of bounds at TLU25.","(03:46) PENALTY TLU False Start (Wollard,Ian) 5 yards from TLU25 to TLU20. NO PLAY."
"20250904_zik0",125,3,"rush","Texas Lutheran",82,1,10,27,"Trinity (Texas)",FALSE,"(03:05) No Huddle-Shotgun Bosanko,Caden rush right for 9 yards gain to the TLU27 fumbled by Bosanko,Caden at TLU27 forced by Powell,Jaden recovered by TU Refai,Ferrris at TLU27, End Of Play.","(02:48) Shotgun Franklin,Hondo pass complete short left to Ramirez,Kade caught at TLU23, for 4 yards to the TLU23, End Of Play."
"20250904_zik0",131,3,"pass_intercepted","Trinity (Texas)",14,1,10,66,"Texas Lutheran",FALSE,"(00:25) Shotgun Franklin,Hondo pass intercepted by Square,Marec at TLU00 Square,Marec return 34 yards to the TLU34 (Ramirez,Kade).","No Huddle-Shotgun Casson,Micah pass incomplete short left to Camarillo,Caleb thrown to TLU35 broken up by Mateen,Wakil."
"20250904_zik0",135,4,"punt_no_return","Texas Lutheran",71,1,10,81,"Trinity (Texas)",FALSE,"(14:23) Herrera,Vincent punt 52 yards to the TU19.","(14:05) Shotgun Milo,Johnny rush middle for 1 yard loss to the TU18 (Rogers,Jared)."
"20250904_zik0",148,4,"pass_incomplete","Trinity (Texas)",33,1,10,67,"Texas Lutheran",FALSE,"(06:00) Shotgun Franklin,Hondo pass incomplete short middle to Hancock,Tyson thrown to TLU26 broken up by Littleton,Tyler, TURNOVER ON DOWNS.","(05:56) No Huddle-Shotgun Casson,Micah pass complete short left to Camarillo,Caleb caught at TLU40, for 7 yards to the TLU40, out of bounds at TLU40."
"20250904_zik0",156,4,"pass_intercepted","Texas Lutheran",35,1,10,65,"Trinity (Texas)",FALSE,"(03:28) No Huddle-Shotgun Casson,Micah pass intercepted by Crockett,Judson at TU15 Crockett,Judson return 20 yards to the TU35 (Taylor,Chris).","(03:10) Shotgun Horn,Welker rush left for 3 yards gain to the TU38 (Simpson,Xavier)."
"20250905_0otb",1,1,"kickoff","Curry",,1,10,95,"Curry",FALSE,"Mason Veits kickoff 60 yards to the CURRY05, Dennis Glidden return 0 yards to the CURRY05 (TEAM), out-of-bounds.","Jaden Roman rush for 2 yards to the CURRY07 (Jorge Aquino)."
"20250905_0otb",8,1,"punt_no_return","Curry",77,1,10,38,"Bridgewater State",FALSE,"Omar Aboutoui punt 15 yards to the CURRY38, out-of-bounds.","Shamus Whiting sacked for loss of 15 yards to the BRIDGEWA47 (Leo Yardumian)."
"20250905_0otb",17,1,"field_goal_blocked","Bridgewater State",20,1,10,74,"Curry",FALSE,"Joey Naso field goal attempt from 32 BLOCKED, recovered by CURRY TEAM, spot at CURRY26 (blocked by Jaiden Williams).","Anthony Santino pass complete to Colin Ridley for 7 yards to the CURRY33 (Victo Martinez)."
"20250905_0otb",27,1,"pass_complete","Curry",22,,,,"Bridgewater State",TRUE,"Anthony Santino pass complete to Wesley Williams for 22 yards to the BRIDGEWA00, TOUCHDOWN, clock 01:26.","Isaiah Wright rush for 6 yards to the BRIDGEWA31 (Jaiden Williams; Leo Yardumian)."
"20250905_0otb",29,1,"kickoff","Bridgewater State",,1,10,75,"Bridgewater State",FALSE,"Omar Aboutoui kickoff 65 yards to the BRIDGEWA00, touchback.","Isaiah Wright rush for 6 yards to the BRIDGEWA31 (Jaiden Williams; Leo Yardumian)."
"20250905_0otb",35,2,"punt_no_return","Bridgewater State",67,1,10,61,"Curry",FALSE,"Joey Naso punt 28 yards to the CURRY39, out-of-bounds.","Montie Quinn rush for 3 yards to the CURRY42 (Thomas Rocha)."
"20250905_0otb",39,2,"punt_no_return","Curry",57,1,10,82,"Bridgewater State",FALSE,"Omar Aboutoui punt 39 yards to the BRIDGEWA18, fair catch by Owen Salvatore.","Shamus Whiting pass complete to Jack McCarthy for 9 yards to the BRIDGEWA27 (Nachbi Chery)."
"20250905_0otb",47,2,"rush","Bridgewater State",48,1,10,47,"Curry",FALSE,"Shamus Whiting rush for loss of 4 yards to the BRIDGEWA48, fumble forced by TEAM, fumble by Shamus Whiting recovered by CURRY Jathan Greene at BRIDGEWA47.","Anthony Santino sacked for loss of 5 yards to the CURRY48 (Jorge Aquino)."
"20250905_0otb",51,2,"punt_no_return","Curry",43,1,10,77,"Bridgewater State",FALSE,"Omar Aboutoui punt 20 yards to the BRIDGEWA23, downed.","Isaiah Wright rush for 3 yards to the BRIDGEWA26 (Carlos Cedeno)."
"20250905_0otb",60,2,"punt_no_return","Bridgewater State",47,1,10,80,"Curry",FALSE,"Joey Naso punt 27 yards to the CURRY20, out-of-bounds.","Anthony Santino rush for 5 yards to the CURRY25 (Victo Martinez)."
"20250905_0otb",66,2,"punt_no_return","Curry",60,1,10,82,"Bridgewater State",FALSE,"Omar Aboutoui punt 42 yards to the BRIDGEWA18, downed.","Shamus Whiting pass incomplete to Josh Registre, dropped pass."
"20250905_0otb",70,2,"punt_no_return","Bridgewater State",80,1,10,66,"Curry",FALSE,"Joey Naso punt 46 yards to the CURRY34, downed.","Anthony Santino rush for 1 yard to the CURRY35 (Victo Martinez)."
"20250905_0otb",77,3,"kickoff","Bridgewater State",,1,10,75,"Bridgewater State",FALSE,"Omar Aboutoui kickoff 65 yards to the BRIDGEWA00, touchback.","Isaiah Wright rush for no gain to the BRIDGEWA25 (Leo Yardumian)."
"20250905_0otb",80,3,"rush","Bridgewater State",2,,,,"Curry",TRUE,"Isaiah Wright rush for 2 yards to the CURRY00, TOUCHDOWN, clock 13:48.","Anthony Santino pass complete to Wesley Williams for 7 yards to the CURRY32, out-of-bounds."
"20250905_0otb",82,3,"kickoff","Curry",,1,10,75,"Curry",FALSE,"Mason Veits kickoff 65 yards to the CURRY00, touchback.","Anthony Santino pass complete to Wesley Williams for 7 yards to the CURRY32, out-of-bounds."
"20250905_0otb",89,3,"punt_with_return","Curry",53,1,10,92,"Bridgewater State",FALSE,"Omar Aboutoui punt 45 yards to the BRIDGEWA08, Owen Salvatore return 0 yards to the BRIDGEWA08 (Lucas Leander).","Andre Cloutman rush for 4 yards to the BRIDGEWA12 (Pete Jurovich I; Shane Field)."
"20250905_0otb",103,3,"pass_complete","Bridgewater State",25,,,,"Curry",TRUE,"Shamus Whiting pass complete to Jack McCarthy for 25 yards to the CURRY00, TOUCHDOWN, clock 03:25.","Montie Quinn rush for 14 yards to the CURRY49 (Lucas Lambert)."
"20250905_0otb",105,3,"kickoff","Curry",,1,10,65,"Curry",FALSE,"Mason Veits kickoff 63 yards to the CURRY02, Kareem Chaplin return 33 yards to the CURRY35 (Dallas Murphy).","Montie Quinn rush for 14 yards to the CURRY49 (Lucas Lambert)."
"20250905_0otb",113,3,"rush","Curry",8,1,10,93,"Bridgewater State",FALSE,"Jordan Depina rush for 1 yard to the BRIDGEWA07 (Benjamin Wing).","Shamus Whiting sacked for no gain to the BRIDGEWA07 (Clayton Corley)."
"20250905_0otb",117,4,"punt_no_return","Bridgewater State",86,1,10,44,"Curry",FALSE,"Joey Naso punt 30 yards to the BRIDGEWA44, out-of-bounds.","Montie Quinn rush for 44 yards to the BRIDGEWA00, TOUCHDOWN, clock 13:56."
"20250905_0otb",118,4,"rush","Curry",44,,,,"Bridgewater State",TRUE,"Montie Quinn rush for 44 yards to the BRIDGEWA00, TOUCHDOWN, clock 13:56.","Isaiah Wright rush for loss of 1 yard to the BRIDGEWA24 (Shane Field)."
"20250905_0otb",120,4,"kickoff","Bridgewater State",,1,10,75,"Bridgewater State",FALSE,"Omar Aboutoui kickoff 65 yards to the BRIDGEWA00, touchback.","Isaiah Wright rush for loss of 1 yard to the BRIDGEWA24 (Shane Field)."
"20250905_0otb",124,4,"punt_no_return","Bridgewater State",74,1,10,47,"Curry",FALSE,"Joey Naso punt 21 yards to the BRIDGEWA47, out-of-bounds.","Montie Quinn rush for 8 yards to the BRIDGEWA39 (Thomas Rocha)."
"20250905_0otb",129,4,"rush","Curry",32,,,,"Bridgewater State",TRUE,"Montie Quinn rush for 32 yards to the BRIDGEWA00, TOUCHDOWN, clock 10:52.","Shamus Whiting rush for 18 yards to the BRIDGEWA43 (Shane Field)."
"20250905_0otb",131,4,"kickoff","Bridgewater State",,1,10,75,"Bridgewater State",FALSE,"Omar Aboutoui kickoff 65 yards to the BRIDGEWA00, touchback.","Shamus Whiting rush for 18 yards to the BRIDGEWA43 (Shane Field)."
"20250905_0otb",136,4,"pass_intercepted","Bridgewater State",63,1,10,52,"Curry",FALSE,"Shamus Whiting pass intercepted by Lucas Leander at the CURRY48, Lucas Leander return 0 yards to the CURRY48.","Anthony Santino pass complete to Colin Ridley for 8 yards to the BRIDGEWA44 (Gavin Gilyard)."
"20250905_0otb",143,4,"pass_complete","Curry",12,,,,"Bridgewater State",TRUE,"Anthony Santino pass complete to Matthew Bowen for 12 yards to the BRIDGEWA00, TOUCHDOWN, clock 05:48.","Sean Brown rush for 2 yards to the BRIDGEWA27 (Shane Field)."
"20250905_0otb",145,4,"kickoff","Bridgewater State",,1,10,75,"Bridgewater State",FALSE,"Omar Aboutoui kickoff 65 yards to the BRIDGEWA00, touchback.","Sean Brown rush for 2 yards to the BRIDGEWA27 (Shane Field)."
"20250905_0otb",155,4,"pass_complete","Bridgewater State",18,,,,"Curry",TRUE,"Shamus Whiting pass complete to Josh Registre for 18 yards to the CURRY00, TOUCHDOWN, clock 02:04, PENALTY BRIDGEWA unsportsmanlike conduct taunting (Josh Registre) 3 yards to the CURRY00.","Montie Quinn rush for 6 yards to the BRIDGEWA09 (Joseph Parisi)."
"20250905_0otb",157,4,"kickoff","Curry",,1,10,15,"Curry",FALSE,"Mason Veits kickoff 10 yards to the BRIDGEWA30, on-side kick, recovered by CURRY on BRIDGEWA30, PENALTY BRIDGEWA face mask 15 yards to the BRIDGEWA15.","Montie Quinn rush for 6 yards to the BRIDGEWA09 (Joseph Parisi)."
"20250905_0otb",160,4,"rush","Curry",6,,,,"Bridgewater State",TRUE,"Montie Quinn rush for 6 yards to the BRIDGEWA00, TOUCHDOWN, clock 01:41.","Shamus Whiting pass incomplete to Ramar Robinson."
"20250905_0otb",162,4,"kickoff","Bridgewater State",,1,10,75,"Bridgewater State",FALSE,"Omar Aboutoui kickoff 65 yards to the BRIDGEWA00, touchback.","Shamus Whiting pass incomplete to Ramar Robinson."
"20250905_0otb",170,4,"pass_complete","Bridgewater State",20,,,,"Curry",TRUE,"J Dube-Garrett pass complete to Josh Registre for 20 yards to the CURRY00, TOUCHDOWN, clock 00:51.","Anthony Santino rush for loss of 5 yards to the BRIDGEWA49."
"20250905_0otb",172,4,"kickoff","Curry",,1,9,44,"Curry",FALSE,"Mason Veits kickoff 10 yards to the BRIDGEWA45, on-side kick, recovered by CURRY on BRIDGEWA45, PENALTY BRIDGEWA illegal touching 1 yards to the BRIDGEWA44.","Anthony Santino rush for loss of 5 yards to the BRIDGEWA49."
"20250905_2ic2",1,1,"kickoff","Hobart",,1,10,83,"Hobart",FALSE,"Owen Bishop kickoff 64 yards to the HOBART01, Kieran Cotter return 16 yards to the HOBART17 (Thomas Welch).","Aidan Conrath pass complete to Johnny Harding for 6 yards to the HOBART23 (Luke Atlas; Martin Flanders)."
"20250905_2ic2",5,1,"punt_no_return","Hobart",75,1,10,61,"Alfred",FALSE,"Jackson Rucker punt 36 yards to the ALFRED39, downed.","Chris Kelly pass incomplete to Jack Buchsbaum."
"20250905_2ic2",13,1,"pass_complete","Alfred",6,,,,"Hobart",TRUE,"Chris Kelly pass complete to Carmine Hoag for 6 yards to the HOBART00, TOUCHDOWN, QB hurry by Dante Randle, clock 09:21.","E.J. Taylor rush for 4 yards to the HOBART29 (Jaedon Adjei)."
"20250905_2ic2",15,1,"kickoff","Hobart",,1,10,75,"Hobart",FALSE,"Owen Bishop kickoff 65 yards to the HOBART00, touchback.","E.J. Taylor rush for 4 yards to the HOBART29 (Jaedon Adjei)."
"20250905_2ic2",21,1,"rush","Hobart",37,1,10,67,"Alfred",FALSE,"E.J. Taylor rush for 4 yards to the ALFRED33, fumble forced by Landon Spencer, fumble by E.J. Taylor recovered by ALFRED Thomas Welch at ALFRED33.","Carmine Hoag rush for 2 yards to the ALFRED35 (Dante Randle)."
"20250905_2ic2",23,1,"rush","Alfred",65,1,10,46,"Hobart",FALSE,"Tommy Nyquist rush for 9 yards to the ALFRED44, fumble forced by Mike McGhee, fumble by Tommy Nyquist recovered by HOBART Ryan Van tassel at ALFRED46.","Aidan Conrath pass incomplete to Marcus Peterson."
"20250905_2ic2",27,1,"punt_no_return","Hobart",45,1,10,96,"Alfred",FALSE,"Vicente Lyon punt 41 yards to the ALFRED04, downed.","Tommy Nyquist rush for 5 yards to the ALFRED09 (Hunter Vos)."
"20250905_2ic2",31,1,"rush","Alfred",87,1,10,13,"Hobart",FALSE,"Chris Kelly rush for no gain to the ALFRED13 (Noah Chachere).","Tru Styles pass incomplete to Marcus Peterson."
"20250905_2ic2",37,1,"rush","Hobart",1,,,,"Alfred",TRUE,"E.J. Taylor rush for 1 yard to the ALFRED00, TOUCHDOWN, clock 00:22.","Steven Bidwell rush for 1 yard to the ALFRED40 (Hunter Vos)."
"20250905_2ic2",39,1,"kickoff","Alfred",,1,10,61,"Alfred",FALSE,"Gavin Harvey kickoff 64 yards to the ALFRED01, Tommy Nyquist return 23 yards to the ALFRED24 (Juah-Siblay Kol), out-of-bounds, PENALTY HOBART unnecessary roughness (Mike McGhee) 15 yards to the ALFRED39.","Steven Bidwell rush for 1 yard to the ALFRED40 (Hunter Vos)."
"20250905_2ic2",43,2,"punt_no_return","Alfred",61,1,10,78,"Hobart",FALSE,"Colin McGovern punt 39 yards to the HOBART22, fair catch by Johnny Harding.","PENALTY ALFRED offside (Jaedon Adjei) 5 yards to the HOBART27."
"20250905_2ic2",50,2,"punt_with_return","Hobart",59,1,10,76,"Alfred",FALSE,"Vicente Lyon punt 42 yards to the ALFRED17, Thomas Welch return 7 yards to the ALFRED24 (Mike McGhee).","Chris Kelly pass intercepted by Blake Minsterma at the HOBART47, Blake Minsterma return 0 yards to the HOBART47 (Jack Buchsbaum)."
"20250905_2ic2",51,2,"pass_intercepted","Alfred",76,1,10,53,"Hobart",FALSE,"Chris Kelly pass intercepted by Blake Minsterma at the HOBART47, Blake Minsterma return 0 yards to the HOBART47 (Jack Buchsbaum).","Tahj Jackson rush for 4 yards to the ALFRED49 (Landon Spencer)."
"20250905_2ic2",60,2,"field_goal_good","Hobart",9,,,,"Alfred",TRUE,"Luke Monteyne field goal attempt from 24 GOOD, clock 07:19.","Tommy Nyquist rush for 3 yards to the ALFRED24 (David Charles)."
"20250905_2ic2",61,2,"kickoff","Alfred",,1,10,79,"Alfred",FALSE,"Gavin Harvey kickoff 65 yards to the ALFRED00, Tommy Nyquist return 21 yards to the ALFRED21 (Sean Meyers).","Tommy Nyquist rush for 3 yards to the ALFRED24 (David Charles)."
"20250905_2ic2",72,2,"punt_no_return","Alfred",47,1,10,99,"Hobart",FALSE,"Colin McGovern punt 46 yards to the HOBART01, downed.","Aidan Conrath rush for 2 yards to the HOBART03 (Quadir Holmes)."
"20250905_2ic2",83,3,"kickoff","Alfred",,1,10,77,"Alfred",FALSE,"Gavin Harvey kickoff 60 yards to the ALFRED05, Tommy Nyquist return 18 yards to the ALFRED23 (Mike McGhee).","Tommy Nyquist rush for 3 yards to the ALFRED26 (Jack Ligarzewsk; Dante Randle)."
"20250905_2ic2",95,3,"pass_complete","Alfred",15,,,,"Hobart",TRUE,"Chris Kelly pass complete to Tommy Nyquist for 15 yards to the HOBART00, TOUCHDOWN, clock 08:45.","Aidan Conrath pass incomplete to Marcus Peterson, QB hurry by Vinci Armas."
"20250905_2ic2",97,3,"kickoff","Hobart",,1,10,55,"Hobart",FALSE,"Owen Bishop kickoff 58 yards to the HOBART07, Kieran Cotter return 38 yards to the HOBART45 (Owen Bishop).","Aidan Conrath pass incomplete to Marcus Peterson, QB hurry by Vinci Armas."
"20250905_2ic2",104,3,"field_goal_missed","Hobart",13,1,10,80,"Alfred",FALSE,"Luke Monteyne field goal attempt from 28 MISSED - hit right up right, spot at ALFRED20.","Tommy Nyquist rush for loss of 2 yards to the ALFRED18 (Billy Brosko)."
"20250905_2ic2",108,3,"punt_with_return","Alfred",78,1,10,62,"Hobart",FALSE,"Colin McGovern punt 44 yards to the HOBART34, Johnny Harding return 4 yards to the HOBART38 (Tommy Nyquist).","E.J. Taylor rush for 6 yards to the HOBART44 (Christian Perry; Vinci Armas)."
"20250905_2ic2",111,3,"pass_intercepted","Hobart",56,,,,"Hobart",TRUE,"Aidan Conrath pass intercepted by Thomas Welch at the HOBART48, Thomas Welch return 48 yards to the HOBART00, TOUCHDOWN, clock 03:37.","E.J. Taylor rush for 6 yards to the HOBART46 (Maverick Adams)."
"20250905_2ic2",113,3,"kickoff","Hobart",,1,10,60,"Hobart",FALSE,"Owen Bishop kickoff 60 yards to the HOBART05, Kieran Cotter return 35 yards to the HOBART40 (Steven Bidwell; Owen Bishop), out-of-bounds.","E.J. Taylor rush for 6 yards to the HOBART46 (Maverick Adams)."
"20250905_2ic2",115,3,"sack","Hobart",54,1,10,30,"Alfred",FALSE,"Aidan Conrath sacked for loss of 11 yards to the HOBART35 (Thomas Welch), fumble by Aidan Conrath recovered by ALFRED Thomas Welch at HOBART30.","Steven Bidwell rush for 5 yards to the HOBART25 (David Charles; Alex Smith)."
"20250905_2ic2",123,4,"rush","Alfred",1,,,,"Hobart",TRUE,"Chris Kelly rush for 1 yard to the HOBART00, TOUCHDOWN, clock 13:52.","Tru Styles pass complete to E.J. Taylor for 9 yards to the HOBART34 (Landon Spencer), QB hurry by Andy Mardice Jr, PENALTY HOBART ineligible man down field (Luke Hescock) 5 yards to the HOBART20, NO PLAY."
"20250905_2ic2",125,4,"kickoff","Hobart",,1,10,75,"Hobart",FALSE,"Owen Bishop kickoff 65 yards to the HOBART00, touchback.","Tru Styles pass complete to E.J. Taylor for 9 yards to the HOBART34 (Landon Spencer), QB hurry by Andy Mardice Jr, PENALTY HOBART ineligible man down field (Luke Hescock) 5 yards to the HOBART20, NO PLAY."
"20250905_2ic2",134,4,"rush","Hobart",4,,,,"Alfred",TRUE,"E.J. Taylor rush for 4 yards to the ALFRED00, TOUCHDOWN, clock 09:40.","Tommy Nyquist rush for 4 yards to the ALFRED25 (Noah Chachere)."
"20250905_2ic2",136,4,"kickoff","Alfred",,1,10,79,"Alfred",FALSE,"Gavin Harvey kickoff 51 yards to the ALFRED14, Re'Mir Ratchfor return 7 yards to the ALFRED21 (Mike McGhee).","Tommy Nyquist rush for 4 yards to the ALFRED25 (Noah Chachere)."
"20250905_2ic2",141,4,"punt_no_return","Alfred",74,1,10,78,"Hobart",FALSE,"Colin McGovern punt 52 yards to the HOBART22, out-of-bounds.","Aidan Conrath pass complete to Luke Hansen for 5 yards to the HOBART27 (Luke Atlas)."
"20250905_2ic2",153,4,"rush","Hobart",7,,,,"Alfred",TRUE,"E.J. Taylor rush for 7 yards to the ALFRED00, TOUCHDOWN, clock 02:20.","Tommy Nyquist rush for 2 yards to the HOBART48 (Billy Brosko; Mike McGhee)."
"20250905_2ic2",155,4,"kickoff","Alfred",,1,10,50,"Alfred",FALSE,"Collin Goff kickoff 15 yards to the 50 yardline, on-side kick, recovered by ALFRED on 50 yardline.","Tommy Nyquist rush for 2 yards to the HOBART48 (Billy Brosko; Mike McGhee)."
"20250905_5sfv",1,1,"kickoff","St. Lawrence",,1,10,66,"St. Lawrence",FALSE,"Cohen,Allen kickoff 41 yards to the SLU24 Ciesielski,Matt return 10 yards to the SLU34 (Botelho,Brady).","Shotgun Gescheidle,James rush middle for 7 yards gain to the SLU41 (Milton,Imari; Misuraca,Marcello)."
"20250905_5sfv",8,1,"punt_no_return","St. Lawrence",47,1,10,91,"Norwich",FALSE,"Lederman,Will punt 38 yards to the NOR09.","No Huddle-Shotgun Cascarano,Mike rush middle for 4 yards gain to the NOR13 (Robillard,Luke)."
"20250905_5sfv",24,1,"field_goal_good","Norwich",8,,,,"St. Lawrence",TRUE,"Zegarra,Zack field goal attempt from 28 yards GOOD (H: Philpott,Dustin, LS: Downey,Payne), clock 02:48.","Shotgun Gescheidle,James rush middle for 16 yards gain to the NOR49 (Misuraca,Marcello), 1ST DOWN."
"20250905_5sfv",25,1,"kickoff","St. Lawrence",,1,10,65,"St. Lawrence",FALSE,"Cohen,Allen kickoff 50 yards to the SLU15 Ciesielski,Matt return 20 yards to the SLU35 (Daley,Jack).","Shotgun Gescheidle,James rush middle for 16 yards gain to the NOR49 (Misuraca,Marcello), 1ST DOWN."
"20250905_5sfv",30,1,"punt_no_return","St. Lawrence",47,1,5,5,"St. Lawrence",FALSE,"Arbaugh,Sam punt 37 yards to the NOR10 muffed by Parker-Cummings,Fionn at NOR10 recovered by SLU Nelson,Derik at NOR05, End Of Play.","No Huddle-Shotgun Lederman,Will rush right for 0 yards to the NOR05 (Primich,Ben)."
"20250905_5sfv",33,2,"rush","St. Lawrence",5,,,,"Norwich",TRUE,"No Huddle-Shotgun Lederman,Will rush middle for 5 yards gain to the NOR00 TOUCHDOWN, clock 14:09.","No Huddle-Shotgun Cascarano,Mike rush right for 9 yards gain to the NOR44 (Nicoll,John)."
"20250905_5sfv",35,2,"kickoff","Norwich",,1,10,65,"Norwich",FALSE,"Fogler,Clayton kickoff 53 yards to the NOR12, out of bounds at NOR12.","No Huddle-Shotgun Cascarano,Mike rush right for 9 yards gain to the NOR44 (Nicoll,John)."
"20250905_5sfv",41,2,"punt_no_return","Norwich",50,1,10,85,"St. Lawrence",FALSE,"Sullivan,Aidan punt 35 yards to the SLU15.","PENALTY SLU False Start 5 yards from SLU15 to SLU10. NO PLAY."
"20250905_5sfv",46,2,"punt_no_return","St. Lawrence",81,1,10,63,"Norwich",FALSE,"Arbaugh,Sam punt 44 yards to the NOR37.","No Huddle-Shotgun Sullivan,Aidan pass incomplete short right to Weers,Ben thrown to NOR30 broken up by Surhoff,Ryan."
"20250905_5sfv",51,2,"punt_no_return","Norwich",59,1,10,70,"St. Lawrence",FALSE,"Laisch,Caleb punt 29 yards to the SLU30 fair catch by Ciesielski,Matt at SLU30.","Shotgun Lederman,Will pass incomplete deep left to Ciesielski,Matt thrown to NOR40 broken up by Hayes,Iva."
"20250905_5sfv",58,2,"pass_complete","St. Lawrence",8,,,,"Norwich",TRUE,"No Huddle-Shotgun Lederman,Will pass complete short right to Huhtala,Nicholas caught at NOR00, for 8 yards to the NOR00 TOUCHDOWN, clock 05:35, 1ST DOWN.","No Huddle-Shotgun Cascarano,Mike rush middle for 3 yards gain to the NOR33 (Bridges,Shemmy)."
"20250905_5sfv",60,2,"kickoff","Norwich",,1,10,70,"Norwich",FALSE,"Fogler,Clayton kickoff 59 yards to the NOR06 Garcia,Joel return 19 yards to the NOR25 (Proia,Thomas) PENALTY SLU Offside 5 yards from NOR25 to NOR30.","No Huddle-Shotgun Cascarano,Mike rush middle for 3 yards gain to the NOR33 (Bridges,Shemmy)."
"20250905_5sfv",65,2,"punt_no_return","Norwich",77,1,10,50,"St. Lawrence",FALSE,"Laisch,Caleb punt 27 yards to the NOR50.","No Huddle-Shotgun Lederman,Will pass incomplete short right to Barr,Adam thrown to NOR35 PENALTY SLU Illegal Formation 5 yards from NOR50 to SLU45. NO PLAY."
"20250905_5sfv",73,2,"punt_no_return","St. Lawrence",76,1,10,64,"Norwich",FALSE,"Arbaugh,Sam punt 40 yards to the NOR36.","No Huddle-Shotgun Sullivan,Aidan pass incomplete short right to Cohen,Allen thrown to NOR35 PENALTY NOR Intentional Grounding (Sullivan,Aidan)."
"20250905_5sfv",77,2,"punt_no_return","Norwich",77,1,10,60,"St. Lawrence",FALSE,"Laisch,Caleb punt 37 yards to the SLU40 fair catch by Ciesielski,Matt at SLU40.","No Huddle Lederman,Will pass complete short right to Gescheidle,James caught at SLU39, for 4 yards to the SLU44 (Primich,Ben)."
"20250905_5sfv",80,3,"kickoff","Norwich",,1,10,84,"Norwich",FALSE,"Fogler,Clayton kickoff 62 yards to the NOR03 Garcia,Joel return 13 yards to the NOR16 (Twombly,Brennan; Bridges,Shemmy).","No Huddle-Shotgun Beecher,Landon rush right for 3 yards gain to the NOR19 (Morelli,Savino; Ryan,Pat)."
"20250905_5sfv",86,3,"punt_with_return","Norwich",80,1,10,57,"St. Lawrence",FALSE,"Laisch,Caleb punt 36 yards to the SLU44 Ciesielski,Matt return for loss of 1 yard to the SLU43 (Keefe,Conan).","No Huddle-Shotgun Lederman,Will pass complete short right to Huhtala,Nicholas caught at SLU50, for 7 yards to the SLU50, out of bounds at SLU50."
"20250905_5sfv",96,3,"rush","St. Lawrence",1,1,10,99,"Norwich",FALSE,"No Huddle Lederman,Will rush middle for 0 yards to the NOR01 (Primich,Ben), TURNOVER ON DOWNS.","No Huddle-Shotgun Sullivan,Aidan rush middle for 0 yards to the NOR01 (Wanat,Colin; Bridges,Shemmy)."
"20250905_5sfv",98,3,"rush","Norwich",99,,,,"St. Lawrence",TRUE,"No Huddle-Shotgun Cascarano,Mike rush middle for 1 yard loss to the NOR00 (Morelli,Savino). Morelli,Savino SAFETY, clock 05:18.","No Huddle-Shotgun Tewksbury,Jackson rush left for 18 yards gain to the NOR23 (Primich,Ben; DeJesus,Devin), 1ST DOWN."
"20250905_5sfv",99,3,"kickoff","St. Lawrence",,1,10,41,"St. Lawrence",FALSE,"Laisch,Caleb kickoff 47 yards to the SLU33 Goodwin,Shea return 26 yards to the NOR41 (Daley,Jack).","No Huddle-Shotgun Tewksbury,Jackson rush left for 18 yards gain to the NOR23 (Primich,Ben; DeJesus,Devin), 1ST DOWN."
"20250905_5sfv",104,3,"field_goal_good","St. Lawrence",22,,,,"Norwich",TRUE,"Fogler,Clayton field goal attempt from 39 yards GOOD (H: Kowalski,Matt, LS: Surhoff,Ryan), clock 02:58.","No Huddle-Shotgun McFarland,Connor rush right for 12 yards gain to the NOR47 (Twombly,Brennan; Morelli,Savino), 1ST DOWN."
"20250905_5sfv",105,3,"kickoff","Norwich",,1,10,65,"Norwich",FALSE,"Fogler,Clayton kickoff 59 yards to the NOR06 Garcia,Joel return 29 yards to the NOR35 (Proia,Thomas).","No Huddle-Shotgun McFarland,Connor rush right for 12 yards gain to the NOR47 (Twombly,Brennan; Morelli,Savino), 1ST DOWN."
"20250905_5sfv",110,3,"pass_incomplete","Norwich",49,1,10,51,"St. Lawrence",FALSE,"No Huddle-Shotgun Sullivan,Aidan pass incomplete short middle to McFarland,Connor thrown to SLU44, TURNOVER ON DOWNS.","No Huddle-Shotgun Lederman,Will sacked for loss of 6 yards to the SLU43 (Reed,Maddox, Milton,Imari) PENALTY SLU Holding declined."
"20250905_5sfv",114,4,"punt_no_return","St. Lawrence",50,1,10,82,"Norwich",FALSE,"Arbaugh,Sam punt 32 yards to the NOR18 fair catch by Parker-Cummings,Fionn at NOR18.","No Huddle-Shotgun Cascarano,Mike rush middle for 4 yards gain to the NOR22 (Morelli,Savino)."
"20250905_5sfv",128,4,"rush","Norwich",40,1,10,70,"St. Lawrence",FALSE,"No Huddle-Shotgun Sullivan,Aidan rush right for 10 yards gain to the SLU30 (Morelli,Savino), TURNOVER ON DOWNS.","PENALTY SLU UNR: Unnecessary Roughness 15 yards from SLU30 to SLU15."
"20250905_8wt2",1,1,"kickoff","Moravian",,1,10,75,"Moravian",FALSE,"Nicholas D'Amic kickoff 65 yards to the MOR00, touchback.","Jed Bendekovits rush for 1 yard to the MOR26 (CJ Newman)."
"20250905_8wt2",3,1,"pass_intercepted","Moravian",74,,,,"Moravian",TRUE,"Jared Jenkins pass intercepted by Jake Saus at the MOR26, Jake Saus return 26 yards to the MOR00, TOUCHDOWN, clock 14:23.","Jared Jenkins pass complete to Avery Koser for 11 yards to the MOR36 (Jeffrey Lopez)."
"20250905_8wt2",5,1,"kickoff","Moravian",,1,10,75,"Moravian",FALSE,"Nicholas D'Amic kickoff 65 yards to the MOR00, touchback.","Jared Jenkins pass complete to Avery Koser for 11 yards to the MOR36 (Jeffrey Lopez)."
"20250905_8wt2",10,1,"punt_no_return","Moravian",59,1,10,76,"Muhlenberg",FALSE,"Jack Corrigan punt 35 yards to the MUHL24, downed.","Dante Mahaffey rush for 12 yards to the MUHL36 (Chris Cacace)."
"20250905_8wt2",15,1,"punt_no_return","Muhlenberg",66,1,10,76,"Moravian",FALSE,"Sam Morris punt 42 yards to the MOR24, out-of-bounds.","Jared Jenkins pass complete to Josh Ludlow for 17 yards to the MOR41 (Jake Saus), out-of-bounds."
"20250905_8wt2",21,1,"pass_intercepted","Moravian",45,1,10,57,"Muhlenberg",FALSE,"Jared Jenkins pass intercepted by Aaron Sylvester at the MUHL26, Aaron Sylvester return 17 yards to the MUHL43 (Avery Koser), out-of-bounds.","Matthew Manning rush for 1 yard to the MUHL44 (Nathan Carr)."
"20250905_8wt2",25,1,"punt_no_return","Muhlenberg",50,1,10,83,"Moravian",FALSE,"Sam Morris punt 33 yards to the MOR17, fair catch by Josh Ludlow.","Jared Jenkins pass complete to Chris Brown for 6 yards to the MOR23 (Jeffrey Lopez)."
"20250905_8wt2",28,1,"pass_intercepted","Moravian",76,1,10,15,"Muhlenberg",FALSE,"Jared Jenkins pass intercepted by Aaron Sylvester at the MOR40, Aaron Sylvester return 25 yards to the MOR15 (Avery Koser), out-of-bounds.","Luke Spang pass incomplete to Christopher Sho."
"20250905_8wt2",32,1,"field_goal_good","Muhlenberg",11,,,,"Moravian",TRUE,"Nicholas D'Amic field goal attempt from 28 GOOD, clock 04:04.","Camron Tinajero rush for 3 yards to the MUHL27 (Peyton Elliott; Tom Smid)."
"20250905_8wt2",33,1,"kickoff","Moravian",,1,10,30,"Moravian",FALSE,"Nicholas D'Amic kickoff 56 yards to the MOR09, Josh Ludlow return 61 yards to the MUHL30 (Jake Saus), out-of-bounds.","Camron Tinajero rush for 3 yards to the MUHL27 (Peyton Elliott; Tom Smid)."
"20250905_8wt2",39,1,"pass_complete","Moravian",6,,,,"Muhlenberg",TRUE,"Jared Jenkins pass complete to Camron Tinajero for 6 yards to the MUHL00, TOUCHDOWN, clock 01:45.","Matthew Manning rush for 7 yards to the MUHL31 (Lorenzo Felicia)."
"20250905_8wt2",41,1,"kickoff","Muhlenberg",,1,10,76,"Muhlenberg",FALSE,"Jack Corrigan kickoff 61 yards to the MUHL04, Christopher Sho return 20 yards to the MUHL24 (Malachi McNeil-; Aidan Lane).","Matthew Manning rush for 7 yards to the MUHL31 (Lorenzo Felicia)."
"20250905_8wt2",48,2,"punt_no_return","Muhlenberg",51,1,10,94,"Moravian",FALSE,"Matthew Manning punt 45 yards to the MOR06, downed.","Joey Richmond rush for 2 yards to the MOR08 (CJ Newman)."
"20250905_8wt2",52,2,"punt_with_return","Moravian",93,1,10,30,"Muhlenberg",FALSE,"Jack Corrigan punt 51 yards to the MUHL42, Tommy Donnelly return 28 yards to the MOR30 (Malachi McNeil-), out-of-bounds.","Amari Dunn rush for 2 yards to the MOR28 (Jashon Teller)."
"20250905_8wt2",56,2,"pass_complete","Muhlenberg",10,,,,"Moravian",TRUE,"Dante Mahaffey pass complete to Caleb Pasols for 10 yards to the MOR00, TOUCHDOWN, clock 10:38.","Jed Bendekovits rush for 7 yards to the MOR42 (Blaze Curry)."
"20250905_8wt2",58,2,"kickoff","Moravian",,1,10,65,"Moravian",FALSE,"Nicholas D'Amic kickoff 56 yards to the MOR09, Dorian Thomas return 26 yards to the MOR35 (Leo Dauberman), PENALTY MOR unsportmanlike conduct off-setting, PENALTY MUHL unsportmanlike conduct off-setting.","Jed Bendekovits rush for 7 yards to the MOR42 (Blaze Curry)."
"20250905_8wt2",65,2,"pass_complete","Moravian",31,,,,"Muhlenberg",TRUE,"Jared Jenkins pass complete to Avery Koser for 31 yards to the MUHL00, TOUCHDOWN, clock 07:39.","Dante Mahaffey rush for 1 yard to the MUHL18 (Malachi McNeil-)."
"20250905_8wt2",67,2,"kickoff","Muhlenberg",,1,10,83,"Muhlenberg",FALSE,"Jack Corrigan kickoff 61 yards to the MUHL04, Christopher Sho return 23 yards to the MUHL27, PENALTY MUHL holding (Joseph Papa) 10 yards to the MUHL17.","Dante Mahaffey rush for 1 yard to the MUHL18 (Malachi McNeil-)."
"20250905_8wt2",71,2,"punt_no_return","Muhlenberg",78,1,10,71,"Moravian",FALSE,"Sam Morris punt 49 yards to the MOR29, downed.","Jed Bendekovits rush for loss of 1 yard to the MOR28 (Vincent Rispoli)."
"20250905_8wt2",78,2,"pass_incomplete","Moravian",31,1,10,69,"Muhlenberg",FALSE,"Jared Jenkins pass incomplete to Avery Koser (Aaron Sylvester).","Christopher Sho rush for loss of 1 yard to the MUHL30 (Aidan Lane)."
"20250905_8wt2",82,2,"punt_no_return","Muhlenberg",64,1,10,72,"Moravian",FALSE,"Sam Morris punt 36 yards to the MOR28, fair catch by Josh Ludlow.","Jared Jenkins pass complete to Josh Ludlow for 7 yards to the MOR35 (Jake Saus)."
"20250905_8wt2",87,2,"punt_no_return","Moravian",75,1,10,80,"Muhlenberg",FALSE,"Jack Corrigan punt 75 yards to the MUHL00, touchback.","TEAM rush for loss of 1 yard to the MUHL19."
"20250905_8wt2",89,3,"kickoff","Muhlenberg",,1,10,50,"Muhlenberg",FALSE,"Jack Corrigan kickoff 65 yards to the MUHL00, Christopher Sho return 35 yards to the MUHL35 (Chris Cacace), out-of-bounds, PENALTY MUHL personal foul (Triston McNeal) 15 yards to the 50 yardline.","Dante Mahaffey pass complete to John Runfolo for 2 yards to the MOR48 (Anderson Louis)."
"20250905_8wt2",94,3,"rush","Muhlenberg",19,,,,"Moravian",TRUE,"Dante Mahaffey rush for 19 yards to the MOR00, TOUCHDOWN, clock 13:26.","Jed Bendekovits rush for 4 yards to the MOR29 (Alex Schafer)."
"20250905_8wt2",96,3,"kickoff","Moravian",,1,10,75,"Moravian",FALSE,"Nicholas D'Amic kickoff 44 yards to the MOR21, fair catch by Declan Coors.","Jed Bendekovits rush for 4 yards to the MOR29 (Alex Schafer)."
"20250905_8wt2",109,3,"pass_complete","Moravian",3,,,,"Muhlenberg",TRUE,"Jared Jenkins pass complete to Avery Koser for 3 yards to the MUHL00, TOUCHDOWN, clock 08:05.","Dante Mahaffey pass complete to John Runfolo for 30 yards to the MUHL47 (Antonio Rivera)."
"20250905_8wt2",111,3,"kickoff","Muhlenberg",,1,10,83,"Muhlenberg",FALSE,"Jack Corrigan kickoff 65 yards to the MUHL00, Christopher Sho return 17 yards to the MUHL17 (Camron Tinajero).","Dante Mahaffey pass complete to John Runfolo for 30 yards to the MUHL47 (Antonio Rivera)."
"20250905_8wt2",122,3,"rush","Muhlenberg",1,,,,"Moravian",TRUE,"Matthew Manning rush for 1 yard to the MOR00, TOUCHDOWN, clock 03:27.","Joey Richmond rush for 9 yards to the MOR48 (Jeffrey Lopez; John Roeder)."
"20250905_8wt2",124,3,"kickoff","Moravian",,1,10,61,"Moravian",FALSE,"Nicholas D'Amic kickoff 26 yards to the MOR39, fair catch by Declan Coors.","Joey Richmond rush for 9 yards to the MOR48 (Jeffrey Lopez; John Roeder)."
"20250905_8wt2",137,4,"pass_incomplete","Moravian",3,1,10,97,"Muhlenberg",FALSE,"Declan McCarthy pass incomplete to Isiah Rico.","Dante Mahaffey rush for 8 yards to the MUHL11 (Clay Basile; Lorenzo Felicia)."
"20250905_8wt2",149,4,"rush","Muhlenberg",2,,,,"Moravian",TRUE,"Isaac Schaffer- rush for 2 yards to the MOR00, TOUCHDOWN, clock 06:07.","Camron Tinajero rush for loss of 2 yards to the MOR29 (Mick O'Malley)."
"20250905_8wt2",151,4,"kickoff","Moravian",,1,10,69,"Moravian",FALSE,"Nicholas D'Amic kickoff 51 yards to the MOR14, Dorian Thomas return 17 yards to the MOR31 (Thomas Cerruti).","Camron Tinajero rush for loss of 2 yards to the MOR29 (Mick O'Malley)."
"20250905_8wt2",156,4,"punt_no_return","Moravian",75,1,10,64,"Muhlenberg",FALSE,"Jack Corrigan punt 39 yards to the MUHL36, fair catch by Tommy Donnelly.","Isaac Schaffer- rush for 12 yards to the MUHL48 (Ethan O'Neill)."
"20250905_8wt2",163,4,"rush","Muhlenberg",35,1,10,70,"Moravian",FALSE,"Isaac Schaffer- rush for 5 yards to the MOR30 (Antonio Bowen; Ethan O'Neill).","Jed Bendekovits rush for 6 yards to the MOR36 (Leo Dauberman)."
"20250905_9lhe",1,1,"kickoff","Concordia (Wis.)",,1,10,75,"Concordia (Wis.)",FALSE,"Dunbar,Riley kickoff 60 yards to the CUW05 Pierre,Kam'Ron return 35 yards to the CUW40 (Butcher,Basiaka) PENALTY CUW Illegal Block in Back (Weikel,Kaleb) 10 yards from CUW35 to CUW25.","No Huddle-Shotgun Funk,Roman rush middle for 6 yards gain to the CUW31 (Long,Devin)."
"20250905_9lhe",10,1,"punt_no_return","Concordia (Wis.)",58,1,10,73,"Thiel",FALSE,"Gillum,Jordan punt 31 yards to the THI27.","Logan,Deon rush left for 6 yards gain to the THI33 (Birch,Ben)."
"20250905_9lhe",14,1,"punt_with_return","Thiel",67,1,10,25,"Concordia (Wis.)",FALSE,"Cleary,Spencer punt 34 yards to the CUW33 Crowell,Nick return 42 yards to the THI25 (Cleary,Spencer).","No Huddle-Shotgun Funk,Roman pass complete short left to Lunz,Kevin caught at THI27, for 2 yards to the THI23 (Bloomfield,Chris)."
"20250905_9lhe",19,1,"field_goal_missed","Concordia (Wis.)",24,1,10,76,"Thiel",FALSE,"Klein,Nick field goal attempt from 41 yards NO GOOD (H: Waldron,Omari, LS: Ireland III,Duncan), clock 07:16.","Shotgun Howard,Na'Jier pass incomplete short middle to Fell,Joseph thrown to THI24 broken up by Lewis,Jadon."
"20250905_9lhe",23,1,"punt_with_return","Thiel",78,1,10,60,"Concordia (Wis.)",FALSE,"Cleary,Spencer punt 38 yards to the CUW40 Crowell,Nick return 0 yards to the CUW40 (Bloomfield,Chris).","No Huddle-Shotgun Thomas,Ashar rush middle for 6 yards gain to the CUW46 (Badger,Jake)."
"20250905_9lhe",31,1,"rush","Concordia (Wis.)",1,1,10,99,"Thiel",FALSE,"No Huddle-Shotgun Thomas,Ashar rush middle for 0 yards to the THI01 (Jordan,Matt; Badger,Jake), TURNOVER ON DOWNS.","Logan,Deon rush middle for 2 yards gain to the THI03 (Krych,Cole)."
"20250905_9lhe",35,1,"punt_with_return","Thiel",97,1,10,28,"Concordia (Wis.)",FALSE,"Cleary,Spencer punt 39 yards to the THI42 Leonard,Jason return 14 yards to the THI28 (Woods,Trenton; Daniel,Joshua).","No Huddle-Shotgun Funk,Roman pass complete short middle to Bradley,Jack caught at THI13, for 20 yards to the THI08 (Jordan,Matt), 1ST DOWN."
"20250905_9lhe",41,2,"pass_complete","Concordia (Wis.)",4,,,,"Thiel",TRUE,"No Huddle-Shotgun Funk,Roman pass complete short right to Leonard,Jason caught at THI00, for 4 yards to the THI00 TOUCHDOWN, clock 14:06.","Shotgun White,Jayveerh rush right for 0 yards to the THI25 (Ireland III,Duncan; Birch,Ben)."
"20250905_9lhe",43,2,"kickoff","Thiel",,1,10,75,"Thiel",FALSE,"Klein,Nick kickoff 65 yards to the THI00, Touchback.","Shotgun White,Jayveerh rush right for 0 yards to the THI25 (Ireland III,Duncan; Birch,Ben)."
"20250905_9lhe",45,2,"pass_intercepted","Thiel",75,1,10,59,"Thiel",FALSE,"Howard,Na'Jier pass intercepted by Glowicki,Devin at THI47, End Of Play, 1ST DOWN, PENALTY CUW Roughing The Passer (Dable,Logan) 15 yards from THI26 to THI41, 1ST DOWN.","Shotgun Howard,Na'Jier pass complete short left to Benjamin,Jaylen caught at THI38, for 2 yards to the THI43 (Birch,Ben; Elmore,Ricky)."
"20250905_9lhe",53,2,"rush","Thiel",43,1,10,46,"Concordia (Wis.)",FALSE,"Shotgun Thiel rush middle for 11 yards loss to the THI46, End Of Play, TURNOVER ON DOWNS.","PENALTY CUW False Start (Deleon,Ricky) 5 yards from THI46 to CUW49. NO PLAY."
"20250905_9lhe",61,2,"pass_complete","Concordia (Wis.)",4,,,,"Thiel",TRUE,"No Huddle-Shotgun Funk,Roman pass complete short left to Frederking,Samuel caught at THI01, for 4 yards to the THI00 TOUCHDOWN, clock 06:36.","Shotgun Howard,Na'Jier pass complete short right to Kershaw,CK caught at THI36, for 4 yards to the THI36 (Waldron,Omari)."
"20250905_9lhe",63,2,"kickoff","Thiel",,1,10,68,"Thiel",FALSE,"Klein,Nick kickoff 56 yards to the THI09 Kershaw,CK return 23 yards to the THI32, End Of Play.","Shotgun Howard,Na'Jier pass complete short right to Kershaw,CK caught at THI36, for 4 yards to the THI36 (Waldron,Omari)."
"20250905_9lhe",67,2,"pass_intercepted","Thiel",69,1,10,37,"Concordia (Wis.)",FALSE,"No Huddle-Shotgun Howard,Na'Jier pass intercepted by Elmore,Ricky at THI41 Elmore,Ricky return 4 yards to the THI37 (Fell,Joseph).","No Huddle-Shotgun Funk,Roman pass incomplete short right to Lunz,Kevin thrown to THI20."
"20250905_9lhe",71,2,"pass_incomplete","Concordia (Wis.)",31,1,10,69,"Thiel",FALSE,"No Huddle-Shotgun Funk,Roman pass incomplete short middle to Crowell,Nick thrown to THI25, TURNOVER ON DOWNS.","No Huddle-Shotgun White,Jayveerh rush left for 1 yard gain to the THI32 (Birch,Ben)."
"20250905_9lhe",75,2,"punt_with_return","Thiel",68,1,10,59,"Concordia (Wis.)",FALSE,"Cleary,Spencer punt 30 yards to the CUW38 Crowell,Nick return 3 yards to the CUW41 (Flock,Brandon).","No Huddle-Shotgun Thomas,Ashar rush middle for 1 yard loss to the CUW40 (Ahern,Dylan)."
"20250905_9lhe",81,2,"pass_complete","Concordia (Wis.)",19,,,,"Thiel",TRUE,"No Huddle-Shotgun Funk,Roman pass complete short left to Leonard,Jason caught at THI00, for 19 yards to the THI00 TOUCHDOWN, clock 01:14, 1ST DOWN.","No Huddle-Shotgun Howard,Na'Jier pass incomplete deep right to Dunbar,Riley thrown to CUW40."
"20250905_9lhe",83,2,"kickoff","Thiel",,1,10,66,"Thiel",FALSE,"Klein,Nick kickoff 54 yards to the THI11 White,Jayveerh return 23 yards to the THI34 (Nowotarski,Brody).","No Huddle-Shotgun Howard,Na'Jier pass incomplete deep right to Dunbar,Riley thrown to CUW40."
"20250905_9lhe",89,2,"pass_intercepted","Thiel",35,1,10,85,"Concordia (Wis.)",FALSE,"Shotgun Howard,Na'Jier pass intercepted by Glowicki,Devin at CUW15, End Of Play.","Kneel down by Concordia Wisconsin at CUW14 for loss of 1 yard."
"20250905_9lhe",91,3,"kickoff","Thiel",,1,10,72,"Thiel",FALSE,"Klein,Nick kickoff 54 yards to the THI11 White,Jayveerh return 17 yards to the THI28 (Nowotarski,Brody).","Shotgun Logan,Deon rush middle for 3 yards gain to the THI31 (Ireland III,Duncan; Krych,Cole)."
"20250905_9lhe",95,3,"punt_no_return","Thiel",70,1,10,36,"Concordia (Wis.)",FALSE,"Cleary,Spencer punt 6 yards to the THI36, out of bounds at THI36.","No Huddle-Shotgun Funk,Roman pass incomplete deep middle to Leonard,Jason thrown to THI05 PENALTY THI Pass Interference (Butcher,Basiaka) 15 yards from THI36 to THI21, 1ST DOWN. NO PLAY."
"20250905_9lhe",100,3,"field_goal_good","Concordia (Wis.)",21,,,,"Thiel",TRUE,"Klein,Nick field goal attempt from 38 yards GOOD (H: Waldron,Omari, LS: Ireland III,Duncan), clock 12:25.","Shotgun Howard,Na'Jier pass incomplete short middle to Newton,Drevon thrown to THI35."
"20250905_9lhe",101,3,"kickoff","Thiel",,1,10,70,"Thiel",FALSE,"Klein,Nick kickoff 58 yards to the THI07 White,Jayveerh return 23 yards to the THI30 (White,Bayer).","Shotgun Howard,Na'Jier pass incomplete short middle to Newton,Drevon thrown to THI35."
"20250905_9lhe",109,3,"punt_no_return","Thiel",50,1,10,93,"Concordia (Wis.)",FALSE,"Cleary,Spencer punt 33 yards to the CUW17 muffed by Leonard,Jason at CUW17 recovered by CUW Crowell,Nick at CUW07, End Of Play.","No Huddle-Shotgun Thomas,Ashar rush middle for 1 yard gain to the CUW08 (Mittner,Alexander; White,Brian)."
"20250905_9lhe",119,3,"punt_no_return","Concordia (Wis.)",42,1,10,73,"Thiel",FALSE,"Gillum,Jordan punt 15 yards to the THI27.","Shotgun Logan,Deon rush middle for 0 yards to the THI27 (Hartman,Logan)."
"20250905_9lhe",126,3,"punt_with_return","Thiel",62,1,10,57,"Concordia (Wis.)",FALSE,"Cleary,Spencer punt 32 yards to the CUW30 Crowell,Nick return 13 yards to the CUW43 (White,Brian).","No Huddle-Shotgun Funk,Roman pass complete short right to Bradley,Jack caught at CUW41, for 3 yards loss to the CUW40 (Bloomfield,Chris)."
"20250905_9lhe",138,4,"field_goal_missed","Concordia (Wis.)",27,1,10,73,"Thiel",FALSE,"Klein,Nick field goal attempt from 44 yards NO GOOD (H: Clark,Justin, LS: Ireland III,Duncan), clock 11:14, End Of Play.","Shotgun Howard,Na'Jier pass incomplete short right to Benjamin,Jaylen thrown to THI30 broken up by Weikel,Kaleb."
"20250905_9lhe",143,4,"pass_intercepted","Thiel",58,1,10,47,"Concordia (Wis.)",FALSE,"No Huddle-Shotgun Howard,Na'Jier pass intercepted by White,Bayer at CUW44 White,Bayer return 9 yards to the THI47 (Dunbar,Riley).","No Huddle-Shotgun Espinoza,Caleb rush left for 25 yards gain to the THI22 (Jordan,Matt), 1ST DOWN."
"20250905_9lhe",148,4,"field_goal_good","Concordia (Wis.)",18,,,,"Thiel",TRUE,"Klein,Nick field goal attempt from 35 yards GOOD (H: Clark,Justin, LS: Ireland III,Duncan), clock 07:54.","No Huddle-Shotgun Fell,Joseph pass complete short middle to Benjamin,Jaylen caught at THI43, for 28 yards to the CUW28 (Roseman,Brock; White,Bayer), 1ST DOWN."
"20250905_9lhe",149,4,"kickoff","Thiel",,1,10,56,"Thiel",FALSE,"Klein,Nick kickoff 59 yards to the THI06 White,Jayveerh return 38 yards to the THI44 (Klein,Nick; Roseman,Brock).","No Huddle-Shotgun Fell,Joseph pass complete short middle to Benjamin,Jaylen caught at THI43, for 28 yards to the CUW28 (Roseman,Brock; White,Bayer), 1ST DOWN."
"20250905_9lhe",152,4,"pass_intercepted","Thiel",20,1,10,98,"Concordia (Wis.)",FALSE,"No Huddle-Shotgun Fell,Joseph pass intercepted by Weikel,Kaleb at CUW02, End Of Play.","PENALTY CUW False Start (Sanders,Kam) 1 yard from CUW02 to CUW01. NO PLAY."
"20250905_9lhe",157,4,"pass_incomplete","Concordia (Wis.)",99,1,1,1,"Thiel",FALSE,"No Huddle Clark,Justin pass incomplete short middle to Watson Jr.,Victor thrown to CUW02, TURNOVER ON DOWNS.","No Huddle-Shotgun Logan,Deon rush middle for 1 yard gain to the CUW00 TOUCHDOWN, clock 05:10."
"20250905_9lhe",158,4,"rush","Thiel",1,,,,"Concordia (Wis.)",TRUE,"No Huddle-Shotgun Logan,Deon rush middle for 1 yard gain to the CUW00 TOUCHDOWN, clock 05:10.","No Huddle-Shotgun Hinton,Jerome rush middle for 2 yards loss to the CUW37 (Bloomfield,Chris)."
"20250905_9lhe",160,4,"kickoff","Concordia (Wis.)",,1,10,61,"Concordia (Wis.)",FALSE,"Fell,Joseph kickoff 26 yards to the CUW39 Crowell,Nick return 0 yards to the CUW39, End Of Play.","No Huddle-Shotgun Hinton,Jerome rush middle for 2 yards loss to the CUW37 (Bloomfield,Chris)."
"20250905_9lhe",164,4,"punt_no_return","Concordia (Wis.)",64,1,10,63,"Thiel",FALSE,"Gillum,Jordan punt 27 yards to the THI37 fair catch by Kershaw,CK at THI37.","No Huddle-Shotgun Fell,Joseph pass complete short middle to Kershaw,CK caught at THI40, for 6 yards to the THI43 (Ireland III,Duncan)."
"20250905_9lhe",173,4,"pass_incomplete","Thiel",44,1,10,56,"Concordia (Wis.)",FALSE,"No Huddle-Shotgun Fell,Joseph pass incomplete short middle to Kreais,Adam thrown to CUW32, TURNOVER ON DOWNS.","No Huddle-Shotgun Espinoza,Caleb rush middle for 1 yard gain to the CUW45 (Badger,Jake; Davis,Nayshaun)."
"20250905_9opj",1,1,"kickoff","McDaniel",,1,10,72,"McDaniel",FALSE,"Brenner,Kieran kickoff 62 yards to the MCD03 Smith,David return 25 yards to the MCD28 (Comstock,Kyle).","No Huddle-Shotgun Cobbs,Micajah rush right for 1 yard gain to the MCD29 (Chromy,Evan)."
"20250905_9opj",12,1,"punt_no_return","McDaniel",66,1,10,61,"Catholic",FALSE,"Fritz,Braden punt 27 yards to the CATHU39, out of bounds at CATHU39.","Shotgun McBride,Brady pass complete short to Henry,Nole caught at CATHU47, for 16 yards to the MCD45 (Koehler,Jake), 1ST DOWN."
"20250905_9opj",21,1,"pass_complete","Catholic",15,,,,"McDaniel",TRUE,"No Huddle-Shotgun McBride,Brady pass complete short middle to Chrebet,Cade caught at MCD00, for 15 yards to the MCD00 TOUCHDOWN, clock 05:23, 1ST DOWN.","No Huddle-Shotgun Booker,Jayden pass complete short left to Wendel,Grayson caught at MCD34, for 7 yards to the MCD36 (Donnelly,Tyler)."
"20250905_9opj",23,1,"kickoff","McDaniel",,1,10,71,"McDaniel",FALSE,"Brenner,Kieran kickoff 59 yards to the MCD06 Smith,David return 23 yards to the MCD29 (Brenner,Kieran; Donnelly,Tyler).","No Huddle-Shotgun Booker,Jayden pass complete short left to Wendel,Grayson caught at MCD34, for 7 yards to the MCD36 (Donnelly,Tyler)."
"20250905_9opj",29,1,"punt_no_return","McDaniel",58,1,10,70,"Catholic",FALSE,"Fritz,Braden punt 28 yards to the CATHU30, out of bounds at CATHU30.","No Huddle-Shotgun Harvin,Daequan rush middle for 7 yards gain to the CATHU37 (Williams,Kendrick)."
"20250905_9opj",36,2,"pass_intercepted","Catholic",42,1,10,68,"McDaniel",FALSE,"McBride,Brady pass intercepted by Murphy,Malachi at MCD21 Murphy,Malachi return 11 yards to the MCD32 (Maynes,John).","PENALTY MCD False Start (Morrissey,James) 5 yards from MCD32 to MCD27. NO PLAY."
"20250905_9opj",48,2,"punt_no_return","McDaniel",43,1,10,80,"Catholic",FALSE,"Fritz,Braden punt 43 yards to the CATHU00, Touchback.","McBride,Brady pass complete deep to Chrebet,Cade caught at CATHU41, for 44 yards to the MCD36 (Murphy,Malachi), 1ST DOWN."
"20250905_9opj",53,2,"pass_intercepted","Catholic",32,1,10,72,"McDaniel",FALSE,"Shotgun McBride,Brady pass intercepted by Williams,Kendrick at MCD25 Williams,Kendrick return 75 yards to the CATHU00 TOUCHDOWN nullified by penalty, clock 06:08 PENALTY MCD Illegal Block in Back (Murphy,Malachi) 15 yards from MCD43 to MCD28.","No Huddle-Shotgun Booker,Jayden pass complete short right to Wendel,Grayson caught at MCD27, for 4 yards to the MCD32 (Dumas,Samuel)."
"20250905_9opj",57,2,"punt_no_return","McDaniel",72,1,10,80,"Catholic",FALSE,"Fritz,Braden punt 52 yards to the CATHU20.","Shotgun Harvin,Daequan rush middle for 9 yards gain to the CATHU29 (Murphy,Malachi)."
"20250905_9opj",61,2,"punt_no_return","Catholic",72,1,10,75,"McDaniel",FALSE,"Brenner,Kieran punt 47 yards to the MCD25.","No Huddle-Shotgun Booker,Jayden pass complete short left to Marsh,Logan caught at MCD30, for 5 yards to the MCD30 (Aliaskari,Omid), out of bounds."
"20250905_9opj",63,2,"pass_intercepted","McDaniel",70,1,10,35,"Catholic",FALSE,"No Huddle-Shotgun Booker,Jayden pass intercepted by Donnelly,Tyler at MCD48 Donnelly,Tyler return 13 yards to the MCD35 (Morrissey,James), out of bounds.","Shotgun McBride,Brady rush right for 0 yards to the MCD35 (Hensley,Michael)."
"20250905_9opj",68,2,"punt_no_return","Catholic",44,1,10,99,"McDaniel",FALSE,"punt 43 yards to the MCD01, out of bounds at MCD01 PENALTY MCD Block Below Waist.","No Huddle-Shotgun Booker,Jayden rush right for 5 yards gain to the MCD06 (Chromy,Evan), out of bounds."
"20250905_9opj",71,3,"kickoff","Catholic",,1,10,65,"Catholic",FALSE,"Fritz,Braden kickoff 44 yards to the CATHU21 Smith,Chris return 14 yards to the CATHU35 (Bolden,Bernard; Evans,Donte).","Shotgun Harvin,Daequan rush right for 19 yards gain to the MCD46 (Williams,Kendrick), 1ST DOWN."
"20250905_9opj",78,3,"pass_intercepted","Catholic",26,1,10,80,"McDaniel",FALSE,"Shotgun McBride,Brady pass intercepted by Wilson,Chris at MCD13 Wilson,Chris return 7 yards to the MCD20 (Chrebet,Cade).","No Huddle-Shotgun James,Cordae rush right for 2 yards gain to the MCD22 (Williams,Zamarion; McGowan,Daniel)."
"20250905_9opj",87,3,"rush","McDaniel",1,,,,"Catholic",TRUE,"No Huddle-Shotgun Booker,Jayden rush left for 1 yard gain to the CATHU00 TOUCHDOWN, clock 06:48.","Shotgun Harvin,Daequan rush middle for 1 yard gain to the CATHU31 (Wendel,Lincoln)."
"20250905_9opj",89,3,"kickoff","Catholic",,1,10,70,"Catholic",FALSE,"Fritz,Braden kickoff 58 yards to the CATHU07 Smith,Chris return 23 yards to the CATHU30 (Wheeler,Ryan; Smith,David).","Shotgun Harvin,Daequan rush middle for 1 yard gain to the CATHU31 (Wendel,Lincoln)."
"20250905_9opj",94,3,"punt_no_return","Catholic",70,1,10,92,"McDaniel",FALSE,"Brenner,Kieran punt 62 yards to the MCD08.","No Huddle-Shotgun Cobbs,Micajah rush left for 13 yards gain to the MCD21, End Of Play, 1ST DOWN."
"20250905_9opj",101,3,"pass_incomplete","McDaniel",6,1,10,94,"Catholic",FALSE,"No Huddle-Shotgun Booker,Jayden pass incomplete short left to Young,Jalen thrown to CATHU00, TURNOVER ON DOWNS.","Comstock,Kyle rush middle for 0 yards to the CATHU06 (Hensley,Michael; Wolf,Connor)."
"20250905_9opj",105,3,"punt_with_return","Catholic",90,1,10,77,"McDaniel",FALSE,"Brenner,Kieran punt 35 yards to the CATHU45 Smith,David return for loss of 17 yards to the MCD38, End Of Play PENALTY MCD Blocking Out Of Bounds (Homer,Christian) 15 yards from MCD38 to MCD23.","No Huddle-Shotgun Wagner,Jacob rush left for 3 yards gain to the MCD26 (Islami,Eric)."
"20250905_9opj",109,4,"punt_no_return","McDaniel",75,1,10,73,"Catholic",FALSE,"Fritz,Braden punt 48 yards to the CATHU27.","Shotgun Smith,Chris rush right for 2 yards loss to the CATHU25 (Wolf,Connor) PENALTY MCD Horse Collar Tackle (Wolf,Connor) 15 yards from CATHU27 to CATHU42, 1ST DOWN. NO PLAY."
"20250905_9opj",119,4,"punt_no_return","Catholic",39,1,10,80,"McDaniel",FALSE,"Brenner,Kieran punt 39 yards to the MCD00, Touchback.","No Huddle-Shotgun Booker,Jayden pass complete short left to Marsh,Logan caught at MCD26, for 5 yards to the MCD25 (Donnelly,Tyler)."
"20250905_9opj",125,4,"punt_no_return","McDaniel",58,1,10,96,"Catholic",FALSE,"Fritz,Braden punt 54 yards to the CATHU04.","Shotgun Smith,Chris rush left for 10 yards gain to the CATHU14 (Chapman Jr,Montez), 1ST DOWN."
"20250905_9opj",141,4,"kickoff","McDaniel",,,,,,FALSE,"Brenner,Kieran kickoff 45 yards to the MCD20 Homer,Christian return for loss of 7 yards to the MCD13 lateral to Harper,Jordan for 0 yards to the MCD13 (Donnelly,Tyler).",
"20250905_j032",1,1,"kickoff","Ursinus",,1,10,75,"Ursinus",FALSE,"Thomas,Gage kickoff 65 yards to the Bears00, Touchback.","No Huddle-Shotgun Bernard,Jason rush middle for 11 yards gain to the Bears36 (Terrell,Michael), 1ST DOWN."
"20250905_j032",9,1,"pass_complete","Ursinus",4,,,,"Alvernia",TRUE,"No Huddle-Shotgun Machado,Tristan pass complete short right to House,Cody caught at Wolves05, for 4 yards to the Wolves00 TOUCHDOWN, clock 10:19.","No Huddle-Shotgun Jones,Ozmere rush left for 6 yards gain to the Wolves21 (Ziegler,Jake)."
"20250905_j032",11,1,"kickoff","Alvernia",,1,10,85,"Alvernia",FALSE,"Carr,Jordan kickoff 65 yards to the Wolves00 Smullen,Zakai return 15 yards to the Wolves15 (Lawson,Tim; Ratcliffe,Will).","No Huddle-Shotgun Jones,Ozmere rush left for 6 yards gain to the Wolves21 (Ziegler,Jake)."
"20250905_j032",17,1,"pass_intercepted","Alvernia",72,1,10,21,"Ursinus",FALSE,"No Huddle-Shotgun Randall,Jaden pass intercepted by Robinson,Kendall at Bears45 Robinson,Kendall return 34 yards to the Wolves21 (Jones,Ozmere; Manigo,Zacai).","No Huddle-Shotgun Machado,Tristan pass complete short middle to Jones,Brooklyn caught at Wolves18, for 14 yards to the Wolves07 (Piavis,McCabe; Walker,Dante), 1ST DOWN."
"20250905_j032",21,1,"pass_complete","Ursinus",5,,,,"Alvernia",TRUE,"No Huddle-Shotgun Machado,Tristan pass complete short left to Roberts-Jackson,Markel caught at Wolves00, for 5 yards to the Wolves00 TOUCHDOWN, clock 06:08.","No Huddle-Shotgun Simmons,Andrew rush middle for 2 yards gain to the Wolves37 (Rios,Aaron; Ziegler,Jake)."
"20250905_j032",23,1,"kickoff","Alvernia",,1,10,65,"Alvernia",FALSE,"Carr,Jordan kickoff 61 yards to the Wolves04, out of bounds at Wolves04.","No Huddle-Shotgun Simmons,Andrew rush middle for 2 yards gain to the Wolves37 (Rios,Aaron; Ziegler,Jake)."
"20250905_j032",27,1,"punt_with_return","Alvernia",62,1,10,54,"Ursinus",FALSE,"D'Angnese,Marco punt 35 yards to the Bears27 Donahue,Aidan return 19 yards to the Bears46 (DiGregorio,Tommy).","No Huddle-Shotgun Jones,Brooklyn rush middle for 11 yards gain to the Wolves43 (Walker,Dante), 1ST DOWN."
"20250905_j032",30,1,"rush","Ursinus",25,,,,"Alvernia",TRUE,"No Huddle-Shotgun Jones,Brooklyn rush middle for 25 yards gain to the Wolves00 TOUCHDOWN, clock 02:52, 1ST DOWN.","No Huddle-Shotgun Randall,Jaden rush middle for 3 yards gain to the Wolves35 (Spinosa,Sean; Ziegler,Jake)."
"20250905_j032",32,1,"kickoff","Alvernia",,1,10,68,"Alvernia",FALSE,"Carr,Jordan kickoff 65 yards to the Wolves00 Smullen,Zakai return 32 yards to the Wolves32 (Clarke,D.J.; McAuliffe,Tavian), out of bounds.","No Huddle-Shotgun Randall,Jaden rush middle for 3 yards gain to the Wolves35 (Spinosa,Sean; Ziegler,Jake)."
"20250905_j032",42,2,"field_goal_good","Alvernia",25,,,,"Ursinus",TRUE,"Thomas,Gage field goal attempt from 42 yards GOOD (H: D'Angnese,Marco, LS: Haddock,Aidan), clock 13:06.","No Huddle-Shotgun Bernard,Jason rush middle for 11 yards gain to the Bears41 (Neals,Jyleen; Young,Shawn), 1ST DOWN."
"20250905_j032",43,2,"kickoff","Ursinus",,1,10,70,"Ursinus",FALSE,"Thomas,Gage kickoff 63 yards to the Bears02 Barnes,Keigan return 28 yards to the Bears30 (Thomas,Gage), out of bounds.","No Huddle-Shotgun Bernard,Jason rush middle for 11 yards gain to the Bears41 (Neals,Jyleen; Young,Shawn), 1ST DOWN."
"20250905_j032",50,2,"pass_complete","Ursinus",27,,,,"Alvernia",TRUE,"No Huddle-Shotgun Machado,Tristan pass complete deep middle to Zulkowski,Ryder caught at Wolves02, for 27 yards to the Wolves00 TOUCHDOWN, clock 09:46, 1ST DOWN.","No Huddle-Shotgun Stanfield,Jayden rush middle for 1 yard loss to the Wolves19 (Rios,Aaron)."
"20250905_j032",52,2,"kickoff","Alvernia",,1,10,80,"Alvernia",FALSE,"Carr,Jordan kickoff 63 yards to the Wolves02 Smullen,Zakai return 18 yards to the Wolves20 (Zigbuo,Andy).","No Huddle-Shotgun Stanfield,Jayden rush middle for 1 yard loss to the Wolves19 (Rios,Aaron)."
"20250905_j032",55,2,"pass_intercepted","Alvernia",81,1,5,5,"Ursinus",FALSE,"No Huddle-Shotgun Randall,Jaden pass intercepted by Agar,Matt at Wolves15 QB hurried by Rios,Aaron Agar,Matt return 10 yards to the Wolves05 (Simmons,Andrew).","No Huddle-Shotgun Bernard,Jason rush middle for 1 yard loss to the Wolves06 (Grant,Davon; Thompson,Eli)."
"20250905_j032",60,2,"rush","Ursinus",2,,,,"Alvernia",TRUE,"No Huddle-Shotgun Bernard,Jason rush left for 2 yards gain to the Wolves00 TOUCHDOWN, clock 07:05.","No Huddle-Shotgun Viccharelli,Dante rush left for 10 yards gain to the Wolves38 (Ziegler,Jake), out of bounds, 1ST DOWN."
"20250905_j032",62,2,"kickoff","Alvernia",,1,10,72,"Alvernia",FALSE,"Carr,Jordan kickoff 64 yards to the Wolves01 Manigo,Zacai return 27 yards to the Wolves28 (Rankins,Ky'iere; Carr,Jordan).","No Huddle-Shotgun Viccharelli,Dante rush left for 10 yards gain to the Wolves38 (Ziegler,Jake), out of bounds, 1ST DOWN."
"20250905_j032",67,2,"punt_with_return","Alvernia",61,1,10,71,"Ursinus",FALSE,"D'Angnese,Marco punt 36 yards to the Bears25 Donahue,Aidan return 4 yards to the Bears29 (DiGregorio,Tommy).","No Huddle-Shotgun Machado,Tristan pass incomplete short middle to Halloran,Jack thrown to Bears32."
"20250905_j032",75,2,"punt_with_return","Ursinus",52,1,10,95,"Alvernia",FALSE,"Carr,Jordan punt 42 yards to the Wolves10 Smullen,Zakai return 0 yards to the Wolves10 (Zigbuo,Andy; Turber-Ortiz,Ethan) PENALTY Wolves UNR: Unnecessary Roughness (Smullen,Zakai) 5 yards from Wolves10 to Wolves05.","No Huddle-Shotgun Randall,Jaden pass complete short left to Stanfield,Jayden caught at Wolves13, for 8 yards to the Wolves13, End Of Play."
"20250905_j032",91,2,"kickoff","Ursinus",,,,,,FALSE,"Thomas,Gage kickoff 64 yards to the Bears01 Barnes,Keigan return 32 yards to the Bears33 (Young,Chase), out of bounds.",
"20250905_j032",92,3,"kickoff","Alvernia",,1,10,85,"Alvernia",FALSE,"Carr,Jordan kickoff 64 yards to the Wolves01 Davis,David return 24 yards to the Wolves25 (Ratcliffe,Will) PENALTY Wolves Holding 10 yards from Wolves25 to Wolves15.","No Huddle-Shotgun Jones,Ozmere rush middle for 3 yards gain to the Wolves18 (Saenz,Manny)."
"20250905_j032",99,3,"punt_with_return","Alvernia",70,1,10,59,"Ursinus",FALSE,"D'Angnese,Marco punt 34 yards to the Bears36 Donahue,Aidan return 5 yards to the Bears41 (DiGregorio,Tommy).","No Huddle-Shotgun Jones,Brooklyn rush left for 2 yards loss to the Bears39 (Piavis,McCabe)."
"20250905_j032",106,3,"rush","Ursinus",4,,,,"Alvernia",TRUE,"No Huddle-Shotgun Bernard,Jason rush middle for 4 yards gain to the Wolves00 TOUCHDOWN, clock 08:59.","No Huddle-Shotgun Simmons,Andrew rush middle for 4 yards gain to the Wolves19 (Strusowski,Nick; Agar,Matt)."
"20250905_j032",108,3,"kickoff","Alvernia",,1,10,85,"Alvernia",FALSE,"Carr,Jordan kickoff 65 yards to the Wolves00 Davis,David return 15 yards to the Wolves15 (Lawson,Tim; Megee,Taylor).","No Huddle-Shotgun Simmons,Andrew rush middle for 4 yards gain to the Wolves19 (Strusowski,Nick; Agar,Matt)."
"20250905_j032",112,3,"punt_with_return","Alvernia",81,1,10,48,"Ursinus",FALSE,"D'Angnese,Marco punt 36 yards to the Bears45 Donahue,Aidan return 7 yards to the Wolves48 (Young,Chase).","No Huddle-Shotgun Machado,Tristan pass incomplete deep right to Roselle,Aidan thrown to Wolves01."
"20250905_j032",116,3,"rush","Ursinus",44,1,10,60,"Alvernia",FALSE,"No Huddle Carr,Jordan rush left for 4 yards gain to the Wolves40 (Anderson,Kashantis), TURNOVER ON DOWNS.","No Huddle-Shotgun Jones,Ozmere rush left for 6 yards gain to the Wolves46 (Zigbuo,Andy)."
"20250905_j032",130,3,"rush","Alvernia",2,,,,"Ursinus",TRUE,"No Huddle-Shotgun Viccharelli,Dante rush middle for 2 yards gain to the Bears00 TOUCHDOWN, clock 01:04.","No Huddle-Shotgun Bernard,Jason rush middle for 5 yards gain to the Bears38 (Young,Shawn)."
"20250905_j032",132,3,"kickoff","Ursinus",,1,10,67,"Ursinus",FALSE,"Thomas,Gage kickoff 57 yards to the Bears08 Barnes,Keigan return 25 yards to the Bears33 (Furman,Nassire), out of bounds.","No Huddle-Shotgun Bernard,Jason rush middle for 5 yards gain to the Bears38 (Young,Shawn)."
"20250905_j032",139,4,"punt_with_return","Ursinus",57,1,10,69,"Alvernia",FALSE,"Carr,Jordan punt 39 yards to the Wolves18 Davis,David return 13 yards to the Wolves31 (Megee,Taylor).","No Huddle-Shotgun Viccharelli,Dante rush middle for 2 yards gain to the Wolves33 (Agar,Matt)."
"20250905_j032",146,4,"pass_incomplete","Alvernia",40,1,10,60,"Ursinus",FALSE,"No Huddle-Shotgun Viccharelli,Dante pass incomplete short middle to Whitlow,Treson thrown to Bears30, TURNOVER ON DOWNS.","No Huddle-Shotgun Machado,Tristan pass complete short left to Donahue,Aidan caught at Bears44, for 12 yards to the Wolves48 (Young Garnett,Jyahdin; Young,Shawn), 1ST DOWN."
"20250905_j032",151,4,"punt_no_return","Ursinus",43,1,10,90,"Alvernia",FALSE,"Carr,Jordan punt 33 yards to the Wolves10 fair catch by Davis,David at Wolves10.","No Huddle-Shotgun Jones,Ozmere rush middle for 2 yards gain to the Wolves12 (Robinson,Kendall)."
"20250905_j032",157,4,"pass_intercepted","Alvernia",74,1,10,29,"Ursinus",FALSE,"No Huddle-Shotgun Viccharelli,Dante pass intercepted by Agar,Matt at Wolves35 Agar,Matt return 6 yards to the Wolves29 (Stanfield,Jayden).","No Huddle-Shotgun Barnes,Keigan rush right for 1 yard loss to the Wolves30 (Burrus,Ta'Jier)."
"20250905_j032",164,4,"pass_complete","Ursinus",12,1,10,90,"Alvernia",FALSE,"No Huddle-Shotgun Paturzo,Alan pass complete short left to Manley,Sean caught at Wolves15, for 2 yards to the Wolves10 (Young,Shawn), TURNOVER ON DOWNS.","No Huddle-Shotgun Viccharelli,Dante pass incomplete short left to Manigo,Zacai thrown to Wolves18."
"20250905_j032",176,4,"rush","Alvernia",15,,,,,FALSE,"No Huddle-Shotgun Gonzalez,JJ rush right for 11 yards gain to the Bears04 (Lawson,Tim), out of bounds, TURNOVER ON DOWNS.",
"20250905_jdn4",1,1,"kickoff",,,1,10,71,"Randolph-Macon",FALSE,"Dickinson wins toss and will kickoff; RMC will defend South end-zone.","Shotgun Johnson,Mitchell rush middle for 15 yards gain to the RMCFB44 (Barnes,Chris), 1ST DOWN."
"20250905_jdn4",2,1,"kickoff","Randolph-Macon",,1,10,71,"Randolph-Macon",FALSE,"Nahon,Eliott kickoff 57 yards to the RMCFB08 Ross,Gracyn return 21 yards to the RMCFB29 (Boyer,Kellen).","Shotgun Johnson,Mitchell rush middle for 15 yards gain to the RMCFB44 (Barnes,Chris), 1ST DOWN."
"20250905_jdn4",4,1,"pass_intercepted","Randolph-Macon",56,1,10,47,"Dickinson",FALSE,"Shotgun Casciola,Dante pass intercepted by Barnes,Chris at RMCFB47, End Of Play.","Shotgun Klassen,Ben pass complete short right to Campbell,Keesean caught at DCFB50, for 2 yards to the RMCFB45, out of bounds at RMCFB45."
"20250905_jdn4",7,1,"pass_intercepted","Dickinson",45,1,10,68,"Randolph-Macon",FALSE,"No Huddle-Shotgun Klassen,Ben pass intercepted by Daniel,Christian at RMCFB32, End Of Play.","Johnson,Mitchell rush middle for 6 yards gain to the RMCFB38 (Orzolek,Sam)."
"20250905_jdn4",13,1,"punt_no_return","Randolph-Macon",56,1,10,80,"Dickinson",FALSE,"Etz,Jordan punt 56 yards to the DCFB00, Touchback.","Shotgun Klassen,Ben pass incomplete short middle to White,Braden thrown to DCFB20 broken up by Eliasek,Daniel."
"20250905_jdn4",23,1,"punt_no_return","Dickinson",57,1,10,76,"Randolph-Macon",FALSE,"Furlong,Michael punt 33 yards to the RMCFB24.","Shotgun Johnson,Mitchell rush middle for 1 yard gain to the RMCFB25 (Devlin,Julien)."
"20250905_jdn4",27,1,"punt_with_return","Randolph-Macon",68,1,10,71,"Dickinson",FALSE,"Etz,Jordan punt 45 yards to the DCFB23 Schmidt,Kevin return 6 yards to the DCFB29 (Currie,Jackson; Mankin,Quentin).","No Huddle-Shotgun Klassen,Ben pass incomplete short right to Fjeldseth,Frederik thrown to DCFB32 QB hurried by Watson,Brandon."
"20250905_jdn4",32,1,"punt_no_return","Dickinson",81,1,10,48,"Randolph-Macon",FALSE,"Furlong,Michael punt 29 yards to the DCFB48.","Shotgun Chatmon,Cameron rush middle for 2 yards gain to the DCFB46 (Couvertiere,Sean)."
"20250905_jdn4",42,2,"rush","Randolph-Macon",1,1,10,98,"Dickinson",FALSE,"Johnson,Mitchell rush right for 1 yard loss to the DCFB02 (Acuna,Joaquin), TURNOVER ON DOWNS.","Shotgun Benning III,Cedric rush middle for 9 yards gain to the DCFB11 (Biddle,Alex; Mankin,Quentin)."
"20250905_jdn4",45,2,"rush","Dickinson",89,1,10,11,"Randolph-Macon",FALSE,"No Huddle-Shotgun Del Re,Giovanni rush middle for 0 yards to the DCFB11 fumbled by Del Re,Giovanni at DCFB11 forced by Watson,Brandon recovered by RMCFB Mankin,Quentin at DCFB11, End Of Play.","(11:25) Shotgun Chatmon,Cameron rush right for 4 yards gain to the DCFB07 (Acuna,Joaquin)."
"20250905_jdn4",47,2,"rush","Randolph-Macon",7,,,,"Dickinson",TRUE,"Shotgun Qadri,Basit rush right for 7 yards gain to the DCFB00 TOUCHDOWN, clock 10:38, 1ST DOWN.","Shotgun Sorensen,Dane rush right for 1 yard gain to the DCFB28 (Daniel,Christian)."
"20250905_jdn4",49,2,"kickoff","Dickinson",,1,10,73,"Dickinson",FALSE,"Graham,Tyler kickoff 60 yards to the DCFB05 Campbell,Keesean return 22 yards to the DCFB27 (Biddle,Alex).","Shotgun Sorensen,Dane rush right for 1 yard gain to the DCFB28 (Daniel,Christian)."
"20250905_jdn4",51,2,"pass_intercepted","Dickinson",72,,,,"Dickinson",TRUE,"Shotgun Klassen,Ben pass intercepted by Watson,Brandon at DCFB31 QB hurried by Kinloch,Brady Watson,Brandon return 31 yards to the DCFB00 TOUCHDOWN, clock 09:46.","Shotgun Benning III,Cedric rush left for 3 yards gain to the DCFB30 (Eliasek,Daniel; Mills,Zekhi)."
"20250905_jdn4",53,2,"kickoff","Dickinson",,1,10,73,"Dickinson",FALSE,"Graham,Tyler kickoff 50 yards to the DCFB15 Campbell,Keesean return 12 yards to the DCFB27 (Currie,Jackson), out of bounds.","Shotgun Benning III,Cedric rush left for 3 yards gain to the DCFB30 (Eliasek,Daniel; Mills,Zekhi)."
"20250905_jdn4",62,2,"pass_complete","Dickinson",23,,,,"Randolph-Macon",TRUE,"No Huddle-Shotgun Klassen,Ben pass complete deep middle to Fjeldseth,Frederik caught at RMCFB00, for 23 yards to the RMCFB00 TOUCHDOWN, clock 05:45, 1ST DOWN.","Shotgun Johnson,Mitchell rush middle for 5 yards gain to the DCFB22 (Orzolek,Sam)."
"20250905_jdn4",64,2,"kickoff","Randolph-Macon",,1,10,27,"Randolph-Macon",FALSE,"Nahon,Eliott kickoff 63 yards to the RMCFB02 Ross,Gracyn return 71 yards to the DCFB27 (Pedall,Patrick).","Shotgun Johnson,Mitchell rush middle for 5 yards gain to the DCFB22 (Orzolek,Sam)."
"20250905_jdn4",68,2,"rush","Randolph-Macon",1,,,,"Dickinson",TRUE,"Shotgun Johnson,Mitchell rush middle for 1 yard gain to the DCFB00 TOUCHDOWN, clock 03:53.","No Huddle-Shotgun Klassen,Ben pass intercepted by Daniel,Christian at DCFB42 Daniel,Christian return 6 yards to the DCFB36 (Benning III,Cedric; Schmidt,Kevin)."
"20250905_jdn4",70,2,"kickoff","Dickinson",,1,10,73,"Dickinson",FALSE,"Graham,Tyler kickoff 63 yards to the DCFB02 Campbell,Keesean return 25 yards to the DCFB27 (Biddle,Alex).","No Huddle-Shotgun Klassen,Ben pass intercepted by Daniel,Christian at DCFB42 Daniel,Christian return 6 yards to the DCFB36 (Benning III,Cedric; Schmidt,Kevin)."
"20250905_jdn4",71,2,"pass_intercepted","Dickinson",73,1,10,36,"Randolph-Macon",FALSE,"No Huddle-Shotgun Klassen,Ben pass intercepted by Daniel,Christian at DCFB42 Daniel,Christian return 6 yards to the DCFB36 (Benning III,Cedric; Schmidt,Kevin).","Shotgun James,DJ rush right for 13 yards gain to the DCFB23 (Ryan,Will), out of bounds, 1ST DOWN."
"20250905_jdn4",79,2,"rush","Randolph-Macon",1,,,,"Dickinson",TRUE,"Shotgun Johnson,Mitchell rush middle for 1 yard gain to the DCFB00 TOUCHDOWN, clock 00:30.","No Huddle-Shotgun Klassen,Ben pass incomplete short middle to Mittendorfer,Moritz thrown to RMCFB32 PENALTY RMCFB Personal Foul (Kinloch,Brady) 15 yards from RMCFB46 to RMCFB31, 1ST DOWN. NO PLAY."
"20250905_jdn4",81,2,"kickoff","Dickinson",,1,10,46,"Dickinson",FALSE,"Graham,Tyler kickoff 49 yards to the DCFB16 Campbell,Keesean return 38 yards to the RMCFB46 (Graham,Tyler), out of bounds.","No Huddle-Shotgun Klassen,Ben pass incomplete short middle to Mittendorfer,Moritz thrown to RMCFB32 PENALTY RMCFB Personal Foul (Kinloch,Brady) 15 yards from RMCFB46 to RMCFB31, 1ST DOWN. NO PLAY."
"20250905_jdn4",85,2,"rush","Dickinson",10,,,,,FALSE,"No Huddle-Shotgun Klassen,Ben rush right for 10 yards gain to the RMCFB00 fumbled by Klassen,Ben at RMCFB01 forced by Eliasek,Daniel recovered by RMCFB Daniel,Christian at RMCFB00, Touchback.",
"20250905_jdn4",86,3,"kickoff","Dickinson",,1,10,56,"Dickinson",FALSE,"RMC will kickoff; DCC will defend North end-zone.","Shotgun Benning III,Cedric rush middle for 1 yard loss to the DCFB43 (Acheampong,Jeffrey)."
"20250905_jdn4",87,3,"kickoff","Dickinson",,1,10,56,"Dickinson",FALSE,"Graham,Tyler kickoff 60 yards to the DCFB05 Schmidt,Kevin return 39 yards to the DCFB44 (Ryman,Andrew).","Shotgun Benning III,Cedric rush middle for 1 yard loss to the DCFB43 (Acheampong,Jeffrey)."
"20250905_jdn4",93,3,"pass_incomplete","Dickinson",35,1,10,65,"Randolph-Macon",FALSE,"No Huddle-Shotgun Klassen,Ben pass incomplete short right to Boyer,Kellen thrown to RMCFB30, TURNOVER ON DOWNS.","Shotgun Casciola,Dante pass complete short right to Qadri,Basit caught at RMCFB43, for 8 yards to the RMCFB43 (Pedall,Patrick)."
"20250905_jdn4",102,3,"pass_complete","Randolph-Macon",23,,,,"Dickinson",TRUE,"Shotgun Casciola,Dante pass complete deep right to Qadri,Basit caught at DCFB00, for 23 yards to the DCFB00 TOUCHDOWN, clock 06:36, 1ST DOWN, PENALTY DCFB Offside declined.","Shotgun Campbell,Keesean rush middle for 65 yards gain to the RMCFB00 TOUCHDOWN, clock 06:23, 1ST DOWN."
"20250905_jdn4",104,3,"kickoff","Dickinson",,1,10,65,"Dickinson",FALSE,"Graham,Tyler kickoff 55 yards to the DCFB10, out of bounds at DCFB10.","Shotgun Campbell,Keesean rush middle for 65 yards gain to the RMCFB00 TOUCHDOWN, clock 06:23, 1ST DOWN."
"20250905_jdn4",105,3,"rush","Dickinson",65,,,,"Randolph-Macon",TRUE,"Shotgun Campbell,Keesean rush middle for 65 yards gain to the RMCFB00 TOUCHDOWN, clock 06:23, 1ST DOWN.","James,DJ rush left for 26 yards gain to the RMCFB44 (Barnes,Chris), out of bounds PENALTY RMCFB Illegal Formation (Casciola,Dante) 5 yards from RMCFB18 to RMCFB13. NO PLAY."
"20250905_jdn4",107,3,"kickoff","Randolph-Macon",,1,10,82,"Randolph-Macon",FALSE,"Nahon,Eliott kickoff 61 yards to the RMCFB04 Ross,Gracyn return 14 yards to the RMCFB18 (Ryan,Will).","James,DJ rush left for 26 yards gain to the RMCFB44 (Barnes,Chris), out of bounds PENALTY RMCFB Illegal Formation (Casciola,Dante) 5 yards from RMCFB18 to RMCFB13. NO PLAY."
"20250905_jdn4",117,3,"pass_complete","Randolph-Macon",26,,,,"Dickinson",TRUE,"Shotgun Casciola,Dante pass complete short middle to Moore,Jason caught at DCFB09, for 26 yards to the DCFB00 TOUCHDOWN, clock 00:13, 1ST DOWN.","Shotgun Sorensen,Dane rush right for 1 yard gain to the DCFB11 (Kyger,Jacob)."
"20250905_jdn4",119,3,"kickoff","Dickinson",,1,10,90,"Dickinson",FALSE,"Graham,Tyler kickoff 61 yards to the DCFB04 Campbell,Keesean return 16 yards to the DCFB20 (Kyger,Jacob) PENALTY DCFB Holding (Mulholland,Jimmy) 10 yards from DCFB20 to DCFB10.","Shotgun Sorensen,Dane rush right for 1 yard gain to the DCFB11 (Kyger,Jacob)."
"20250905_jdn4",124,4,"pass_complete","Dickinson",21,,,,"Randolph-Macon",TRUE,"No Huddle-Shotgun Klassen,Ben pass complete deep right to Friebel,Leon caught at RMCFB00, for 21 yards to the RMCFB00 TOUCHDOWN, clock 13:06, 1ST DOWN.","Shotgun Casciola,Dante pass incomplete short middle to Moore,Jason thrown to RMCFB23."
"20250905_jdn4",126,4,"kickoff","Randolph-Macon",,1,10,83,"Randolph-Macon",FALSE,"Nahon,Eliott kickoff 61 yards to the RMCFB04 Ross,Gracyn return 23 yards to the RMCFB27 (Mulholland,Jimmy) PENALTY RMCFB Holding (Kyger,Jacob) 10 yards from RMCFB27 to RMCFB17.","Shotgun Casciola,Dante pass incomplete short middle to Moore,Jason thrown to RMCFB23."
"20250905_jdn4",128,4,"pass_complete","Randolph-Macon",83,1,10,25,"Dickinson",FALSE,"Shotgun Casciola,Dante pass complete short right to Moore,Jason caught at RMCFB25, for 8 yards to the RMCFB25 fumbled by Moore,Jason at RMCFB26 forced by Bisrat,Noah recovered by DCFB Bisrat,Noah at RMCFB25, End Of Play.","No Huddle-Shotgun Benning III,Cedric rush left for 7 yards gain to the RMCFB18 (Acheampong,Jeffrey)."
"20250905_jdn4",134,4,"pass_complete","Dickinson",10,,,,"Randolph-Macon",TRUE,"No Huddle-Shotgun Klassen,Ben pass complete short middle to Fjeldseth,Frederik caught at RMCFB00, for 10 yards to the RMCFB00 TOUCHDOWN, clock 10:57, 1ST DOWN.","Shotgun Johnson,Mitchell rush middle for 12 yards gain to the RMCFB40 (Barnes,Chris), 1ST DOWN."
"20250905_jdn4",136,4,"kickoff","Randolph-Macon",,1,10,72,"Randolph-Macon",FALSE,"Nahon,Eliott kickoff 57 yards to the RMCFB08 Ross,Gracyn return 20 yards to the RMCFB28 (Genilello,Jason; Garcia,Juan Pablo).","Shotgun Johnson,Mitchell rush middle for 12 yards gain to the RMCFB40 (Barnes,Chris), 1ST DOWN."
"20250905_jdn4",144,4,"rush","Randolph-Macon",7,,,,"Dickinson",TRUE,"Shotgun Casciola,Dante rush left for 7 yards gain to the DCFB00 TOUCHDOWN, clock 05:51, 1ST DOWN.","PENALTY DCFB False Start 5 yards from DCFB25 to DCFB20. NO PLAY."
"20250905_jdn4",146,4,"kickoff","Dickinson",,1,10,75,"Dickinson",FALSE,"Luther,Trevor kickoff 60 yards to the DCFB05 Schmidt,Kevin return 20 yards to the DCFB25 (Arruza,Will; Edmunds,Dex).","PENALTY DCFB False Start 5 yards from DCFB25 to DCFB20. NO PLAY."
"20250905_jdn4",153,4,"pass_complete","Dickinson",39,,,,"Randolph-Macon",TRUE,"Shotgun Klassen,Ben pass complete deep left to Boyer,Kellen caught at RMCFB15, for 39 yards to the RMCFB00 TOUCHDOWN, clock 03:41, 1ST DOWN.","Shotgun James,DJ rush middle for 4 yards gain to the DCFB28 (Garcia,Juan Pablo)."
"20250905_jdn4",155,4,"kickoff","Randolph-Macon",,1,10,32,"Randolph-Macon",FALSE,"Worobel,Justin onside kickoff 10 yards to the DCFB45 Farriss,Landon return 0 yards to the DCFB32 (Friebel,Leon).","Shotgun James,DJ rush middle for 4 yards gain to the DCFB28 (Garcia,Juan Pablo)."
"20250905_jir1",1,1,"kickoff","Dean",,1,10,83,"Dean",FALSE,"Hunter Sands kickoff 59 yards to the DEAN06, Jayden Gaines return 11 yards to the DEAN17 (Patrick Cates).","Brayden Prasse rush for 6 yards to the DEAN23 (Antonio Martine; Jan Valls)."
"20250905_jir1",5,1,"punt_no_return","Dean",75,1,10,45,"Fitchburg State",FALSE,"Jacob Karras punt 20 yards to the DEAN45, downed.","Anthony Oquendo rush for loss of 3 yards to the DEAN48."
"20250905_jir1",15,1,"rush","Fitchburg State",15,,,,"Dean",TRUE,"Anthony Oquendo rush for 15 yards to the DEAN00, TOUCHDOWN, clock 09:23.","Nick Levine pass complete to Brayden Prasse for 2 yards to the DEAN27 (KJ Hardin)."
"20250905_jir1",17,1,"kickoff","Dean",,1,10,75,"Dean",FALSE,"Hunter Sands kickoff 65 yards to the DEAN00, touchback.","Nick Levine pass complete to Brayden Prasse for 2 yards to the DEAN27 (KJ Hardin)."
"20250905_jir1",23,1,"rush","Dean",2,1,10,96,"Fitchburg State",FALSE,"Chris. Donalson rush for loss of 2 yards to the FITCHBUR04 (Dexter Brown; Louis Robinson).","Rocky Marchitel pass complete to Joshua Santos for 16 yards to the FITCHBUR20 (Jerney Price)."
"20250905_jir1",26,1,"pass_intercepted","Fitchburg State",75,1,10,34,"Dean",FALSE,"Rocky Marchitel pass intercepted by Jayden Gaines at the FITCHBUR34, Jayden Gaines return 0 yards to the FITCHBUR34 (Jacey Ham).","Nick Levine rush for no gain to the FITCHBUR34 (Antonio Martine; KJ Hardin)."
"20250905_jir1",28,1,"pass_intercepted","Dean",34,1,10,83,"Fitchburg State",FALSE,"Nick Levine pass intercepted by Elijah Zaire Mc at the FITCHBUR17, Elijah Zaire Mc return 0 yards to the FITCHBUR17.","Oriowokite Fato rush for 7 yards to the FITCHBUR24 (Jayden Gaines)."
"20250905_jir1",39,2,"kickoff","Dean",,1,10,25,"Fitchburg State",FALSE,"Hunter Sands kickoff 41 yards to the DEAN24, TEAM return 1 yards to the DEAN25, fumble by TEAM recovered by FITCHBUR Richard Santana at DEAN25.","Rocky Marchitel pass complete to Peter Norton for 25 yards to the DEAN00, TOUCHDOWN, clock 14:54."
"20250905_jir1",40,2,"pass_complete","Fitchburg State",25,,,,"Dean",TRUE,"Rocky Marchitel pass complete to Peter Norton for 25 yards to the DEAN00, TOUCHDOWN, clock 14:54.","Nick Levine pass incomplete to Addison Brown, PENALTY FITCHBUR pass interference (Andrew Novak) 15 yards to the DEAN42, NO PLAY."
"20250905_jir1",42,2,"kickoff","Dean",,1,10,73,"Dean",FALSE,"Hunter Sands kickoff 55 yards to the DEAN10, Nico Gilmore return 17 yards to the DEAN27 (Emmanuel Cano).","Nick Levine pass incomplete to Addison Brown, PENALTY FITCHBUR pass interference (Andrew Novak) 15 yards to the DEAN42, NO PLAY."
"20250905_jir1",48,2,"punt_no_return","Dean",60,1,10,70,"Fitchburg State",FALSE,"Jacob Karras punt 30 yards to the FITCHBUR30, out-of-bounds.","Oriowokite Fato rush for 25 yards to the DEAN45 (Sincere Wright)."
"20250905_jir1",58,2,"rush","Fitchburg State",4,,,,"Dean",TRUE,"Luke Thompson rush for 4 yards to the DEAN00, TOUCHDOWN, clock 06:55.","Brayden Prasse rush for 6 yards to the DEAN25 (Elijah Zaire Mc)."
"20250905_jir1",60,2,"kickoff","Dean",,1,10,81,"Dean",FALSE,"Hunter Sands kickoff 46 yards to the DEAN19, Steven Torchon return 0 yards to the DEAN19, out-of-bounds.","Brayden Prasse rush for 6 yards to the DEAN25 (Elijah Zaire Mc)."
"20250905_jir1",69,2,"pass_complete","Dean",3,,,,"Fitchburg State",TRUE,"Nick Levine pass complete to Steven Torchon for 3 yards to the FITCHBUR00, TOUCHDOWN, clock 04:20.","Rocky Marchitel pass complete to Emilio Cabey for 10 yards to the FITCHBUR40 (Sincere Wright)."
"20250905_jir1",71,2,"kickoff","Fitchburg State",,1,10,70,"Fitchburg State",FALSE,"Pato Flores kickoff 55 yards to the FITCHBUR10, Jacey Ham return 20 yards to the FITCHBUR30 (F. Donalson jr.).","Rocky Marchitel pass complete to Emilio Cabey for 10 yards to the FITCHBUR40 (Sincere Wright)."
"20250905_jir1",84,3,"kickoff","Fitchburg State",,1,10,65,"Fitchburg State",FALSE,"Pato Flores kickoff 51 yards to the FITCHBUR14, Jacey Ham return 21 yards to the FITCHBUR35 (F. Donalson jr.; Sincere Wright).","Reshawn Stewart rush for loss of 1 yard to the FITCHBUR34 (Corey Leverette)."
"20250905_jir1",87,3,"pass_intercepted","Fitchburg State",59,1,10,66,"Dean",FALSE,"Rocky Marchitel pass intercepted by F. Donalson jr. at the FITCHBUR30, F. Donalson jr. return -12 yards to the FITCHBUR42 (Anthony Oquendo), PENALTY DEAN illegal block 24 yards to the DEAN34.","Nick Levine pass intercepted by Elijah Zaire Mc at the FITCHBUR45, Elijah Zaire Mc return 32 yards to the DEAN23 (Samat Kim)."
"20250905_jir1",88,3,"pass_intercepted","Dean",66,1,10,23,"Fitchburg State",FALSE,"Nick Levine pass intercepted by Elijah Zaire Mc at the FITCHBUR45, Elijah Zaire Mc return 32 yards to the DEAN23 (Samat Kim).","Anthony Oquendo rush for 1 yard to the DEAN22 (K-Vorn Pemberto; Jovon Brandon)."
"20250905_jir1",92,3,"rush","Fitchburg State",14,1,10,85,"Dean",FALSE,"Luke Thompson rush for loss of 1 yard to the DEAN15 (Jalon Brewer; F. Donalson jr.).","Nick Levine rush for 1 yard to the DEAN16 (Emmanuel Cano)."
"20250905_jir1",96,3,"punt_no_return","Dean",85,1,10,41,"Fitchburg State",FALSE,"Jacob Karras punt 26 yards to the DEAN41, out-of-bounds.","Luke Thompson rush for 10 yards to the DEAN31 (Sincere Wright; Zayvion Stanley)."
"20250905_jir1",102,3,"rush","Fitchburg State",3,,,,"Dean",TRUE,"Oriowokite Fato rush for 3 yards to the DEAN00, TOUCHDOWN, clock 07:27.","Nick Levine rush for loss of 7 yards to the DEAN13, fumble by Nick Levine recovered by FITCHBUR KJ Hardin at DEAN04."
"20250905_jir1",104,3,"kickoff","Dean",,1,10,80,"Dean",FALSE,"Hunter Sands kickoff 50 yards to the DEAN15, F. Donalson jr. return 5 yards to the DEAN20, fumble forced by Patrick Cates, fumble by F. Donalson jr. recovered by DEAN F. Donalson jr. at DEAN20.","Nick Levine rush for loss of 7 yards to the DEAN13, fumble by Nick Levine recovered by FITCHBUR KJ Hardin at DEAN04."
"20250905_jir1",105,3,"rush","Dean",80,1,4,4,"Fitchburg State",FALSE,"Nick Levine rush for loss of 7 yards to the DEAN13, fumble by Nick Levine recovered by FITCHBUR KJ Hardin at DEAN04.","Anthony Oquendo rush for loss of 4 yards to the DEAN08 (Sincere Wright)."
"20250905_jir1",108,3,"rush","Fitchburg State",7,,,,"Dean",TRUE,"Anthony Oquendo rush for 7 yards to the DEAN00, TOUCHDOWN, clock 06:09.","Nick Levine rush for loss of 5 yards to the FITCHBUR34, fumble by Nick Levine recovered by DEAN Nick Levine at FITCHBUR34."
"20250905_jir1",110,3,"kickoff","Dean",,1,10,29,"Dean",FALSE,"Hunter Sands kickoff 60 yards to the DEAN05, Sincere Wright return 66 yards to the FITCHBUR29 (Elijah Zaire Mc).","Nick Levine rush for loss of 5 yards to the FITCHBUR34, fumble by Nick Levine recovered by DEAN Nick Levine at FITCHBUR34."
"20250905_jir1",117,3,"rush","Dean",25,1,10,76,"Fitchburg State",FALSE,"Josiah Morales rush for 1 yard to the FITCHBUR24 (KJ Hardin; Camren Topkin).","Reshawn Stewart rush for 7 yards to the FITCHBUR31 (Jovon Brandon)."
"20250905_jir1",123,3,"rush","Fitchburg State",7,,,,"Dean",TRUE,"Rocky Marchitel rush for 7 yards to the DEAN00, TOUCHDOWN, clock 00:15.","Nick Levine rush for 1 yard to the DEAN37."
"20250905_jir1",126,3,"kickoff","Dean",,1,10,64,"Dean",FALSE,"Hunter Sands kickoff 52 yards to the DEAN28, Sincere Wright return 8 yards to the DEAN36 (Emmanuel Cano).","Nick Levine rush for 1 yard to the DEAN37."
"20250905_jir1",143,4,"sack","Dean",7,1,10,83,"Fitchburg State",FALSE,"Nick Levine sacked for loss of 10 yards to the FITCHBUR17 (Aiden Tomaszews).","Tomas Polanco rush for 5 yards to the FITCHBUR22 (Jovon Brandon)."
"20250905_jir1",150,4,"punt_no_return","Fitchburg State",91,1,10,41,"Dean",FALSE,"Hunter Sands punt 32 yards to the FITCHBUR41, downed.","Terr. Stevenson rush for loss of 2 yards to the FITCHBUR43 (Guymonley Saint)."
"20250905_jir1",159,4,"pass_complete","Dean",15,,,,"Fitchburg State",TRUE,"Josiah Morales pass complete to Terr. Stevenson for 15 yards to the FITCHBUR00, TOUCHDOWN, clock 00:33.","TEAM rush for loss of 2 yards to the FITCHBUR12."
"20250905_jir1",161,4,"kickoff","Fitchburg State",,1,10,86,"Fitchburg State",FALSE,"Pato Flores kickoff 51 yards to the FITCHBUR14, fair catch by Elijah Zaire Mc.","TEAM rush for loss of 2 yards to the FITCHBUR12."
"20250905_p2em",1,1,"kickoff","Albright",,1,10,67,"Albright",FALSE,"Adem Mahassini kickoff 51 yards to the ALBFB14, James Evans return 19 yards to the ALBFB33 (K. Williams).","Chase Roberts pass incomplete to A. Poindexter (D. Ethington)."
"20250905_p2em",6,1,"punt_no_return","Albright",59,1,10,80,"Gallaudet",FALSE,"Colin Schaeffer punt 39 yards to the GAL20, downed.","J. Sargent rush for 5 yards to the GAL25, out-of-bounds (Darien Osmun)."
"20250905_p2em",10,1,"punt_with_return","Gallaudet",73,1,10,77,"Albright",FALSE,"Ryan Ortega punt 48 yards to the ALBFB25, A. Poindexter return 0 yards to the ALBFB25, fumble by A. Poindexter recovered by ALBFB A. Poindexter at ALBFB23.","John Boston rush for 1 yard to the ALBFB24 (Ze. Nathanson; Trevin Adams)."
"20250905_p2em",16,1,"rush","Albright",16,1,10,79,"Gallaudet",FALSE,"B. Nelson-Davis rush for loss of 4 yards to the GAL20, fumble forced by Ze. Nathanson, fumble by B. Nelson-Davis recovered by GAL Andrae Green at GAL21.","J. Sargent pass complete to Dakota Fisher for loss of 1 yard to the GAL20 (CJ Partidge; Darien Osmun)."
"20250905_p2em",30,1,"punt_no_return","Gallaudet",48,1,10,94,"Albright",FALSE,"Ryan Ortega punt 42 yards to the ALBFB06, downed.","John Boston rush for loss of 3 yards to the ALBFB03 (Ze. Nathanson)."
"20250905_p2em",34,2,"pass_complete","Albright",73,,,,"Gallaudet",TRUE,"Chase Roberts pass complete to Alden Stickler for 73 yards to the GAL00, TOUCHDOWN, clock 14:47.","Marcus Gabriel rush for loss of 4 yards to the GAL19 (Daunte Morrison)."
"20250905_p2em",36,2,"kickoff","Gallaudet",,1,10,77,"Gallaudet",FALSE,"A. Vasquez kickoff 65 yards to the GAL00, Andrae Green return 23 yards to the GAL23 (Evan Bryfogle; Jaylan Atkinson).","Marcus Gabriel rush for loss of 4 yards to the GAL19 (Daunte Morrison)."
"20250905_p2em",45,2,"pass_complete","Gallaudet",22,,,,"Albright",TRUE,"J. Sargent pass complete to Marcus Gabriel for 22 yards to the ALBFB00, TOUCHDOWN, clock 09:49.","Chase Roberts pass complete to A. Poindexter for 15 yards to the GAL41, out-of-bounds (D. Castillo)."
"20250905_p2em",47,2,"kickoff","Albright",,1,10,56,"Albright",FALSE,"Adem Mahassini kickoff 26 yards to the ALBFB39, out-of-bounds, ALBFB ball on ALBFB44.","Chase Roberts pass complete to A. Poindexter for 15 yards to the GAL41, out-of-bounds (D. Castillo)."
"20250905_p2em",56,2,"pass_intercepted","Albright",8,1,10,81,"Gallaudet",FALSE,"Chase Roberts pass intercepted by B. Heffelfinger at the GAL00, B. Heffelfinger return 19 yards to the GAL19, out-of-bounds (Chase Roberts).","J. Sargent pass complete to Andrae Green for 12 yards to the GAL31 (Ian Adams)."
"20250905_p2em",65,2,"field_goal_missed","Gallaudet",13,1,10,80,"Albright",FALSE,"Adem Mahassini field goal attempt from 30 MISSED - short, spot at ALBFB20, clock 01:06.","Chase Roberts pass complete to John Boston for 5 yards to the ALBFB25, out-of-bounds (Joshua Saaty)."
"20250905_p2em",73,2,"punt_no_return","Albright",63,1,10,79,"Gallaudet",FALSE,"Colin Schaeffer punt 42 yards to the GAL21, downed.","TEAM rush for loss of 1 yard to the GAL20."
"20250905_p2em",75,3,"kickoff","Gallaudet",,1,10,78,"Gallaudet",FALSE,"A. Vasquez kickoff 57 yards to the GAL08, Andrae Green return 24 yards to the GAL32 (Matthew Creeger), PENALTY GAL holding 10 yards to the GAL22, 1st and 10, GAL ball on GAL22.","J. Sargent pass incomplete to Andrae Green."
"20250905_p2em",81,3,"punt_no_return","Gallaudet",65,1,10,77,"Albright",FALSE,"Ryan Ortega punt 27 yards to the ALBFB38, downed, PENALTY ALBFB personal foul 15 yards to the ALBFB23, 1st and 10, ALBFB ball on ALBFB23.","Chase Roberts rush for 1 yard to the ALBFB24, out-of-bounds (N. Sheppeck)."
"20250905_p2em",97,3,"field_goal_good","Albright",14,,,,"Gallaudet",TRUE,"Colin Schaeffer field goal attempt from 31 GOOD, clock 04:23.","Marcus Gabriel rush for no gain to the GAL25 (J. Parker-Canno; Jaylan Atkinson)."
"20250905_p2em",98,3,"kickoff","Gallaudet",,1,10,75,"Gallaudet",FALSE,"A. Vasquez kickoff 55 yards to the GAL10, Jaylen Johnson return 15 yards to the GAL25 (Jaylan Atkinson).","Marcus Gabriel rush for no gain to the GAL25 (J. Parker-Canno; Jaylan Atkinson)."
"20250905_p2em",103,3,"punt_with_return","Gallaudet",82,1,10,45,"Albright",FALSE,"Ryan Ortega punt 47 yards to the ALBFB35, A. Poindexter return 20 yards to the GAL45 (A. Rubinshteyn).","John Boston rush for no gain to the GAL45 (D. Ethington; A. Rubinshteyn), PENALTY GAL face mask 15 yards to the GAL30."
"20250905_p2em",116,4,"rush","Albright",7,1,10,95,"Gallaudet",FALSE,"Daniel Farley rush for 2 yards to the GAL05 (D. Ethington).","Marcus Gabriel rush for 14 yards to the GAL19 (Samuel Moratori)."
"20250905_p2em",134,4,"field_goal_missed","Gallaudet",12,1,10,80,"Albright",FALSE,"Adem Mahassini field goal attempt from 29 MISSED - wide left, spot at ALBFB20, clock 03:42.","John Boston rush for 4 yards to the ALBFB24 (N. Sheppeck)."
"20250905_p2em",139,4,"punt_with_return","Albright",78,1,10,60,"Gallaudet",FALSE,"Colin Schaeffer punt 38 yards to the GAL40, Jaylen Johnson return 0 yards to the GAL40.","J. Sargent pass incomplete to Andrae Green."
"20250905_p2em",143,4,"pass_incomplete","Gallaudet",76,1,10,24,"Albright",FALSE,"J. Sargent pass incomplete to Andrae Green, PENALTY GAL ineligible man down field declined.","TEAM rush for loss of 2 yards to the GAL26."
"20250905_qsmw",1,1,"kickoff","Montclair State",,1,10,79,"Montclair State",FALSE,"Karson Bye kickoff 53 yards to the MSU12, Coleman, Vincen return 9 yards to the MSU21 (Jack Taddy).","Arnold, Christo rush for 3 yards to the MSU24 (Blayne Shiraki;Fitz Kennedy)."
"20250905_qsmw",4,1,"pass_intercepted","Montclair State",80,1,10,10,"Merchant Marine",FALSE,"Henrich, Luke pass intercepted by Chase Laux at the MSU46, Chase Laux return 26 yards to the MSU20 (Roige, Anthony), PENALTY MSU personal foul (Roige, Anthony) 10 yards to the MSU10, 1st and 10, USMMA ball on MSU10.","Bubba Mustain rush for 4 yards to the MSU6 (Macklin, Amari)."
"20250905_qsmw",8,1,"rush","Merchant Marine",1,1,10,99,"Montclair State",FALSE,"Bubba Mustain rush for no gain to the MSU1 (Stubbs, Khalil;Boyd, JaQuil).","Henrich, Luke rush for 2 yards to the MSU3 (James Gleeson)."
"20250905_qsmw",13,1,"punt_no_return","Montclair State",92,1,10,38,"Merchant Marine",FALSE,"Rubinetti, Roge punt 30 yards to the MSU38, downed.","Gervy Alota rush for 3 yards to the MSU35, out-of-bounds (Boyd, JaQuil), PENALTY USMMA HOLD 7 yards to the MSU45, NO PLAY."
"20250905_qsmw",23,1,"rush","Merchant Marine",1,,,,"Montclair State",TRUE,"Blake Griffin rush for 1 yard to the MSU0, TOUCHDOWN, clock 06:48.","Wilson, Diante rush for 11 yards to the MSU46, 1ST DOWN MSU (Chase Laux;Trent Sterner)."
"20250905_qsmw",25,1,"kickoff","Montclair State",,1,10,65,"Montclair State",FALSE,"Karson Bye kickoff 63 yards to the MSU2, out-of-bounds, MSU ball on MSU25, PENALTY USMMA illegal procedure (Karson Bye) 10 yards to the MSU35, 1st and 10, MSU ball on MSU35.","Wilson, Diante rush for 11 yards to the MSU46, 1ST DOWN MSU (Chase Laux;Trent Sterner)."
"20250905_qsmw",35,1,"rush","Montclair State",2,,,,"Merchant Marine",TRUE,"Wilson, Diante rush for 2 yards to the USMMA0, TOUCHDOWN, clock 02:03.","Bubba Mustain pass complete to Blake Griffin for 11 yards to the USMMA49, 1ST DOWN USMMA (Visalli, Ryan;Taveras, Janiel)."
"20250905_qsmw",37,1,"kickoff","Merchant Marine",,1,10,62,"Merchant Marine",FALSE,"Rubinetti, Roge kickoff 27 yards to the USMMA38, fair catch by Lane Duett.","Bubba Mustain pass complete to Blake Griffin for 11 yards to the USMMA49, 1ST DOWN USMMA (Visalli, Ryan;Taveras, Janiel)."
"20250905_qsmw",43,2,"punt_with_return","Merchant Marine",49,1,10,80,"Montclair State",FALSE,"Calvin Evans punt 30 yards to the MSU19, Kachala, TJ return 1 yards to the MSU20, out-of-bounds.","Arnold, Christo rush for 3 yards to the MSU23 (Caleb Green)."
"20250905_qsmw",53,2,"pass_intercepted","Montclair State",22,1,10,87,"Merchant Marine",FALSE,"Henrich, Luke pass intercepted by Chase Shavey at the USMMA13, Chase Shavey return 0 yards to the USMMA13.","Blake Griffin rush for 8 yards to the USMMA21 (Taveras, Janiel)."
"20250905_qsmw",66,2,"punt_no_return","Merchant Marine",40,1,10,90,"Montclair State",FALSE,"Calvin Evans punt 30 yards to the MSU10, fair catch by Kachala, TJ.","Arnold, Christo rush for 4 yards to the MSU14 (Sam MacDonald;Trent Sterner)."
"20250905_qsmw",69,2,"pass_intercepted","Montclair State",86,,,,"Montclair State",TRUE,"Henrich, Luke pass intercepted by Blayne Shiraki at the MSU12, Blayne Shiraki return 12 yards to the MSU0, TOUCHDOWN, clock 03:25.","Arnold, Christo rush for 2 yards to the MSU41 (Fitz Kennedy;Armondo Orcesi)."
"20250905_qsmw",71,2,"kickoff","Montclair State",,1,10,61,"Montclair State",FALSE,"Karson Bye kickoff 50 yards to the MSU15, Coleman, Vincen return 24 yards to the MSU39 (Cooper Havenar;Brooks Rohe).","Arnold, Christo rush for 2 yards to the MSU41 (Fitz Kennedy;Armondo Orcesi)."
"20250905_qsmw",77,2,"punt_no_return","Montclair State",60,1,10,98,"Merchant Marine",FALSE,"Rubinetti, Roge punt 58 yards to the USMMA2, downed.","Seamus Bonte rush for 1 yard to the USMMA3 (Macklin, Amari)."
"20250905_qsmw",82,2,"punt_blocked","Merchant Marine",98,,,,"Merchant Marine",TRUE,"Calvin Evans punt BLOCKED, recovered by USMMA Team at USMMA0 (blocked by Visalli, Ryan), out-of-bounds (Macklin, Amari), Team safety, clock 01:18.","Bubba Mustain pass complete to Ben Rini for 8 yards to the MSU36."
"20250905_qsmw",83,2,"kickoff","Montclair State",,1,10,44,"Merchant Marine",FALSE,"Karson Bye kickoff 37 yards to the MSU43, on-side kick, recovered by USMMA Brooks Rohe on MSU44.","Bubba Mustain pass complete to Ben Rini for 8 yards to the MSU36."
"20250905_qsmw",93,3,"kickoff","Merchant Marine",,1,10,73,"Merchant Marine",FALSE,"Rubinetti, Roge kickoff 43 yards to the USMMA22, Jake Kenney return 1 yards to the USMMA23, fumble by Jake Kenney recovered by USMMA Jake Kenney at USMMA27.","Seamus Bonte rush for 2 yards to the USMMA29 (Turner, Joshua)."
"20250905_qsmw",101,3,"punt_no_return","Merchant Marine",57,1,10,80,"Montclair State",FALSE,"Calvin Evans punt 37 yards to the MSU20, fair catch by Kachala, TJ.","Wilson, Diante rush for 4 yards to the MSU24 (James Gleeson;Sam MacDonald)."
"20250905_qsmw",105,3,"punt_no_return","Montclair State",72,1,10,68,"Merchant Marine",FALSE,"Rubinetti, Roge punt 40 yards to the USMMA32, downed.","Sonny Endicott rush for 3 yards to the USMMA35 (Boyd, JaQuil), PENALTY MSU personal foul (Taveras, Janiel) 15 yards to the 50 yardline, 1ST DOWN USMMA."
"20250905_qsmw",114,3,"rush","Merchant Marine",12,,,,"Montclair State",TRUE,"Jake Kenney rush for 12 yards to the MSU0, 1ST DOWN USMMA, TOUCHDOWN, clock 06:34.","Henrich, Luke pass incomplete to Kachala, TJ, PENALTY USMMA pass interference declined, PENALTY USMMA roughing passer (Armondo Orcesi) 15 yards to the MSU28, 1ST DOWN MSU, NO PLAY."
"20250905_qsmw",116,3,"kickoff","Montclair State",,1,10,87,"Montclair State",FALSE,"Karson Bye kickoff 47 yards to the MSU18, Wilson, Diante return 7 yards to the MSU25 (Jaronn Saulsber), PENALTY MSU illegal block (Hernandez, Jaid) 12 yards to the MSU13, 1st and 10, MSU ball on MSU13.","Henrich, Luke pass incomplete to Kachala, TJ, PENALTY USMMA pass interference declined, PENALTY USMMA roughing passer (Armondo Orcesi) 15 yards to the MSU28, 1ST DOWN MSU, NO PLAY."
"20250905_qsmw",130,3,"rush","Montclair State",6,,,,"Merchant Marine",TRUE,"Wilson, Diante rush for 6 yards to the USMMA0, 1ST DOWN MSU, TOUCHDOWN, clock 01:02.","Seamus Bonte rush for 3 yards to the USMMA44 (Sanders, Bi'Sha)."
"20250905_qsmw",132,3,"kickoff","Merchant Marine",,1,10,59,"Merchant Marine",FALSE,"Rubinetti, Roge kickoff 44 yards to the USMMA21, Chase Shavey return 20 yards to the USMMA41 (Smith II, Shaun).","Seamus Bonte rush for 3 yards to the USMMA44 (Sanders, Bi'Sha)."
"20250905_qsmw",141,4,"punt_no_return","Merchant Marine",44,1,10,80,"Montclair State",FALSE,"Calvin Evans punt 24 yards to the MSU20, downed.","Wilson, Diante rush for loss of 5 yards to the MSU15 (Aidan Graham)."
"20250905_qsmw",145,4,"punt_no_return","Montclair State",77,1,10,68,"Merchant Marine",FALSE,"Rubinetti, Roge punt 45 yards to the USMMA32, downed.","Gervy Alota rush for loss of 1 yard to the USMMA31, out-of-bounds (Buchwald, Alex)."
"20250905_qsmw",153,4,"rush","Merchant Marine",41,,,,"Montclair State",TRUE,"Bubba Mustain rush for 41 yards to the MSU0, 1ST DOWN USMMA, TOUCHDOWN, clock 06:02.","Henrich, Luke pass intercepted by Zatyk Holub at the USMMA28, Zatyk Holub return 27 yards to the MSU45, out-of-bounds (Team)."
"20250905_qsmw",155,4,"kickoff","Montclair State",,1,10,45,"Montclair State",FALSE,"Karson Bye kickoff 50 yards to the MSU15, Kachala, TJ return 25 yards to the MSU40, out-of-bounds (Brooks Rohe), PENALTY USMMA personal foul (Brooks Rohe) 15 yards to the USMMA45, 1st and 10, MSU ball on USMMA45.","Henrich, Luke pass intercepted by Zatyk Holub at the USMMA28, Zatyk Holub return 27 yards to the MSU45, out-of-bounds (Team)."
"20250905_qsmw",156,4,"pass_intercepted","Montclair State",45,1,10,45,"Merchant Marine",FALSE,"Henrich, Luke pass intercepted by Zatyk Holub at the USMMA28, Zatyk Holub return 27 yards to the MSU45, out-of-bounds (Team).","Seamus Bonte rush for 8 yards to the MSU37 (Sanders, Bi'Sha)."
"20250905_rgw0",1,1,"kickoff","SUNY-Maritime",,1,10,75,"SUNY-Maritime",FALSE,"Grayson Smith kickoff 40 yards to the MARITIME25, fair catch by Nick Spista.","Will Pickett pass complete to Josh Limage for 4 yards to the MARITIME29 (TJ Jones)."
"20250905_rgw0",7,1,"rush","SUNY-Maritime",19,,,,"Massachusetts Maritime",TRUE,"Will Pickett rush for 19 yards to the MASS. MA00, TOUCHDOWN, clock 12:44.","Zach Proctor rush for 3 yards to the 50 yardline (Vinny Fundaro)."
"20250905_rgw0",9,1,"kickoff","Massachusetts Maritime",,1,10,53,"Massachusetts Maritime",FALSE,"Gianni D'Agnese kickoff 40 yards to the MASS. MA25, Brennan Keefe return 22 yards to the MASS. MA47 (Brendan O'Sulli).","Zach Proctor rush for 3 yards to the 50 yardline (Vinny Fundaro)."
"20250905_rgw0",13,1,"punt_no_return","Massachusetts Maritime",56,1,10,95,"SUNY-Maritime",FALSE,"James Sansone punt 51 yards to the MARITIME05, downed.","Joshua Rogers rush for 5 yards to the MARITIME10 (Keiran Glover)."
"20250905_rgw0",18,1,"punt_no_return","SUNY-Maritime",98,1,10,48,"Massachusetts Maritime",FALSE,"Owen Cunningham punt 46 yards to the MARITIME48, downed.","Zach Proctor rush for loss of 1 yard to the MARITIME49 (Kevin Hickey)."
"20250905_rgw0",29,1,"pass_complete","Massachusetts Maritime",17,1,10,82,"SUNY-Maritime",FALSE,"Evan Pierce pass complete to Brennan Keefe for loss of 1 yard to the MARITIME18 (Dylan Denicker).","Will Pickett pass complete to Nate Casaburi for 6 yards to the MARITIME24."
"20250905_rgw0",41,2,"punt_with_return","SUNY-Maritime",52,1,10,79,"Massachusetts Maritime",FALSE,"Owen Cunningham punt 42 yards to the MASS. MA10, Sam Wooley return 11 yards to the MASS. MA21 (Nick Fazio).","Zach Proctor rush for loss of 1 yard to the MASS. MA20 (Ryan Costales)."
"20250905_rgw0",45,2,"punt_no_return","Massachusetts Maritime",86,1,10,37,"SUNY-Maritime",FALSE,"Santiago Martin punt 23 yards to the MASS. MA37, out-of-bounds.","Will Pickett rush for 4 yards to the MASS. MA33 (Jackson Mahoney; Ryan Halloran)."
"20250905_rgw0",52,2,"pass_complete","SUNY-Maritime",15,,,,"Massachusetts Maritime",TRUE,"Will Pickett pass complete to Nate Casaburi for 15 yards to the MASS. MA00, TOUCHDOWN, clock 07:44.","Zach Proctor rush for 2 yards to the MARITIME47 (Ronan Smith)."
"20250905_rgw0",55,2,"kickoff","Massachusetts Maritime",,1,10,49,"Massachusetts Maritime",FALSE,"Gianni D'Agnese kickoff 31 yards to the MASS. MA49, John Dickinson return 2 yards to the MARITIME49, out-of-bounds.","Zach Proctor rush for 2 yards to the MARITIME47 (Ronan Smith)."
"20250905_rgw0",68,2,"rush","Massachusetts Maritime",1,,,,"SUNY-Maritime",TRUE,"Evan Pierce rush for 1 yard to the MARITIME00, TOUCHDOWN, clock 00:45.","Will Pickett pass complete to Nate Casaburi for 11 yards to the MARITIME35."
"20250905_rgw0",70,2,"kickoff","SUNY-Maritime",,1,10,76,"SUNY-Maritime",FALSE,"Grayson Smith kickoff 41 yards to the MARITIME24, downed.","Will Pickett pass complete to Nate Casaburi for 11 yards to the MARITIME35."
"20250905_rgw0",77,2,"field_goal_blocked","SUNY-Maritime",8,1,10,80,"Massachusetts Maritime",FALSE,"Gianni D'Agnese field goal attempt from 25 BLOCKED, recovered by MASS. MA TEAM, spot at MASS. MA00 (blocked by John Shields), touchback, clock 00:08.","TEAM rush for loss of 1 yard to the MASS. MA19."
"20250905_rgw0",79,3,"kickoff","Massachusetts Maritime",,1,10,73,"Massachusetts Maritime",FALSE,"Gianni D'Agnese kickoff 46 yards to the MASS. MA19, Brennan Keefe return 8 yards to the MASS. MA27 (John McLaughlin).","Zach Proctor rush for 3 yards to the MASS. MA30 (Jack Kellner)."
"20250905_rgw0",83,3,"punt_with_return","Massachusetts Maritime",65,1,10,60,"SUNY-Maritime",FALSE,"James Sansone punt 35 yards to the MARITIME30, Nick Spista return 10 yards to the MARITIME40 (Matt Terio).","Will Pickett pass incomplete to Josh Limage, dropped pass."
"20250905_rgw0",90,3,"pass_complete","SUNY-Maritime",33,1,10,68,"Massachusetts Maritime",FALSE,"Will Pickett pass complete to Josh Limage for 1 yard to the MASS. MA32 (Jackson Mahoney; Isaac Colon).","Evan Pierce pass complete to Brooks Moss for 20 yards to the MARITIME48 (Karym Cruz)."
"20250905_rgw0",96,3,"punt_no_return","Massachusetts Maritime",60,1,10,80,"SUNY-Maritime",FALSE,"James Sansone punt 60 yards to the MARITIME00, touchback.","Joshua Rogers rush for 3 yards to the MARITIME23 (Jackson Mahoney)."
"20250905_rgw0",106,3,"rush","SUNY-Maritime",1,,,,"Massachusetts Maritime",TRUE,"Will Pickett rush for 1 yard to the MASS. MA00, TOUCHDOWN, clock 04:01.","Zach Proctor rush for 3 yards to the MARITIME35 (Dennis Matich)."
"20250905_rgw0",109,3,"kickoff","Massachusetts Maritime",,1,10,38,"Massachusetts Maritime",FALSE,"Gianni D'Agnese kickoff 43 yards to the MASS. MA22, Brennan Keefe return 40 yards to the MARITIME38 (Danny Latimer).","Zach Proctor rush for 3 yards to the MARITIME35 (Dennis Matich)."
"20250905_rgw0",114,3,"rush","Massachusetts Maritime",1,,,,"SUNY-Maritime",TRUE,"Joseph Schwartz rush for 1 yard to the MARITIME00, TOUCHDOWN, clock 01:14.","Joshua Rogers rush for 5 yards to the MARITIME30 (Kyle Stephens; Jackson Mahoney)."
"20250905_rgw0",116,3,"kickoff","SUNY-Maritime",,1,10,75,"SUNY-Maritime",FALSE,"Grayson Smith kickoff 58 yards to the MARITIME07, touchback.","Joshua Rogers rush for 5 yards to the MARITIME30 (Kyle Stephens; Jackson Mahoney)."
"20250905_rgw0",123,4,"punt_with_return","SUNY-Maritime",58,1,10,93,"Massachusetts Maritime",FALSE,"Owen Cunningham punt 51 yards to the MASS. MA07, Sam Wooley return 0 yards to the MASS. MA07 (John McLaughlin; Gino Fundaro).","Zach Proctor rush for 1 yard to the MASS. MA08 (Phil Ingram)."
"20250905_rgw0",127,4,"punt_no_return","Massachusetts Maritime",86,1,10,51,"SUNY-Maritime",FALSE,"Santiago Martin punt 37 yards to the MARITIME49, fair catch by Nick Spista.","Will Pickett rush for 7 yards to the MASS. MA44 (Kyle Stephens)."
"20250905_rgw0",138,4,"pass_complete","SUNY-Maritime",28,1,10,80,"Massachusetts Maritime",FALSE,"Will Pickett pass complete to Joshua Rogers for 8 yards to the MASS. MA20 (John Shields; TJ Jones).","Evan Pierce pass complete to Santiago Martin for 30 yards to the 50 yardline (Aidan Griffin; Jack Kellner), out-of-bounds, PENALTY MARITIME offside declined."
"20250905_rgw0",146,4,"pass_complete","Massachusetts Maritime",36,1,10,68,"SUNY-Maritime",FALSE,"Evan Pierce pass complete to Brooks Moss for 4 yards to the MARITIME32 (Nick Spista).","Will Pickett rush for 3 yards to the MARITIME35 (Angus Pingel)."
"20250905_wr9m",1,1,"kickoff","Gettysburg",,1,10,64,"Gettysburg",FALSE,"Mullin,Alex kickoff 45 yards to the GC20 Sabol,Scott return 16 yards to the GC36 (Clevenger,Riley).","No Huddle-Shotgun Zrelak,Michael rush right for 1 yard loss to the GC35 (Mannino,Alessandro; Repolgle,Reece)."
"20250905_wr9m",5,1,"punt_no_return","Gettysburg",64,1,10,75,"Juniata",FALSE,"Vanarsdale,Danny punt 39 yards to the JUN25 fair catch by Randall,Isaiah at JUN25.","Shotgun Eisenberg,Ethan rush middle for 4 yards gain to the JUN29 (Rhyne,Justin)."
"20250905_wr9m",12,1,"punt_with_return","Juniata",46,1,10,85,"Gettysburg",FALSE,"Buell,Wyatt punt 38 yards to the GC08 Denison,Luke return 7 yards to the GC15, out of bounds at GC15.","No Huddle-Shotgun Abdinoor,Rocco pass complete short right to Wonsala,Nick caught at GC19, for 4 yards to the GC19 (Lowery,Tucker; Shank,Ethan)."
"20250905_wr9m",16,1,"punt_no_return","Gettysburg",81,1,10,51,"Juniata",FALSE,"Vanarsdale,Danny punt 32 yards to the JUN49 fair catch by Randall,Isaiah at JUN49.","No Huddle-Shotgun Menke,Joey rush middle for 1 yard gain to the JUN50 (Estes,Alex)."
"20250905_wr9m",20,1,"punt_with_return","Juniata",50,1,10,85,"Gettysburg",FALSE,"Buell,Wyatt punt 45 yards to the GC05 Denison,Luke return 10 yards to the GC15 (Clevenger,Riley), out of bounds.","No Huddle-Shotgun Zrelak,Michael rush middle for 4 yards gain to the GC19 (Rothermel,Aaron)."
"20250905_wr9m",25,1,"rush","Gettysburg",22,,,,"Juniata",TRUE,"No Huddle-Shotgun Zrelak,Michael rush left for 22 yards gain to the JUN00 TOUCHDOWN, clock 07:40, 1ST DOWN.","Shotgun Foreman,Ivan rush middle for 0 yards to the JUN25 (Perotti,Will; Dickerson,Jake)."
"20250905_wr9m",27,1,"kickoff","Juniata",,1,10,75,"Juniata",FALSE,"Kruse,Nolan kickoff 56 yards to the JUN09 Martinez,Damiyr return 16 yards to the JUN25 (Bendowski,Mike).","Shotgun Foreman,Ivan rush middle for 0 yards to the JUN25 (Perotti,Will; Dickerson,Jake)."
"20250905_wr9m",42,1,"rush","Juniata",2,,,,"Gettysburg",TRUE,"Foreman,Ivan rush middle for 2 yards gain to the GC00 TOUCHDOWN, clock 02:15.","No Huddle-Shotgun Abdinoor,Rocco rush middle for 6 yards gain to the JUN46 (Wakefield,Dillon)."
"20250905_wr9m",44,1,"kickoff","Gettysburg",,1,10,52,"Gettysburg",FALSE,"Mullin,Alex kickoff 48 yards to the GC17 Denison,Luke return 31 yards to the GC48 (Boles,Brandon; Mullin,Alex).","No Huddle-Shotgun Abdinoor,Rocco rush middle for 6 yards gain to the JUN46 (Wakefield,Dillon)."
"20250905_wr9m",49,1,"punt_no_return","Gettysburg",50,1,10,58,"Juniata",FALSE,"Vanarsdale,Danny punt 8 yards to the JUN42, out of bounds at JUN42.","Foreman,Ivan rush middle for 5 yards gain to the JUN47 (Martin,Joey)."
"20250905_wr9m",55,2,"rush","Juniata",5,,,,"Gettysburg",TRUE,"No Huddle Foreman,Ivan rush middle for 5 yards gain to the GC00 TOUCHDOWN, clock 13:24 PENALTY GC Offside declined.","No Huddle-Shotgun Zrelak,Michael rush middle for 20 yards gain to the GC42 (Wakefield,Dillon; Shank,Ethan), 1ST DOWN."
"20250905_wr9m",57,2,"kickoff","Gettysburg",,1,10,78,"Gettysburg",FALSE,"Mullin,Alex kickoff 58 yards to the GC07 Denison,Luke return 15 yards to the GC22 (Lowery,Tucker).","No Huddle-Shotgun Zrelak,Michael rush middle for 20 yards gain to the GC42 (Wakefield,Dillon; Shank,Ethan), 1ST DOWN."
"20250905_wr9m",62,2,"punt_no_return","Gettysburg",56,1,10,79,"Juniata",FALSE,"Vanarsdale,Danny punt 35 yards to the JUN21 fair catch by Randall,Isaiah at JUN21.","Shotgun Randall,Isaiah pass incomplete deep middle to Marr,Carter thrown to GC40."
"20250905_wr9m",66,2,"punt_no_return","Juniata",76,1,10,59,"Gettysburg",FALSE,"Buell,Wyatt punt 35 yards to the GC41, out of bounds at GC41.","No Huddle-Shotgun Zrelak,Michael rush middle for 12 yards gain to the JUN47 (Wakefield,Dillon; Hicks,Caleb), 1ST DOWN, PENALTY JUN Offside declined."
"20250905_wr9m",73,2,"pass_complete","Gettysburg",30,,,,"Juniata",TRUE,"No Huddle-Shotgun Abdinoor,Rocco pass complete deep right to Wonsala,Nick caught at JUN00, for 30 yards to the JUN00 TOUCHDOWN, clock 08:43, 1ST DOWN.","Foreman,Ivan rush left for 5 yards gain to the JUN33 (Weems,Ryan)."
"20250905_wr9m",75,2,"kickoff","Juniata",,1,10,72,"Juniata",FALSE,"Kruse,Nolan kickoff 58 yards to the JUN07 Martinez,Damiyr return 21 yards to the JUN28 (Weems,Ryan).","Foreman,Ivan rush left for 5 yards gain to the JUN33 (Weems,Ryan)."
"20250905_wr9m",91,2,"pass_complete","Juniata",4,,,,"Gettysburg",TRUE,"Randall,Isaiah pass complete short right to Horm,Jordan caught at GC02, for 4 yards to the GC00 TOUCHDOWN, clock 02:33.","No Huddle-Shotgun Abdinoor,Rocco pass complete short middle to Harwigsson,Walle caught at GC40, for 6 yards to the GC44 (Claycomb,Cole)."
"20250905_wr9m",93,2,"kickoff","Gettysburg",,1,10,62,"Gettysburg",FALSE,"Mullin,Alex kickoff 36 yards to the GC29 Harwigsson,Walle return 9 yards to the GC38 (Vos,Carter; Cachara,Spencer).","No Huddle-Shotgun Abdinoor,Rocco pass complete short middle to Harwigsson,Walle caught at GC40, for 6 yards to the GC44 (Claycomb,Cole)."
"20250905_wr9m",97,2,"punt_no_return","Gettysburg",56,1,10,69,"Juniata",FALSE,"Vanarsdale,Danny punt 25 yards to the JUN31, out of bounds at JUN31.","Shotgun Randall,Isaiah pass complete short right to Cuello,Jendy caught at JUN28, for 4 yards to the JUN35 (Can,Ty; Fisher,Jonny), out of bounds."
"20250905_wr9m",104,2,"pass_intercepted","Juniata",45,1,10,85,"Gettysburg",FALSE,"No Huddle-Shotgun Randall,Isaiah pass intercepted by Breheney,Danny at GC15, End Of Play.","No Huddle-Shotgun Abdinoor,Rocco rush left for 10 yards gain to the GC25, out of bounds at GC25, 1ST DOWN."
"20250905_wr9m",107,3,"kickoff","Juniata",,1,10,75,"Juniata",FALSE,"Kruse,Nolan kickoff 65 yards to the JUN00, Touchback.","No Huddle Foreman,Ivan rush left for 20 yards gain to the JUN45 (Tullis,JT), 1ST DOWN."
"20250905_wr9m",110,3,"pass_intercepted","Juniata",56,1,10,87,"Gettysburg",FALSE,"No Huddle Randall,Isaiah pass intercepted by Wells,Tyler at GC13 QB hurried by Shultz,Rob, End Of Play.","No Huddle-Shotgun Abdinoor,Rocco pass complete short right to Harwigsson,Walle caught at GC12, for 2 yards to the GC15 (Boles,Brandon)."
"20250905_wr9m",120,3,"pass_complete","Gettysburg",24,,,,"Juniata",TRUE,"No Huddle-Shotgun Abdinoor,Rocco pass complete deep right to Roskam,Jason caught at JUN00, for 24 yards to the JUN00 TOUCHDOWN, clock 08:53, 1ST DOWN.","No Huddle Foreman,Ivan rush middle for 0 yards to the JUN03 (Rhyne,Justin)."
"20250905_wr9m",122,3,"kickoff","Juniata",,1,10,97,"Juniata",FALSE,"Kruse,Nolan kickoff 62 yards to the JUN03 Wheeler,Dalvin return 0 yards to the JUN03, out of bounds at JUN03.","No Huddle Foreman,Ivan rush middle for 0 yards to the JUN03 (Rhyne,Justin)."
"20250905_wr9m",126,3,"punt_no_return","Juniata",93,1,10,53,"Gettysburg",FALSE,"Buell,Wyatt punt 46 yards to the GC47, out of bounds at GC47.","No Huddle-Shotgun Hunt,Landon rush middle for 6 yards gain to the JUN47 (Salguero,Estuardo)."
"20250905_wr9m",133,3,"rush","Gettysburg",20,,,,"Juniata",TRUE,"No Huddle-Shotgun Abdinoor,Rocco rush left for 20 yards gain to the JUN00 TOUCHDOWN, clock 05:17, 1ST DOWN.","No Huddle Menke,Joey rush middle for 1 yard gain to the JUN26 (Martin,Joey)."
"20250905_wr9m",135,3,"kickoff","Juniata",,1,10,75,"Juniata",FALSE,"Kruse,Nolan kickoff 65 yards to the JUN00, Touchback.","No Huddle Menke,Joey rush middle for 1 yard gain to the JUN26 (Martin,Joey)."
"20250905_wr9m",150,4,"pass_complete","Juniata",3,,,,"Gettysburg",TRUE,"No Huddle Randall,Isaiah pass complete short right to Hunt,Makih caught at GC00, for 3 yards to the GC00 TOUCHDOWN, clock 14:22.","No Huddle-Shotgun Zrelak,Michael rush middle for 5 yards loss to the GC38 (Wakefield,Dillon)."
"20250905_wr9m",153,4,"kickoff","Gettysburg",,1,10,57,"Gettysburg",FALSE,"Mullin,Alex kickoff 55 yards to the GC10 Diaz,Gabriel return 33 yards to the GC43 (Cachara,Spencer).","No Huddle-Shotgun Zrelak,Michael rush middle for 5 yards loss to the GC38 (Wakefield,Dillon)."
"20250905_wr9m",164,4,"field_goal_good","Gettysburg",24,,,,"Juniata",TRUE,"Parks-Gill,Isaac field goal attempt from 41 yards GOOD (H: Comeau,Anthony, LS: Stubbs,Art), clock 10:10.","Shotgun Randall,Isaiah pass complete short right to Marr,Carter caught at JUN24, for 8 yards to the JUN33 (Martin,Joey; Rhyne,Justin)."
"20250905_wr9m",165,4,"kickoff","Juniata",,1,10,75,"Juniata",FALSE,"Kruse,Nolan kickoff 50 yards to the JUN15 fair catch by Vos,Carter at JUN15.","Shotgun Randall,Isaiah pass complete short right to Marr,Carter caught at JUN24, for 8 yards to the JUN33 (Martin,Joey; Rhyne,Justin)."
"20250905_wr9m",172,4,"pass_complete","Juniata",47,,,,"Gettysburg",TRUE,"Shotgun Randall,Isaiah pass complete short middle to Horm,Jordan caught at GC30, for 47 yards to the GC00 TOUCHDOWN, clock 07:37, 1ST DOWN.","No Huddle-Shotgun Zrelak,Michael rush middle for 3 yards gain to the GC43 (Rothermel,Aaron)."
"20250905_wr9m",175,4,"kickoff","Gettysburg",,1,10,60,"Gettysburg",FALSE,"Mullin,Alex kickoff 60 yards to the GC05 Diaz,Gabriel return 25 yards to the GC30 (Lemus,Alex; Williams,Logan) PENALTY JUN Holding (Vos,Carter) 10 yards from GC30 to GC40.","No Huddle-Shotgun Zrelak,Michael rush middle for 3 yards gain to the GC43 (Rothermel,Aaron)."
"20250905_wr9m",179,4,"punt_with_return","Gettysburg",57,1,10,76,"Juniata",FALSE,"Vanarsdale,Danny punt 33 yards to the JUN24 Randall,Isaiah return 0 yards to the JUN24, End Of Play.","Foreman,Ivan rush left for 5 yards gain to the JUN29 (Stubbs,Art; Weems,Ryan)."
"20250905_wr9m",186,4,"punt_no_return","Juniata",61,1,10,85,"Gettysburg",FALSE,"Buell,Wyatt punt 46 yards to the GC15, out of bounds at GC15.","No Huddle-Shotgun Abdinoor,Rocco pass incomplete deep left to Case,Edison thrown to GC43."
"20250906_034w",1,1,"kickoff","Kalamazoo",,1,10,65,"Kalamazoo",FALSE,"Caleb Balderas kickoff 48 yards to the KC17, out-of-bounds, KC ball on KC35, clock 15:00.","Dawson Skupin pass complete to Lucas Hanifan for 17 yards to the AC48 (Tre Brewer; Jarius Austin)."
"20250906_034w",7,1,"punt_no_return","Kalamazoo",47,1,10,80,"Austin",FALSE,"Carsen Moat punt 47 yards to the AC00, touchback.","Barrett Hudson rush for 3 yards to the AC23 (Raymond Cargill), PENALTY KC face mask 14 yards to the AC37."
"20250906_034w",14,1,"rush","Austin",3,,,,"Kalamazoo",TRUE,"Barrett Hudson rush for 3 yards to the KC00, TOUCHDOWN, clock 10:37.","Kyler Maiorana rush for 9 yards to the KC28 (Ian Mitchell)."
"20250906_034w",16,1,"kickoff","Kalamazoo",,1,10,81,"Kalamazoo",FALSE,"Caleb Balderas kickoff 63 yards to the KC02, Lucas Hanifan return 17 yards to the KC19 (Sebastian Lored).","Kyler Maiorana rush for 9 yards to the KC28 (Ian Mitchell)."
"20250906_034w",22,1,"rush","Kalamazoo",63,1,9,9,"Austin",FALSE,"TEAM rush for loss of 17 yards to the KC20, fumble forced by TEAM, fumble by TEAM recovered by KC Carsen Moat at KC09.","Barrett Hudson rush for 2 yards to the KC07 (Jaylen Bowles-S; Raymond Cargill)."
"20250906_034w",27,1,"field_goal_good","Austin",4,,,,"Kalamazoo",TRUE,"Caleb Balderas field goal attempt from 21 GOOD, clock 06:43.","Dawson Skupin rush for 15 yards to the KC40 (Eliel Sandoval)."
"20250906_034w",28,1,"kickoff","Kalamazoo",,1,10,75,"Kalamazoo",FALSE,"Caleb Balderas kickoff 65 yards to the KC00, touchback.","Dawson Skupin rush for 15 yards to the KC40 (Eliel Sandoval)."
"20250906_034w",39,1,"punt_no_return","Kalamazoo",36,1,10,80,"Austin",FALSE,"Carsen Moat punt 36 yards to the AC00, touchback.","Barrett Hudson rush for 13 yards to the AC33 (Jermaine Callow), out-of-bounds."
"20250906_034w",43,2,"rush","Austin",60,1,10,55,"Kalamazoo",FALSE,"Leyton Riviere rush for 10 yards to the 50 yardline, fumble forced by Jaylen Bowles-S, fumble by Leyton Riviere recovered by KC Jermaine Callow at KC45.","Conner Bell rush for loss of 1 yard to the KC44 (Tank Thomas; Bryson McKnight)."
"20250906_034w",51,2,"pass_complete","Kalamazoo",20,,,,"Austin",TRUE,"Dawson Skupin pass complete to Lucas Hanifan for 20 yards to the AC00, TOUCHDOWN, clock 11:46.","Jaylon Talton rush for no gain to the AC28 (Brandon Speed)."
"20250906_034w",53,2,"kickoff","Austin",,1,10,72,"Austin",FALSE,"Eddie Langton kickoff 55 yards to the AC10, Jermiah Johnson return 18 yards to the AC28 (Raymond Cargill).","Jaylon Talton rush for no gain to the AC28 (Brandon Speed)."
"20250906_034w",57,2,"punt_no_return","Austin",68,1,10,64,"Kalamazoo",FALSE,"Kellen Vickery punt 32 yards to the KC36, fair catch by Lucas Hanifan.","Landon Russell rush for 8 yards to the KC44 (Fernando Delgad)."
"20250906_034w",64,2,"pass_incomplete","Kalamazoo",36,1,10,64,"Austin",FALSE,"Dawson Skupin pass incomplete to Jaden Johnson, dropped pass.","Barrett Hudson rush for 6 yards to the AC42 (Raymond Cargill)."
"20250906_034w",77,2,"punt_no_return","Austin",43,1,10,94,"Kalamazoo",FALSE,"Kellen Vickery punt 37 yards to the KC06, downed.","Dawson Skupin pass complete to Braeden Lavis for 10 yards to the KC16 (Evan Dennis)."
"20250906_034w",88,2,"field_goal_blocked","Kalamazoo",1,1,10,80,"Austin",FALSE,"Eddie Langton field goal attempt from 18 BLOCKED, recovered by AC TEAM, spot at AC00 (blocked by Evan Dennis), touchback, clock 00:08.","TEAM rush for loss of 2 yards to the AC18."
"20250906_034w",90,3,"kickoff","Austin",,1,10,76,"Austin",FALSE,"Eddie Langton kickoff 60 yards to the AC05, Jermiah Johnson return 19 yards to the AC24 (Raymond Cargill; Zach Sykes).","Barrett Hudson rush for 1 yard to the AC25 (Dillon Gacki; Nolan Jannenga)."
"20250906_034w",98,3,"rush","Austin",1,1,10,99,"Kalamazoo",FALSE,"Barrett Hudson rush for no gain to the KC01 (Dillon Gacki; Marcus Pedde).","Conner Bell rush for no gain to the KC01 (Matthias Martin; Daniel Terry)."
"20250906_034w",108,3,"pass_complete","Kalamazoo",53,,,,"Austin",TRUE,"Dawson Skupin pass complete to Aaron Zekman for 53 yards to the AC00, TOUCHDOWN, clock 05:56.","Jaylon Talton rush for 5 yards to the AC36 (Raymond Cargill)."
"20250906_034w",110,3,"kickoff","Austin",,1,10,69,"Austin",FALSE,"Eddie Langton kickoff 54 yards to the AC11, Jermiah Johnson return 20 yards to the AC31 (Jermaine Callow).","Jaylon Talton rush for 5 yards to the AC36 (Raymond Cargill)."
"20250906_034w",114,3,"punt_no_return","Austin",61,1,10,89,"Kalamazoo",FALSE,"Kellen Vickery punt 50 yards to the KC11, out-of-bounds.","Dawson Skupin rush for 3 yards to the KC14 (Brendan Clark; Bryson McKnight)."
"20250906_034w",121,3,"punt_no_return","Kalamazoo",67,1,10,60,"Austin",FALSE,"Carsen Moat punt 27 yards to the AC40, fair catch by Dakota Lowery.","Barrett Hudson rush for no gain to the AC40 (Tommy Kartes)."
"20250906_034w",129,4,"punt_no_return","Austin",43,1,10,91,"Kalamazoo",FALSE,"Kellen Vickery punt 34 yards to the KC09, out-of-bounds.","Conner Bell rush for 3 yards to the KC12 (Eliel Sandoval)."
"20250906_034w",133,4,"punt_no_return","Kalamazoo",82,1,10,49,"Austin",FALSE,"Jack Duggins punt 38 yards to the AC44, fair catch by Dakota Lowery, PENALTY KC illegal formation 7 yards to the KC49.","Barrett Hudson rush for no gain to the KC49 (Leonard Humphre; Zach Sykes)."
"20250906_034w",140,4,"pass_incomplete","Austin",35,1,10,65,"Kalamazoo",FALSE,"Jaylon Talton pass incomplete to Jermiah Johnson.","Conner Bell rush for loss of 1 yard to the KC34 (Matthias Martin; Fernando Delgad)."
"20250906_034w",144,4,"punt_no_return","Kalamazoo",61,1,10,74,"Austin",FALSE,"Carsen Moat punt 39 yards to the AC22, downed, PENALTY KC illegal formation 4 yards to the AC26.","Jaylon Talton pass complete to Jermiah Johnson for 1 yard to the AC27 (Raymond Cargill), PENALTY KC personal foul 15 yards to the AC42."
"20250906_034w",152,4,"pass_incomplete","Austin",39,1,10,61,"Kalamazoo",FALSE,"Jaylon Talton pass incomplete (Leonard Humphre).","Conner Bell rush for no gain to the KC39 (Pablo Cantu; Matthias Martin)."
"20250906_09bx",1,1,"kickoff","Mount Union",,1,10,75,"Mount Union",FALSE,"Jesch,Mateo kickoff 59 yards to the MTU06 fair catch by Weaver,Lucas at MTU06.","No Huddle-Shotgun Maloney,Mikey pass complete short right to Turner,Nick caught at MTU23, for 13 yards to the MTU38 (Johanik,Peter), 1ST DOWN."
"20250906_09bx",6,1,"pass_complete","Mount Union",5,,,,"Wheaton (Ill.)",TRUE,"No Huddle-Shotgun Maloney,Mikey pass complete short right to Stiehl,Wyatt caught at WHE00, for 5 yards to the WHE00 TOUCHDOWN, clock 13:17.","No Huddle-Shotgun Forcucci,Mark rush right for 5 yards gain to the WHE30, out of bounds at WHE30 PENALTY WHE Holding (Howard,Riley) 10 yards from WHE25 to WHE15. NO PLAY."
"20250906_09bx",8,1,"kickoff","Wheaton (Ill.)",,1,10,75,"Wheaton (Ill.)",FALSE,"Rafferty,Connell kickoff 65 yards to the WHE00, Touchback.","No Huddle-Shotgun Forcucci,Mark rush right for 5 yards gain to the WHE30, out of bounds at WHE30 PENALTY WHE Holding (Howard,Riley) 10 yards from WHE25 to WHE15. NO PLAY."
"20250906_09bx",13,1,"punt_no_return","Wheaton (Ill.)",76,1,10,69,"Mount Union",FALSE,"Smith,Josiah punt 45 yards to the MTU31.","No Huddle-Shotgun Thomas,Shaun rush middle for 4 yards gain to the MTU35 (Downing,Owen)."
"20250906_09bx",22,1,"pass_complete","Mount Union",17,,,,"Wheaton (Ill.)",TRUE,"No Huddle-Shotgun Maloney,Mikey pass complete short right to Cockrell,Jacob caught at WHE03, for 17 yards to the WHE00 TOUCHDOWN, clock 07:24, 1ST DOWN.","Shotgun Forcucci,Mark pass complete short middle to Kortenhoeven,Seth caught at MTU46, for 14 yards to the MTU37 (Nye,Davis), 1ST DOWN."
"20250906_09bx",24,1,"kickoff","Wheaton (Ill.)",,1,10,51,"Wheaton (Ill.)",FALSE,"Rafferty,Connell kickoff 54 yards to the WHE11 Reeves,Eli return 38 yards to the WHE49 (Liebler,Zack).","Shotgun Forcucci,Mark pass complete short middle to Kortenhoeven,Seth caught at MTU46, for 14 yards to the MTU37 (Nye,Davis), 1ST DOWN."
"20250906_09bx",28,1,"rush","Wheaton (Ill.)",10,,,,"Mount Union",TRUE,"Shotgun Crider,Matt rush middle for 10 yards gain to the MTU00 TOUCHDOWN, clock 05:49, 1ST DOWN.","No Huddle-Shotgun Williams,Darnell rush middle for 0 yards to the MTU25 (Johanik,Peter; Coburn,Caleb)."
"20250906_09bx",30,1,"kickoff","Mount Union",,1,10,75,"Mount Union",FALSE,"Jesch,Mateo kickoff 65 yards to the MTU00, Touchback.","No Huddle-Shotgun Williams,Darnell rush middle for 0 yards to the MTU25 (Johanik,Peter; Coburn,Caleb)."
"20250906_09bx",38,1,"pass_complete","Mount Union",42,,,,"Wheaton (Ill.)",TRUE,"No Huddle-Shotgun Maloney,Mikey pass complete short right to Thomas,Shaun caught at WHE28, for 42 yards to the WHE00 TOUCHDOWN, clock 01:36, 1ST DOWN.","Shotgun Crider,Matt rush middle for 15 yards gain to the WHE42 (Cooper,Jerry), 1ST DOWN."
"20250906_09bx",40,1,"kickoff","Wheaton (Ill.)",,1,10,73,"Wheaton (Ill.)",FALSE,"Rafferty,Connell kickoff 60 yards to the WHE05 Reeves,Eli return 22 yards to the WHE27 (Krivosh,Timmy).","Shotgun Crider,Matt rush middle for 15 yards gain to the WHE42 (Cooper,Jerry), 1ST DOWN."
"20250906_09bx",53,2,"pass_incomplete","Wheaton (Ill.)",27,1,10,73,"Mount Union",FALSE,"Shotgun Forcucci,Mark pass incomplete short left to Jewett,Whit thrown to MTU16, TURNOVER ON DOWNS.","No Huddle-Shotgun Maloney,Mikey sacked for loss of 8 yards to the MTU19 (Johanik,Peter)."
"20250906_09bx",55,2,"pass_complete","Mount Union",81,,,,"Wheaton (Ill.)",TRUE,"No Huddle-Shotgun Maloney,Mikey pass complete short middle to Cockrell,Jacob caught at MTU35, for 81 yards to the WHE00 TOUCHDOWN, clock 11:00, 1ST DOWN.","Shotgun Forcucci,Mark pass complete deep left to Titherington,Caleb caught at MTU39, for 36 yards to the MTU39 (Cooper,Jerry), 1ST DOWN."
"20250906_09bx",57,2,"kickoff","Wheaton (Ill.)",,1,10,75,"Wheaton (Ill.)",FALSE,"Rafferty,Connell kickoff 65 yards to the WHE00, Touchback.","Shotgun Forcucci,Mark pass complete deep left to Titherington,Caleb caught at MTU39, for 36 yards to the MTU39 (Cooper,Jerry), 1ST DOWN."
"20250906_09bx",68,2,"pass_incomplete","Wheaton (Ill.)",11,1,10,89,"Mount Union",FALSE,"Shotgun Forcucci,Mark pass incomplete short right to Jewett,Whit thrown to MTU00 broken up by Liebler,Zack QB hurried by Bowden,Brandon, TURNOVER ON DOWNS.","No Huddle-Shotgun Williams,Darnell rush right for 4 yards gain to the MTU15 (Coburn,Caleb)."
"20250906_09bx",79,2,"punt_no_return","Mount Union",62,1,10,99,"Wheaton (Ill.)",FALSE,"Franklin,Michael punt 60 yards to the WHE02 PENALTY WHE Holding (Haas,Maison) 1 yard from WHE02 to WHE01.","Shotgun Forcucci,Mark pass incomplete short middle to Juska,Ben thrown to WHE14 QB hurried by Gannelli,Gabe."
"20250906_09bx",83,2,"punt_no_return","Wheaton (Ill.)",91,1,10,63,"Mount Union",FALSE,"Smith,Josiah punt 54 yards to the MTU37.","No Huddle-Shotgun Maloney,Mikey pass complete short left to Thomas,Shaun caught at MTU35, for 4 yards to the MTU41 (Harris,Zeke; Torti,Luca)."
"20250906_09bx",88,3,"kickoff","Wheaton (Ill.)",,1,10,82,"Wheaton (Ill.)",FALSE,"Maric,Ivan kickoff 64 yards to the WHE01 Reeves,Eli return 17 yards to the WHE18 (Adelman,Connor).","Shotgun Forcucci,Mark pass incomplete short right to Titherington,Caleb thrown to WHE24."
"20250906_09bx",92,3,"punt_with_return","Wheaton (Ill.)",90,1,10,31,"Mount Union",FALSE,"Smith,Josiah punt 34 yards to the WHE44 Ashby,Mason return 13 yards to the WHE31 (Doran,Ayden), out of bounds.","No Huddle-Shotgun Maloney,Mikey pass complete short middle to Grant,Davion caught at WHE17, for 17 yards to the WHE14 (Gann,Grady), 1ST DOWN."
"20250906_09bx",100,3,"field_goal_good","Mount Union",6,,,,"Wheaton (Ill.)",TRUE,"Maric,Ivan field goal attempt from 24 yards GOOD (H: Franklin,Michael, LS: Pasco,Jared), clock 08:55.","Shotgun Forcucci,Mark pass intercepted by Cruz,Keenan at WHE27 Cruz,Keenan return 19 yards to the WHE08, out of bounds at WHE08."
"20250906_09bx",101,3,"kickoff","Wheaton (Ill.)",,1,10,85,"Wheaton (Ill.)",FALSE,"Maric,Ivan kickoff 63 yards to the WHE02 Reeves,Eli return 13 yards to the WHE15 (Krivosh,Timmy).","Shotgun Forcucci,Mark pass intercepted by Cruz,Keenan at WHE27 Cruz,Keenan return 19 yards to the WHE08, out of bounds at WHE08."
"20250906_09bx",102,3,"pass_intercepted","Wheaton (Ill.)",85,1,8,8,"Mount Union",FALSE,"Shotgun Forcucci,Mark pass intercepted by Cruz,Keenan at WHE27 Cruz,Keenan return 19 yards to the WHE08, out of bounds at WHE08.","No Huddle-Shotgun Thomas,Shaun rush middle for 7 yards gain to the WHE01 (Harris,Zeke; Coburn,Caleb)."
"20250906_09bx",105,3,"pass_complete","Mount Union",1,,,,"Wheaton (Ill.)",TRUE,"No Huddle-Shotgun Maloney,Mikey pass complete short right to Turner,Nick caught at WHE00, for 1 yard to the WHE00 TOUCHDOWN, clock 07:35.","No Huddle-Shotgun Juska,Ben rush middle for 7 yards gain to the WHE32 (Rinard,Caleb)."
"20250906_09bx",107,3,"kickoff","Wheaton (Ill.)",,1,10,75,"Wheaton (Ill.)",FALSE,"Rafferty,Connell kickoff 62 yards to the WHE03 Reeves,Eli return 22 yards to the WHE25 (Merchant,Jerry).","No Huddle-Shotgun Juska,Ben rush middle for 7 yards gain to the WHE32 (Rinard,Caleb)."
"20250906_09bx",112,3,"punt_no_return","Wheaton (Ill.)",72,1,10,80,"Mount Union",FALSE,"Smith,Josiah punt 52 yards to the MTU20 fair catch by Ashby,Mason at MTU20.","No Huddle-Shotgun Williams,Darnell rush right for 8 yards gain to the MTU28 (Harris,Zeke; Gann,Grady)."
"20250906_09bx",121,3,"punt_no_return","Mount Union",58,1,10,65,"Wheaton (Ill.)",FALSE,"Franklin,Michael punt 28 yards to the WHE30 PENALTY MTU Offside (Williams,Darnell) 5 yards from WHE30 to WHE35.","No Huddle-Shotgun Forcucci,Mark sacked for loss of 4 yards to the WHE31 (Logan,Parker)."
"20250906_09bx",132,4,"rush","Wheaton (Ill.)",21,,,,"Mount Union",TRUE,"No Huddle-Shotgun Forcucci,Mark rush right for 21 yards gain to the MTU00 TOUCHDOWN, clock 10:57, 1ST DOWN.","No Huddle-Shotgun Copper,Chase pass incomplete short middle to Ellis,Jace thrown to MTU47."
"20250906_09bx",134,4,"kickoff","Mount Union",,1,10,65,"Mount Union",FALSE,"Jesch,Mateo kickoff 64 yards to the MTU01, out of bounds at MTU01.","No Huddle-Shotgun Copper,Chase pass incomplete short middle to Ellis,Jace thrown to MTU47."
"20250906_09bx",141,4,"punt_no_return","Mount Union",53,1,10,92,"Wheaton (Ill.)",FALSE,"Franklin,Michael punt 45 yards to the WHE08 fair catch by Schloemer,Zac at WHE08.","No Huddle-Shotgun Forcucci,Mark pass complete short right to Titherington,Caleb caught at WHE15, for 11 yards to the WHE19 (Thrasivoulou,Kosta), 1ST DOWN."
"20250906_09bx",153,4,"kickoff","Mount Union",,1,10,53,"Wheaton (Ill.)",FALSE,"Jesch,Mateo onside kickoff 12 yards to the WHE47.","No Huddle-Shotgun Forcucci,Mark pass incomplete short left to Kortenhoeven,Seth thrown to MTU49 PENALTY MTU Pass Interference (Thrasivoulou,Kosta) 15 yards from WHE47 to MTU38, 1ST DOWN. NO PLAY."
"20250906_09bx",158,4,"pass_complete","Wheaton (Ill.)",15,,,,"Mount Union",TRUE,"No Huddle-Shotgun Forcucci,Mark pass complete short left to Kortenhoeven,Seth caught at MTU00, for 15 yards to the MTU00 TOUCHDOWN, clock 02:40, 1ST DOWN.","No Huddle-Shotgun Williams,Darnell rush right for 4 yards gain to the MTU29 (Harris,Zeke)."
"20250906_09bx",161,4,"kickoff","Mount Union",,1,10,75,"Mount Union",FALSE,"Jesch,Mateo kickoff 57 yards to the MTU08 fair catch by Williams,Darnell at MTU08.","No Huddle-Shotgun Williams,Darnell rush right for 4 yards gain to the MTU29 (Harris,Zeke)."
"20250906_5qby",1,1,"kickoff","Ithaca",,1,10,82,"Ithaca",FALSE,"Wayt,Kaleb kickoff 65 yards to the ITH00 Mestre,Anthony return 18 yards to the ITH18 (Hallal,David).","No Huddle-Shotgun Parker,Matthew pass complete short right to Scully,Chris caught at ITH18, for 13 yards to the ITH31 (Schondelmayer,Jack), 1ST DOWN."
"20250906_5qby",8,1,"punt_no_return","Ithaca",51,1,10,80,"Johns Hopkins",FALSE,"Wandell,Caleb punt 51 yards to the JHU00, Touchback.","No Huddle-Shotgun Harvey,Bay pass complete short right to Crotty,Cole caught at JHU20, for 4 yards to the JHU24 (Boyle,Marcus), out of bounds."
"20250906_5qby",12,1,"punt_with_return","Johns Hopkins",72,1,10,69,"Ithaca",FALSE,"Alley,Chase punt 44 yards to the ITH28 Boyle,Marcus return 3 yards to the ITH31 (Stup,Cole; Trainer,Browning).","No Huddle-Shotgun Parker,Matthew pass incomplete short left to Stapleton,Brendan thrown to ITH42."
"20250906_5qby",16,1,"punt_no_return","Ithaca",67,1,10,65,"Johns Hopkins",FALSE,"Wandell,Caleb punt 32 yards to the JHU35 muffed by Enright,Robby at JHU35 recovered by JHU Olah,Kevin at JHU35, End Of Play.","No Huddle-Shotgun Schroeder,Geoff rush left for 2 yards gain to the JHU37 (Ciancuielli,Carson)."
"20250906_5qby",21,1,"pass_complete","Johns Hopkins",8,,,,"Ithaca",TRUE,"No Huddle-Shotgun Harvey,Bay pass complete short right to Pugliano,Ty caught at ITH08, for 8 yards to the ITH00 TOUCHDOWN, clock 06:38.","No Huddle-Shotgun Parker,Matthew pass incomplete short left to Lang,Nicholas thrown to ITH27 broken up by Newell,Xavier."
"20250906_5qby",23,1,"kickoff","Ithaca",,1,10,75,"Ithaca",FALSE,"Wayt,Kaleb kickoff 58 yards to the ITH07 Mestre,Anthony return 18 yards to the ITH25 (Olson,Sawyer; Bechtle,John).","No Huddle-Shotgun Parker,Matthew pass incomplete short left to Lang,Nicholas thrown to ITH27 broken up by Newell,Xavier."
"20250906_5qby",26,1,"pass_intercepted","Ithaca",67,1,10,65,"Johns Hopkins",FALSE,"No Huddle-Shotgun Parker,Matthew pass intercepted by Doherty,Brian at JHU35, End Of Play.","No Huddle-Shotgun Harvey,Bay rush right for 6 yards gain to the JHU41 (Paquette,Cam), out of bounds."
"20250906_5qby",36,2,"rush","Johns Hopkins",2,,,,"Ithaca",TRUE,"No Huddle-Shotgun Schroeder,Geoff rush left for 2 yards gain to the ITH00 TOUCHDOWN, clock 14:56.","No Huddle-Shotgun Scully,Chris rush left for 1 yard gain to the ITH23 (Trainer,Browning; Smith,Jackson)."
"20250906_5qby",39,2,"kickoff","Ithaca",,1,10,78,"Ithaca",FALSE,"Wayt,Kaleb kickoff 49 yards to the ITH01 Mestre,Anthony return 21 yards to the ITH22 (Stone,Zack).","No Huddle-Shotgun Scully,Chris rush left for 1 yard gain to the ITH23 (Trainer,Browning; Smith,Jackson)."
"20250906_5qby",48,2,"sack","Ithaca",37,1,10,25,"Johns Hopkins",FALSE,"No Huddle-Shotgun Parker,Matthew sacked for loss of 3 yards to the JHU40 (Hodge,Graham), fumble by Parker,Matthew recovered by JHU Seibert,Will at JHU40 Seibert,Will return 35 yards to the ITH25 (Scully,Chris).","No Huddle-Shotgun Pugliano,Ty rush middle for 2 yards gain to the ITH23 (Parry,Aidan)."
"20250906_5qby",51,2,"rush","Johns Hopkins",2,,,,"Ithaca",TRUE,"No Huddle-Shotgun Schroeder,Geoff rush left for 2 yards gain to the ITH00 TOUCHDOWN, clock 09:31.","No Huddle-Shotgun Scully,Chris rush middle for 4 yards loss to the ITH30 (Bourdo,Carson)."
"20250906_5qby",53,2,"kickoff","Ithaca",,1,10,66,"Ithaca",FALSE,"Wayt,Kaleb kickoff 57 yards to the ITH08 Mestre,Anthony return 26 yards to the ITH34 (Dasilva,Tyler).","No Huddle-Shotgun Scully,Chris rush middle for 4 yards loss to the ITH30 (Bourdo,Carson)."
"20250906_5qby",57,2,"punt_no_return","Ithaca",74,1,10,44,"Johns Hopkins",FALSE,"Wandell,Caleb punt 33 yards to the JHU41 fair catch by Orecchio,Alex at JHU41 PENALTY ITH Kick Catch Interference (Spirra,Joe) 15 yards from JHU41 to ITH44.","No Huddle-Shotgun Schroeder,Geoff rush right for 6 yards gain to the ITH38 (Mellis,Andrew; Spirra,Joe)."
"20250906_5qby",68,2,"rush","Johns Hopkins",1,,,,"Ithaca",TRUE,"No Huddle-Shotgun Harvey,Bay rush left for 1 yard gain to the ITH00 TOUCHDOWN, clock 02:12.","No Huddle-Shotgun Taylor,Ahmad rush middle for 4 yards gain to the ITH31 (Smith,Jackson; Langin,Trace)."
"20250906_5qby",70,2,"kickoff","Ithaca",,1,10,73,"Ithaca",FALSE,"Wayt,Kaleb kickoff 63 yards to the ITH02 Mestre,Anthony return 25 yards to the ITH27 (Bojorquez,Brock; Moustakas,Atticus).","No Huddle-Shotgun Taylor,Ahmad rush middle for 4 yards gain to the ITH31 (Smith,Jackson; Langin,Trace)."
"20250906_5qby",79,2,"punt_no_return","Ithaca",60,1,10,76,"Johns Hopkins",FALSE,"Wandell,Caleb punt 36 yards to the JHU24.","Kneel down by Harvey,Bay at JHU24 for loss of 0 yards."
"20250906_5qby",81,3,"kickoff","Johns Hopkins",,1,10,80,"Johns Hopkins",FALSE,"Savino,Luke kickoff 65 yards to the JHU00 Moore,Josh return 20 yards to the JHU20 (Green,Jake; Scordato,Will).","No Huddle-Shotgun Harvey,Bay rush right for 1 yard gain to the JHU21 (Carrazana,Aidan), out of bounds."
"20250906_5qby",96,3,"rush","Johns Hopkins",1,,,,"Ithaca",TRUE,"No Huddle-Shotgun Schroeder,Geoff rush left for 1 yard gain to the ITH00 TOUCHDOWN, clock 07:49.","No Huddle-Shotgun Parker,Matthew pass complete short right to Lang,Nicholas caught at ITH36, for 11 yards to the ITH36 (Olah,Kevin), 1ST DOWN."
"20250906_5qby",98,3,"kickoff","Ithaca",,1,10,75,"Ithaca",FALSE,"Wayt,Kaleb kickoff 53 yards to the ITH12 Taylor,Ahmad return 13 yards to the ITH25 (Scully,Justin).","No Huddle-Shotgun Parker,Matthew pass complete short right to Lang,Nicholas caught at ITH36, for 11 yards to the ITH36 (Olah,Kevin), 1ST DOWN."
"20250906_5qby",112,3,"pass_complete","Ithaca",2,,,,"Johns Hopkins",TRUE,"No Huddle-Shotgun Parker,Matthew pass complete short left to Lang,Nicholas caught at JHU00, for 2 yards to the JHU00 TOUCHDOWN, clock 02:13.","No Huddle-Shotgun Schroeder,Geoff rush left for 3 yards gain to the JHU19 (Simeus,Marven)."
"20250906_5qby",114,3,"kickoff","Johns Hopkins",,1,10,84,"Johns Hopkins",FALSE,"Savino,Luke kickoff 64 yards to the JHU01 Moore,Josh return 15 yards to the JHU16 (Tobia,Pierson; Scordato,Will).","No Huddle-Shotgun Schroeder,Geoff rush left for 3 yards gain to the JHU19 (Simeus,Marven)."
"20250906_5qby",119,3,"punt_with_return","Johns Hopkins",75,1,10,50,"Ithaca",FALSE,"Alley,Chase punt 30 yards to the ITH45 Boyle,Marcus return 5 yards to the JHU50 (Dasilva,Tyler; Hogg,Carter).","No Huddle-Shotgun Parker,Matthew sacked for loss of 6 yards to the ITH44 (Urquidi,Isaac, Smith,Jackson)."
"20250906_5qby",127,4,"pass_incomplete","Ithaca",20,1,10,80,"Johns Hopkins",FALSE,"No Huddle-Shotgun Parker,Matthew pass incomplete deep right to Lang,Nicholas thrown to JHU00, TURNOVER ON DOWNS.","No Huddle-Shotgun Baker,Luke rush middle for 16 yards gain to the JHU36, End Of Play, 1ST DOWN."
"20250906_5qby",130,4,"rush","Johns Hopkins",59,,,,"Ithaca",TRUE,"No Huddle-Shotgun Dandridge,Brock rush middle for 59 yards gain to the ITH00 TOUCHDOWN, clock 11:46, 1ST DOWN.","No Huddle-Shotgun Parker,Matthew rush left for 6 yards gain to the ITH27 (Trainer,Browning), out of bounds."
"20250906_5qby",132,4,"kickoff","Ithaca",,1,10,79,"Ithaca",FALSE,"Wayt,Kaleb kickoff 65 yards to the ITH00 Mestre,Anthony return 21 yards to the ITH21 (Pion,Jacob; Moustakas,Atticus).","No Huddle-Shotgun Parker,Matthew rush left for 6 yards gain to the ITH27 (Trainer,Browning), out of bounds."
"20250906_5qby",141,4,"pass_intercepted","Ithaca",26,1,10,91,"Johns Hopkins",FALSE,"No Huddle-Shotgun Parker,Matthew pass intercepted by Schondelmayer,Jack at JHU08 Schondelmayer,Jack return 1 yard to the JHU09 (Lang,Nicholas).","No Huddle-Shotgun Dandridge,Brock rush left for 4 yards gain to the JHU13 (Burns,Ryan; Mellis,Andrew)."
"20250906_5qby",147,4,"pass_complete","Johns Hopkins",51,1,10,52,"Ithaca",FALSE,"No Huddle-Shotgun Lollar,Ethan pass complete short right to Orecchio,Alex caught at ITH45, for 3 yards to the ITH48 fumbled by Orecchio,Alex at ITH45 forced by Burns,Ryan recovered by ITH Ciancuielli,Carson at ITH48, End Of Play.","No Huddle-Shotgun Reed,Michael pass complete deep left to Lang,Nicholas caught at JHU14, for 45 yards to the JHU07 (Dasilva,Tyler), 1ST DOWN."
"20250906_5qby",149,4,"rush","Ithaca",7,,,,"Johns Hopkins",TRUE,"No Huddle-Shotgun Reed,Michael rush middle for 7 yards gain to the JHU00 TOUCHDOWN, clock 03:30.","No Huddle-Shotgun Dandridge,Brock rush middle for 5 yards gain to the JHU30 (Burns,Ryan)."
"20250906_5qby",151,4,"kickoff","Johns Hopkins",,1,10,75,"Johns Hopkins",FALSE,"Savino,Luke kickoff 61 yards to the JHU04 fair catch by Moore,Josh at JHU04.","No Huddle-Shotgun Dandridge,Brock rush middle for 5 yards gain to the JHU30 (Burns,Ryan)."
"20250906_e064",1,1,"kickoff","Chicago",,1,10,75,"Chicago",FALSE,"Norell,John kickoff 50 yards to the UCHI15 fair catch by Minton,Josh at UCHI15.","Shotgun Ruff,Jack pass incomplete deep middle to Degner,Luke thrown to CMU40 broken up by Johnson,DJ."
"20250906_e064",6,1,"punt_with_return","Chicago",70,1,10,58,"Carnegie Mellon",FALSE,"Tan,Tad punt 32 yards to the CMU38 McCullough,Brendan return 4 yards to the CMU42 (Giggetts,Morrison; Lindsey,Jake).","Shotgun Bouma,Willem rush left for 5 yards gain to the CMU47 (Gideons,Battle)."
"20250906_e064",13,1,"pass_complete","Carnegie Mellon",11,,,,"Chicago",TRUE,"Shotgun McGinnis IV,Joey pass complete short right to Bouma,Willem caught at UCHI16, for 11 yards to the UCHI00 TOUCHDOWN, clock 10:10, 1ST DOWN.","Shotgun Lowry,Jake rush middle for 2 yards gain to the UCHI27 (Franze,Jacob; Kadur,Ty)."
"20250906_e064",15,1,"kickoff","Chicago",,1,10,75,"Chicago",FALSE,"Norell,John kickoff 65 yards to the UCHI00, Touchback.","Shotgun Lowry,Jake rush middle for 2 yards gain to the UCHI27 (Franze,Jacob; Kadur,Ty)."
"20250906_e064",20,1,"punt_no_return","Chicago",74,1,10,64,"Carnegie Mellon",FALSE,"Tan,Tad punt 38 yards to the CMU36 PENALTY CMU Running Into The Kicker declined.","Shotgun Bouma,Willem rush middle for 4 yards gain to the CMU40 (Heiberger,Michael; Tulupov,Ivan)."
"20250906_e064",24,1,"punt_no_return","Carnegie Mellon",62,1,10,95,"Chicago",FALSE,"Norell,John punt 57 yards to the UCHI05.","Shotgun Ruff,Jack pass complete short right to Keenan,Mackey caught at UCHI05, for 0 yards to the UCHI05 (Lawson,Jack)."
"20250906_e064",29,1,"punt_no_return","Chicago",97,1,10,64,"Carnegie Mellon",FALSE,"Tan,Tad punt 61 yards to the CMU36.","Shotgun Valente,Giacomo rush left for 5 yards gain to the CMU41 (Gideons,Battle)."
"20250906_e064",43,2,"field_goal_good","Carnegie Mellon",19,,,,"Chicago",TRUE,"Caputo,Justin field goal attempt from 35 yards GOOD (H: Salters,Jackson, LS: Orlando,Joey), clock 14:51.","Shotgun Lowry,Jake rush middle for 3 yards gain to the UCHI28 (Grace,Bennett; Franze,Jacob)."
"20250906_e064",44,2,"kickoff","Chicago",,1,10,75,"Chicago",FALSE,"Norell,John kickoff 65 yards to the UCHI00, Touchback.","Shotgun Lowry,Jake rush middle for 3 yards gain to the UCHI28 (Grace,Bennett; Franze,Jacob)."
"20250906_e064",51,2,"punt_no_return","Chicago",54,1,10,72,"Carnegie Mellon",FALSE,"Tan,Tad punt 26 yards to the CMU28.","No Huddle-Shotgun McGinnis IV,Joey pass complete short left to Sheets,Carter caught at CMU32, for 18 yards to the CMU46 (Kilgallen,Declan), 1ST DOWN."
"20250906_e064",57,2,"pass_complete","Carnegie Mellon",4,,,,"Chicago",TRUE,"No Huddle-Shotgun McGinnis IV,Joey pass complete short left to McCullough,Brendan caught at UCHI00, for 4 yards to the UCHI00 TOUCHDOWN, clock 08:09.","Shotgun Ruff,Jack pass incomplete short middle thrown to UCHI25."
"20250906_e064",59,2,"kickoff","Chicago",,1,10,75,"Chicago",FALSE,"Bisazza,Lucas kickoff 65 yards to the UCHI00, Touchback.","Shotgun Ruff,Jack pass incomplete short middle thrown to UCHI25."
"20250906_e064",63,2,"punt_with_return","Chicago",74,1,10,54,"Carnegie Mellon",FALSE,"Tan,Tad punt 35 yards to the CMU39 McCullough,Brendan return 7 yards to the CMU46 (Lindsey,Jake), out of bounds.","No Huddle-Shotgun McGinnis IV,Joey pass complete short right to McCullough,Brendan caught at UCHI48, for 8 yards to the UCHI46 (Rochester,EJ)."
"20250906_e064",66,2,"rush","Carnegie Mellon",46,1,10,42,"Chicago",FALSE,"No Huddle-Shotgun Valente,Giacomo rush right for 1 yard gain to the UCHI45 fumbled by Valente,Giacomo at UCHI44 forced by Rolls,Hugh recovered by UCHI Weathers,Houston at UCHI45 Weathers,Houston return 13 yards to the CMU42 (Vallano,Anthony).","Shotgun Degner,Luke pass incomplete deep right to Keenan,Mackey thrown to CMU20."
"20250906_e064",70,2,"pass_intercepted","Chicago",47,1,10,73,"Carnegie Mellon",FALSE,"Shotgun Ruff,Jack pass intercepted by Lawson,Jack at CMU27 Lawson,Jack return 0 yards to the CMU27, End Of Play.","No Huddle-Shotgun McGinnis IV,Joey pass complete short right to McCullough,Nick caught at CMU28, for 18 yards to the CMU45 (Minton,Josh), out of bounds, 1ST DOWN."
"20250906_e064",78,2,"punt_no_return","Carnegie Mellon",45,1,10,83,"Chicago",FALSE,"Norell,John punt 28 yards to the UCHI17, out of bounds at UCHI17.","Shotgun Ruff,Jack rush middle for 1 yard loss to the UCHI16 (Stokey,Mitchell)."
"20250906_e064",82,2,"punt_no_return","Chicago",74,1,10,60,"Carnegie Mellon",FALSE,"Tan,Tad punt 34 yards to the CMU40 fair catch by McCullough,Brendan at CMU40.","No Huddle-Shotgun McGinnis IV,Joey pass complete short left to McCullough,Brendan caught at CMU45, for 6 yards to the CMU46 (Kilgallen,Declan)."
"20250906_e064",92,2,"field_goal_missed","Carnegie Mellon",28,,,,,FALSE,"Caputo,Justin field goal attempt from 46 yards NO GOOD (H: Salters,Jackson, LS: Orlando,Joey), clock 00:00.",
"20250906_e064",93,3,"kickoff","Carnegie Mellon",,1,10,69,"Carnegie Mellon",FALSE,"Kim,Nathaniel kickoff 63 yards to the CMU02 Johnson,DJ return 29 yards to the CMU31 (Nittoli,Anthony).","No Huddle-Shotgun Valente,Giacomo rush left for 6 yards gain to the CMU37 (Marshall,Maceo)."
"20250906_e064",101,3,"rush","Carnegie Mellon",38,1,10,62,"Chicago",FALSE,"No Huddle-Shotgun McGinnis IV,Joey rush middle for 0 yards to the UCHI38 fumbled by McGinnis IV,Joey at UCHI38 recovered by CMU McCullough,Brendan at UCHI38, End Of Play, TURNOVER ON DOWNS.","Shotgun Giggetts,Morrison rush right for 4 yards gain to the UCHI42 (Lawson,Jack)."
"20250906_e064",110,3,"punt_no_return","Chicago",54,1,10,90,"Carnegie Mellon",FALSE,"Tan,Tad punt 44 yards to the CMU10 fair catch by McCullough,Brendan at CMU10 PENALTY CMU Running Into The Kicker declined.","No Huddle-Shotgun Valente,Giacomo rush middle for 5 yards gain to the CMU15 (Meyer,Zach)."
"20250906_e064",125,4,"field_goal_blocked","Carnegie Mellon",25,1,10,76,"Chicago",FALSE,"Caputo,Justin field goal attempt from 44 yards NO GOOD blocked by Heiberger,Michael (H: Salters,Jackson, LS: Orlando,Joey), clock 13:54 recovered by UCHI Wigginton,Jack at UCHI24 Wigginton,Jack return 0 yards to the UCHI24, End Of Play.","Shotgun Ruff,Jack pass incomplete deep right to Degner,Luke thrown to UCHI45 broken up by Johnson,DJ PENALTY CMU Roughing The Passer (Tarke,Leighton) 15 yards from UCHI24 to UCHI39, 1ST DOWN. NO PLAY."
"20250906_e064",130,4,"punt_with_return","Chicago",60,1,10,79,"Carnegie Mellon",FALSE,"Tan,Tad punt 48 yards to the CMU12 McCullough,Brendan return 9 yards to the CMU21 (Parlet,Miles).","No Huddle-Shotgun Agyei,Shadrak rush middle for 2 yards gain to the CMU23 (Schmedlen,Jurgis)."
"20250906_e064",138,4,"punt_with_return","Carnegie Mellon",63,1,10,75,"Chicago",FALSE,"Norell,John punt 47 yards to the UCHI16 Degner,Luke return 9 yards to the UCHI25 (Schmitz,Barrett).","Shotgun Parlet,Miles rush middle for 6 yards gain to the UCHI31 (Warren,Connor)."
"20250906_e064",144,4,"punt_blocked","Chicago",66,1,10,23,"Carnegie Mellon",FALSE,"Tan,Tad punt 0 yards to the UCHI34 blocked by McCullough,Nick, out of bounds at UCHI23.","No Huddle-Shotgun McGinnis IV,Joey pass complete short left to McCullough,Nick caught at UCHI20, for 3 yards to the UCHI20 (Hughes,Talon)."
"20250906_e064",148,4,"field_goal_good","Carnegie Mellon",21,,,,"Chicago",TRUE,"Caputo,Justin field goal attempt from 38 yards GOOD (H: Salters,Jackson, LS: Orlando,Joey), clock 04:10.","Shotgun Kelley,Avondre rush middle for 1 yard gain to the UCHI22 (Schmitz,Barrett)."
"20250906_e064",149,4,"kickoff","Chicago",,1,10,79,"Chicago",FALSE,"Norell,John kickoff 60 yards to the UCHI05 Giggetts,Morrison return 16 yards to the UCHI21 (Sturges,Robert).","Shotgun Kelley,Avondre rush middle for 1 yard gain to the UCHI22 (Schmitz,Barrett)."
"20250906_e064",153,4,"punt_no_return","Chicago",81,1,10,37,"Carnegie Mellon",FALSE,"Tan,Tad punt 18 yards to the UCHI37.","No Huddle-Shotgun Langdon,Jake rush right for 8 yards gain to the UCHI29 (Minton,Josh; Wigginton,Jack)."
"20250913_6i95",1,1,"kickoff","UW-La Crosse",,1,10,75,"UW-La Crosse",FALSE,"Noah Godhard kickoff 65 yards to the UWL00, touchback.","Gabe Lynch rush for 3 yards to the UWL28 (Leighton Tarke; Lucas Hazard)."
"20250913_6i95",12,1,"pass_complete","UW-La Crosse",6,,,,"Carnegie Mellon",TRUE,"Kyle Haas pass complete to Gabe Lynch for 6 yards to the CMU00, TOUCHDOWN, clock 09:37.","Joey McGinnis I pass complete to Brendan McCullo for 15 yards to the CMU40 (Sa Balistrieri)."
"20250913_6i95",14,1,"kickoff","Carnegie Mellon",,1,10,75,"Carnegie Mellon",FALSE,"Michael Stack kickoff 65 yards to the CMU00, touchback.","Joey McGinnis I pass complete to Brendan McCullo for 15 yards to the CMU40 (Sa Balistrieri)."
"20250913_6i95",19,1,"punt_no_return","Carnegie Mellon",51,1,10,87,"UW-La Crosse",FALSE,"John Norell punt 38 yards to the UWL13, downed.","Braedon Ott rush for loss of 1 yard to the UWL12 (Bennett Grace)."
"20250913_6i95",27,1,"punt_no_return","UW-La Crosse",69,1,10,93,"Carnegie Mellon",FALSE,"Ethan Tranel punt 62 yards to the CMU07, downed.","Willem Bouma rush for 1 yard to the CMU08 (Nicholo Jorndt)."
"20250913_6i95",36,2,"punt_no_return","Carnegie Mellon",53,1,10,94,"UW-La Crosse",FALSE,"John Norell punt 47 yards to the UWL06, downed.","Gabe Lynch rush for 21 yards to the UWL27 (Tai Mann), out-of-bounds."
"20250913_6i95",41,2,"punt_with_return","UW-La Crosse",64,1,10,56,"Carnegie Mellon",FALSE,"Ethan Tranel punt 46 yards to the CMU18, Brendan McCullo return 11 yards to the CMU29 (Tyr Severson), out-of-bounds, PENALTY UWL personal foul (Ben Walsh) 15 yards to the CMU44.","Joey McGinnis I pass complete to Brendan McCullo for 35 yards to the UWL21, PENALTY CMU ineligible man down field (Andy Champe) 5 yards to the CMU39, NO PLAY."
"20250913_6i95",47,2,"punt_no_return","Carnegie Mellon",66,1,10,71,"UW-La Crosse",FALSE,"John Norell punt 37 yards to the UWL29, fair catch by Jack Janke.","Kyle Haas pass incomplete to Nolan Wulf."
"20250913_6i95",60,2,"field_goal_blocked","UW-La Crosse",18,1,10,80,"Carnegie Mellon",FALSE,"Maddox Pratt field goal attempt from 36 BLOCKED, recovered by CMU TEAM, spot at CMU00 (blocked by Mitchell Stokey), touchback, clock 05:00.","Joey McGinnis I rush for 5 yards to the CMU25 (Nicholo Jorndt; Tho Laufenberg)."
"20250913_6i95",62,2,"pass_complete","Carnegie Mellon",75,,,,"UW-La Crosse",TRUE,"Joey McGinnis I pass complete to Brendan McCullo for 75 yards to the UWL00, TOUCHDOWN, clock 04:29.","Kyle Haas pass complete to Jack Janke for 4 yards to the UWL29, fumble forced by Jack Lawson, fumble by Jack Janke recovered by UWL Jack Janke at UWL28."
"20250913_6i95",64,2,"kickoff","UW-La Crosse",,1,10,75,"UW-La Crosse",FALSE,"Noah Godhard kickoff 65 yards to the UWL00, touchback.","Kyle Haas pass complete to Jack Janke for 4 yards to the UWL29, fumble forced by Jack Lawson, fumble by Jack Janke recovered by UWL Jack Janke at UWL28."
"20250913_6i95",75,2,"rush","UW-La Crosse",11,,,,"Carnegie Mellon",TRUE,"Gabe Lynch rush for 11 yards to the CMU00, TOUCHDOWN, clock 00:27.","Joey McGinnis I pass complete to Brendan McCullo for 20 yards to the CMU49 (Jared Pelishek)."
"20250913_6i95",77,2,"kickoff","Carnegie Mellon",,1,10,71,"Carnegie Mellon",FALSE,"Michael Stack kickoff 63 yards to the CMU02, Nick McCullough return 27 yards to the CMU29 (Steven Piontek; Colin O'Neil).","Joey McGinnis I pass complete to Brendan McCullo for 20 yards to the CMU49 (Jared Pelishek)."
"20250913_6i95",81,2,"field_goal_missed","Carnegie Mellon",26,,,,,FALSE,"Justin Caputo field goal attempt from 43 MISSED - wide right, spot at UWL26.",
"20250913_6i95",82,3,"kickoff","Carnegie Mellon",,1,10,68,"Carnegie Mellon",FALSE,"Michael Stack kickoff 61 yards to the CMU04, Nick McCullough return 28 yards to the CMU32 (Calahan Miles).","PENALTY CMU false start (Jake Langdon) 5 yards to the CMU27."
"20250913_6i95",87,3,"punt_no_return","Carnegie Mellon",67,1,10,89,"UW-La Crosse",FALSE,"John Norell punt 56 yards to the UWL11, downed.","Gabe Lynch rush for loss of 1 yard to the UWL10 (Amani Tchamwa; Jacob Franze)."
"20250913_6i95",100,3,"field_goal_good","UW-La Crosse",17,,,,"Carnegie Mellon",TRUE,"Maddox Pratt field goal attempt from 34 GOOD, clock 07:26.","Willem Bouma rush for 3 yards to the CMU25 (Ben Ott)."
"20250913_6i95",101,3,"kickoff","Carnegie Mellon",,1,10,78,"Carnegie Mellon",FALSE,"Michael Stack kickoff 48 yards to the CMU17, Nick McCullough return 5 yards to the CMU22 (Kyle Lynch).","Willem Bouma rush for 3 yards to the CMU25 (Ben Ott)."
"20250913_6i95",103,3,"pass_intercepted","Carnegie Mellon",75,,,,"Carnegie Mellon",TRUE,"Joey McGinnis I pass intercepted by Sam Baumgard at the CMU41, Sam Baumgard return 41 yards to the CMU00, TOUCHDOWN, clock 06:32.","Willem Bouma rush for 5 yards to the CMU30 (Tate Pitcher)."
"20250913_6i95",106,3,"penalty_no_play","UW-La Crosse",50,,,,"Carnegie Mellon",FALSE,"Penalty after touchdown before PAT","Willem Bouma rush for 5 yards to the CMU30 (Tate Pitcher)."
"20250913_6i95",107,3,"kickoff","Carnegie Mellon",,1,10,75,"Carnegie Mellon",FALSE,"Michael Stack kickoff 50 yards to the CMU00, touchback.","Willem Bouma rush for 5 yards to the CMU30 (Tate Pitcher)."
"20250913_6i95",116,3,"pass_intercepted","Carnegie Mellon",15,1,10,94,"UW-La Crosse",FALSE,"Joey McGinnis I pass intercepted by Trent Mullen at the UWL06, Trent Mullen return 0 yards to the UWL06.","Braedon Ott rush for 3 yards to the UWL09 (Ethan Ming; Gabe Bonnet)."
"20250913_6i95",125,4,"pass_complete","UW-La Crosse",37,,,,"Carnegie Mellon",TRUE,"Kyle Haas pass complete to Jack Janke for 37 yards to the CMU00, TOUCHDOWN, clock 13:33.","Joey McGinnis I pass incomplete to Reece Kolke, dropped pass."
"20250913_6i95",127,4,"kickoff","Carnegie Mellon",,1,10,75,"Carnegie Mellon",FALSE,"Michael Stack kickoff 65 yards to the CMU00, touchback.","Joey McGinnis I pass incomplete to Reece Kolke, dropped pass."
"20250913_6i95",139,4,"punt_no_return","Carnegie Mellon",46,1,10,79,"UW-La Crosse",FALSE,"John Norell punt 25 yards to the UWL21, downed.","Owen Leitel rush for 1 yard to the UWL22 (Leighton Tarke; Jacob Franze)."
"20250913_6i95",143,4,"punt_no_return","UW-La Crosse",75,1,10,45,"Carnegie Mellon",FALSE,"Ethan Tranel punt 20 yards to the UWL45, out-of-bounds.","Jackson Salters pass complete to Shadrak Agyei for 3 yards to the UWL42 (Sam Baumgard)."
"20250913_6i95",148,4,"pass_complete","Carnegie Mellon",34,,,,"UW-La Crosse",TRUE,"Jackson Salters pass complete to Brendan McCullo for 34 yards to the UWL00, TOUCHDOWN, clock 06:04.","Gabe Lynch rush for 5 yards to the UWL30 (Gabe Bonnet; Jacob Franze)."
"20250913_6i95",150,4,"kickoff","UW-La Crosse",,1,10,75,"UW-La Crosse",FALSE,"Noah Godhard kickoff 63 yards to the UWL02, fair catch by Braedon Ott.","Gabe Lynch rush for 5 yards to the UWL30 (Gabe Bonnet; Jacob Franze)."
"20250913_6i95",154,4,"punt_no_return","UW-La Crosse",66,1,10,73,"Carnegie Mellon",FALSE,"Ethan Tranel punt 39 yards to the CMU27, out-of-bounds.","Jackson Salters pass intercepted by Henry Walsh at the CMU25, Henry Walsh return 16 yards to the CMU09 (Jackson Salters)."
"20250913_6i95",155,4,"pass_intercepted","Carnegie Mellon",73,1,9,9,"UW-La Crosse",FALSE,"Jackson Salters pass intercepted by Henry Walsh at the CMU25, Henry Walsh return 16 yards to the CMU09 (Jackson Salters).","Gabe Lynch rush for 3 yards to the CMU06 (Jack Lawson; Mitchell Stokey)."
"20250913_6i95",158,4,"pass_complete","UW-La Crosse",6,,,,"Carnegie Mellon",TRUE,"Kyle Haas pass complete to Keaton Arendt for 6 yards to the CMU00, TOUCHDOWN, clock 01:54.","Jackson Salters sacked for loss of 5 yards to the CMU45 (Ben Moore), fumble by Jackson Salters recovered by UWL Noah Gehin at CMU45."
"20250913_6i95",161,4,"penalty_no_play","UW-La Crosse",80,,,,"Carnegie Mellon",FALSE,"Penalty after touchdown before PAT","Jackson Salters sacked for loss of 5 yards to the CMU45 (Ben Moore), fumble by Jackson Salters recovered by UWL Noah Gehin at CMU45."
"20250913_6i95",162,4,"kickoff","Carnegie Mellon",,1,10,50,"Carnegie Mellon",FALSE,"Michael Stack kickoff 60 yards to the CMU20, out-of-bounds, CMU ball on 50 yardline, clock 01:54.","Jackson Salters sacked for loss of 5 yards to the CMU45 (Ben Moore), fumble by Jackson Salters recovered by UWL Noah Gehin at CMU45."
"20250913_6i95",163,4,"sack","Carnegie Mellon",50,1,10,45,"UW-La Crosse",FALSE,"Jackson Salters sacked for loss of 5 yards to the CMU45 (Ben Moore), fumble by Jackson Salters recovered by UWL Noah Gehin at CMU45.","TEAM rush for loss of 2 yards to the CMU47."
"20250913_8770",1,1,"kickoff","John Carroll",,1,10,75,"John Carroll",FALSE,"Wayt,Kaleb kickoff 65 yards to the JCU00, Touchback.","No Huddle-Shotgun Semptimphelter,Nick pass complete short middle to Nelson,Evan caught at JCU30, for 6 yards to the JCU31 (Smith,Jackson)."
"20250913_8770",9,1,"field_goal_good","John Carroll",12,,,,"Johns Hopkins",TRUE,"Schuler,Colin field goal attempt from 29 yards GOOD (H: Schuckert,Owen, LS: Harpster,Chad), clock 10:51.","No Huddle-Shotgun Harvey,Bay rush left for 6 yards gain to the JCU44 (Grobolsek,Kenny), out of bounds."
"20250913_8770",10,1,"kickoff","Johns Hopkins",,1,10,50,"Johns Hopkins",FALSE,"Schuler,Colin kickoff 65 yards to the JHU00 Moore,Josh return 50 yards to the JHU50 (Jones,Josh), out of bounds.","No Huddle-Shotgun Harvey,Bay rush left for 6 yards gain to the JCU44 (Grobolsek,Kenny), out of bounds."
"20250913_8770",14,1,"pass_complete","Johns Hopkins",24,,,,"John Carroll",TRUE,"No Huddle-Shotgun Harvey,Bay pass complete deep left to Enright,Robby caught at JCU00, for 24 yards to the JCU00 TOUCHDOWN, clock 08:26, 1ST DOWN.","No Huddle-Shotgun Semptimphelter,Nick pass complete short middle to Rawls,Kenneth caught at JCU25, for 2 yards to the JCU27 (Bourdo,Carson; Trainer,Browning)."
"20250913_8770",16,1,"kickoff","John Carroll",,1,10,75,"John Carroll",FALSE,"Wayt,Kaleb kickoff 65 yards to the JCU00, Touchback.","No Huddle-Shotgun Semptimphelter,Nick pass complete short middle to Rawls,Kenneth caught at JCU25, for 2 yards to the JCU27 (Bourdo,Carson; Trainer,Browning)."
"20250913_8770",20,1,"punt_with_return","John Carroll",75,1,10,62,"Johns Hopkins",FALSE,"Schuckert,Owen punt 38 yards to the JHU37 Orecchio,Alex return 1 yard to the JHU38 (Rus,Mason).","No Huddle-Shotgun Pugliano,Ty rush middle for 1 yard gain to the JHU39 (Golson,Chris)."
"20250913_8770",29,1,"pass_complete","Johns Hopkins",37,,,,"John Carroll",TRUE,"No Huddle-Shotgun Harvey,Bay pass complete deep right to Crotty,Cole caught at JCU17, for 37 yards to the JCU00 TOUCHDOWN, clock 03:03, 1ST DOWN.","No Huddle-Shotgun Semptimphelter,Nick pass incomplete short middle to Montgomery,Tyren thrown to JCU25."
"20250913_8770",31,1,"kickoff","John Carroll",,1,10,75,"John Carroll",FALSE,"Wayt,Kaleb kickoff 65 yards to the JCU00, Touchback.","No Huddle-Shotgun Semptimphelter,Nick pass incomplete short middle to Montgomery,Tyren thrown to JCU25."
"20250913_8770",35,1,"punt_with_return","John Carroll",80,1,10,80,"Johns Hopkins",FALSE,"Schuckert,Owen punt 45 yards to the JHU35 Enright,Robby return 0 yards to the JHU35 (Rus,Mason) PENALTY JHU Personal Foul (Stup,Cole) 15 yards from JHU35 to JHU20.","No Huddle-Shotgun Schroeder,Geoff rush middle for 6 yards gain to the JHU26 (Grobolsek,Kenny)."
"20250913_8770",42,2,"punt_no_return","Johns Hopkins",59,1,10,84,"John Carroll",FALSE,"Alley,Chase punt 43 yards to the JCU16, out of bounds at JCU16.","No Huddle-Shotgun Newsom,Quincy rush right for 5 yards gain to the JCU21 (Olah,Kevin)."
"20250913_8770",46,2,"punt_no_return","John Carroll",79,1,10,61,"Johns Hopkins",FALSE,"Schuckert,Owen punt 40 yards to the JHU39 fair catch by Orecchio,Alex at JHU39.","No Huddle-Shotgun Schroeder,Geoff rush middle for 2 yards loss to the JHU37 (Golson,Chris)."
"20250913_8770",54,2,"pass_complete","Johns Hopkins",21,,,,"John Carroll",TRUE,"No Huddle-Shotgun Harvey,Bay pass complete short right to Schroeder,Geoff caught at JCU21, for 21 yards to the JCU00 TOUCHDOWN, clock 07:41, 1ST DOWN.","No Huddle-Shotgun Styles,Josh rush middle for 0 yards to the JCU32 (Gibson,Kellen; Hogg,Carter)."
"20250913_8770",56,2,"kickoff","John Carroll",,1,10,68,"John Carroll",FALSE,"Wayt,Kaleb kickoff 58 yards to the JCU07 Lindstrom,Shane return 25 yards to the JCU32 (Hogg,Carter; Kramer,Spencer).","No Huddle-Shotgun Styles,Josh rush middle for 0 yards to the JCU32 (Gibson,Kellen; Hogg,Carter)."
"20250913_8770",67,2,"pass_complete","John Carroll",6,,,,"Johns Hopkins",TRUE,"No Huddle-Shotgun Semptimphelter,Nick pass complete short middle to Montgomery,Tyren caught at JHU00, for 6 yards to the JHU00 TOUCHDOWN, clock 01:41.","No Huddle-Shotgun Harvey,Bay pass incomplete deep right to Moore,Josh thrown to JCU25."
"20250913_8770",69,2,"kickoff","Johns Hopkins",,1,10,67,"Johns Hopkins",FALSE,"Schuler,Colin kickoff 65 yards to the JHU00 Moore,Josh return 33 yards to the JHU33 (Badley,Davon).","No Huddle-Shotgun Harvey,Bay pass incomplete deep right to Moore,Josh thrown to JCU25."
"20250913_8770",73,2,"punt_with_return","Johns Hopkins",61,1,10,75,"John Carroll",FALSE,"Alley,Chase punt 41 yards to the JCU20 Lindstrom,Shane return 5 yards to the JCU25 (Trainer,Browning).","No Huddle-Shotgun Moten,Keller rush left for 7 yards gain to the JCU32 (Hallal,David)."
"20250913_8770",82,3,"kickoff","Johns Hopkins",,1,10,83,"Johns Hopkins",FALSE,"Schuler,Colin kickoff 62 yards to the JHU03 Moore,Josh return 14 yards to the JHU17 (Bates,Will).","No Huddle-Shotgun Harvey,Bay pass complete deep right to Moore,Josh caught at JCU49, for 34 yards to the JCU49, End Of Play, 1ST DOWN."
"20250913_8770",91,3,"pass_incomplete","Johns Hopkins",32,1,10,68,"John Carroll",FALSE,"No Huddle-Shotgun Harvey,Bay pass incomplete short middle to Moore,Josh thrown to JCU15, TURNOVER ON DOWNS.","PENALTY JHU Pass Interference (Bourdo,Carson) 15 yards from JCU32 to JCU47, 1ST DOWN. NO PLAY."
"20250913_8770",101,3,"field_goal_missed","John Carroll",17,1,10,80,"Johns Hopkins",FALSE,"Schuler,Colin field goal attempt from 34 yards NO GOOD (H: Schuckert,Owen, LS: Harpster,Chad), clock 07:46.","No Huddle-Shotgun Schroeder,Geoff rush left for 4 yards gain to the JHU24 (Crasi,Dylan)."
"20250913_8770",108,3,"punt_no_return","Johns Hopkins",66,1,10,74,"John Carroll",FALSE,"Alley,Chase punt 40 yards to the JCU26.","PENALTY JCU False Start (Mrukowski,Troy) 5 yards from JCU26 to JCU21. NO PLAY."
"20250913_8770",121,4,"punt_with_return","John Carroll",34,1,10,73,"Johns Hopkins",FALSE,"Semptimphelter,Nick punt 17 yards to the JHU17 Trainer,Browning return 10 yards to the JHU27 (Lindstrom,Shane).","No Huddle-Shotgun Harvey,Bay rush right for 4 yards gain to the JHU31 (Day,Ben)."
"20250913_8770",123,4,"pass_intercepted","Johns Hopkins",69,1,10,68,"John Carroll",FALSE,"No Huddle-Shotgun Harvey,Bay pass intercepted by Thomas,Lamar at JCU32, End Of Play.","No Huddle-Shotgun Semptimphelter,Nick rush middle for 2 yards gain to the JCU34 (Trainer,Browning)."
"20250913_8770",127,4,"punt_no_return","John Carroll",70,1,10,61,"Johns Hopkins",FALSE,"Schuckert,Owen punt 31 yards to the JHU39 fair catch by Orecchio,Alex at JHU39.","No Huddle-Shotgun Harvey,Bay pass incomplete short right to Bechtle,John thrown to JHU43 broken up by Hufnagel,Jacob."
"20250913_8770",133,4,"field_goal_good","Johns Hopkins",17,,,,"John Carroll",TRUE,"Paxton,Brad field goal attempt from 34 yards GOOD (H: Lollar,Ethan, LS: Strnad,Claude), clock 09:19.","No Huddle-Shotgun Semptimphelter,Nick pass complete short left to Montgomery,Tyren caught at JCU14, for 7 yards to the JCU15 (Hallal,David)."
"20250913_8770",134,4,"kickoff","John Carroll",,1,10,92,"John Carroll",FALSE,"Wayt,Kaleb kickoff 58 yards to the JCU07 Lindstrom,Shane return 9 yards to the JCU16 (Moustakas,Atticus), out of bounds PENALTY JCU Holding (Bova,Joe) 8 yards from JCU16 to JCU08.","No Huddle-Shotgun Semptimphelter,Nick pass complete short left to Montgomery,Tyren caught at JCU14, for 7 yards to the JCU15 (Hallal,David)."
"20250913_8770",139,4,"rush","John Carroll",67,1,10,28,"Johns Hopkins",FALSE,"No Huddle-Shotgun Jenkins,Nemo rush middle for 5 yards loss to the JCU28 fumbled by Jenkins,Nemo at JCU29 forced by Urquidi,Isaac recovered by JHU Hogg,Carter at JCU28, End Of Play.","No Huddle-Shotgun Schroeder,Geoff rush middle for 2 yards gain to the JCU26 (Grobolsek,Kenny)."
"20250913_8770",143,4,"field_goal_good","Johns Hopkins",21,,,,"John Carroll",TRUE,"Paxton,Brad field goal attempt from 39 yards GOOD (H: Lollar,Ethan, LS: Strnad,Claude), clock 04:21.","No Huddle-Shotgun Semptimphelter,Nick pass complete short left to Montgomery,Tyren caught at JCU35, for 18 yards to the JCU43 (Schondelmayer,Jack), 1ST DOWN."
"20250913_8770",144,4,"kickoff","John Carroll",,1,10,75,"John Carroll",FALSE,"Wayt,Kaleb kickoff 65 yards to the JCU00, Touchback.","No Huddle-Shotgun Semptimphelter,Nick pass complete short left to Montgomery,Tyren caught at JCU35, for 18 yards to the JCU43 (Schondelmayer,Jack), 1ST DOWN."
"20250913_8770",151,4,"sack","John Carroll",53,1,10,38,"Johns Hopkins",FALSE,"No Huddle-Shotgun Semptimphelter,Nick sacked for loss of 9 yards to the JCU38 (Olson,Sawyer, Gibson,Kellen), TURNOVER ON DOWNS.","No Huddle Schroeder,Geoff rush middle for 6 yards gain to the JCU32 (Grobolsek,Kenny)."
"20250913_8wif",1,1,"kickoff","Christopher Newport",,1,10,70,"Christopher Newport",FALSE,"Kruse,Nolan kickoff 59 yards to the CNU06, Jordin Lennon return 34 yards to the CNU40 (Case,Edison), PENALTY CNU holding (Ajani Martin) 10 yards to the CNU30.","Connor Barry pass complete to Gunner White for 10 yards to the CNU40 (DeLorenzo,Nate; Rhyne,Justin)."
"20250913_8wif",8,1,"rush","Christopher Newport",20,,,,"Gettysburg",TRUE,"Gunner White rush for 20 yards to the GC00, TOUCHDOWN, clock 12:03.","Zrelak,Michael rush for 3 yards to the GC37 (C. Clawson, Jr.)."
"20250913_8wif",11,1,"kickoff","Gettysburg",,1,10,66,"Gettysburg",FALSE,"Maxx Lawton kickoff 59 yards to the GC06, Denison,Luke return 22 yards to the GC28, Case,Edison for 6 yards to the GC34 (M. Brown-Porter).","Zrelak,Michael rush for 3 yards to the GC37 (C. Clawson, Jr.)."
"20250913_8wif",22,1,"field_goal_missed","Gettysburg",15,1,10,80,"Christopher Newport",FALSE,"Parks-Gill,Isaa field goal attempt from 32 MISSED - wide right, spot at CNU20.","Matt Dzierski rush for 6 yards to the CNU26 (Estes,Alex)."
"20250913_8wif",32,1,"pass_complete","Christopher Newport",16,,,,"Gettysburg",TRUE,"Connor Barry pass complete to Josh Powell for 16 yards to the GC00, TOUCHDOWN, clock 01:02.","Zrelak,Michael rush for no gain to the GC21 (Eddie Henderson; Jackson Ambruzs)."
"20250913_8wif",34,1,"kickoff","Gettysburg",,1,10,79,"Gettysburg",FALSE,"Maxx Lawton kickoff 51 yards to the GC14, Denison,Luke return 7 yards to the GC21 (James Benedetto).","Zrelak,Michael rush for no gain to the GC21 (Eddie Henderson; Jackson Ambruzs)."
"20250913_8wif",38,2,"punt_blocked","Gettysburg",74,,,,"Gettysburg",TRUE,"TEAM punt BLOCKED recovered by Dai Fitzgerald at GC06 (blocked by B. Peterson), Dai Fitzgerald for 6 yards to the GC00, TOUCHDOWN, clock 14:18.","Zrelak,Michael rush for 6 yards to the GC28 (Eddie Henderson; Maddax Lee), PENALTY CNU offside defense (Jordan Stith) 5 yards to the GC27, NO PLAY."
"20250913_8wif",40,2,"kickoff","Gettysburg",,1,10,78,"Gettysburg",FALSE,"Maxx Lawton kickoff 57 yards to the GC08, Diaz,Gabriel return 14 yards to the GC22 (M. Brown-Porter; Trey Corbin).","Zrelak,Michael rush for 6 yards to the GC28 (Eddie Henderson; Maddax Lee), PENALTY CNU offside defense (Jordan Stith) 5 yards to the GC27, NO PLAY."
"20250913_8wif",50,2,"pass_complete","Gettysburg",13,,,,"Christopher Newport",TRUE,"Abdinoor,Rocco pass complete to Roskam,Jason for 13 yards to the CNU00, TOUCHDOWN, clock 10:56.","Gunner White rush for 5 yards to the CNU30 (Rhyne,Justin)."
"20250913_8wif",52,2,"kickoff","Christopher Newport",,1,10,75,"Christopher Newport",FALSE,"Kruse,Nolan kickoff 51 yards to the CNU14, Jordin Lennon return 11 yards to the CNU25 (Weems,Ryan).","Gunner White rush for 5 yards to the CNU30 (Rhyne,Justin)."
"20250913_8wif",59,2,"pass_complete","Christopher Newport",10,,,,"Gettysburg",TRUE,"Matt Dzierski pass complete to Gunner White for 10 yards to the GC00, TOUCHDOWN, clock 07:43.","Hunt,Landon rush for 5 yards to the GC30 (Maddax Lee; Jerry Cashwell)."
"20250913_8wif",61,2,"kickoff","Gettysburg",,1,10,75,"Gettysburg",FALSE,"Maxx Lawton kickoff 65 yards to the GC00, touchback.","Hunt,Landon rush for 5 yards to the GC30 (Maddax Lee; Jerry Cashwell)."
"20250913_8wif",69,2,"punt_no_return","Gettysburg",29,1,10,75,"Christopher Newport",FALSE,"Vanarsdale,Dann punt 4 yards to the CNU25.","Connor Barry sacked for loss of 5 yards to the CNU20 (Bendowski,Mike), fumble by Connor Barry recovered by CNU DJ Gambrell at CNU22."
"20250913_8wif",77,2,"pass_complete","Christopher Newport",27,,,,"Gettysburg",TRUE,"Connor Barry pass complete to Ethan Barham for 27 yards to the GC00, TOUCHDOWN, clock 01:43.","Abdinoor,Rocco pass complete to Denison,Luke for 8 yards to the GC23 (Tahir Johnson)."
"20250913_8wif",79,2,"kickoff","Gettysburg",,1,10,85,"Gettysburg",FALSE,"Maxx Lawton kickoff 64 yards to the GC01, Harwigsson,Wall return 14 yards to the GC15 (James Benedetto).","Abdinoor,Rocco pass complete to Denison,Luke for 8 yards to the GC23 (Tahir Johnson)."
"20250913_8wif",83,2,"punt_no_return","Gettysburg",77,1,10,55,"Christopher Newport",FALSE,"Vanarsdale,Dann punt 32 yards to the CNU45, fair catch by Noah Martin.","Connor Barry pass incomplete to Colin Hart."
"20250913_8wif",90,2,"pass_complete","Christopher Newport",4,,,,"Gettysburg",TRUE,"Connor Barry pass complete to Gunner White for 4 yards to the GC00, TOUCHDOWN, clock 00:09.","Zrelak,Michael rush for 10 yards to the GC40 (Noah Martin; Jordan Cokley)."
"20250913_8wif",92,2,"kickoff","Gettysburg",,1,10,70,"Gettysburg",FALSE,"Maxx Lawton kickoff 40 yards to the GC25, Donoghue,Shane return 0 yards to the GC25, fumble by Donoghue,Shane recovered by GC Case,Edison at GC30.","Zrelak,Michael rush for 10 yards to the GC40 (Noah Martin; Jordan Cokley)."
"20250913_8wif",94,3,"kickoff","Gettysburg",,1,10,83,"Gettysburg",FALSE,"Maxx Lawton kickoff 59 yards to the GC06, Harwigsson,Wall return 0 yards to the GC06, fumble by Harwigsson,Wall recovered by GC Harwigsson,Wall at GC17.","Zrelak,Michael rush for 4 yards to the GC21 (Maddax Lee; Jerry Cashwell)."
"20250913_8wif",98,3,"punt_with_return","Gettysburg",76,1,10,55,"Christopher Newport",FALSE,"Vanarsdale,Dann punt 41 yards to the CNU35, Noah Martin return 10 yards to the CNU45 (Shultz,Rob; Dickerson,Jake).","Connor Barry rush for 6 yards to the GC49 (Shultz,Rob; Rhyne,Justin)."
"20250913_8wif",104,3,"pass_complete","Christopher Newport",7,,,,"Gettysburg",TRUE,"Connor Barry pass complete to Gunner White for 7 yards to the GC00, TOUCHDOWN, clock 09:42.","Zrelak,Michael rush for 2 yards to the GC22 (Jaylen Britt)."
"20250913_8wif",107,3,"kickoff","Gettysburg",,1,10,80,"Gettysburg",FALSE,"Maxx Lawton kickoff 62 yards to the GC03, Harwigsson,Wall return 17 yards to the GC20 (Dai Fitzgerald).","Zrelak,Michael rush for 2 yards to the GC22 (Jaylen Britt)."
"20250913_8wif",120,3,"rush","Gettysburg",1,,,,"Christopher Newport",TRUE,"Abdinoor,Rocco rush for 1 yard to the CNU00, TOUCHDOWN, clock 04:45.","Connor Barry pass complete to D. Tharrington for 2 yards to the CNU27 (DeLorenzo,Nate)."
"20250913_8wif",122,3,"kickoff","Christopher Newport",,1,10,75,"Christopher Newport",FALSE,"Kruse,Nolan kickoff 65 yards to the CNU00, touchback.","Connor Barry pass complete to D. Tharrington for 2 yards to the CNU27 (DeLorenzo,Nate)."
"20250913_8wif",139,4,"field_goal_blocked","Christopher Newport",14,1,10,80,"Gettysburg",FALSE,"Jonathan Gates field goal attempt from 32 BLOCKED, recovered by CNU TEAM, spot at GC14 (blocked by Tullis,JT), out-of-bounds.","Abdinoor,Rocco pass incomplete to Wonsala,Nick."
"20250913_8wif",151,4,"pass_complete","Gettysburg",23,1,10,93,"Christopher Newport",FALSE,"Clark,Sean pass complete to Case,Edison for 15 yards to the CNU08, fumble forced by B. Peterson, fumble by Case,Edison recovered by CNU Jackson Ambruzs at CNU07.","David Wilk rush for 5 yards to the CNU12 (Bendowski,Mike; Shultz,Rob)."
"20250913_8wif",157,4,"punt_no_return","Christopher Newport",71,1,10,76,"Gettysburg",FALSE,"Maxx Lawton punt 47 yards to the GC24, fair catch by Denison,Luke.","Clark,Sean rush for no gain to the GC24."
"20250913_8wif",161,4,"punt_with_return","Gettysburg",73,1,10,63,"Christopher Newport",FALSE,"Vanarsdale,Dann punt 40 yards to the CNU33, Steven Bowers return 4 yards to the CNU37 (Harrison,Alden).","D. Tharrington rush for 11 yards to the CNU48 (Conroy,Pat)."
"20250913_f947",1,1,"kickoff","Dickinson",,1,10,72,"Dickinson",FALSE,"Pinkerton,Drew kickoff 59 yards to the DSON06 Campbell,Keesean return 22 yards to the DSON28 (Stewart,Mutwali).","No Huddle-Shotgun Benning III,Cedric rush right for 3 yards gain to the DSON31 (Pannell,Avery; Doiron,Virgil)."
"20250913_f947",14,1,"pass_complete","Dickinson",10,,,,"Waynesburg",TRUE,"No Huddle-Shotgun Klassen,Ben pass complete short right to Boyer,Kellen caught at WU00, for 10 yards to the WU00 TOUCHDOWN, clock 10:31, 1ST DOWN.","No Huddle-Shotgun Burke III,Thomas pass complete short right to Cawley,Zayne caught at WU29, for 4 yards to the WU29 (Acuna,Joaquin)."
"20250913_f947",16,1,"kickoff","Waynesburg",,1,10,75,"Waynesburg",FALSE,"Nahon,Eliott kickoff 59 yards to the WU06 Trout,Isaac return 19 yards to the WU25 (Garcia,Juan Pablo).","No Huddle-Shotgun Burke III,Thomas pass complete short right to Cawley,Zayne caught at WU29, for 4 yards to the WU29 (Acuna,Joaquin)."
"20250913_f947",28,1,"pass_intercepted","Waynesburg",24,1,10,86,"Dickinson",FALSE,"No Huddle-Shotgun Burke III,Thomas pass intercepted by Garcia,Juan Pablo at DSON14 QB hurried by Acuna,Joaquin, End Of Play.","No Huddle-Shotgun Klassen,Ben pass incomplete short left to White,Braden thrown to DSON25."
"20250913_f947",39,2,"pass_complete","Dickinson",10,,,,"Waynesburg",TRUE,"No Huddle-Shotgun Klassen,Ben pass complete short left to Campbell,Keesean caught at WU00, for 10 yards to the WU00 TOUCHDOWN, clock 14:54.","No Huddle-Shotgun Burke III,Thomas pass incomplete short middle to Richmond,Tyler thrown to WU46."
"20250913_f947",42,2,"kickoff","Waynesburg",,1,10,69,"Waynesburg",FALSE,"Nahon,Eliott kickoff 60 yards to the WU20 Trout,Isaac return 21 yards to the WU41 (Miller,Noah) PENALTY WU Illegal Block in Back 10 yards from WU41 to WU31.","No Huddle-Shotgun Burke III,Thomas pass incomplete short middle to Richmond,Tyler thrown to WU46."
"20250913_f947",52,2,"pass_incomplete","Waynesburg",37,1,10,63,"Dickinson",FALSE,"No Huddle-Shotgun Burke III,Thomas pass incomplete short middle to Richmond,Tyler thrown to DSON30, TURNOVER ON DOWNS.","No Huddle-Shotgun Sorensen,Dane rush middle for 2 yards gain to the DSON39 (Adam,Isshak)."
"20250913_f947",57,2,"rush","Dickinson",25,,,,"Waynesburg",TRUE,"No Huddle-Shotgun Sorensen,Dane rush middle for 25 yards gain to the WU00 TOUCHDOWN, clock 08:28, 1ST DOWN.","No Huddle-Shotgun Hudson,Luke pass complete short left to Richmond,Tyler caught at WU36, for 6 yards to the WU36 (Moses,Josh)."
"20250913_f947",59,2,"kickoff","Waynesburg",,1,10,70,"Waynesburg",FALSE,"Nahon,Eliott kickoff 57 yards to the WU08 Trout,Isaac return 22 yards to the WU30 (Mulholland,Jimmy).","No Huddle-Shotgun Hudson,Luke pass complete short left to Richmond,Tyler caught at WU36, for 6 yards to the WU36 (Moses,Josh)."
"20250913_f947",70,2,"rush","Waynesburg",6,,,,"Dickinson",TRUE,"No Huddle-Shotgun Cawley,Zayne rush middle for 6 yards gain to the DSON00 TOUCHDOWN, clock 01:55, 1ST DOWN.","No Huddle-Shotgun Klassen,Ben pass complete short middle to Boyer,Kellen caught at DSON45, for 18 yards to the WU47 (Polynice,Joanes), 1ST DOWN."
"20250913_f947",72,2,"kickoff","Dickinson",,1,10,65,"Dickinson",FALSE,"Pinkerton,Drew kickoff 50 yards to the DSON15, out of bounds at DSON15.","No Huddle-Shotgun Klassen,Ben pass complete short middle to Boyer,Kellen caught at DSON45, for 18 yards to the WU47 (Polynice,Joanes), 1ST DOWN."
"20250913_f947",77,2,"pass_complete","Dickinson",13,,,,"Waynesburg",TRUE,"No Huddle-Shotgun Klassen,Ben pass complete short left to Boyer,Kellen caught at WU00, for 13 yards to the WU00 TOUCHDOWN, clock 01:08, 1ST DOWN.","No Huddle-Shotgun Hudson,Luke pass complete short right to Cawley,Zayne caught at WU36, for 12 yards to the WU49 (Enghave,Valdemar; Glennon,Jon), 1ST DOWN."
"20250913_f947",79,2,"kickoff","Waynesburg",,1,10,63,"Waynesburg",FALSE,"Nahon,Eliott kickoff 50 yards to the WU15 Trout,Isaac return 22 yards to the WU37 (Garcia,Juan Pablo; Ryan,Will).","No Huddle-Shotgun Hudson,Luke pass complete short right to Cawley,Zayne caught at WU36, for 12 yards to the WU49 (Enghave,Valdemar; Glennon,Jon), 1ST DOWN."
"20250913_f947",82,2,"pass_intercepted","Waynesburg",51,1,10,72,"Dickinson",FALSE,"No Huddle-Shotgun Hudson,Luke pass intercepted by Glennon,Jon at DSON28, End Of Play.","No Huddle-Shotgun Klassen,Ben rush middle for 5 yards gain to the DSON33 (Willis,Kevin)."
"20250913_f947",84,3,"kickoff","Waynesburg",,1,10,70,"Waynesburg",FALSE,"Nahon,Eliott kickoff 58 yards to the WU07 Trout,Isaac return 23 yards to the WU30 (Mulholland,Jimmy).","No Huddle-Shotgun Cawley,Zayne rush middle for 1 yard loss to the WU29 (White,Domani)."
"20250913_f947",90,3,"kickoff","Dickinson",,,,,"Waynesburg",TRUE,"Pinkerton,Drew kickoff 59 yards to the DSON06 Campbell,Keesean return 94 yards to the WU00 TOUCHDOWN, clock 12:12.","No Huddle-Shotgun Cawley,Zayne rush middle for 1 yard gain to the WU28 (Barnes,Chris; Jungmann,Cedric)."
"20250913_f947",92,3,"kickoff","Waynesburg",,1,10,73,"Waynesburg",FALSE,"Nahon,Eliott kickoff 54 yards to the WU11 Trout,Isaac return 16 yards to the WU27 (Garcia,Juan Pablo).","No Huddle-Shotgun Cawley,Zayne rush middle for 1 yard gain to the WU28 (Barnes,Chris; Jungmann,Cedric)."
"20250913_f947",96,3,"pass_complete","Waynesburg",78,1,10,22,"Dickinson",FALSE,"No Huddle-Shotgun Willis,Kevin pass complete short left to Richmond,Tyler caught at WU22, for 0 yards to the WU22 (Morales,Cam), TURNOVER ON DOWNS.","No Huddle-Shotgun Sorensen,Dane rush left for 11 yards gain to the WU11 (Crum Jr.,Marcus), out of bounds, 1ST DOWN."
"20250913_f947",101,3,"field_goal_good","Dickinson",15,,,,"Waynesburg",TRUE,"Worobel,Justin field goal attempt from 32 yards GOOD (H: Boyer,Kellen, LS: Saliba,Mike), clock 08:50.","No Huddle-Shotgun Hudson,Luke pass complete short right to Richmond,Tyler caught at WU40, for 8 yards to the WU40 (Mulholland,Jimmy)."
"20250913_f947",102,3,"kickoff","Waynesburg",,1,10,68,"Waynesburg",FALSE,"Nahon,Eliott kickoff 54 yards to the WU11 Trout,Isaac return 21 yards to the WU32 (Kaufman,Marco).","No Huddle-Shotgun Hudson,Luke pass complete short right to Richmond,Tyler caught at WU40, for 8 yards to the WU40 (Mulholland,Jimmy)."
"20250913_f947",109,3,"punt_blocked","Waynesburg",55,,,,"Waynesburg",TRUE,"Bradley,Landon punt 0 yards to the WU45 blocked by Blanchard,Brady recovered by DSON Motivala,Sixten at WU35 Motivala,Sixten return 35 yards to the WU00 TOUCHDOWN, clock 06:07.","No Huddle-Shotgun Burke III,Thomas pass complete short right to Trout,Isaac caught at WU27, for 1 yard loss to the WU27 (Motivala,Sixten)."
"20250913_f947",111,3,"kickoff","Waynesburg",,1,10,72,"Waynesburg",FALSE,"Nahon,Eliott kickoff 59 yards to the WU06 Trout,Isaac return 22 yards to the WU28 (Echeverri,Dan).","No Huddle-Shotgun Burke III,Thomas pass complete short right to Trout,Isaac caught at WU27, for 1 yard loss to the WU27 (Motivala,Sixten)."
"20250913_f947",117,3,"punt_no_return","Waynesburg",55,1,10,94,"Dickinson",FALSE,"Bradley,Landon punt 49 yards to the DSON06.","No Huddle-Shotgun Benning III,Cedric rush middle for 3 yards gain to the DSON09 (Willis,Kevin)."
"20250913_f947",124,3,"punt_no_return","Dickinson",75,1,10,84,"Waynesburg",FALSE,"Furlong,Michael punt 59 yards to the WU16, out of bounds at WU16.","No Huddle-Shotgun Stewart,Mutwali rush middle for 6 yards gain to the WU22 (Jungmann,Cedric; Martillotti,Michael)."
"20250913_f947",131,4,"pass_intercepted","Waynesburg",18,1,10,80,"Dickinson",FALSE,"No Huddle-Shotgun Burke III,Thomas pass intercepted by Moses,Josh at DSON00, Touchback.","No Huddle-Shotgun Brickner,Bobby rush right for 2 yards gain to the DSON22 (Doiron,Virgil)."
"20250913_f947",142,4,"rush","Dickinson",12,,,,"Waynesburg",TRUE,"No Huddle-Shotgun Brickner,Bobby rush right for 12 yards gain to the WU00 TOUCHDOWN, clock 05:48, 1ST DOWN.","No Huddle-Shotgun Stewart,Mutwali rush left for 0 yards to the WU32 (Miller,Noah; Moses,Darren)."
"20250913_f947",144,4,"kickoff","Waynesburg",,1,10,68,"Waynesburg",FALSE,"Nahon,Eliott kickoff 57 yards to the WU08 Trout,Isaac return 24 yards to the WU32 (Miller,Noah).","No Huddle-Shotgun Stewart,Mutwali rush left for 0 yards to the WU32 (Miller,Noah; Moses,Darren)."
"20250913_jqge",1,1,"kickoff","Muhlenberg",,1,10,65,"Muhlenberg",FALSE,"Stones,Garoid kickoff 53 yards to the MCM12, out of bounds at MCM12.","No Huddle-Shotgun Mahaffey,Dante pass incomplete short right to Mack,Aidan thrown to MCM32."
"20250913_jqge",6,1,"pass_complete","Muhlenberg",3,,,,"Endicott",TRUE,"No Huddle-Shotgun Mahaffey,Dante pass complete short left to Reph,Caden caught at END00, for 3 yards to the END00 TOUCHDOWN, clock 13:30.","No Huddle-Shotgun Metayer,Bryan rush left for 6 yards gain to the END31 (Lopez,Jeffrey), out of bounds."
"20250913_jqge",8,1,"kickoff","Endicott",,1,10,75,"Endicott",FALSE,"D'Amico,Nicholas kickoff 65 yards to the END00, Touchback.","No Huddle-Shotgun Metayer,Bryan rush left for 6 yards gain to the END31 (Lopez,Jeffrey), out of bounds."
"20250913_jqge",16,1,"punt_no_return","Endicott",47,1,10,80,"Muhlenberg",FALSE,"Stones,Garoid punt 27 yards to the MCM20 fair catch by Donnelly,Tommy at MCM20.","No Huddle-Shotgun Mahaffey,Dante pass incomplete short right to Short,Christopher thrown to MCM36."
"20250913_jqge",20,1,"punt_no_return","Muhlenberg",82,1,10,45,"Endicott",FALSE,"Morris,Sam punt 27 yards to the MCM45.","No Huddle-Shotgun Lynch,Shea pass complete short right to Ward,Jacob caught at MCM44, for 6 yards to the MCM39 (McClaine,Marcus)."
"20250913_jqge",26,1,"rush","Endicott",1,,,,"Muhlenberg",TRUE,"No Huddle-Shotgun Metayer,Bryan rush right for 1 yard gain to the MCM00 TOUCHDOWN, clock 06:55.","No Huddle-Shotgun Dunn,Amari rush middle for 3 yards gain to the MCM33 (Adams,Jackson)."
"20250913_jqge",28,1,"kickoff","Muhlenberg",,1,10,70,"Muhlenberg",FALSE,"Stones,Garoid kickoff 50 yards to the MCM15 Short,Christopher return 15 yards to the MCM30 (Greene,Mike).","No Huddle-Shotgun Dunn,Amari rush middle for 3 yards gain to the MCM33 (Adams,Jackson)."
"20250913_jqge",36,1,"pass_complete","Muhlenberg",46,,,,"Endicott",TRUE,"No Huddle-Shotgun Spang,Luke pass complete deep middle to Short,Christopher caught at END13, for 46 yards to the END00 TOUCHDOWN, clock 01:43, 1ST DOWN.","No Huddle-Shotgun Lynch,Shea pass incomplete short right to Metayer,Bryan thrown to END30 QB hurried by Curry,Blaze and Rispoli,Vincent."
"20250913_jqge",38,1,"kickoff","Endicott",,1,10,82,"Endicott",FALSE,"D'Amico,Nicholas kickoff 64 yards to the END01 Charles,Kennedy return 17 yards to the END18 (Girard,Ben; Kalinauskas,Ethan).","No Huddle-Shotgun Lynch,Shea pass incomplete short right to Metayer,Bryan thrown to END30 QB hurried by Curry,Blaze and Rispoli,Vincent."
"20250913_jqge",42,1,"punt_with_return","Endicott",73,1,10,63,"Muhlenberg",FALSE,"Stones,Garoid punt 41 yards to the MCM32 Donnelly,Tommy return 5 yards to the MCM37 (Carrara,Joe).","No Huddle-Shotgun Manning,Matthew rush middle for 7 yards gain to the MCM44 (Shannon,Will)."
"20250913_jqge",48,2,"pass_complete","Muhlenberg",13,,,,"Endicott",TRUE,"No Huddle-Shotgun Spang,Luke pass complete short right to Manning,Matthew caught at END07, for 13 yards to the END00 TOUCHDOWN, clock 12:38, 1ST DOWN.","No Huddle-Shotgun Ferreira,Bryan rush right for 5 yards gain to the END36 (Europe,George; Cerruti,Thomas)."
"20250913_jqge",50,2,"kickoff","Endicott",,1,10,69,"Endicott",FALSE,"D'Amico,Nicholas kickoff 54 yards to the END11 Charles,Kennedy return 20 yards to the END31 (Schaffer-Neitz,Isaac).","No Huddle-Shotgun Ferreira,Bryan rush right for 5 yards gain to the END36 (Europe,George; Cerruti,Thomas)."
"20250913_jqge",56,2,"punt_no_return","Endicott",53,1,10,92,"Muhlenberg",FALSE,"Stones,Garoid punt 45 yards to the MCM08, out of bounds at MCM08.","No Huddle-Shotgun Mahaffey,Dante pass complete short middle to Mack,Aidan caught at MCM17, for 11 yards to the MCM19 (O'Driscoll,Finn; Fleming,Danny), 1ST DOWN."
"20250913_jqge",61,2,"punt_no_return","Muhlenberg",79,1,10,47,"Endicott",FALSE,"Morris,Sam punt 26 yards to the MCM47.","No Huddle-Shotgun Metayer,Bryan rush right for 3 yards loss to the MCM50 (Newman,CJ; Cerruti,Thomas)."
"20250913_jqge",65,2,"punt_no_return","Endicott",43,1,10,91,"Muhlenberg",FALSE,"Stones,Garoid punt 34 yards to the MCM09, out of bounds at MCM09.","No Huddle-Shotgun Mahaffey,Dante pass incomplete short middle to Mack,Aidan thrown to MCM24."
"20250913_jqge",72,2,"punt_no_return","Muhlenberg",68,1,10,60,"Endicott",FALSE,"Morris,Sam punt 28 yards to the END40.","No Huddle-Shotgun Lynch,Shea rush right for 5 yards gain to the END45 (McClaine,Marcus), out of bounds."
"20250913_jqge",81,2,"field_goal_missed","Endicott",7,1,10,80,"Muhlenberg",FALSE,"Stones,Garoid field goal attempt from 24 yards NO GOOD (H: Little,Jayson, LS: Skeffington,Thomas), clock 00:35.","Kneel down by Muhlenberg at MCM19 for loss of 1 yard."
"20250913_jqge",83,3,"kickoff","Endicott",,1,10,73,"Endicott",FALSE,"D'Amico,Nicholas kickoff 54 yards to the END11 Metayer,Bryan return 16 yards to the END27 (Lopez,Jeremy).","No Huddle-Shotgun Lynch,Shea pass complete short left to Charles,Kennedy caught at END23, for 4 yards to the END31 (Elliott,Peyton)."
"20250913_jqge",87,3,"punt_with_return","Endicott",64,1,10,77,"Muhlenberg",FALSE,"Stones,Garoid punt 56 yards to the MCM08 Donnelly,Tommy return 15 yards to the MCM23 (Fleming,Danny).","No Huddle-Shotgun Dunn,Amari rush middle for 5 yards gain to the MCM28 (Lett,TJ; Fleming,Danny)."
"20250913_jqge",94,3,"punt_no_return","Muhlenberg",54,1,10,78,"Endicott",FALSE,"Morris,Sam punt 32 yards to the END22 fair catch by Goodfellow,Adam at END22.","No Huddle-Shotgun Lynch,Shea pass complete short middle to Ferreira,Bryan caught at END27, for 8 yards to the END30 (Cerruti,Thomas)."
"20250913_jqge",100,3,"punt_no_return","Endicott",49,1,10,80,"Muhlenberg",FALSE,"Stones,Garoid punt 49 yards to the MCM00, Touchback.","No Huddle-Shotgun Manning,Matthew rush middle for 2 yards loss to the MCM18 (Jackson,Trent; Fleming,Danny)."
"20250913_jqge",104,3,"punt_no_return","Muhlenberg",72,1,10,58,"Endicott",FALSE,"Morris,Sam punt 30 yards to the END42.","No Huddle-Shotgun Metayer,Bryan rush right for 1 yard loss to the END41 (Elliott,Peyton)."
"20250913_jqge",116,3,"rush","Endicott",10,,,,"Muhlenberg",TRUE,"No Huddle-Shotgun Ferreira,Bryan rush right for 10 yards gain to the MCM00 TOUCHDOWN, clock 00:33, 1ST DOWN.","No Huddle-Shotgun Mahaffey,Dante pass complete short right to Dunn,Amari caught at MCM29, for 11 yards to the MCM46 (Davis,Alfino), 1ST DOWN."
"20250913_jqge",118,3,"kickoff","Muhlenberg",,1,10,65,"Muhlenberg",FALSE,"Stones,Garoid kickoff 58 yards to the MCM07, out of bounds at MCM07.","No Huddle-Shotgun Mahaffey,Dante pass complete short right to Dunn,Amari caught at MCM29, for 11 yards to the MCM46 (Davis,Alfino), 1ST DOWN."
"20250913_jqge",124,4,"pass_complete","Muhlenberg",12,,,,"Endicott",TRUE,"No Huddle-Shotgun Mahaffey,Dante pass complete short left to Dunn,Amari caught at END09, for 12 yards to the END00 TOUCHDOWN, clock 12:05, 1ST DOWN.","No Huddle-Shotgun Lynch,Shea pass complete short right to Little,Jayson caught at END35, for 11 yards to the END36 (Lopez,Jeffrey), 1ST DOWN."
"20250913_jqge",126,4,"kickoff","Endicott",,1,10,75,"Endicott",FALSE,"D'Amico,Nicholas kickoff 65 yards to the END00, Touchback.","No Huddle-Shotgun Lynch,Shea pass complete short right to Little,Jayson caught at END35, for 11 yards to the END36 (Lopez,Jeffrey), 1ST DOWN."
"20250913_jqge",139,4,"rush","Endicott",1,,,,"Muhlenberg",TRUE,"No Huddle-Shotgun Ferreira,Bryan rush middle for 1 yard gain to the MCM00 TOUCHDOWN, clock 08:16.","Shotgun Manning,Matthew rush middle for 8 yards gain to the MCM42 (Daly,Brian)."
"20250913_jqge",141,4,"kickoff","Muhlenberg",,1,10,66,"Muhlenberg",FALSE,"Stones,Garoid kickoff 49 yards to the MCM16 Manning,Matthew return 18 yards to the MCM34 (Silveria,Danny; Farrelly,Jack).","Shotgun Manning,Matthew rush middle for 8 yards gain to the MCM42 (Daly,Brian)."
"20250913_jqge",148,4,"punt_no_return","Muhlenberg",52,1,10,80,"Endicott",FALSE,"Morris,Sam punt 52 yards to the END00, Touchback.","No Huddle-Shotgun Lynch,Shea pass complete short right to Charles,Kennedy caught at END15, for 3 yards to the END23 (Europe,George), out of bounds."
"20250913_jqge",159,4,"rush","Endicott",5,1,10,91,"Muhlenberg",FALSE,"No Huddle-Shotgun Ferreira,Bryan rush right for 4 yards loss to the MCM09 (McClaine,Marcus; Schafer,Alex), TURNOVER ON DOWNS.","Shotgun Mahaffey,Dante rush left for 2 yards gain to the MCM11 (Tirrell,Joe)."
"20250913_mc0u",1,1,"kickoff","Westminster (Pa.)",,1,10,72,"Westminster (Pa.)",FALSE,"Harlamov,Ivan kickoff 37 yards to the WEST28 fair catch by Currie,Dante at WEST28.","PENALTY WEST False Start (Crider,Jack) 5 yards from WEST28 to WEST23. NO PLAY."
"20250913_mc0u",7,1,"punt_no_return","Westminster (Pa.)",56,1,10,77,"Franklin and Marshall",FALSE,"Sonson Jr.,Craig punt 33 yards to the F&M23, out of bounds at F&M23.","No Huddle-Shotgun Taylor,Seth rush middle for 1 yard gain to the F&M24 (Donner,Wesley; Joseph,Jean Garry) PENALTY WEST Offside (Kasanzale II,Lawrence) 5 yards from F&M23 to F&M28. NO PLAY."
"20250913_mc0u",24,1,"punt_no_return","Franklin and Marshall",34,1,10,91,"Westminster (Pa.)",FALSE,"Harlamov,Ivan punt 25 yards to the WEST09, out of bounds at WEST09.","No Huddle-Shotgun O'Shea,Sean rush left for 12 yards gain to the WEST21 (Hille,Connor), 1ST DOWN."
"20250913_mc0u",32,2,"rush","Westminster (Pa.)",8,,,,"Franklin and Marshall",TRUE,"No Huddle-Shotgun Cannon Jr.,Clayton rush right for 8 yards gain to the F&M00 TOUCHDOWN, clock 13:33.","No Huddle-Shotgun Taylor,Seth rush middle for 1 yard gain to the F&M26 (Sleva,Dylan; Currie,Dante)."
"20250913_mc0u",34,2,"kickoff","Franklin and Marshall",,1,10,75,"Franklin and Marshall",FALSE,"Caranna,Andrew kickoff 65 yards to the F&M00, Touchback.","No Huddle-Shotgun Taylor,Seth rush middle for 1 yard gain to the F&M26 (Sleva,Dylan; Currie,Dante)."
"20250913_mc0u",36,2,"pass_intercepted","Franklin and Marshall",74,1,10,20,"Westminster (Pa.)",FALSE,"No Huddle-Shotgun Tremba,Ty pass intercepted by Cannon,Brite at F&M34 Cannon,Brite return 14 yards to the F&M20 (Eitner,Matt).","No Huddle-Shotgun O'Shea,Sean rush middle for 2 yards loss to the F&M22 fumbled by O'Shea,Sean at F&M22 recovered by WEST O'Shea,Sean at F&M22, End Of Play."
"20250913_mc0u",40,2,"field_goal_good","Westminster (Pa.)",18,,,,"Franklin and Marshall",TRUE,"Caranna,Andrew field goal attempt from 35 yards GOOD (H: Sonson Jr.,Craig, LS: Covell,Jaxon), clock 11:12.","No Huddle-Shotgun Tremba,Ty pass incomplete short middle to Harrison,Jack thrown to F&M35 broken up by Charles,Beondre."
"20250913_mc0u",41,2,"kickoff","Franklin and Marshall",,1,10,75,"Franklin and Marshall",FALSE,"Caranna,Andrew kickoff 65 yards to the F&M00, Touchback.","No Huddle-Shotgun Tremba,Ty pass incomplete short middle to Harrison,Jack thrown to F&M35 broken up by Charles,Beondre."
"20250913_mc0u",48,2,"punt_with_return","Franklin and Marshall",41,1,10,93,"Westminster (Pa.)",FALSE,"Harlamov,Ivan punt 30 yards to the WEST11 Cannon,Brite return 3 yards to the WEST14 (Schultz,Nathan; Cornella,Trey) PENALTY WEST Holding (Nagy,Gaven) 7 yards from WEST14 to WEST07.","No Huddle-Shotgun O'Shea,Sean rush right for 3 yards gain to the WEST10 (Albero,Chris)."
"20250913_mc0u",53,2,"rush","Westminster (Pa.)",73,,,,"Franklin and Marshall",TRUE,"No Huddle-Shotgun O'Shea,Sean rush left for 73 yards gain to the F&M00 TOUCHDOWN, clock 05:27, 1ST DOWN.","No Huddle-Shotgun Lewis,Gary rush middle for 4 yards gain to the F&M17 (Manos,Mason)."
"20250913_mc0u",55,2,"kickoff","Franklin and Marshall",,1,10,87,"Franklin and Marshall",FALSE,"Caranna,Andrew kickoff 62 yards to the F&M03 Kilpatrick,Eian return 20 yards to the F&M23 (Joseph,Jean Garry; Wilden,Dayne) PENALTY F&M Illegal Block in Back (Pembroke,Michael) 10 yards from F&M23 to F&M13.","No Huddle-Shotgun Lewis,Gary rush middle for 4 yards gain to the F&M17 (Manos,Mason)."
"20250913_mc0u",63,2,"punt_no_return","Franklin and Marshall",45,1,10,80,"Westminster (Pa.)",FALSE,"Tremba,Ty punt 45 yards to the WEST00, Touchback.","No Huddle-Shotgun O'Shea,Sean rush middle for 8 yards gain to the WEST28 (Checchio,Kyle)."
"20250913_mc0u",70,2,"punt_no_return","Westminster (Pa.)",59,1,10,90,"Franklin and Marshall",FALSE,"Sonson Jr.,Craig punt 49 yards to the F&M10, out of bounds at F&M10.","No Huddle-Shotgun Tremba,Ty pass intercepted by Phillips,Walt at F&M50 Phillips,Walt return 35 yards to the F&M15 (Solecki,Christopher; Zawadzkas,Hudson)."
"20250913_mc0u",71,2,"pass_intercepted","Franklin and Marshall",90,,,,,FALSE,"No Huddle-Shotgun Tremba,Ty pass intercepted by Phillips,Walt at F&M50 Phillips,Walt return 35 yards to the F&M15 (Solecki,Christopher; Zawadzkas,Hudson).",
"20250913_mc0u",72,3,"kickoff","Franklin and Marshall",,1,10,53,"Franklin and Marshall",FALSE,"Caranna,Andrew kickoff 57 yards to the F&M08 Kilpatrick,Eian return 39 yards to the F&M47 (Caranna,Andrew).","No Huddle-Shotgun Rayborn,Na'Rome rush left for 3 yards loss to the F&M44 (Joseph,Jean Garry)."
"20250913_mc0u",75,3,"pass_intercepted","Franklin and Marshall",56,1,10,44,"Westminster (Pa.)",FALSE,"No Huddle-Shotgun Tremba,Ty pass intercepted by Sleva,Dylan at WEST43 Sleva,Dylan return 13 yards to the F&M44 (Harrison,Jack).","No Huddle-Shotgun Cannon Jr.,Clayton rush right for 3 yards gain to the F&M41 (Keenan,Sam) PENALTY F&M Illegal Substitution 5 yards from F&M44 to F&M39. NO PLAY."
"20250913_mc0u",83,3,"field_goal_good","Westminster (Pa.)",13,,,,"Franklin and Marshall",TRUE,"Caranna,Andrew field goal attempt from 30 yards GOOD (H: Sonson Jr.,Craig, LS: Rearick,Hayden), clock 11:07.","No Huddle-Shotgun Lewis,Gary rush middle for 8 yards gain to the F&M42 (Currie,Dante)."
"20250913_mc0u",84,3,"kickoff","Franklin and Marshall",,1,10,66,"Franklin and Marshall",FALSE,"Caranna,Andrew kickoff 31 yards to the F&M34 fair catch by Checchio,Kyle at F&M34.","No Huddle-Shotgun Lewis,Gary rush middle for 8 yards gain to the F&M42 (Currie,Dante)."
"20250913_mc0u",88,3,"punt_no_return","Franklin and Marshall",57,1,10,80,"Westminster (Pa.)",FALSE,"Harlamov,Ivan punt 37 yards to the WEST20.","No Huddle-Shotgun Cannon Jr.,Clayton rush middle for 3 yards loss to the WEST17 (Checchio,Kyle)."
"20250913_mc0u",101,3,"rush","Westminster (Pa.)",2,,,,"Franklin and Marshall",TRUE,"No Huddle-Shotgun O'Shea,Sean rush middle for 2 yards gain to the F&M00 TOUCHDOWN, clock 01:44.","No Huddle-Shotgun Tremba,Ty rush left for 6 yards gain to the F&M24 (Sleva,Dylan)."
"20250913_mc0u",103,3,"kickoff","Franklin and Marshall",,1,10,82,"Franklin and Marshall",FALSE,"Caranna,Andrew kickoff 51 yards to the F&M14 Marx,Oscar return 4 yards to the F&M18 (Nagy,Gaven; Bible,Jack).","No Huddle-Shotgun Tremba,Ty rush left for 6 yards gain to the F&M24 (Sleva,Dylan)."
"20250913_mc0u",111,4,"punt_no_return","Franklin and Marshall",55,1,10,80,"Westminster (Pa.)",FALSE,"Harlamov,Ivan punt 55 yards to the WEST00, Touchback.","No Huddle-Shotgun White,De'Mere rush middle for 7 yards gain to the WEST27 (Hadley,Austin; Kelley,LT)."
"20250913_mc0u",115,4,"punt_no_return","Westminster (Pa.)",86,1,10,37,"Franklin and Marshall",FALSE,"Sonson Jr.,Craig punt 23 yards to the WEST37.","No Huddle-Shotgun Rayborn,Na'Rome rush right for 3 yards loss to the WEST40 (Donner,Wesley)."
"20250913_mc0u",119,4,"punt_no_return","Franklin and Marshall",45,1,10,93,"Westminster (Pa.)",FALSE,"Harlamov,Ivan punt 38 yards to the WEST07 fair catch by DiSora,Gianni at WEST07.","No Huddle-Shotgun Cannon Jr.,Clayton rush right for 7 yards gain to the WEST14 (Tucker,Tommy; Hadley,Austin)."
"20250913_mc0u",127,4,"punt_no_return","Westminster (Pa.)",49,1,10,81,"Franklin and Marshall",FALSE,"Sonson Jr.,Craig punt 30 yards to the F&M19, out of bounds at F&M19.","No Huddle-Shotgun Tremba,Ty pass complete short middle to Lewis,Gary caught at F&M19, for 12 yards to the F&M31 (Cooper,Ricky; Mila,Devin), 1ST DOWN."
"20250913_mc0u",143,4,"pass_complete","Franklin and Marshall",7,,,,"Westminster (Pa.)",TRUE,"No Huddle-Shotgun Tremba,Ty pass complete short right to Lewis,Gary caught at WEST00, for 7 yards to the WEST00 TOUCHDOWN, clock 00:13.","No Huddle-Shotgun White,De'Mere rush middle for 7 yards gain to the WEST37 (Tucker,Tommy; Hadley,Austin)."
"20250913_mc0u",145,4,"kickoff","Westminster (Pa.)",,1,10,70,"Westminster (Pa.)",FALSE,"Harlamov,Ivan kickoff 35 yards to the WEST30 fair catch by Berfield,Nelson at WEST30.","No Huddle-Shotgun White,De'Mere rush middle for 7 yards gain to the WEST37 (Tucker,Tommy; Hadley,Austin)."
"20250913_v6wh",1,1,"kickoff","Ursinus",,1,10,92,"Ursinus",FALSE,"Lopez,Anthony kickoff 61 yards to the UCB04 Ratcliffe,Will return 11 yards to the UCB15 (Thomas,De'Jhon), out of bounds PENALTY UCB Illegal Block in Back 7 yards from UCB15 to UCB08.","No Huddle-Shotgun Machado,Tristan pass complete short left to Zulkowski,Ryder caught at UCB11, for 13 yards to the UCB21 (Wilfong,Jesse), 1ST DOWN."
"20250913_v6wh",6,1,"punt_no_return","Ursinus",70,1,10,78,"Kean",FALSE,"Carr,Jordan punt 48 yards to the KEA22.","No Huddle-Shotgun Pellegrini,Rocco pass incomplete short left to Bujno,Christian thrown to KEA25."
"20250913_v6wh",10,1,"punt_with_return","Kean",74,1,10,48,"Ursinus",FALSE,"Dookie,Dondre punt 38 yards to the UCB36 Donahue,Aidan return 16 yards to the KEA48 (Beers,Michael).","No Huddle-Shotgun Bernard,Jason rush middle for 4 yards gain to the KEA44 (Beers,Michael; Dekis,Alex)."
"20250913_v6wh",21,1,"rush","Ursinus",1,,,,"Kean",TRUE,"No Huddle-Shotgun Bernard,Jason rush middle for 1 yard gain to the KEA00 TOUCHDOWN, clock 06:58.","No Huddle-Shotgun Marzouk,Aly rush middle for 1 yard gain to the KEA23 (Rios,Aaron)."
"20250913_v6wh",23,1,"kickoff","Kean",,1,10,78,"Kean",FALSE,"Carr,Jordan kickoff 60 yards to the KEA05 Amos,Chris return 17 yards to the KEA22 (Blessington,PJ; Carr,Jordan).","No Huddle-Shotgun Marzouk,Aly rush middle for 1 yard gain to the KEA23 (Rios,Aaron)."
"20250913_v6wh",30,1,"punt_no_return","Kean",50,1,10,80,"Ursinus",FALSE,"Dookie,Dondre punt 50 yards to the UCB00, Touchback.","No Huddle-Shotgun Bernard,Jason rush middle for 5 yards gain to the UCB25 (Acquah,Rodney)."
"20250913_v6wh",41,2,"pass_complete","Ursinus",2,,,,"Kean",TRUE,"No Huddle-Shotgun Machado,Tristan pass complete short left to Donahue,Aidan caught at KEA00, for 2 yards to the KEA00 TOUCHDOWN, clock 14:29.","No Huddle-Shotgun Pellegrini,Rocco pass complete short middle to Bujno,Christian caught at KEA25, for 0 yards to the KEA25 (Megee,Taylor; Robinson,Kendall)."
"20250913_v6wh",43,2,"kickoff","Kean",,1,10,75,"Kean",FALSE,"Carr,Jordan kickoff 65 yards to the KEA00, Touchback.","No Huddle-Shotgun Pellegrini,Rocco pass complete short middle to Bujno,Christian caught at KEA25, for 0 yards to the KEA25 (Megee,Taylor; Robinson,Kendall)."
"20250913_v6wh",50,2,"punt_with_return","Kean",57,1,10,67,"Ursinus",FALSE,"Dookie,Dondre punt 37 yards to the UCB20 Donahue,Aidan return 13 yards to the UCB33 (Wilfong,Jesse).","No Huddle-Shotgun Machado,Tristan pass incomplete short middle to Donahue,Aidan thrown to UCB44 broken up by Acquah,Rodney."
"20250913_v6wh",59,2,"rush","Ursinus",1,,,,"Kean",TRUE,"No Huddle-Shotgun Bernard,Jason rush middle for 1 yard gain to the KEA00 TOUCHDOWN, clock 07:52.","No Huddle-Shotgun Bryant,Dario pass incomplete short middle to McManus,Tyrone thrown to KEA30 broken up by Strusowski,Nick."
"20250913_v6wh",61,2,"kickoff","Kean",,1,10,75,"Kean",FALSE,"Carr,Jordan kickoff 65 yards to the KEA00, Touchback.","No Huddle-Shotgun Bryant,Dario pass incomplete short middle to McManus,Tyrone thrown to KEA30 broken up by Strusowski,Nick."
"20250913_v6wh",64,2,"pass_intercepted","Kean",73,,,,"Kean",TRUE,"No Huddle-Shotgun Bryant,Dario pass intercepted by Strusowski,Nick at KEA26 QB hurried by Agar,Matt and Rios,Aaron Strusowski,Nick return 26 yards to the KEA00 TOUCHDOWN, clock 07:09.","No Huddle-Shotgun Pellegrini,Rocco pass incomplete deep middle to Gundy,Jaylen thrown to UCB48 broken up by Esposito,Anthony."
"20250913_v6wh",66,2,"kickoff","Kean",,1,10,75,"Kean",FALSE,"Carr,Jordan kickoff 65 yards to the KEA00, Touchback.","No Huddle-Shotgun Pellegrini,Rocco pass incomplete deep middle to Gundy,Jaylen thrown to UCB48 broken up by Esposito,Anthony."
"20250913_v6wh",70,2,"punt_with_return","Kean",74,1,10,54,"Ursinus",FALSE,"Dookie,Dondre punt 32 yards to the UCB42 Donahue,Aidan return 4 yards to the UCB46 (Dekis,Alex).","No Huddle-Shotgun Barnes,Keigan rush middle for 1 yard gain to the UCB47 (Atchison,Nick; Blagogee,Claude Emmanuel)."
"20250913_v6wh",74,2,"punt_no_return","Ursinus",53,1,10,82,"Kean",FALSE,"Carr,Jordan punt 35 yards to the KEA18, out of bounds at KEA18.","No Huddle-Shotgun Marzouk,Aly rush middle for 5 yards gain to the KEA23 (Small,Jonathon; Oates,Jaheim)."
"20250913_v6wh",78,2,"punt_no_return","Kean",85,1,10,45,"Kean",FALSE,"Dookie,Dondre punt 40 yards to the UCB45 muffed by Donahue,Aidan at UCB45 recovered by KEA Dekis,Alex at UCB45, End Of Play.","No Huddle-Shotgun Pellegrini,Rocco pass incomplete deep left to Gundy,Jaylen thrown to UCB20."
"20250913_v6wh",82,2,"pass_incomplete","Kean",41,1,10,59,"Ursinus",FALSE,"No Huddle-Shotgun Pellegrini,Rocco pass incomplete short left to Bujno,Christian thrown to UCB36, TURNOVER ON DOWNS.","No Huddle-Shotgun Machado,Tristan pass complete short left to Donahue,Aidan caught at UCB46, for 6 yards to the UCB47, out of bounds at UCB47."
"20250913_v6wh",89,2,"pass_complete","Ursinus",31,,,,"Kean",TRUE,"No Huddle-Shotgun Machado,Tristan pass complete deep left to Roberts-Jackson,Markel caught at KEA00, for 31 yards to the KEA00 TOUCHDOWN, clock 01:23, 1ST DOWN.","No Huddle-Shotgun Pellegrini,Rocco pass complete short left to Gundy,Jaylen caught at KEA29, for 4 yards to the KEA29, End Of Play."
"20250913_v6wh",91,2,"kickoff","Kean",,1,10,75,"Kean",FALSE,"Carr,Jordan kickoff 65 yards to the KEA00, Touchback.","No Huddle-Shotgun Pellegrini,Rocco pass complete short left to Gundy,Jaylen caught at KEA29, for 4 yards to the KEA29, End Of Play."
"20250913_v6wh",96,2,"punt_no_return","Kean",66,1,10,48,"Ursinus",FALSE,"Dookie,Dondre punt 14 yards to the KEA48, out of bounds at KEA48.","No Huddle-Shotgun Machado,Tristan pass incomplete short left to Roberts-Jackson,Markel thrown to KEA35."
"20250913_v6wh",100,2,"pass_incomplete","Ursinus",43,,,,,FALSE,"No Huddle-Shotgun Machado,Tristan pass incomplete deep left to Geddio,Jaxon thrown to KEA00, TURNOVER ON DOWNS.",
"20250913_v6wh",101,3,"kickoff","Kean",,1,10,75,"Kean",FALSE,"Carr,Jordan kickoff 65 yards to the KEA00, Touchback.","No Huddle-Shotgun Pellegrini,Rocco pass incomplete short middle to Vingara,Matt thrown to KEA35 PENALTY UCB Holding (Esposito,Anthony) 10 yards from KEA25 to KEA35, 1ST DOWN. NO PLAY."
"20250913_v6wh",118,3,"pass_complete","Kean",5,,,,"Ursinus",TRUE,"No Huddle-Shotgun Pellegrini,Rocco pass complete short left to Bujno,Christian caught at UCB01, for 5 yards to the UCB00 TOUCHDOWN, clock 07:30.","No Huddle-Shotgun Bernard,Jason rush left for 1 yard loss to the UCB26 (Atchison,Nick)."
"20250913_v6wh",120,3,"kickoff","Ursinus",,1,10,73,"Ursinus",FALSE,"Lopez,Anthony kickoff 59 yards to the UCB06 Barnes,Keigan return 21 yards to the UCB27 (Mammeri,Noah).","No Huddle-Shotgun Bernard,Jason rush left for 1 yard loss to the UCB26 (Atchison,Nick)."
"20250913_v6wh",124,3,"punt_with_return","Ursinus",64,1,10,67,"Kean",FALSE,"Carr,Jordan punt 39 yards to the KEA25 Bujno,Christian return 8 yards to the KEA33 (Clarke,D.J.).","No Huddle-Shotgun Marzouk,Aly rush middle for 6 yards gain to the KEA39 (Robinson,Kendall)."
"20250913_v6wh",132,3,"punt_no_return","Kean",42,1,10,90,"Ursinus",FALSE,"Dookie,Dondre punt 32 yards to the UCB10 fair catch by Donahue,Aidan at UCB10.","No Huddle-Shotgun Bernard,Jason rush right for 13 yards gain to the UCB23 (Acquah,Rodney; Allen,Tre), 1ST DOWN."
"20250913_v6wh",140,4,"rush","Ursinus",1,,,,"Kean",TRUE,"No Huddle-Shotgun Bernard,Jason rush middle for 1 yard gain to the KEA00 TOUCHDOWN, clock 13:42.","No Huddle-Shotgun Marzouk,Aly rush middle for 7 yards gain to the KEA21 (Agar,Matt; Robinson,Kendall)."
"20250913_v6wh",142,4,"kickoff","Kean",,1,10,86,"Kean",FALSE,"Carr,Jordan kickoff 65 yards to the KEA00 Marzouk,Aly return 14 yards to the KEA14 (McAuliffe,Tavian; Meakim,Erik).","No Huddle-Shotgun Marzouk,Aly rush middle for 7 yards gain to the KEA21 (Agar,Matt; Robinson,Kendall)."
"20250913_v6wh",151,4,"punt_no_return","Kean",59,1,10,80,"Ursinus",FALSE,"Dookie,Dondre punt 39 yards to the UCB20 fair catch by Donahue,Aidan at UCB20.","No Huddle-Shotgun Green,Devon rush left for 3 yards loss to the UCB17 (Blagogee,Claude Emmanuel)."
"20250913_v6wh",157,4,"punt_no_return","Ursinus",85,1,10,53,"Kean",FALSE,"Carr,Jordan punt 38 yards to the KEA47, out of bounds at KEA47.","No Huddle-Shotgun Bryant,Dario pass complete deep left to Bujno,Christian caught at UCB29, for 37 yards to the UCB16 (Parchinski,Noah), 1ST DOWN."
"20250913_v6wh",162,4,"rush","Kean",8,,,,"Ursinus",TRUE,"No Huddle-Shotgun Mayfield,Kevin rush left for 8 yards gain to the UCB00 TOUCHDOWN, clock 05:23, 1ST DOWN.","No Huddle-Shotgun Kmett,Andrew rush middle for 9 yards gain to the UCB34 (Anderson,Chase)."
"20250913_v6wh",164,4,"kickoff","Ursinus",,1,10,75,"Ursinus",FALSE,"Lopez,Anthony kickoff 58 yards to the UCB07 Barnes,Keigan return 18 yards to the UCB25 (Petgrave,Amari).","No Huddle-Shotgun Kmett,Andrew rush middle for 9 yards gain to the UCB34 (Anderson,Chase)."
"20250913_v6wh",170,4,"punt_with_return","Ursinus",60,1,10,70,"Kean",FALSE,"Carr,Jordan punt 39 yards to the KEA21 Bujno,Christian return 9 yards to the KEA30 (Blessington,PJ).","No Huddle-Shotgun Bryant,Dario pass complete short middle to Bujno,Christian caught at KEA38, for 11 yards to the KEA41 (Parchinski,Noah), 1ST DOWN."
"20250913_v6wh",172,4,"rush","Kean",59,1,10,46,"Ursinus",FALSE,"No Huddle-Shotgun Bryant,Dario rush middle for 5 yards gain to the KEA46 fumbled by Bryant,Dario at KEA46 forced by Lattanze,Donald recovered by UCB Blessington,PJ at KEA46, End Of Play.","No Huddle-Shotgun Green,Devon rush left for 3 yards gain to the KEA43 (Donovan,Matty)."
"20250913_yo3z",1,1,"kickoff","Salisbury",,1,10,71,"Salisbury",FALSE,"Fritz,Braden kickoff 62 yards to the SAL03 Belizaire,Dario return 26 yards to the SAL29 (Homer,Christian), out of bounds.","Walter,Darrell rush right for 2 yards gain to the SAL31 (LeGrande,Taevon)."
"20250913_yo3z",12,1,"rush","Salisbury",12,,,,"McDaniel",TRUE,"Thomas,Jadyn rush right for 12 yards gain to the MCD00 TOUCHDOWN, clock 11:00, 1ST DOWN.","No Huddle-Shotgun Booker,Jayden pass complete short left to Marsh,Logan caught at MCD23, for 8 yards to the MCD26 (Scipio,Jordan)."
"20250913_yo3z",14,1,"kickoff","McDaniel",,1,10,82,"McDaniel",FALSE,"Smack,Tucker kickoff 65 yards to the MCD00 Smith,David return 28 yards to the MCD28 (Kontosis,Taj) PENALTY MCD Holding 10 yards from MCD28 to MCD18.","No Huddle-Shotgun Booker,Jayden pass complete short left to Marsh,Logan caught at MCD23, for 8 yards to the MCD26 (Scipio,Jordan)."
"20250913_yo3z",20,1,"punt_no_return","McDaniel",37,1,10,78,"Salisbury",FALSE,"Fritz,Braden punt 15 yards to the SAL22.","No Huddle Walter,Darrell rush left for 15 yards gain to the SAL37 (Murphy,Malachi), 1ST DOWN."
"20250913_yo3z",29,1,"rush","Salisbury",4,,,,"McDaniel",TRUE,"Walter,Darrell rush middle for 4 yards gain to the MCD00 TOUCHDOWN, clock 03:48.","No Huddle-Shotgun Booker,Jayden rush left for 1 yard loss to the MCD24 (Gioia,Andrew)."
"20250913_yo3z",31,1,"kickoff","McDaniel",,1,10,75,"McDaniel",FALSE,"Smack,Tucker kickoff 65 yards to the MCD00, Touchback.","No Huddle-Shotgun Booker,Jayden rush left for 1 yard loss to the MCD24 (Gioia,Andrew)."
"20250913_yo3z",38,1,"pass_intercepted","McDaniel",39,1,10,79,"Salisbury",FALSE,"No Huddle-Shotgun Booker,Jayden pass intercepted by Sheil,Patrick at SAL21, End Of Play.","McGowan,SyRus rush left for 14 yards gain to the SAL35 (Hensley,Michael), 1ST DOWN."
"20250913_yo3z",45,2,"pass_complete","Salisbury",19,,,,"McDaniel",TRUE,"McGowan,SyRus pass complete short right to Belizaire,Dario caught at MCD02, for 19 yards to the MCD00 TOUCHDOWN, clock 12:11, 1ST DOWN.","No Huddle-Shotgun Wagner,Jacob rush left for 0 yards to the MCD16 (Morgan,Oliver)."
"20250913_yo3z",47,2,"kickoff","McDaniel",,1,10,84,"McDaniel",FALSE,"Smack,Tucker kickoff 65 yards to the MCD00 Smith,David return 16 yards to the MCD16 (Song,Evan).","No Huddle-Shotgun Wagner,Jacob rush left for 0 yards to the MCD16 (Morgan,Oliver)."
"20250913_yo3z",51,2,"punt_with_return","McDaniel",91,1,10,27,"Salisbury",FALSE,"Fritz,Braden punt 34 yards to the MCD43 Thomas,Jadyn return 16 yards to the MCD27 (Wolf,Connor; Shingler,Kyree).","Belizaire,Dario rush left for 7 yards loss to the MCD34 fumbled by Belizaire,Dario at MCD32 recovered by SAL Belizaire,Dario at MCD34, End Of Play."
"20250913_yo3z",58,2,"field_goal_missed","Salisbury",17,1,10,80,"McDaniel",FALSE,"Smack,Tucker field goal attempt from 34 yards NO GOOD (H: Ayers,Zach, LS: Mack,Kilo), clock 06:19.","No Huddle-Shotgun James,Cordae rush left for 1 yard loss to the MCD19 (Edwards,Amiri)."
"20250913_yo3z",62,2,"punt_no_return","McDaniel",78,1,10,56,"Salisbury",FALSE,"Fritz,Braden punt 34 yards to the SAL44 fair catch by Evans,Sam at SAL44.","McGowan,SyRus rush left for 17 yards gain to the MCD39 (Wendel,Lincoln; Wilson,Keiron), 1ST DOWN."
"20250913_yo3z",66,2,"rush","Salisbury",5,,,,"McDaniel",TRUE,"Walter,Darrell rush middle for 5 yards gain to the MCD00 TOUCHDOWN, clock 02:49.","No Huddle-Shotgun Booker,Jayden pass incomplete short right to Young,Jalen thrown to MCD33 QB hurried by Lomax,Chase."
"20250913_yo3z",68,2,"kickoff","McDaniel",,1,10,75,"McDaniel",FALSE,"Smack,Tucker kickoff 65 yards to the MCD00, Touchback.","No Huddle-Shotgun Booker,Jayden pass incomplete short right to Young,Jalen thrown to MCD33 QB hurried by Lomax,Chase."
"20250913_yo3z",78,2,"pass_complete","McDaniel",11,,,,"Salisbury",TRUE,"No Huddle-Shotgun Booker,Jayden pass complete short middle to Marsh,Logan caught at SAL05, for 11 yards to the SAL00 TOUCHDOWN, clock 00:41, 1ST DOWN.","Kneel down by McGowan,SyRus at SAL07 for loss of 1 yard."
"20250913_yo3z",80,2,"kickoff","Salisbury",,1,10,92,"Salisbury",FALSE,"Fritz,Braden kickoff 59 yards to the SAL06 Belizaire,Dario return 29 yards to the SAL35 (Stenger,Jimmy) PENALTY SAL Illegal Block in Back 7 yards from SAL15 to SAL08.","Kneel down by McGowan,SyRus at SAL07 for loss of 1 yard."
"20250913_yo3z",82,3,"kickoff","McDaniel",,1,10,80,"McDaniel",FALSE,"Samaha,Kollin kickoff 65 yards to the MCD00 Bolden,Bernard return 20 yards to the MCD20 (Smith,Philip).","No Huddle-Shotgun Booker,Jayden pass complete short left to Marsh,Logan caught at MCD28, for 8 yards to the MCD28 (Gioia,Andrew; Jones,Jayden)."
"20250913_yo3z",87,3,"punt_no_return","McDaniel",80,1,10,49,"Salisbury",FALSE,"Fritz,Braden punt 29 yards to the MCD49 muffed by Evans,Sam at MCD49 recovered by SAL Evans,Sam at MCD49, End Of Play.","Fisher,Mason rush right for 3 yards gain to the MCD46 fumbled by Fisher,Mason at SAL48 forced by Homer,Christian recovered by MCD Are,David at MCD46, End Of Play."
"20250913_yo3z",88,3,"rush","Salisbury",49,1,10,54,"McDaniel",FALSE,"Fisher,Mason rush right for 3 yards gain to the MCD46 fumbled by Fisher,Mason at SAL48 forced by Homer,Christian recovered by MCD Are,David at MCD46, End Of Play.","No Huddle-Shotgun Booker,Jayden pass incomplete short right to Marsh,Logan thrown to SAL44."
"20250913_yo3z",92,3,"pass_incomplete","McDaniel",47,1,10,53,"Salisbury",FALSE,"No Huddle-Shotgun Booker,Jayden pass incomplete short right to Miller,Tony thrown to SAL43 broken up by Gioia,Andrew, TURNOVER ON DOWNS.","Walter,Darrell rush middle for 5 yards gain to the MCD48 (LeGrande,Taevon)."
"20250913_yo3z",96,3,"pass_complete","Salisbury",25,,,,"McDaniel",TRUE,"McGowan,SyRus pass complete deep middle to Belizaire,Dario caught at MCD00, for 25 yards to the MCD00 TOUCHDOWN, clock 10:09, 1ST DOWN.","No Huddle-Shotgun Wagner,Jacob rush middle for 1 yard gain to the MCD18 (Baidoo,Nana; Salvosa,Ryan)."
"20250913_yo3z",98,3,"kickoff","McDaniel",,1,10,83,"McDaniel",FALSE,"Samaha,Kollin kickoff 62 yards to the MCD03 Smith,David return 14 yards to the MCD17 (Cheairs,Clarke; Smith,Philip).","No Huddle-Shotgun Wagner,Jacob rush middle for 1 yard gain to the MCD18 (Baidoo,Nana; Salvosa,Ryan)."
"20250913_yo3z",103,3,"punt_no_return","McDaniel",87,1,10,48,"Salisbury",FALSE,"Fritz,Braden punt 22 yards to the MCD35, out of bounds at MCD35 PENALTY SAL Holding 10 yards from MCD38 to MCD48.","Walter,Darrell rush middle for 1 yard gain to the MCD47 (Shingler,Kyree)."
"20250913_yo3z",109,3,"pass_complete","Salisbury",15,,,,"McDaniel",TRUE,"McGowan,SyRus pass complete short middle to Belizaire,Dario caught at MCD00, for 15 yards to the MCD00 TOUCHDOWN, clock 06:17, 1ST DOWN.","No Huddle-Shotgun Booker,Jayden pass complete short left to Wendel,Grayson caught at MCD31, for 6 yards to the MCD31 (Song,Evan)."
"20250913_yo3z",111,3,"kickoff","McDaniel",,1,10,75,"McDaniel",FALSE,"Samaha,Kollin kickoff 65 yards to the MCD00, Touchback.","No Huddle-Shotgun Booker,Jayden pass complete short left to Wendel,Grayson caught at MCD31, for 6 yards to the MCD31 (Song,Evan)."
"20250913_yo3z",117,3,"punt_no_return","McDaniel",55,1,10,75,"Salisbury",FALSE,"Fritz,Braden punt 30 yards to the SAL25 fair catch by Ayers,Zach at SAL25.","Belizaire,Dario rush left for 23 yards gain to the SAL48 (Murphy,Malachi), 1ST DOWN."
"20250913_yo3z",126,4,"rush","Salisbury",12,,,,"McDaniel",TRUE,"Thomas,Jadyn rush right for 12 yards gain to the MCD00 TOUCHDOWN, clock 14:14, 1ST DOWN.","No Huddle-Shotgun James,Cordae rush middle for 6 yards gain to the MCD35 (Blaeuer,Evan; Paul,Kris)."
"20250913_yo3z",128,4,"kickoff","McDaniel",,1,10,71,"McDaniel",FALSE,"Samaha,Kollin kickoff 62 yards to the MCD03 Bolden,Bernard return 26 yards to the MCD29 (Gary,Jayson).","No Huddle-Shotgun James,Cordae rush middle for 6 yards gain to the MCD35 (Blaeuer,Evan; Paul,Kris)."
"20250913_yo3z",131,4,"rush","McDaniel",60,1,10,36,"Salisbury",FALSE,"No Huddle-Shotgun James,Cordae rush left for 0 yards to the MCD40 fumbled by James,Cordae at MCD39 forced by Smith,Philip recovered by SAL Baker,Malachi at MCD40 Baker,Malachi return 4 yards to the MCD36 (Marsh,Logan).","Frank,Kyle rush middle for 2 yards gain to the MCD34 (Thornton,Jaden; Wolf,Connor)."
"20250913_yo3z",137,4,"rush","Salisbury",12,,,,"McDaniel",TRUE,"Dokes,Malachi rush middle for 12 yards gain to the MCD00 TOUCHDOWN, clock 09:37, 1ST DOWN.","No Huddle-Shotgun Booker,Jayden pass complete short left to Marsh,Logan caught at MCD20, for 7 yards to the MCD22 (Smith,Philip; Baker,Malachi)."
"20250913_yo3z",139,4,"kickoff","McDaniel",,1,10,85,"McDaniel",FALSE,"Samaha,Kollin kickoff 62 yards to the MCD03 muffed by Smith,David at MCD03 recovered by MCD Smith,David at MCD06 Smith,David return 9 yards to the MCD15 (Gary,Jayson).","No Huddle-Shotgun Booker,Jayden pass complete short left to Marsh,Logan caught at MCD20, for 7 yards to the MCD22 (Smith,Philip; Baker,Malachi)."
"20250913_yo3z",147,4,"pass_incomplete","McDaniel",57,1,10,43,"Salisbury",FALSE,"No Huddle-Shotgun Booker,Jayden pass incomplete short right to Young,Jalen thrown to MCD43 QB hurried by Paul,Kris, TURNOVER ON DOWNS.","Frank,Kyle rush left for 2 yards gain to the MCD41 (McLean,Shawn; Taylor,Tamir)."
"20250913_yo3z",154,4,"rush","Salisbury",9,,,,"McDaniel",TRUE,"Frank,Kyle rush left for 9 yards gain to the MCD00 TOUCHDOWN, clock 01:55.","No Huddle-Shotgun Granado Jr,Angel pass incomplete short right to Carmickle,Karson thrown to MCD31."
"20250913_yo3z",156,4,"kickoff","McDaniel",,1,10,75,"McDaniel",FALSE,"Samaha,Kollin kickoff 65 yards to the MCD00, Touchback.","No Huddle-Shotgun Granado Jr,Angel pass incomplete short right to Carmickle,Karson thrown to MCD31."
"20250913_yo3z",160,4,"pass_incomplete","McDaniel",67,1,10,33,"Salisbury",FALSE,"No Huddle-Shotgun Granado Jr,Angel pass incomplete short right to Harper,Jordan thrown to MCD39 broken up by Kontosis,Taj, TURNOVER ON DOWNS.","Kneel down by Sims,Matthew at MCD34 for loss of 1 yard."
"20250920_6638",1,1,"kickoff","Muhlenberg",,1,10,65,"Muhlenberg",FALSE,"Snyder,Brayden kickoff 30 yards to the MUH35 Curry,Blaze return 0 yards to the MUH35.","No Huddle-Shotgun Mahaffey,Dante pass complete short right to Pasols,Caleb caught at MUH47, for 14 yards to the MUH49 (Johnson,J'Vier), out of bounds, 1ST DOWN."
"20250920_6638",14,1,"punt_with_return","Muhlenberg",44,1,10,97,"Wilkes",FALSE,"Morris,Sam punt 42 yards to the WIL02 Terry,Rahmel return 1 yard to the WIL03 (Krug,Sean).","No Huddle-Shotgun Contella,Ben rush middle for 1 yard gain to the WIL04 (Cerruti,Thomas)."
"20250920_6638",23,1,"punt_no_return","Wilkes",67,1,10,65,"Muhlenberg",FALSE,"Zarafonitis,Peter punt 32 yards to the MUH35 fair catch by Donnelly,Tommy at MUH35.","PENALTY MUH False Start (Mitchell,Dennis) 5 yards from MUH35 to MUH30. NO PLAY."
"20250920_6638",27,1,"pass_complete","Muhlenberg",63,,,,"Wilkes",TRUE,"No Huddle-Shotgun Mahaffey,Dante pass complete deep middle to Runfolo,John caught at WIL25, for 63 yards to the WIL00 TOUCHDOWN, clock 04:18, 1ST DOWN.","No Huddle-Shotgun Chigozie-Nwosu,Chibugo rush middle for 1 yard gain to the WIL39 (Elliott,Peyton)."
"20250920_6638",29,1,"kickoff","Wilkes",,1,10,62,"Wilkes",FALSE,"(04:18) D'Amico,Nicholas kickoff 52 yards to the WIL13 Pigga,Daniel return 25 yards to the WIL38 (Saus,Jake; Kalinauskas,Ethan).","No Huddle-Shotgun Chigozie-Nwosu,Chibugo rush middle for 1 yard gain to the WIL39 (Elliott,Peyton)."
"20250920_6638",37,1,"field_goal_good","Wilkes",13,,,,"Muhlenberg",TRUE,"Volpone,Nick field goal attempt from 30 yards GOOD (H: Dogmanits,Trey, LS: Davidson,Nick), clock 00:35.","No Huddle-Shotgun Schaffer-Neitz,Isaac rush middle for 9 yards gain to the MUH37 (Murray,Tallen)."
"20250920_6638",38,1,"kickoff","Muhlenberg",,1,10,72,"Muhlenberg",FALSE,"Snyder,Brayden kickoff 61 yards to the MUH04 Short,Christopher return 24 yards to the MUH28, out of bounds at MUH28.","No Huddle-Shotgun Schaffer-Neitz,Isaac rush middle for 9 yards gain to the MUH37 (Murray,Tallen)."
"20250920_6638",44,2,"punt_no_return","Muhlenberg",59,1,10,77,"Wilkes",FALSE,"Morris,Sam punt 36 yards to the WIL23 fair catch by Pigga,Daniel at WIL23.","No Huddle-Shotgun Linton,Nigel rush right for 0 yards to the WIL23 (Cerruti,Thomas)."
"20250920_6638",48,2,"punt_no_return","Wilkes",74,1,10,57,"Muhlenberg",FALSE,"Zarafonitis,Peter punt 31 yards to the MUH43 fair catch by Donnelly,Tommy at MUH43.","No Huddle-Shotgun Spang,Luke pass complete short middle to Pasols,Caleb caught at MUH47, for 11 yards to the WIL46 (Barbieri,Rob), 1ST DOWN."
"20250920_6638",58,2,"rush","Muhlenberg",8,,,,"Wilkes",TRUE,"No Huddle-Shotgun Spang,Luke rush middle for 8 yards gain to the WIL00 TOUCHDOWN, clock 07:30.","No Huddle-Shotgun King,Cooper pass complete short right to Simms,Janas caught at WIL31, for 6 yards to the WIL31 (Elliott,Peyton)."
"20250920_6638",60,2,"kickoff","Wilkes",,1,10,75,"Wilkes",FALSE,"D'Amico,Nicholas kickoff 65 yards to the WIL00, Touchback.","No Huddle-Shotgun King,Cooper pass complete short right to Simms,Janas caught at WIL31, for 6 yards to the WIL31 (Elliott,Peyton)."
"20250920_6638",67,2,"punt_with_return","Wilkes",54,1,10,89,"Muhlenberg",FALSE,"Zarafonitis,Peter punt 43 yards to the MUH11 Donnelly,Tommy return 0 yards to the MUH11, out of bounds at MUH11.","No Huddle-Shotgun Mahaffey,Dante pass complete short right to Runfolo,John caught at MUH16, for 5 yards to the MUH16 (Cornick III,Michael Kevin)."
"20250920_6638",71,2,"pass_complete","Muhlenberg",78,,,,"Wilkes",TRUE,"No Huddle-Shotgun Mahaffey,Dante pass complete deep right to Pasols,Caleb caught at MUH47, for 78 yards to the WIL00 TOUCHDOWN, clock 02:57, 1ST DOWN.","No Huddle-Shotgun Pigga,Daniel rush right for 12 yards gain to the WIL37 (Lopez,Jeffrey; Newman,CJ), 1ST DOWN."
"20250920_6638",73,2,"kickoff","Wilkes",,1,10,75,"Wilkes",FALSE,"D'Amico,Nicholas kickoff 65 yards to the WIL00, Touchback.","No Huddle-Shotgun Pigga,Daniel rush right for 12 yards gain to the WIL37 (Lopez,Jeffrey; Newman,CJ), 1ST DOWN."
"20250920_6638",83,2,"pass_incomplete","Wilkes",40,1,10,60,"Muhlenberg",FALSE,"No Huddle-Shotgun King,Cooper pass incomplete short right to Fears,Juju thrown to MUH30 QB hurried by Kalinauskas,Ethan, TURNOVER ON DOWNS.","No Huddle-Shotgun Mahaffey,Dante pass incomplete deep middle to Pasols,Caleb thrown to WIL30."
"20250920_6638",86,3,"kickoff","Wilkes",,1,10,60,"Wilkes",FALSE,"D'Amico,Nicholas kickoff 55 yards to the WIL10 Pigga,Daniel return 30 yards to the WIL40 (D'Amico,Nicholas).","No Huddle-Shotgun Linton,Nigel rush middle for 1 yard gain to the WIL41 (Cerruti,Thomas)."
"20250920_6638",95,3,"pass_complete","Wilkes",3,,,,"Muhlenberg",TRUE,"No Huddle-Shotgun King,Cooper pass complete short left to Fears,Juju caught at MUH02, for 3 yards to the MUH00 TOUCHDOWN, clock 10:13, 1ST DOWN.","No Huddle-Shotgun Mahaffey,Dante pass complete short right to Pasols,Caleb caught at MUH36, for 11 yards to the MUH36, End Of Play, 1ST DOWN."
"20250920_6638",97,3,"kickoff","Muhlenberg",,1,10,75,"Muhlenberg",FALSE,"Snyder,Brayden kickoff 65 yards to the MUH00, Touchback.","No Huddle-Shotgun Mahaffey,Dante pass complete short right to Pasols,Caleb caught at MUH36, for 11 yards to the MUH36, End Of Play, 1ST DOWN."
"20250920_6638",103,3,"punt_with_return","Muhlenberg",57,1,10,83,"Wilkes",FALSE,"Morris,Sam punt 40 yards to the WIL17 Terry,Rahmel return 0 yards to the WIL17 (Dauberman,Leo), out of bounds.","No Huddle-Shotgun King,Cooper pass incomplete short left to Linton,Nigel thrown to WIL15."
"20250920_6638",111,3,"punt_no_return","Wilkes",67,1,10,66,"Muhlenberg",FALSE,"Zarafonitis,Peter punt 33 yards to the MUH34 fair catch by Donnelly,Tommy at MUH34.","No Huddle-Shotgun Schaffer-Neitz,Isaac rush left for 5 yards gain to the MUH39 (Opperman,Ryan; Stevens,Rajan)."
"20250920_6638",116,3,"punt_with_return","Muhlenberg",66,1,10,63,"Wilkes",FALSE,"Morris,Sam punt 31 yards to the WIL35 Terry,Rahmel return 2 yards to the WIL37 (Short,Christopher).","No Huddle-Shotgun Linton,Nigel rush right for 1 yard loss to the WIL36 (Lopez,Jeffrey), out of bounds."
"20250920_6638",121,3,"punt_with_return","Wilkes",72,1,10,81,"Muhlenberg",FALSE,"Zarafonitis,Peter punt 57 yards to the MUH15 Donnelly,Tommy return 4 yards to the MUH19 (Damus,Rodrigue).","No Huddle-Shotgun Manning,Matthew rush middle for 3 yards gain to the MUH22 (Fluck,Mike)."
"20250920_6638",128,4,"punt_no_return","Muhlenberg",55,1,10,77,"Wilkes",FALSE,"Morris,Sam punt 32 yards to the WIL23 fair catch by Terry,Rahmel at WIL23.","No Huddle-Shotgun Contella,Ben rush middle for 4 yards gain to the WIL27 (Elliott,Peyton)."
"20250920_6638",132,4,"punt_with_return","Wilkes",75,1,10,14,"Muhlenberg",FALSE,"Zarafonitis,Peter punt 44 yards to the MUH31 Donnelly,Tommy return 55 yards to the WIL14 (Merrill,Braden; Contella,Ben).","No Huddle-Shotgun Mahaffey,Dante rush middle for 4 yards loss to the WIL18 (Creswell,Cohen)."
"20250920_6638",136,4,"rush","Muhlenberg",1,,,,"Wilkes",TRUE,"No Huddle-Shotgun Manning,Matthew rush middle for 1 yard gain to the WIL00 TOUCHDOWN, clock 09:45.","No Huddle-Shotgun King,Cooper pass complete short middle to McCormick,Maddox caught at WIL33, for 17 yards to the WIL42, out of bounds at WIL42, 1ST DOWN."
"20250920_6638",140,4,"kickoff","Wilkes",,1,10,75,"Wilkes",FALSE,"D'Amico,Nicholas onside kickoff 10 yards to the WIL25, End Of Play.","No Huddle-Shotgun King,Cooper pass complete short middle to McCormick,Maddox caught at WIL33, for 17 yards to the WIL42, out of bounds at WIL42, 1ST DOWN."
"20250920_6638",154,4,"pass_complete","Wilkes",14,,,,"Muhlenberg",TRUE,"No Huddle-Shotgun King,Cooper pass complete short middle to Terry,Rahmel caught at MUH00, for 14 yards to the MUH00 TOUCHDOWN, clock 04:47, 1ST DOWN.","No Huddle-Shotgun Schaffer-Neitz,Isaac rush left for 3 yards gain to the MUH48 (Creswell,Cohen)."
"20250920_6638",156,4,"kickoff","Muhlenberg",,1,10,55,"Muhlenberg",FALSE,"Snyder,Brayden kickoff 64 yards to the MUH01 Short,Christopher return 44 yards to the MUH45 (Snyder,Brayden; Prizer,Justin).","No Huddle-Shotgun Schaffer-Neitz,Isaac rush left for 3 yards gain to the MUH48 (Creswell,Cohen)."
"20250920_6c77",1,1,"kickoff","McDaniel",,1,10,69,"McDaniel",FALSE,"Sauer,Carter kickoff 55 yards to the MCD10 Bolden,Bernard return 21 yards to the MCD31 (Strayer,Robert; Woodland,Mikayle).","No Huddle-Shotgun Booker,Jayden rush left for 4 yards loss to the MCD27 (Salguero,Estuardo), out of bounds."
"20250920_6c77",5,1,"punt_no_return","McDaniel",69,1,10,67,"Juniata",FALSE,"Fritz,Braden punt 36 yards to the JUN33.","No Huddle-Shotgun Foreman,Ivan rush middle for 2 yards gain to the JUN35 (Homer,Christian; Are,David)."
"20250920_6c77",20,1,"field_goal_missed","Juniata",24,1,10,76,"McDaniel",FALSE,"Mullin,Alex field goal attempt from 41 yards NO GOOD (H: Buell,Wyatt, LS: Bennett,Ian), clock 07:50.","No Huddle-Shotgun James,Cordae rush right for 16 yards gain to the MCD40 (Lowery,Tucker), 1ST DOWN."
"20250920_6c77",34,1,"pass_intercepted","McDaniel",17,1,10,80,"Juniata",FALSE,"No Huddle-Shotgun Booker,Jayden pass intercepted by Lowery,Tucker at JUN00, Touchback.","Shotgun Foreman,Ivan rush middle for 6 yards gain to the JUN26 (Shingler,Kyree; LeGrande,Taevon)."
"20250920_6c77",39,2,"punt_with_return","Juniata",88,1,10,14,"McDaniel",FALSE,"Buell,Wyatt punt 31 yards to the JUN43 Smith,David return 15 yards to the JUN28 (Repolgle,Reece) PENALTY JUN Personal Foul (Repolgle,Reece) 14 yards from JUN28 to JUN14, 1ST DOWN.","No Huddle-Shotgun James,Cordae rush right for 5 yards gain to the JUN09 (Martinez,Damiyr)."
"20250920_6c77",44,2,"field_goal_good","McDaniel",5,,,,"Juniata",TRUE,"Fritz,Braden field goal attempt from 22 yards GOOD (H: Miller,Tony, LS: Kemp,Augustus), clock 10:57.","No Huddle-Shotgun Cuello,Jendy rush left for 2 yards loss to the JUN33 (Homer,Christian; Murphy,Malachi)."
"20250920_6c77",45,2,"kickoff","Juniata",,1,10,65,"Juniata",FALSE,"Fritz,Braden kickoff 52 yards to the JUN13, out of bounds at JUN13.","No Huddle-Shotgun Cuello,Jendy rush left for 2 yards loss to the JUN33 (Homer,Christian; Murphy,Malachi)."
"20250920_6c77",49,2,"punt_no_return","Juniata",62,1,10,53,"McDaniel",FALSE,"Buell,Wyatt punt 15 yards to the MCD47, out of bounds at MCD47.","No Huddle-Shotgun Booker,Jayden pass incomplete short right to Wendel,Grayson thrown to JUN45 QB hurried by Johnson,Nick."
"20250920_6c77",53,2,"punt_no_return","McDaniel",53,1,10,87,"Juniata",FALSE,"Fritz,Braden punt 40 yards to the JUN13, out of bounds at JUN13.","Shotgun Eisenberg,Ethan pass complete short left to Horm,Jordan caught at JUN13, for 0 yards to the JUN13 (Murphy,Malachi)."
"20250920_6c77",67,2,"rush","Juniata",3,,,,"McDaniel",TRUE,"No Huddle-Shotgun Foreman,Ivan rush left for 3 yards gain to the MCD00 TOUCHDOWN, clock 02:45.","No Huddle-Shotgun James,Cordae rush middle for 4 yards gain to the JUN43 (Shank,Ethan)."
"20250920_6c77",70,2,"kickoff","McDaniel",,1,10,47,"McDaniel",FALSE,"Feinblatt,Brandon kickoff 42 yards to the MCD38 McCathran,Jamie return 15 yards to the JUN47 (Boles,Brandon).","No Huddle-Shotgun James,Cordae rush middle for 4 yards gain to the JUN43 (Shank,Ethan)."
"20250920_6c77",72,2,"pass_intercepted","McDaniel",43,1,10,61,"Juniata",FALSE,"No Huddle-Shotgun Booker,Jayden pass intercepted by Martinez,Damiyr at JUN39, End Of Play. MCD is challenging the ruling on the field - ""Interception"". PLAY CONFIRMED.","No Huddle-Shotgun Cuello,Jendy rush middle for 0 yards to the JUN39 (Shingler,Kyree)."
"20250920_6c77",76,2,"punt_no_return","Juniata",60,1,10,72,"McDaniel",FALSE,"Buell,Wyatt punt 32 yards to the MCD28, out of bounds at MCD28.","No Huddle-Shotgun Booker,Jayden rush middle for 0 yards to the MCD28 (Lewis,Daiyan; Strayer,Robert)."
"20250920_6c77",79,3,"kickoff","Juniata",,1,10,81,"Juniata",FALSE,"Fritz,Braden kickoff 62 yards to the JUN03 Cuello,Jendy return 16 yards to the JUN19 (Bolden,Bernard).","No Huddle-Shotgun Foreman,Ivan rush right for 0 yards to the JUN19 (Koehler,Jake)."
"20250920_6c77",82,3,"pass_intercepted","Juniata",80,1,10,39,"McDaniel",FALSE,"No Huddle-Shotgun Eisenberg,Ethan pass intercepted by Murphy,Malachi at JUN31 broken up by Homer,Christian Murphy,Malachi return for loss of 8 yards to the JUN39 (Sauer,Carter).","No Huddle-Shotgun Booker,Jayden rush left for 6 yards gain to the JUN33 (Martinez,Damiyr), out of bounds."
"20250920_6c77",89,3,"rush","McDaniel",16,,,,"Juniata",TRUE,"No Huddle-Shotgun Booker,Jayden rush left for 16 yards gain to the JUN00 TOUCHDOWN, clock 10:28, 1ST DOWN.","No Huddle-Shotgun Eisenberg,Ethan rush right for 9 yards gain to the JUN34 (Murphy,Malachi), out of bounds."
"20250920_6c77",91,3,"kickoff","Juniata",,1,10,75,"Juniata",FALSE,"Fritz,Braden kickoff 65 yards to the JUN00, Touchback.","No Huddle-Shotgun Eisenberg,Ethan rush right for 9 yards gain to the JUN34 (Murphy,Malachi), out of bounds."
"20250920_6c77",97,3,"punt_with_return","Juniata",54,1,10,88,"McDaniel",FALSE,"Buell,Wyatt punt 36 yards to the MCD18 Smith,David return 35 yards to the JUN47 (Foreman,Ivan) PENALTY MCD Illegal Block in Back (Wagner,Jacob) 10 yards from MCD22 to MCD12.","No Huddle-Shotgun Booker,Jayden rush right for 4 yards gain to the MCD16 (Griffin,Stephen), out of bounds."
"20250920_6c77",102,3,"rush","McDaniel",2,,,,"Juniata",TRUE,"No Huddle-Shotgun James,Cordae rush middle for 2 yards gain to the JUN00 TOUCHDOWN, clock 05:58.","No Huddle-Shotgun Eisenberg,Ethan pass incomplete short right to Huffstutler,Isaiah thrown to JUN42 broken up by Wilson,Chris."
"20250920_6c77",104,3,"kickoff","Juniata",,1,10,75,"Juniata",FALSE,"Fritz,Braden kickoff 56 yards to the JUN09 fair catch by Cuello,Jendy at JUN09.","No Huddle-Shotgun Eisenberg,Ethan pass incomplete short right to Huffstutler,Isaiah thrown to JUN42 broken up by Wilson,Chris."
"20250920_6c77",108,3,"punt_with_return","Juniata",73,1,10,86,"McDaniel",FALSE,"Buell,Wyatt punt 53 yards to the MCD20 Smith,David return 24 yards to the MCD44 (Bennett,Ian), out of bounds PENALTY MCD Illegal Block in Back (Bolden,Bernard) 10 yards from MCD24 to MCD14.","No Huddle-Shotgun James,Cordae rush middle for 5 yards gain to the MCD19 (Strayer,Robert)."
"20250920_6c77",117,4,"rush","McDaniel",49,1,10,51,"Juniata",FALSE,"No Huddle-Shotgun Booker,Jayden rush middle for 0 yards to the JUN49 (Lewis,Daiyan; McCracken,Conner), TURNOVER ON DOWNS.","No Huddle-Shotgun Eisenberg,Ethan pass incomplete deep right to Eaton,Alex thrown to MCD27 broken up by Wilson,Chris."
"20250920_6c77",121,4,"pass_incomplete","Juniata",50,1,10,50,"McDaniel",FALSE,"No Huddle-Shotgun Eisenberg,Ethan pass incomplete short right to Rice,Nick thrown to MCD40 broken up by Homer,Christian, TURNOVER ON DOWNS.","PENALTY MCD Delay Of Game (Booker,Jayden) 5 yards from JUN50 to MCD45. NO PLAY."
"20250920_6c77",133,4,"pass_complete","McDaniel",9,,,,"Juniata",TRUE,"No Huddle-Shotgun Booker,Jayden pass complete short left to Miller,Tony caught at JUN00, for 9 yards to the JUN00 TOUCHDOWN, clock 07:51.","No Huddle-Shotgun Foreman,Ivan rush middle for 1 yard loss to the JUN24 (Thornton,Jaden) PENALTY MCD UNS: Unsportsmanlike Conduct (Thornton,Jaden) 15 yards from JUN25 to JUN40, 1ST DOWN. NO PLAY."
"20250920_6c77",136,4,"kickoff","Juniata",,1,10,75,"Juniata",FALSE,"Fritz,Braden kickoff 59 yards to the JUN06 fair catch by Cuello,Jendy at JUN06.","No Huddle-Shotgun Foreman,Ivan rush middle for 1 yard loss to the JUN24 (Thornton,Jaden) PENALTY MCD UNS: Unsportsmanlike Conduct (Thornton,Jaden) 15 yards from JUN25 to JUN40, 1ST DOWN. NO PLAY."
"20250920_6c77",141,4,"punt_no_return","Juniata",71,1,10,90,"McDaniel",FALSE,"Buell,Wyatt punt 61 yards to the MCD10.","No Huddle-Shotgun Cobbs,Micajah rush middle for 11 yards gain to the MCD21 (Wakefield,Dillon), 1ST DOWN."
"20250920_6c77",146,4,"punt_no_return","McDaniel",78,1,10,45,"Juniata",FALSE,"Fritz,Braden punt 23 yards to the MCD45, out of bounds at MCD45.","No Huddle-Shotgun Eisenberg,Ethan pass incomplete short right to Daniels,Akari thrown to MCD41 broken up by Murphy,Malachi QB hurried by Gifford,Damonte."
"20250920_6c77",151,4,"punt_with_return","Juniata",56,1,10,55,"McDaniel",FALSE,"Buell,Wyatt punt 43 yards to the MCD13 Smith,David return 32 yards to the MCD45 (Shank,Ethan; Repolgle,Reece).","No Huddle-Shotgun Wagner,Jacob rush middle for 2 yards gain to the MCD47 (Jean Baptiste,Samuel; Salguero,Estuardo)."
"20250920_dyvl",1,1,"kickoff",,,1,10,79,"Susquehanna",FALSE,"Johns Hopkins wins toss and will kickoff; SUS will defend West end-zone.","No Huddle-Shotgun Ehrlich,Josh pass complete short left to La Mons,Rahshan caught at SUSQU21, for 1 yard to the SUSQU22, End Of Play."
"20250920_dyvl",2,1,"kickoff","Susquehanna",,1,10,79,"Susquehanna",FALSE,"Wayt,Kaleb kickoff 61 yards to the SUSQU04 Winn,Dominic return 17 yards to the SUSQU21 (Bechtle,John).","No Huddle-Shotgun Ehrlich,Josh pass complete short left to La Mons,Rahshan caught at SUSQU21, for 1 yard to the SUSQU22, End Of Play."
"20250920_dyvl",13,1,"pass_complete","Susquehanna",21,,,,"Johns Hopkins",TRUE,"No Huddle-Shotgun Ehrlich,Josh pass complete deep right to Morgenroth,Hunter caught at JHU00, for 21 yards to the JHU00 TOUCHDOWN, clock 08:27, 1ST DOWN, PENALTY SUSQU UNS: Unsportsmanlike Conduct (Morgenroth,Hunter) 15 yards from JHU00 to JHU03.","No Huddle-Shotgun Harvey,Bay pass complete short right to Crotty,Cole caught at SUSQU39, for 10 yards to the SUSQU39, End Of Play, 1ST DOWN."
"20250920_dyvl",15,1,"kickoff","Johns Hopkins",,1,10,49,"Johns Hopkins",FALSE,"Bourgeois,Dominic kickoff 62 yards to the JHU18 Moore,Josh return 33 yards to the SUSQU49 (Rhoades,Logan).","No Huddle-Shotgun Harvey,Bay pass complete short right to Crotty,Cole caught at SUSQU39, for 10 yards to the SUSQU39, End Of Play, 1ST DOWN."
"20250920_dyvl",22,1,"field_goal_good","Johns Hopkins",12,,,,"Susquehanna",TRUE,"Paxton,Brad field goal attempt from 29 yards GOOD (H: Lollar,Ethan, LS: Strnad,Claude), clock 04:51.","No Huddle-Shotgun Ehrlich,Josh pass complete short left to La Mons,Rahshan caught at SUSQU19, for 9 yards to the SUSQU27 (Hogg,Carter; Olah,Kevin)."
"20250920_dyvl",23,1,"kickoff","Susquehanna",,1,10,82,"Susquehanna",FALSE,"Wayt,Kaleb kickoff 58 yards to the SUSQU07 Winn,Dominic return 11 yards to the SUSQU18 (Dasilva,Tyler; Stup,Cole).","No Huddle-Shotgun Ehrlich,Josh pass complete short left to La Mons,Rahshan caught at SUSQU19, for 9 yards to the SUSQU27 (Hogg,Carter; Olah,Kevin)."
"20250920_dyvl",27,1,"punt_with_return","Susquehanna",73,1,10,83,"Johns Hopkins",FALSE,"Bourgeois,Dominic punt 50 yards to the JHU23 Enright,Robby return 4 yards to the JHU27 (Daly,Connor; Miller,Brennen) PENALTY JHU Illegal Block in Back 10 yards from JHU27 to JHU17.","No Huddle-Shotgun Harvey,Bay pass complete short left to Moore,Josh caught at JHU17, for 3 yards to the JHU20 (Ruisch,Jesse)."
"20250920_dyvl",39,2,"rush","Johns Hopkins",3,,,,"Susquehanna",TRUE,"No Huddle-Shotgun Schroeder,Geoff rush middle for 3 yards gain to the SUSQU00 TOUCHDOWN, clock 12:53, 1ST DOWN.","No Huddle-Shotgun Ehrlich,Josh pass complete short right to La Mons,Rahshan caught at SUSQU16, for 5 yards to the SUSQU25 (Schondelmayer,Jack)."
"20250920_dyvl",41,2,"kickoff","Susquehanna",,1,10,80,"Susquehanna",FALSE,"Wayt,Kaleb kickoff 63 yards to the SUSQU02 Growney,Daniel return 18 yards to the SUSQU20 (Bechtle,John).","No Huddle-Shotgun Ehrlich,Josh pass complete short right to La Mons,Rahshan caught at SUSQU16, for 5 yards to the SUSQU25 (Schondelmayer,Jack)."
"20250920_dyvl",47,2,"punt_no_return","Susquehanna",41,1,10,87,"Johns Hopkins",FALSE,"Bourgeois,Dominic punt 28 yards to the JHU13.","No Huddle-Shotgun Harvey,Bay pass complete short middle to Moore,Josh caught at JHU17, for 4 yards to the JHU17 (Fleming,Ben)."
"20250920_dyvl",49,2,"pass_complete","Johns Hopkins",83,,,,"Susquehanna",TRUE,"No Huddle-Shotgun Harvey,Bay pass complete deep right to Crotty,Cole caught at JHU39, for 83 yards to the SUSQU00 TOUCHDOWN, clock 09:03, 1ST DOWN.","No Huddle-Shotgun La Mons,Rahshan rush middle for 3 yards gain to the SUSQU21 (Urquidi,Isaac; Smith,Jackson)."
"20250920_dyvl",51,2,"kickoff","Susquehanna",,1,10,82,"Susquehanna",FALSE,"Wayt,Kaleb kickoff 61 yards to the SUSQU04 Winn,Dominic return 14 yards to the SUSQU18 (Stone,Zack; Bechtle,John).","No Huddle-Shotgun La Mons,Rahshan rush middle for 3 yards gain to the SUSQU21 (Urquidi,Isaac; Smith,Jackson)."
"20250920_dyvl",61,2,"pass_complete","Susquehanna",31,1,10,72,"Johns Hopkins",FALSE,"No Huddle-Shotgun Ehrlich,Josh pass complete short right to La Mons,Rahshan caught at JHU42, for 3 yards to the JHU28 (Bourdo,Carson; Olson,Sawyer), TURNOVER ON DOWNS.","No Huddle-Shotgun Harvey,Bay pass incomplete short middle to Bechtle,John thrown to JHU32 broken up by Underwood,Darren."
"20250920_dyvl",66,2,"punt_no_return","Johns Hopkins",67,1,10,86,"Susquehanna",FALSE,"Alley,Chase punt 53 yards to the SUSQU14.","No Huddle-Shotgun La Mons,Rahshan rush right for 6 yards gain to the SUSQU20 (Smith,Jackson)."
"20250920_dyvl",72,2,"punt_no_return","Susquehanna",67,1,10,78,"Johns Hopkins",FALSE,"Ehrlich,Josh punt 45 yards to the JHU22.","No Huddle-Shotgun Harvey,Bay pass incomplete short right to Martini,Chad thrown to JHU31 QB hurried by Spears,Eric."
"20250920_dyvl",82,2,"pass_incomplete","Johns Hopkins",53,,,,,FALSE,"No Huddle-Shotgun Harvey,Bay pass incomplete deep middle to Crotty,Cole thrown to SUSQU05 broken up by Spears,Eric, TURNOVER ON DOWNS.",
"20250920_dyvl",83,3,"kickoff","Johns Hopkins",,1,10,69,"Johns Hopkins",FALSE,"SUS will kickoff; JHU will defend East end-zone.","No Huddle-Shotgun Schroeder,Geoff rush middle for 9 yards gain to the JHU40 (Spears,Eric; Ballinger,DJ)."
"20250920_dyvl",84,3,"kickoff","Johns Hopkins",,1,10,69,"Johns Hopkins",FALSE,"Bourgeois,Dominic kickoff 34 yards to the JHU31 Moustakas,Atticus return 0 yards to the JHU31, End Of Play.","No Huddle-Shotgun Schroeder,Geoff rush middle for 9 yards gain to the JHU40 (Spears,Eric; Ballinger,DJ)."
"20250920_dyvl",89,3,"pass_complete","Johns Hopkins",17,,,,"Susquehanna",TRUE,"No Huddle-Shotgun Harvey,Bay pass complete short right to Moore,Josh caught at SUSQU19, for 17 yards to the SUSQU00 TOUCHDOWN, clock 12:27, 1ST DOWN.","No Huddle-Shotgun La Mons,Rahshan rush middle for 2 yards gain to the SUSQU14 (Newell,Xavier; Bourdo,Carson)."
"20250920_dyvl",91,3,"kickoff","Susquehanna",,1,10,88,"Susquehanna",FALSE,"Wayt,Kaleb kickoff 65 yards to the SUSQU00, Touchback PENALTY SUSQU UNR: Unnecessary Roughness (Miller,Brennen) 13 yards from SUSQU25 to SUSQU12.","No Huddle-Shotgun La Mons,Rahshan rush middle for 2 yards gain to the SUSQU14 (Newell,Xavier; Bourdo,Carson)."
"20250920_dyvl",100,3,"pass_incomplete","Susquehanna",43,1,10,57,"Johns Hopkins",FALSE,"No Huddle-Shotgun Ehrlich,Josh pass incomplete short middle to Mroz,Frankie thrown to JHU30 broken up by Dasilva,Tyler, TURNOVER ON DOWNS.","No Huddle-Shotgun Frost,Melik rush middle for 1 yard gain to the JHU44 (Hughes,Luke)."
"20250920_dyvl",104,3,"punt_no_return","Johns Hopkins",49,1,10,99,"Susquehanna",FALSE,"Alley,Chase punt 48 yards to the SUSQU01.","No Huddle-Shotgun Ehrlich,Josh pass complete short left to Stolfa,Robert caught at SUSQU00, for 1 yard loss to the SUSQU00 (Dasilva,Tyler). Dasilva,Tyler SAFETY, clock 06:41."
"20250920_dyvl",105,3,"pass_complete","Susquehanna",99,,,,"Johns Hopkins",TRUE,"No Huddle-Shotgun Ehrlich,Josh pass complete short left to Stolfa,Robert caught at SUSQU00, for 1 yard loss to the SUSQU00 (Dasilva,Tyler). Dasilva,Tyler SAFETY, clock 06:41.","No Huddle-Shotgun Schroeder,Geoff rush left for 3 yards loss to the JHU24 (Nwanonyiri,Chibueze)."
"20250920_dyvl",106,3,"kickoff","Johns Hopkins",,1,10,73,"Johns Hopkins",FALSE,"Bourgeois,Dominic kickoff 67 yards to the JHU13 Moore,Josh return 14 yards to the JHU27 (Wagner,Berkeley).","No Huddle-Shotgun Schroeder,Geoff rush left for 3 yards loss to the JHU24 (Nwanonyiri,Chibueze)."
"20250920_dyvl",114,3,"rush","Johns Hopkins",3,,,,"Susquehanna",TRUE,"No Huddle-Shotgun Schroeder,Geoff rush middle for 3 yards gain to the SUSQU00 TOUCHDOWN, clock 01:32.","No Huddle-Shotgun La Mons,Rahshan rush left for 15 yards gain to the SUSQU40 (Olah,Kevin), out of bounds, 1ST DOWN."
"20250920_dyvl",116,3,"kickoff","Susquehanna",,1,10,75,"Susquehanna",FALSE,"Wayt,Kaleb kickoff 65 yards to the SUSQU00, Touchback.","No Huddle-Shotgun La Mons,Rahshan rush left for 15 yards gain to the SUSQU40 (Olah,Kevin), out of bounds, 1ST DOWN."
"20250920_dyvl",123,4,"punt_no_return","Susquehanna",47,1,10,92,"Johns Hopkins",FALSE,"Bourgeois,Dominic punt 39 yards to the JHU08 fair catch by Orecchio,Alex at JHU08.","No Huddle-Shotgun Dandridge,Brock rush right for 2 yards gain to the JHU10 (Underwood,Darren)."
"20250920_dyvl",127,4,"punt_with_return","Johns Hopkins",88,1,10,67,"Susquehanna",FALSE,"Alley,Chase punt 45 yards to the SUSQU43 La Mons,Rahshan return 8 yards to the JHU49 (Trainer,Browning) PENALTY SUSQU Holding (Lavalais Jr.,Romero) 10 yards from SUSQU43 to SUSQU33.","No Huddle-Shotgun Stolfa,Robert rush right for 2 yards gain to the SUSQU35 (Schondelmayer,Jack)."
"20250920_dyvl",130,4,"pass_intercepted","Susquehanna",65,1,10,85,"Johns Hopkins",FALSE,"No Huddle-Shotgun Ehrlich,Josh pass intercepted by Olah,Kevin at JHU32 Olah,Kevin return for loss of 2 yards to the JHU30 (Morgenroth,Hunter) PENALTY JHU UNS: Unsportsmanlike Conduct (Olah,Kevin) 15 yards from JHU30 to JHU15.","No Huddle-Shotgun Frost,Melik rush left for 8 yards loss to the JHU07 (Angelo,Josh; Fleming,Ben)."
"20250920_dyvl",134,4,"punt_with_return","Johns Hopkins",94,1,10,53,"Susquehanna",FALSE,"Alley,Chase punt 47 yards to the SUSQU47 Growney,Daniel return 0 yards to the SUSQU47 (Trainer,Browning).","No Huddle-Shotgun Ehrlich,Josh pass complete short left to La Mons,Rahshan caught at SUSQU49, for 8 yards to the JHU45, out of bounds at JHU45."
"20250920_dyvl",142,4,"kickoff","Johns Hopkins",,1,10,24,"Susquehanna",FALSE,"Bourgeois,Dominic kickoff 50 yards to the JHU15 Semrad,Griffin return 9 yards to the JHU21 fumbled by Semrad,Griffin at JHU21 forced by Wagner,Berkeley recovered by SUSQU Godbolt,Maksim at JHU24, End Of Play.","No Huddle-Shotgun Ehrlich,Josh pass complete short middle to Growney,Daniel caught at JHU12, for 15 yards to the JHU09 (Schondelmayer,Jack), 1ST DOWN."
"20250920_dyvl",145,4,"rush","Susquehanna",2,,,,"Johns Hopkins",TRUE,"No Huddle La Mons,Rahshan rush left for 2 yards gain to the JHU00 TOUCHDOWN, clock 05:48.","No Huddle-Shotgun Schroeder,Geoff rush middle for 7 yards gain to the JHU32 (Waters,Kayvon; Fleming,Ben)."
"20250920_dyvl",147,4,"kickoff","Johns Hopkins",,1,10,75,"Johns Hopkins",FALSE,"Bourgeois,Dominic kickoff 44 yards to the JHU21 fair catch by Bechtle,John at JHU21.","No Huddle-Shotgun Schroeder,Geoff rush middle for 7 yards gain to the JHU32 (Waters,Kayvon; Fleming,Ben)."
"20250920_dyvl",154,4,"rush","Johns Hopkins",38,,,,"Susquehanna",TRUE,"No Huddle-Shotgun Schroeder,Geoff rush middle for 38 yards gain to the SUSQU00 TOUCHDOWN, clock 02:12, 1ST DOWN.","No Huddle-Shotgun Ehrlich,Josh rush middle for 8 yards gain to the SUSQU15, End Of Play."
"20250920_dyvl",156,4,"kickoff","Susquehanna",,1,10,93,"Susquehanna",FALSE,"Wayt,Kaleb kickoff 61 yards to the SUSQU04 Morgenroth,Hunter return 7 yards to the SUSQU11 lateral to Growney,Daniel for 10 yards gain to the SUSQU21 (Stone,Zack) PENALTY SUSQU Illegal Forward Pass (Morgenroth,Hunter) 14 yards from SUSQU21 to SUSQU07.","No Huddle-Shotgun Ehrlich,Josh rush middle for 8 yards gain to the SUSQU15, End Of Play."
"20250920_ed92",1,1,"kickoff","Western Connecticut",,1,10,48,"Western Connecticut",FALSE,"Kruse,Nolan kickoff 55 yards to the WCONN10 Lagardere,Serge return 42 yards to the GC48 (Bendowski,Mike).","No Huddle-Shotgun Jackson,Dylan pass complete short to Lagardere,Serge caught at WCONN42, for 10 yards loss to the WCONN42 (Wells,Tyler)."
"20250920_ed92",9,1,"rush","Western Connecticut",14,,,,"Gettysburg",TRUE,"No Huddle-Shotgun Holmes,Kam rush middle for 14 yards gain to the GC00 TOUCHDOWN, clock 12:15, 1ST DOWN.","No Huddle-Shotgun Zrelak,Michael rush middle for 2 yards gain to the GC25 (Rienzi,Dominic)."
"20250920_ed92",11,1,"kickoff","Gettysburg",,1,10,77,"Gettysburg",FALSE,"Do Amaral,Marciel kickoff 43 yards to the GC22 Denison,Luke return 1 yard to the GC23 (Thomas,Ju-Sean).","No Huddle-Shotgun Zrelak,Michael rush middle for 2 yards gain to the GC25 (Rienzi,Dominic)."
"20250920_ed92",18,1,"punt_no_return","Gettysburg",64,1,10,55,"Western Connecticut",FALSE,"Vanarsdale,Danny punt 19 yards to the WCONN45, out of bounds at WCONN45.","No Huddle-Shotgun Holmes,Kam rush middle for 14 yards gain to the GC41 (Rhyne,Justin), 1ST DOWN."
"20250920_ed92",23,1,"punt_no_return","Western Connecticut",38,1,10,80,"Gettysburg",FALSE,"Fitzmaurice,Johnny punt 38 yards to the GC00, Touchback.","No Huddle-Shotgun Zrelak,Michael rush middle for 9 yards gain to the GC29 (Simmons,Nicholas)."
"20250920_ed92",29,1,"sack","Gettysburg",67,1,10,22,"Western Connecticut",FALSE,"No Huddle-Shotgun Clark,Sean sacked for loss of 11 yards to the GC22 (Ingebrigtsen,Justin), fumble by Clark,Sean recovered by WCONN Simmons,Nicholas at GC22, End Of Play.","No Huddle-Shotgun Holmes,Kam rush middle for 8 yards gain to the GC14 (Bendowski,Mike)."
"20250920_ed92",32,1,"pass_complete","Western Connecticut",4,,,,"Gettysburg",TRUE,"No Huddle-Shotgun Jackson,Dylan pass complete short right to Leroy,Jayden caught at GC03, for 4 yards to the GC00 TOUCHDOWN, clock 05:26.","No Huddle-Shotgun Clark,Sean pass complete short middle to Harwigsson,Walle caught at GC34, for 10 yards to the GC35 (Rondeau,Ryan), 1ST DOWN."
"20250920_ed92",34,1,"kickoff","Gettysburg",,1,10,75,"Gettysburg",FALSE,"Do Amaral,Marciel kickoff 46 yards to the GC19 fair catch by Conroy,Pat at GC19.","No Huddle-Shotgun Clark,Sean pass complete short middle to Harwigsson,Walle caught at GC34, for 10 yards to the GC35 (Rondeau,Ryan), 1ST DOWN."
"20250920_ed92",39,1,"pass_complete","Gettysburg",57,,,,"Western Connecticut",TRUE,"No Huddle-Shotgun Clark,Sean pass complete deep to Wonsala,Nick caught at WCONN34, for 57 yards to the WCONN00 TOUCHDOWN, clock 02:38, 1ST DOWN.","No Huddle-Shotgun Benson,Quasim rush right for 3 yards gain to the WCONN36 (Martin,Joey)."
"20250920_ed92",41,1,"kickoff","Western Connecticut",,1,10,67,"Western Connecticut",FALSE,"Kruse,Nolan kickoff 51 yards to the WCONN14 Lagardere,Serge return 19 yards to the WCONN33 (Breheney,Danny).","No Huddle-Shotgun Benson,Quasim rush right for 3 yards gain to the WCONN36 (Martin,Joey)."
"20250920_ed92",45,1,"punt_no_return","Western Connecticut",61,1,10,74,"Gettysburg",FALSE,"Fitzmaurice,Johnny punt 35 yards to the GC26 fair catch by Lee,Jayden at GC26. GC is challenging the ruling on the field - """".","No Huddle-Shotgun Zrelak,Michael rush middle for 6 yards gain to the GC32 (Damato,Nicholas)."
"20250920_ed92",49,1,"punt_no_return","Gettysburg",68,1,10,64,"Western Connecticut",FALSE,"Vanarsdale,Danny punt 32 yards to the WCONN36 fair catch by Lagardere,Serge at WCONN36.","No Huddle-Shotgun Jackson,Dylan pass incomplete deep left to Lagardere,Serge thrown to GC35."
"20250920_ed92",52,2,"pass_complete","Western Connecticut",15,,,,"Gettysburg",TRUE,"No Huddle-Shotgun Jackson,Dylan pass complete short middle to LaFortune,Tamarion caught at GC18, for 15 yards to the GC00 TOUCHDOWN, clock 14:51, 1ST DOWN.","No Huddle-Shotgun Zrelak,Michael rush middle for 3 yards gain to the GC34 (Simmons,Nicholas)."
"20250920_ed92",54,2,"kickoff","Gettysburg",,1,10,69,"Gettysburg",FALSE,"Do Amaral,Marciel kickoff 56 yards to the GC09 Brutus,Christian return 22 yards to the GC31 (Angioletti,Vincent).","No Huddle-Shotgun Zrelak,Michael rush middle for 3 yards gain to the GC34 (Simmons,Nicholas)."
"20250920_ed92",58,2,"punt_no_return","Gettysburg",64,1,10,74,"Western Connecticut",FALSE,"Vanarsdale,Danny punt 38 yards to the WCONN26 fair catch by Lagardere,Serge at WCONN26.","No Huddle-Shotgun Benson,Quasim rush left for 3 yards gain to the WCONN29 (Estes,Alex) PENALTY WCONN Holding 10 yards from WCONN26 to WCONN16. NO PLAY."
"20250920_ed92",66,2,"pass_complete","Western Connecticut",31,,,,"Gettysburg",TRUE,"No Huddle-Shotgun Jackson,Dylan pass complete deep left to Schiavoni,Thomas caught at GC11, for 31 yards to the GC00 TOUCHDOWN, clock 10:12, 1ST DOWN.","No Huddle-Shotgun Clark,Sean pass incomplete short right to Harwigsson,Walle thrown to GC34."
"20250920_ed92",68,2,"kickoff","Gettysburg",,1,10,69,"Gettysburg",FALSE,"Do Amaral,Marciel kickoff 62 yards to the GC03 Diaz,Gabriel return 28 yards to the GC31 (Martinson,Kevin).","No Huddle-Shotgun Clark,Sean pass incomplete short right to Harwigsson,Walle thrown to GC34."
"20250920_ed92",78,2,"sack","Gettysburg",33,1,10,59,"Western Connecticut",FALSE,"No Huddle-Shotgun Clark,Sean sacked for loss of 8 yards to the WCONN41 (Rondeau,Ryan), TURNOVER ON DOWNS.","No Huddle-Shotgun Holmes,Kam rush left for 3 yards loss to the WCONN38, End Of Play."
"20250920_ed92",86,2,"rush","Western Connecticut",4,,,,"Gettysburg",TRUE,"No Huddle-Shotgun Holmes,Kam rush middle for 4 yards gain to the GC00 TOUCHDOWN, clock 02:47.","No Huddle-Shotgun Clark,Sean pass incomplete short right to O'Connor,Matt thrown to GC41 broken up by Ingebrigtsen,Justin."
"20250920_ed92",88,2,"kickoff","Gettysburg",,1,10,64,"Gettysburg",FALSE,"Do Amaral,Marciel kickoff 52 yards to the GC13 Diaz,Gabriel return 23 yards to the GC36 (Caracter,Chris).","No Huddle-Shotgun Clark,Sean pass incomplete short right to O'Connor,Matt thrown to GC41 broken up by Ingebrigtsen,Justin."
"20250920_ed92",99,2,"pass_complete","Gettysburg",6,,,,"Western Connecticut",TRUE,"No Huddle-Shotgun Clark,Sean pass complete short right to Wonsala,Nick caught at WCONN06, for 6 yards to the WCONN00 TOUCHDOWN, clock 00:15, 1ST DOWN.","Kneel down by Jackson,Dylan at WCONN39 for loss of 1 yard."
"20250920_ed92",102,2,"kickoff","Western Connecticut",,1,10,60,"Western Connecticut",FALSE,"Kruse,Nolan kickoff 43 yards to the WCONN22 Lagardere,Serge return 18 yards to the WCONN40 (Burke,Josh).","Kneel down by Jackson,Dylan at WCONN39 for loss of 1 yard."
"20250920_ed92",104,3,"kickoff","Gettysburg",,1,10,62,"Gettysburg",FALSE,"Do Amaral,Marciel kickoff 45 yards to the GC20 Diaz,Gabriel return 18 yards to the GC38 (Angioletti,Vincent; Martinson,Kevin).","No Huddle-Shotgun Zrelak,Michael rush middle for 6 yards gain to the GC44 (Johnson,Tafari)."
"20250920_ed92",110,3,"pass_incomplete","Gettysburg",49,1,10,51,"Western Connecticut",FALSE,"No Huddle-Shotgun Clark,Sean pass incomplete short right thrown to WCONN46, TURNOVER ON DOWNS.","No Huddle-Shotgun Holmes,Kam rush middle for 3 yards gain to the GC48 (Weiss,RJ)."
"20250920_ed92",115,3,"pass_intercepted","Western Connecticut",37,1,10,70,"Gettysburg",FALSE,"No Huddle-Shotgun Jackson,Dylan pass intercepted by Can,Ty at GC14 Can,Ty return 16 yards to the GC30 (Holmes,Kam).","No Huddle-Shotgun Clark,Sean pass complete short to Roskam,Jason caught at GC44, for 17 yards to the GC47 (Rondeau,Ryan; Johnson,Tafari), 1ST DOWN."
"20250920_ed92",121,3,"pass_incomplete","Gettysburg",39,1,10,61,"Western Connecticut",FALSE,"No Huddle-Shotgun Clark,Sean pass incomplete deep middle to Wonsala,Nick thrown to WCONN14, TURNOVER ON DOWNS.","No Huddle-Shotgun Davis,Antwan rush middle for 5 yards gain to the WCONN44 (Stubbs,Art; Estes,Alex)."
"20250920_ed92",125,3,"punt_with_return","Western Connecticut",55,1,10,80,"Gettysburg",FALSE,"Fitzmaurice,Johnny punt 37 yards to the GC18 Lee,Jayden return 2 yards to the GC20 (Payne,Brandon; Taylor,Amari).","No Huddle-Shotgun Clark,Sean pass complete short left to Wonsala,Nick caught at GC30, for 10 yards to the GC30 (Jimenez,Jandiel), 1ST DOWN."
"20250920_ed92",130,3,"punt_no_return","Gettysburg",66,1,10,69,"Western Connecticut",FALSE,"Vanarsdale,Danny punt 35 yards to the WCONN31 fair catch by Lagardere,Serge at WCONN31.","No Huddle-Shotgun Jackson,Dylan pass complete deep middle to Schiavoni,Thomas caught at GC48, for 21 yards to the GC48, End Of Play, 1ST DOWN."
"20250920_ed92",141,3,"field_goal_good","Western Connecticut",8,,,,"Gettysburg",TRUE,"Do Amaral,Marciel field goal attempt from 25 yards GOOD (H: St. Louis,Jake, LS: Scholl,Kenneth), clock 01:24.","No Huddle-Shotgun Clark,Sean pass intercepted by Grimes,Tyon at GC47 Grimes,Tyon return 12 yards to the GC35 (McAuliffe,Patrick)."
"20250920_ed92",142,3,"kickoff","Gettysburg",,1,10,65,"Gettysburg",FALSE,"Do Amaral,Marciel kickoff 58 yards to the GC07, out of bounds at GC07.","No Huddle-Shotgun Clark,Sean pass intercepted by Grimes,Tyon at GC47 Grimes,Tyon return 12 yards to the GC35 (McAuliffe,Patrick)."
"20250920_ed92",143,3,"pass_intercepted","Gettysburg",65,1,10,35,"Western Connecticut",FALSE,"No Huddle-Shotgun Clark,Sean pass intercepted by Grimes,Tyon at GC47 Grimes,Tyon return 12 yards to the GC35 (McAuliffe,Patrick).","No Huddle-Shotgun Jackson,Dylan pass complete short right to Holmes,Kam caught at GC34, for 3 yards to the GC32 (Weems,Ryan)."
"20250920_ed92",147,4,"rush","Western Connecticut",7,,,,"Gettysburg",TRUE,"No Huddle-Shotgun Benson,Quasim rush right for 7 yards gain to the GC00 TOUCHDOWN, clock 14:55.","No Huddle-Shotgun Zrelak,Michael rush middle for 6 yards gain to the GC41 (Taylor,Amari; Tyler,Jordan)."
"20250920_ed92",149,4,"kickoff","Gettysburg",,1,10,65,"Gettysburg",FALSE,"Do Amaral,Marciel kickoff 38 yards to the GC27, out of bounds at GC27.","No Huddle-Shotgun Zrelak,Michael rush middle for 6 yards gain to the GC41 (Taylor,Amari; Tyler,Jordan)."
"20250920_ed92",155,4,"pass_complete","Gettysburg",40,,,,"Western Connecticut",TRUE,"No Huddle-Shotgun Clark,Sean pass complete deep to Diaz,Gabriel caught at WCONN18, for 40 yards to the WCONN00 TOUCHDOWN, clock 12:37, 1ST DOWN.","No Huddle-Shotgun Jackson,Dylan pass complete short left to Faucett,Markus caught at WCONN48, for 20 yards to the GC44 (Weems,Ryan) PENALTY WCONN Illegal Substitution 5 yards from WCONN36 to WCONN31. NO PLAY."
"20250920_ed92",157,4,"kickoff","Western Connecticut",,1,10,64,"Western Connecticut",FALSE,"Kruse,Nolan kickoff 40 yards to the WCONN25 Perez Novas,Leibinson return 11 yards to the WCONN36 (Rhyne,Justin).","No Huddle-Shotgun Jackson,Dylan pass complete short left to Faucett,Markus caught at WCONN48, for 20 yards to the GC44 (Weems,Ryan) PENALTY WCONN Illegal Substitution 5 yards from WCONN36 to WCONN31. NO PLAY."
"20250920_ed92",164,4,"rush","Western Connecticut",12,,,,"Gettysburg",TRUE,"No Huddle-Shotgun Davis,Antwan rush middle for 12 yards gain to the GC00 TOUCHDOWN, clock 09:35, 1ST DOWN.","No Huddle-Shotgun Clark,Sean pass intercepted by Taylor,Amari at broken up by Rienzi,Dominic Taylor,Amari return 0 yards to the WCONN49 (McAuliffe,Patrick)."
"20250920_ed92",166,4,"kickoff","Gettysburg",,1,10,50,"Gettysburg",FALSE,"Do Amaral,Marciel kickoff 46 yards to the GC19 Lee,Jayden return 16 yards to the GC35 (Martinson,Kevin) PENALTY WCONN UNS: Unsportsmanlike Conduct 15 yards from GC35 to GC50.","No Huddle-Shotgun Clark,Sean pass intercepted by Taylor,Amari at broken up by Rienzi,Dominic Taylor,Amari return 0 yards to the WCONN49 (McAuliffe,Patrick)."
"20250920_ed92",167,4,"pass_intercepted","Gettysburg",50,1,10,51,"Western Connecticut",FALSE,"No Huddle-Shotgun Clark,Sean pass intercepted by Taylor,Amari at broken up by Rienzi,Dominic Taylor,Amari return 0 yards to the WCONN49 (McAuliffe,Patrick).","No Huddle-Shotgun Xiques,Matthew pass complete short middle to DiMarco,Nick caught at WCONN50, for 9 yards to the GC42 (Can,Ty)."
"20250920_ed92",180,4,"field_goal_good","Western Connecticut",1,,,,"Gettysburg",TRUE,"Do Amaral,Marciel field goal attempt from 18 yards GOOD (H: St. Louis,Jake, LS: Scholl,Kenneth), clock 01:13.","No Huddle-Shotgun Beidleman,Dillon rush left for 14 yards gain to the WCONN48 (Caracter,Chris), 1ST DOWN."
"20250920_ed92",181,4,"kickoff","Gettysburg",,1,10,62,"Gettysburg",FALSE,"Berganza,Abel kickoff 50 yards to the GC15 Diaz,Gabriel return 23 yards to the GC38 (Howlett,Jaylen).","No Huddle-Shotgun Beidleman,Dillon rush left for 14 yards gain to the WCONN48 (Caracter,Chris), 1ST DOWN."
"20250920_ed92",186,4,"rush","Gettysburg",41,,,,,FALSE,"No Huddle-Shotgun Comeau,Anthony rush middle for 1 yard gain to the WCONN40 (Sampson,Joshua), TURNOVER ON DOWNS.",
"20250920_evn8",1,1,"kickoff","Lycoming",,1,10,71,"Lycoming",FALSE,"Nahon,Eliott kickoff 54 yards to the LYCO11 Zimmerman,Jared return 18 yards to the LYCO29 (Moses,Josh).","No Huddle-Shotgun Lyons,Joe pass incomplete short right to Zimmerman,Jared thrown to LYCO40."
"20250920_evn8",4,1,"pass_intercepted","Lycoming",70,1,10,48,"Dickinson",FALSE,"No Huddle-Shotgun Lyons,Joe pass intercepted by Couvertiere,Sean at LYCO48, End Of Play.","No Huddle-Shotgun Klassen,Ben pass incomplete short right to Boyer,Kellen thrown to LYCO45."
"20250920_evn8",10,1,"field_goal_good","Dickinson",4,,,,"Lycoming",TRUE,"Worobel,Justin field goal attempt from 21 yards GOOD (H: Del Re,Giovanni, LS: Saliba,Mike), clock 11:35.","No Huddle-Shotgun Oliver,Terrence rush middle for 3 yards gain to the LYCO38 (White,Domani)."
"20250920_evn8",11,1,"kickoff","Lycoming",,1,10,65,"Lycoming",FALSE,"Nahon,Eliott kickoff 56 yards to the LYCO09, out of bounds at LYCO09.","No Huddle-Shotgun Oliver,Terrence rush middle for 3 yards gain to the LYCO38 (White,Domani)."
"20250920_evn8",19,1,"punt_no_return","Lycoming",49,1,10,80,"Dickinson",FALSE,"Alena,Adrian punt 29 yards to the DIC20.","No Huddle-Shotgun Klassen,Ben pass complete short right to Schmidt,Kevin caught at DIC29, for 9 yards to the DIC29 (Tolbert,Cam), out of bounds."
"20250920_evn8",25,1,"punt_no_return","Dickinson",60,1,10,78,"Lycoming",FALSE,"Furlong,Michael punt 38 yards to the LYCO22 fair catch by Zimmerman,Jared at LYCO22.","No Huddle-Shotgun Oliver,Terrence rush left for 5 yards gain to the LYCO27 (Couvertiere,Sean)."
"20250920_evn8",29,1,"kickoff","Dickinson",,,,,"Lycoming",TRUE,"Granitto,Vasco kickoff 53 yards to the DIC12 Campbell,Keesean return 88 yards to the LYCO00 TOUCHDOWN, clock 05:36.","No Huddle-Shotgun Oliver,Terrence rush right for 22 yards gain to the LYCO40 (Moses,Josh), out of bounds, 1ST DOWN."
"20250920_evn8",31,1,"kickoff","Lycoming",,1,10,82,"Lycoming",FALSE,"Worobel,Justin kickoff 64 yards to the LYCO01 Zimmerman,Jared return 17 yards to the LYCO18 (Genilello,Jason).","No Huddle-Shotgun Oliver,Terrence rush right for 22 yards gain to the LYCO40 (Moses,Josh), out of bounds, 1ST DOWN."
"20250920_evn8",38,1,"pass_complete","Lycoming",24,,,,"Dickinson",TRUE,"No Huddle-Shotgun Lyons,Joe pass complete deep left to Eyer,Ross caught at DIC03, for 24 yards to the DIC00 TOUCHDOWN, clock 02:34, 1ST DOWN.","No Huddle-Shotgun Benning III,Cedric rush middle for 2 yards loss to the DIC06 (Sipps,Mike)."
"20250920_evn8",40,1,"kickoff","Dickinson",,1,10,92,"Dickinson",FALSE,"Granitto,Vasco kickoff 57 yards to the DIC08 Sorensen,Dane return 0 yards to the DIC08.","No Huddle-Shotgun Benning III,Cedric rush middle for 2 yards loss to the DIC06 (Sipps,Mike)."
"20250920_evn8",53,2,"pass_complete","Dickinson",33,,,,"Lycoming",TRUE,"No Huddle-Shotgun Klassen,Ben pass complete deep middle to Boyer,Kellen caught at LYCO05, for 33 yards to the LYCO00 TOUCHDOWN, clock 11:25, 1ST DOWN.","PENALTY LYCO False Start 5 yards from LYCO46 to LYCO41. NO PLAY."
"20250920_evn8",55,2,"kickoff","Lycoming",,1,10,54,"Lycoming",FALSE,"Worobel,Justin kickoff 64 yards to the LYCO01 Zimmerman,Jared return 45 yards to the LYCO46 (Couvertiere,Sean) PENALTY DIC False Start declined.","PENALTY LYCO False Start 5 yards from LYCO46 to LYCO41. NO PLAY."
"20250920_evn8",60,2,"punt_no_return","Lycoming",52,1,10,86,"Dickinson",FALSE,"Alena,Adrian punt 38 yards to the DIC14 fair catch by Schmidt,Kevin at DIC14.","No Huddle-Shotgun Sorensen,Dane rush right for 6 yards gain to the DIC20 (Trolinger,Matt)."
"20250920_evn8",69,2,"pass_complete","Dickinson",28,,,,"Lycoming",TRUE,"No Huddle-Shotgun Klassen,Ben pass complete deep left to White,Braden caught at LYCO08, for 28 yards to the LYCO00 TOUCHDOWN, clock 07:26, 1ST DOWN.","No Huddle-Shotgun Oliver,Terrence rush left for 2 yards gain to the LYCO27 (Enghave,Valdemar)."
"20250920_evn8",71,2,"kickoff","Lycoming",,1,10,75,"Lycoming",FALSE,"Worobel,Justin kickoff 65 yards to the LYCO00, Touchback.","No Huddle-Shotgun Oliver,Terrence rush left for 2 yards gain to the LYCO27 (Enghave,Valdemar)."
"20250920_evn8",86,2,"pass_intercepted","Lycoming",21,1,10,98,"Dickinson",FALSE,"No Huddle-Shotgun Lyons,Joe pass intercepted by Barnes,Chris at DIC02, End Of Play.","PENALTY DIC False Start 1 yard from DIC02 to DIC01. NO PLAY."
"20250920_evn8",95,2,"rush","Dickinson",5,,,,"Lycoming",TRUE,"No Huddle-Shotgun Klassen,Ben rush left for 5 yards gain to the LYCO00 TOUCHDOWN, clock 00:15.","No Huddle-Shotgun Lyons,Joe pass complete short left to Clark,Brendan caught at LYCO43, for 10 yards to the LYCO45, out of bounds at LYCO45, 1ST DOWN."
"20250920_evn8",97,2,"kickoff","Lycoming",,1,10,65,"Lycoming",FALSE,"Worobel,Justin kickoff 51 yards to the LYCO14 Zimmerman,Jared return 21 yards to the LYCO35 (Moses,Josh).","No Huddle-Shotgun Lyons,Joe pass complete short left to Clark,Brendan caught at LYCO43, for 10 yards to the LYCO45, out of bounds at LYCO45, 1ST DOWN."
"20250920_evn8",100,3,"kickoff","Dickinson",,1,10,80,"Dickinson",FALSE,"Granitto,Vasco kickoff 45 yards to the DIC20 Sorensen,Dane return 0 yards to the DIC20.","No Huddle-Shotgun Klassen,Ben pass complete short left to Schmidt,Kevin caught at DIC30, for 17 yards to the DIC37 (Atsou,Daniel), 1ST DOWN."
"20250920_evn8",111,3,"field_goal_blocked","Dickinson",12,1,10,80,"Lycoming",FALSE,"Worobel,Justin field goal attempt from 28 yards NO GOOD blocked by Sipps,Mike (H: Del Re,Giovanni, LS: Saliba,Mike), clock 11:05, out of bounds at LYCO20.","No Huddle-Shotgun Lyons,Joe pass incomplete short left thrown to LYCO26."
"20250920_evn8",117,3,"sack","Lycoming",61,1,10,39,"Dickinson",FALSE,"No Huddle-Shotgun Lyons,Joe sacked for loss of 0 yards to the LYCO39 (Devlin,Julien), fumble by Lyons,Joe recovered by DIC Mulholland,Jimmy at LYCO39, End Of Play.","No Huddle-Shotgun Sorensen,Dane rush middle for 3 yards gain to the LYCO36 (Stokes,Yahseam)."
"20250920_evn8",125,3,"rush","Dickinson",1,,,,"Lycoming",TRUE,"No Huddle-Shotgun Benning III,Cedric rush middle for 1 yard gain to the LYCO00 TOUCHDOWN, clock 06:27.","No Huddle-Shotgun Oliver,Terrence rush middle for 1 yard gain to the LYCO17 (White,Domani)."
"20250920_evn8",127,3,"kickoff","Lycoming",,1,10,84,"Lycoming",FALSE,"Worobel,Justin kickoff 60 yards to the LYCO05 Zimmerman,Jared return 11 yards to the LYCO05 fumbled by Zimmerman,Jared at LYCO05 recovered by LYCO VanHorn,Michael at LYCO16, End Of Play.","No Huddle-Shotgun Oliver,Terrence rush middle for 1 yard gain to the LYCO17 (White,Domani)."
"20250920_evn8",136,3,"rush","Lycoming",27,1,10,76,"Dickinson",FALSE,"No Huddle-Shotgun Lyons,Joe rush middle for 3 yards gain to the DIC24 (White,Domani), TURNOVER ON DOWNS.","No Huddle-Shotgun Campbell,Keesean rush left for 4 yards gain to the DIC28 (Story,JayVon)."
"20250920_evn8",144,4,"pass_intercepted","Dickinson",9,1,10,89,"Lycoming",FALSE,"No Huddle-Shotgun Klassen,Ben pass intercepted by Pentz,Ryan at LYCO05 Pentz,Ryan return 6 yards to the LYCO11 (Boyer,Kellen).","No Huddle-Shotgun Oliver,Terrence rush right for 89 yards gain to the DIC00 TOUCHDOWN, clock 14:37, 1ST DOWN."
"20250920_evn8",145,4,"rush","Lycoming",89,,,,"Dickinson",TRUE,"No Huddle-Shotgun Oliver,Terrence rush right for 89 yards gain to the DIC00 TOUCHDOWN, clock 14:37, 1ST DOWN.","No Huddle-Shotgun Benning III,Cedric rush middle for 6 yards gain to the DIC38 (Story,JayVon)."
"20250920_evn8",147,4,"kickoff","Dickinson",,1,10,68,"Dickinson",FALSE,"Granitto,Vasco kickoff 51 yards to the DIC14 Campbell,Keesean return 18 yards to the DIC32 (Pentz,Ryan).","No Huddle-Shotgun Benning III,Cedric rush middle for 6 yards gain to the DIC38 (Story,JayVon)."
"20250920_evn8",151,4,"punt_no_return","Dickinson",60,1,10,74,"Lycoming",FALSE,"Furlong,Michael punt 34 yards to the LYCO26, out of bounds at LYCO26.","No Huddle-Shotgun Oliver,Terrence rush middle for 4 yards gain to the LYCO30 (Acuna,Joaquin)."
"20250920_evn8",156,4,"punt_no_return","Lycoming",72,1,10,58,"Dickinson",FALSE,"Alena,Adrian punt 30 yards to the DIC42.","No Huddle-Shotgun Benning III,Cedric rush left for 31 yards gain to the LYCO27 (Pentz,Ryan), out of bounds, 1ST DOWN."
"20250920_evn8",160,4,"pass_complete","Dickinson",1,,,,"Lycoming",TRUE,"No Huddle-Shotgun Klassen,Ben pass complete short middle to Young,Mathias caught at LYCO00, for 1 yard to the LYCO00 TOUCHDOWN, clock 09:19.","No Huddle-Shotgun Lyons,Joe pass complete short left to McGrory,Colin caught at DIC30, for 8 yards to the DIC27 (Barnes,Chris)."
"20250920_evn8",162,4,"kickoff","Lycoming",,1,10,35,"Lycoming",FALSE,"Worobel,Justin kickoff 57 yards to the LYCO08 Zimmerman,Jared return 57 yards to the DIC35 (Couvertiere,Sean), out of bounds.","No Huddle-Shotgun Lyons,Joe pass complete short left to McGrory,Colin caught at DIC30, for 8 yards to the DIC27 (Barnes,Chris)."
"20250920_evn8",168,4,"pass_complete","Lycoming",3,,,,"Dickinson",TRUE,"No Huddle-Shotgun Lyons,Joe pass complete short right to Oliver,Terrence caught at DIC01, for 3 yards to the DIC00 TOUCHDOWN, clock 06:24.","No Huddle-Shotgun Campbell,Keesean rush middle for 5 yards gain to the DIC35 (Trolinger,Matt)."
"20250920_evn8",170,4,"kickoff","Dickinson",,1,10,70,"Dickinson",FALSE,"Granitto,Vasco kickoff 49 yards to the DIC16 Schmidt,Kevin return 14 yards to the DIC30 (Story,JayVon), out of bounds.","No Huddle-Shotgun Campbell,Keesean rush middle for 5 yards gain to the DIC35 (Trolinger,Matt)."
"20250920_evn8",176,4,"rush","Dickinson",4,,,,"Lycoming",TRUE,"No Huddle-Shotgun Campbell,Keesean rush right for 4 yards gain to the LYCO00 TOUCHDOWN, clock 03:21.","No Huddle-Shotgun Oliver,Terrence rush middle for 7 yards gain to the LYCO45 (Jungmann,Cedric)."
"20250920_evn8",178,4,"kickoff","Lycoming",,1,10,62,"Lycoming",FALSE,"Worobel,Justin kickoff 43 yards to the LYCO22 VanHorn,Michael return 16 yards to the LYCO38 (Couvertiere,Sean).","No Huddle-Shotgun Oliver,Terrence rush middle for 7 yards gain to the LYCO45 (Jungmann,Cedric)."
"20250920_evn8",187,4,"pass_complete","Lycoming",46,1,10,71,"Dickinson",FALSE,"No Huddle-Shotgun Lyons,Joe pass complete short middle to Oliver,Terrence caught at DIC44, for 17 yards to the DIC29 (Mulholland,Jimmy), TURNOVER ON DOWNS.","Kneel down by Dickinson at DIC28 for loss of 1 yard."
"20250920_l58t",1,1,"kickoff","Berry",,1,10,75,"Berry",FALSE,"Noah Godhard kickoff 65 yards to the BERRY00, touchback.","Josh Rogers rush for 2 yards to the BERRY27 (Leighton Tarke; Victor Ruhland)."
"20250920_l58t",11,1,"punt_no_return","Berry",40,1,10,95,"Carnegie Mellon",FALSE,"Miles Hamby punt 35 yards to the CMU05, downed.","Joey McGinnis I rush for 3 yards to the CMU08 (Carver Cole; Cade Petty)."
"20250920_l58t",18,1,"field_goal_good","Carnegie Mellon",16,,,,"Berry",TRUE,"Justin Caputo field goal attempt from 33 GOOD, clock 06:18.","Andrew Hunter pass incomplete to Cameron Coleman."
"20250920_l58t",19,1,"kickoff","Berry",,1,10,75,"Berry",FALSE,"Noah Godhard kickoff 65 yards to the BERRY00, touchback.","Andrew Hunter pass incomplete to Cameron Coleman."
"20250920_l58t",33,2,"field_goal_good","Berry",10,,,,"Carnegie Mellon",TRUE,"Trey Richards field goal attempt from 27 GOOD, clock 14:16.","Willem Bouma rush for 2 yards to the CMU24 (Christopher Lew)."
"20250920_l58t",34,2,"kickoff","Carnegie Mellon",,1,10,78,"Carnegie Mellon",FALSE,"Trey Richards kickoff 65 yards to the CMU00, Nick McCullough return 22 yards to the CMU22 (Zion Gervais).","Willem Bouma rush for 2 yards to the CMU24 (Christopher Lew)."
"20250920_l58t",39,2,"punt_no_return","Carnegie Mellon",74,1,10,60,"Berry",FALSE,"John Norell punt 34 yards to the BERRY40, downed.","Andrew Hunter pass incomplete to Bryce Herring (Ethan Ming)."
"20250920_l58t",44,2,"punt_no_return","Berry",68,1,10,59,"Carnegie Mellon",FALSE,"Miles Hamby punt 27 yards to the CMU41, downed.","Joey McGinnis I pass complete to Nick McCullough for no gain to the CMU41 (David Attaochu)."
"20250920_l58t",48,2,"punt_no_return","Carnegie Mellon",59,1,10,84,"Berry",FALSE,"John Norell punt 43 yards to the BERRY16, downed.","Andrew Hunter sacked for loss of 7 yards to the BERRY09 (Amani Tchamwa)."
"20250920_l58t",52,2,"punt_no_return","Berry",83,1,10,50,"Carnegie Mellon",FALSE,"Miles Hamby punt 33 yards to the 50 yardline, fair catch by Brendan McCullo.","Willem Bouma rush for 3 yards to the BERRY47 (Will Johnson)."
"20250920_l58t",56,2,"pass_complete","Carnegie Mellon",38,,,,"Berry",TRUE,"Joey McGinnis I pass complete to Reece Kolke for 38 yards to the BERRY00, TOUCHDOWN, clock 05:12.","Andrew Hunter pass complete to Walker Williams for 11 yards to the BERRY36 (Tai Mann; Connor Warren), out-of-bounds."
"20250920_l58t",58,2,"kickoff","Berry",,1,10,75,"Berry",FALSE,"Noah Godhard kickoff 65 yards to the BERRY00, touchback.","Andrew Hunter pass complete to Walker Williams for 11 yards to the BERRY36 (Tai Mann; Connor Warren), out-of-bounds."
"20250920_l58t",64,2,"punt_no_return","Berry",48,1,10,83,"Carnegie Mellon",FALSE,"Miles Hamby punt 31 yards to the CMU17, fair catch by Brendan McCullo.","Joey McGinnis I rush for 8 yards to the CMU25 (David Attaochu; Gian Traverzo)."
"20250920_l58t",77,3,"kickoff","Carnegie Mellon",,1,10,73,"Carnegie Mellon",FALSE,"Trey Richards kickoff 63 yards to the CMU02, Nick McCullough return 25 yards to the CMU27 (Zion Gervais; Gabe Bauman).","Willem Bouma rush for 3 yards to the CMU30 (Ben Brookshire; Christopher Lew), PENALTY BERRY personal foul 15 yards to the CMU45."
"20250920_l58t",82,3,"pass_complete","Carnegie Mellon",45,,,,"Berry",TRUE,"Joey McGinnis I pass complete to Nick McCullough for 45 yards to the BERRY00, TOUCHDOWN, clock 12:39.","Andrew Hunter pass complete to Bryce Herring for 11 yards to the BERRY36 (Victor Ruhland), out-of-bounds."
"20250920_l58t",84,3,"kickoff","Berry",,1,10,75,"Berry",FALSE,"Noah Godhard kickoff 65 yards to the BERRY00, touchback.","Andrew Hunter pass complete to Bryce Herring for 11 yards to the BERRY36 (Victor Ruhland), out-of-bounds."
"20250920_l58t",99,3,"punt_no_return","Berry",44,1,10,80,"Carnegie Mellon",FALSE,"Miles Hamby punt 44 yards to the CMU00, touchback.","Willem Bouma rush for 6 yards to the CMU26 (Gian Traverzo; Will Johnson)."
"20250920_l58t",109,3,"punt_no_return","Carnegie Mellon",42,1,10,96,"Berry",FALSE,"John Norell punt 38 yards to the BERRY04, downed.","Andrew Hunter rush for 4 yards to the BERRY08 (Victor Ruhland)."
"20250920_l58t",115,4,"punt_no_return","Berry",76,1,10,67,"Carnegie Mellon",FALSE,"Miles Hamby punt 43 yards to the CMU33, out-of-bounds.","Joey McGinnis I pass incomplete to Reece Kolke, dropped pass."
"20250920_l58t",120,4,"pass_intercepted","Carnegie Mellon",53,1,10,52,"Berry",FALSE,"Joey McGinnis I pass intercepted by Chaz Pope at the BERRY36, Chaz Pope return 12 yards to the BERRY48 (Takashi Shaw; Charlie Katarin).","Andrew Hunter pass incomplete (Bennett Grace)."
"20250920_l58t",127,4,"pass_incomplete","Berry",28,1,10,72,"Carnegie Mellon",FALSE,"Andrew Hunter pass incomplete to Bryce Herring.","Willem Bouma rush for 3 yards to the CMU31 (Alex Mincey), PENALTY CMU holding (Conor Gaul) 10 yards to the CMU18, NO PLAY."
"20250920_l58t",139,4,"punt_no_return","Carnegie Mellon",37,1,10,88,"Berry",FALSE,"John Norell punt 25 yards to the BERRY12, fair catch by Nate Lyons.","Brayden Hardy rush for 3 yards to the BERRY15 (Amani Tchamwa; Connor Warren)."
"20250920_l58t",150,4,"pass_complete","Berry",19,,,,"Carnegie Mellon",TRUE,"Andrew Hunter pass complete to Brendan Gray for 19 yards to the CMU00, TOUCHDOWN, clock 00:53.","TEAM rush for loss of 1 yard to the 50 yardline."
"20250920_l58t",152,4,"kickoff","Carnegie Mellon",,1,10,49,"Carnegie Mellon",FALSE,"Trey Richards kickoff 14 yards to the BERRY49, Nick McCullough return 0 yards to the BERRY49.","TEAM rush for loss of 1 yard to the 50 yardline."
"20250920_puiy",1,1,"kickoff","Catholic",,1,10,83,"Catholic",FALSE,"Harlamov,Ivan kickoff 60 yards to the CUA05 Tabor,Andrew return 12 yards to the CUA17 (Kilpatrick,Eian).","No Huddle-Shotgun Harvin,Daequan rush middle for 8 yards gain to the CUA25 (Hille,Connor)."
"20250920_puiy",10,1,"punt_no_return","Catholic",48,1,10,67,"Franklin and Marshall",FALSE,"Brenner,Kieran punt 15 yards to the F&M33, out of bounds at F&M33.","No Huddle-Shotgun Tremba,Ty pass complete short left to Valdez,Anthony caught at F&M35, for 5 yards to the F&M38 (Virsik,Carter) PENALTY CUA Offside (Holt,Sean) 5 yards from F&M33 to F&M38. NO PLAY."
"20250920_puiy",22,1,"pass_complete","Franklin and Marshall",6,,,,"Catholic",TRUE,"No Huddle-Shotgun Tremba,Ty pass complete short right to Eitner,Matt caught at CUA00, for 6 yards to the CUA00 TOUCHDOWN, clock 03:54.","No Huddle-Shotgun Harvin,Daequan rush right for 2 yards gain to the CUA34 (Keenan,Sam; Hille,Connor)."
"20250920_puiy",24,1,"kickoff","Catholic",,1,10,68,"Catholic",FALSE,"Harlamov,Ivan kickoff 50 yards to the CUA15 Tabor,Andrew return 17 yards to the CUA32 (Coscia,Dean).","No Huddle-Shotgun Harvin,Daequan rush right for 2 yards gain to the CUA34 (Keenan,Sam; Hille,Connor)."
"20250920_puiy",28,1,"punt_no_return","Catholic",82,1,10,46,"Franklin and Marshall",FALSE,"Brenner,Kieran punt 28 yards to the CUA46, out of bounds at CUA46.","No Huddle-Shotgun Valdez,Anthony rush middle for 3 yards gain to the CUA43 (Enamorado,Mark)."
"20250920_puiy",30,1,"pass_complete","Franklin and Marshall",43,,,,"Catholic",TRUE,"No Huddle-Shotgun Tremba,Ty pass complete deep left to Lewis,Gary caught at CUA01, for 43 yards to the CUA00 TOUCHDOWN, clock 01:03, 1ST DOWN.","No Huddle-Shotgun McBride,Brady rush middle for 2 yards loss to the F&M46 (Hadley,Austin; Keenan,Sam)."
"20250920_puiy",32,1,"kickoff","Catholic",,1,10,44,"Catholic",FALSE,"Harlamov,Ivan kickoff 53 yards to the CUA12 Tabor,Andrew return 44 yards to the F&M44 (Kilpatrick,Eian).","No Huddle-Shotgun McBride,Brady rush middle for 2 yards loss to the F&M46 (Hadley,Austin; Keenan,Sam)."
"20250920_puiy",36,2,"punt_no_return","Catholic",45,1,10,91,"Franklin and Marshall",FALSE,"Brenner,Kieran punt 36 yards to the F&M09.","No Huddle-Shotgun Richards,Jayden rush middle for 2 yards gain to the F&M11 (Hopkins,Michael)."
"20250920_puiy",43,2,"punt_no_return","Franklin and Marshall",72,1,10,72,"Catholic",FALSE,"Harlamov,Ivan punt 44 yards to the CUA28 fair catch by Tabor,Andrew at CUA28.","No Huddle-Shotgun Harvin,Daequan rush right for 5 yards gain to the CUA33 (Keenan,Sam)."
"20250920_puiy",48,2,"punt_no_return","Catholic",77,1,10,45,"Franklin and Marshall",FALSE,"Brenner,Kieran punt 22 yards to the CUA45.","No Huddle-Shotgun Valdez,Anthony rush middle for 1 yard gain to the CUA44 (Dumas,Samuel)."
"20250920_puiy",50,2,"pass_complete","Franklin and Marshall",44,,,,"Catholic",TRUE,"No Huddle-Shotgun Tremba,Ty pass complete deep right to Lewis,Gary caught at CUA00, for 44 yards to the CUA00 TOUCHDOWN, clock 09:07, 1ST DOWN.","No Huddle-Shotgun McBride,Brady pass complete short middle to Tabor,Andrew caught at F&M42, for 16 yards to the F&M30 (Marx,Oscar), 1ST DOWN."
"20250920_puiy",52,2,"kickoff","Catholic",,1,10,46,"Catholic",FALSE,"Harlamov,Ivan onside kickoff 11 yards to the F&M46, End Of Play.","No Huddle-Shotgun McBride,Brady pass complete short middle to Tabor,Andrew caught at F&M42, for 16 yards to the F&M30 (Marx,Oscar), 1ST DOWN."
"20250920_puiy",59,2,"rush","Catholic",5,1,10,93,"Franklin and Marshall",FALSE,"No Huddle-Shotgun Harvin,Daequan rush middle for 2 yards loss to the F&M07 fumbled by Harvin,Daequan at F&M06 recovered by F&M Hille,Connor at F&M07, End Of Play.","No Huddle-Shotgun Valdez,Anthony rush middle for 3 yards gain to the F&M10 (Chromy,Evan; Hopkins,Michael)."
"20250920_puiy",63,2,"punt_no_return","Franklin and Marshall",93,1,10,63,"Catholic",FALSE,"Harlamov,Ivan punt 56 yards to the CUA37, out of bounds at CUA37.","No Huddle-Shotgun Harvin,Daequan rush left for 0 yards to the CUA37 (Hille,Connor; Banghart,Owen)."
"20250920_puiy",67,2,"punt_no_return","Catholic",64,1,10,75,"Franklin and Marshall",FALSE,"Brenner,Kieran punt 39 yards to the F&M25 fair catch by Albero,Chris at F&M25.","No Huddle-Shotgun Tremba,Ty pass complete short left to Rayborn,Na'Rome caught at F&M25, for 0 yards to the F&M25 (Desir,Maximus) PENALTY F&M Holding (Harrison,Jack) 10 yards from F&M25 to F&M15. NO PLAY."
"20250920_puiy",69,2,"rush","Franklin and Marshall",85,1,10,11,"Catholic",FALSE,"No Huddle-Shotgun Richards,Jayden rush middle for 4 yards loss to the F&M11 fumbled by Richards,Jayden at F&M10 forced by Haylock,Lawson recovered by CUA Dumas,Samuel at F&M11, End Of Play.","No Huddle-Shotgun McBride,Brady pass incomplete short right to Henry,Nole thrown to F&M07."
"20250920_puiy",74,2,"field_goal_blocked","Catholic",17,1,10,68,"Franklin and Marshall",FALSE,"Brenner,Kieran field goal attempt from 35 yards NO GOOD blocked by Kelley,LT (H: Gulbin,Charles, LS: Stack,Joseph), clock 01:05 recovered by CUA Finan,Sean at F&M32, End Of Play.","No Huddle-Shotgun Tremba,Ty pass incomplete short left to Zawadzkas,Hudson thrown to F&M37 broken up by Donnelly,Tyler."
"20250920_puiy",77,2,"pass_complete","Franklin and Marshall",67,,,,"Catholic",TRUE,"No Huddle-Shotgun Tremba,Ty pass complete deep middle to Lewis,Gary caught at CUA32, for 67 yards to the CUA00 TOUCHDOWN, clock 00:32, 1ST DOWN.","No Huddle-Shotgun McBride,Brady rush middle for 1 yard loss to the CUA24, End Of Play."
"20250920_puiy",79,2,"kickoff","Catholic",,1,10,75,"Catholic",FALSE,"Fleming,Michael kickoff 65 yards to the CUA00, Touchback.","No Huddle-Shotgun McBride,Brady rush middle for 1 yard loss to the CUA24, End Of Play."
"20250920_puiy",81,3,"kickoff","Franklin and Marshall",,1,10,74,"Franklin and Marshall",FALSE,"Brenner,Kieran kickoff 58 yards to the F&M07 Kilpatrick,Eian return 19 yards to the F&M26 (Creston,Ryan; Brown,John).","No Huddle-Shotgun Valdez,Anthony rush middle for 1 yard loss to the F&M25 (Holt,Sean; Desir,Maximus)."
"20250920_puiy",95,3,"pass_complete","Franklin and Marshall",13,,,,"Catholic",TRUE,"No Huddle-Shotgun Tremba,Ty pass complete short left to Lewis,Gary caught at CUA00, for 13 yards to the CUA00 TOUCHDOWN, clock 06:43, 1ST DOWN.","No Huddle-Shotgun Harvin,Daequan rush middle for 4 yards gain to the CUA40 (Checchio,Kyle)."
"20250920_puiy",97,3,"kickoff","Catholic",,1,10,64,"Catholic",FALSE,"Fleming,Michael kickoff 34 yards to the CUA31 Mouton,Diego return 6 yards to the CUA37 (Kilpatrick,Eian; Coscia,Dean) PENALTY CUA Holding (Virsik,Carter) F&M UNS: Unsportsmanlike Conduct (Checchio,Kyle) 25 yards from CUA31 to CUA36.","No Huddle-Shotgun Harvin,Daequan rush middle for 4 yards gain to the CUA40 (Checchio,Kyle)."
"20250920_puiy",104,3,"sack","Catholic",29,1,10,67,"Franklin and Marshall",FALSE,"No Huddle-Shotgun Gulbin,Charles sacked for loss of 4 yards to the F&M33 (Banghart,Owen, Eustice,Connor), TURNOVER ON DOWNS.","No Huddle-Shotgun Tremba,Ty pass complete short left to Harrison,Jack caught at F&M34, for 12 yards to the F&M45 (Desir,Maximus) PENALTY F&M Holding (Poruban,Michael) 10 yards from F&M33 to F&M23. NO PLAY."
"20250920_puiy",109,3,"punt_no_return","Franklin and Marshall",58,1,10,93,"Catholic",FALSE,"Harlamov,Ivan punt 51 yards to the CUA07.","No Huddle-Shotgun Harvin,Daequan rush middle for 3 yards gain to the CUA10 (Hadley,Austin; Hille,Connor)."
"20250920_puiy",113,3,"punt_with_return","Catholic",90,1,10,31,"Franklin and Marshall",FALSE,"Brenner,Kieran punt 38 yards to the CUA48 Albero,Chris return 17 yards to the CUA31 (Campione,James), out of bounds.","No Huddle-Shotgun Valdez,Anthony rush right for 11 yards gain to the CUA20 (Toal,Shane), 1ST DOWN."
"20250920_puiy",120,4,"rush","Franklin and Marshall",1,,,,"Catholic",TRUE,"No Huddle-Shotgun Fant,Jake rush middle for 1 yard gain to the CUA00 TOUCHDOWN, clock 12:49.","No Huddle-Shotgun Eichert,Keegan rush middle for 2 yards gain to the CUA27 (Walker,Jack; Aravides,Nick)."
"20250920_puiy",122,4,"kickoff","Catholic",,1,10,75,"Catholic",FALSE,"Fleming,Michael kickoff 65 yards to the CUA00, Touchback.","No Huddle-Shotgun Eichert,Keegan rush middle for 2 yards gain to the CUA27 (Walker,Jack; Aravides,Nick)."
"20250920_puiy",141,4,"rush","Catholic",1,,,,"Franklin and Marshall",TRUE,"No Huddle-Shotgun McBride,Brady rush middle for 1 yard gain to the F&M00 TOUCHDOWN, clock 03:43.","No Huddle-Shotgun Richards,Jayden rush middle for 1 yard gain to the F&M23 (Cleary,Tim; Backe,Charles)."
"20250920_puiy",143,4,"kickoff","Franklin and Marshall",,1,10,78,"Franklin and Marshall",FALSE,"Brenner,Kieran kickoff 59 yards to the F&M06 Marx,Oscar return 16 yards to the F&M22 (Creston,Ryan).","No Huddle-Shotgun Richards,Jayden rush middle for 1 yard gain to the F&M23 (Cleary,Tim; Backe,Charles)."
"20250920_s44c",1,1,"kickoff","Ursinus",,1,10,90,"Ursinus",FALSE,"Jack Corrigan kickoff 61 yards to the BEARS4, Barnes,Keigan return 16 yards to the BEARS20 (Ethan O'Neill), PENALTY BEARS illegal block (Lawson,Tim) 10 yards to the BEARS10.","Bernard,Jason rush up middle for no gain to the BEARS10 (Nathan Carr)."
"20250920_s44c",6,1,"punt_no_return","Ursinus",86,1,10,76,"Moravian",FALSE,"Carr,Jordan punt 62 yards to the MOR24, out-of-bounds.","Jed Bendekovits rush up middle for 4 yards to the MOR28 (Oates,Jaheim;Spinosa,Sean)."
"20250920_s44c",10,1,"punt_no_return","Moravian",69,1,10,70,"Ursinus",FALSE,"Jack Corrigan punt 39 yards to the BEARS30.","Bernard,Jason rush up middle for 3 yards to the BEARS33 (McNeil-Harrison;Antonio Bowen)."
"20250920_s44c",18,1,"pass_complete","Ursinus",5,,,,"Moravian",TRUE,"Machado,Tristan RE pass complete to Halloran,Jack for 5 yards to the MOR0, TOUCHDOWN, clock 06:57.","Jed Bendekovits rush up middle for 5 yards to the MOR30 (Agar,Matt;Rios,Aaron)."
"20250920_s44c",20,1,"kickoff","Moravian",,1,10,75,"Moravian",FALSE,"Carr,Jordan kickoff 65 yards to the MOR0, touchback.","Jed Bendekovits rush up middle for 5 yards to the MOR30 (Agar,Matt;Rios,Aaron)."
"20250920_s44c",24,1,"punt_with_return","Moravian",69,1,10,35,"Moravian",FALSE,"Jack Corrigan punt 38 yards to the BEARS31, Donahue,Aidan return 0 yards to the BEARS31, fumble by Donahue,Aidan recovered by MOR Camron Tinajero at BEARS35.","Declan McCarthy LE pass incomplete to Josh Ludlow."
"20250920_s44c",28,1,"pass_incomplete","Moravian",35,1,10,65,"Ursinus",FALSE,"Declan McCarthy middle pass incomplete to Josh Ludlow (Ziegler,Jake).","Barnes,Keigan rush up middle to the BEARS43, fumble forced by Antonio Bowen, fumble by Barnes,Keigan recovered by MOR Kaelyb Barahona at BEARS45."
"20250920_s44c",29,1,"rush","Ursinus",65,1,10,45,"Moravian",FALSE,"Barnes,Keigan rush up middle to the BEARS43, fumble forced by Antonio Bowen, fumble by Barnes,Keigan recovered by MOR Kaelyb Barahona at BEARS45.","Richmond,Joey rush over left end for 5 yards to the BEARS40 (Blessington,PJ)."
"20250920_s44c",35,1,"pass_intercepted","Moravian",27,1,10,64,"Ursinus",FALSE,"Declan McCarthy middle pass intercepted by Strusowski,Nick at the BEARS10, Strusowski,Nick return 26 yards to the BEARS36 (Jake Englehart).","Bernard,Jason rush over right end for 5 yards to the BEARS41 (Aidan Lane)."
"20250920_s44c",44,2,"rush","Ursinus",14,,,,"Moravian",TRUE,"Louis,Jaden rush up middle for 14 yards to the MOR0, 1ST DOWN BEARS, TOUCHDOWN, clock 12:16.","RJ Hart rush up middle to the MOR26, fumble by RJ Hart recovered by MOR RJ Hart at MOR26."
"20250920_s44c",46,2,"kickoff","Moravian",,1,10,70,"Moravian",FALSE,"Carr,Jordan kickoff 54 yards to the MOR11, Josh Ludlow return 19 yards to the MOR30 (Rankins,Ky'iere).","RJ Hart rush up middle to the MOR26, fumble by RJ Hart recovered by MOR RJ Hart at MOR26."
"20250920_s44c",50,2,"punt_no_return","Moravian",72,1,10,99,"Ursinus",FALSE,"Jack Corrigan punt 71 yards to the BEARS1.","Bernard,Jason rush over left end for 15 yards to the BEARS16, out-of-bounds (Shea Endean), PENALTY BEARS holding (Van Orden,Jake) 8 yards to the BEARS8."
"20250920_s44c",63,2,"rush","Ursinus",29,,,,"Moravian",TRUE,"Bernard,Jason rush up middle for 29 yards to the MOR0, 1ST DOWN BEARS, TOUCHDOWN, clock 04:25.","Jed Bendekovits rush up middle for 3 yards to the MOR28 (Strusowski,Nick;Rios,Aaron)."
"20250920_s44c",65,2,"kickoff","Moravian",,1,10,75,"Moravian",FALSE,"Carr,Jordan kickoff 65 yards to the MOR0, Dorian Thomas return 25 yards to the MOR25 (Blessington,PJ).","Jed Bendekovits rush up middle for 3 yards to the MOR28 (Strusowski,Nick;Rios,Aaron)."
"20250920_s44c",68,2,"pass_intercepted","Moravian",72,1,10,50,"Ursinus",FALSE,"RJ Hart RE pass intercepted by Strusowski,Nick at the MOR28, Strusowski,Nick return -12 yards to the MOR40, out-of-bounds, PENALTY BEARS illegal block (Kea,Malachi) 10 yards to the 50 yardline.","Bernard,Jason rush up middle for 6 yards to the MOR44 (Antonio Bowen;Clay Basile)."
"20250920_s44c",70,2,"rush","Ursinus",44,,,,"Moravian",TRUE,"Barnes,Keigan rush up middle for 44 yards to the MOR0, 1ST DOWN BEARS, TOUCHDOWN, clock 02:09.","Declan McCarthy rush up middle for 1 yard to the MOR29 (Rios,Aaron;Spinosa,Sean)."
"20250920_s44c",72,2,"kickoff","Moravian",,1,10,72,"Moravian",FALSE,"Carr,Jordan kickoff 62 yards to the MOR3, Dorian Thomas return 25 yards to the MOR28 (McAuliffe,Tavia;Lozada,Edwin).","Declan McCarthy rush up middle for 1 yard to the MOR29 (Rios,Aaron;Spinosa,Sean)."
"20250920_s44c",76,2,"punt_no_return","Moravian",65,1,10,97,"Ursinus",FALSE,"Jack Corrigan punt 58 yards to the BEARS7, PENALTY BEARS illegal block (Donahue,Aidan) 4 yards to the BEARS3.","Bernard,Jason rush up middle for 2 yards to the BEARS5 (Nathan Carr;Jashon Teller)."
"20250920_s44c",78,3,"kickoff","Moravian",,1,10,75,"Moravian",FALSE,"Carr,Jordan kickoff 65 yards to the MOR0, touchback.","Declan McCarthy LE pass complete to Chris Brown for 8 yards to the MOR33 (Robinson,Kendal;Esposito,Anthon)."
"20250920_s44c",96,3,"pass_incomplete","Moravian",21,1,10,79,"Ursinus",FALSE,"RJ Hart RE pass incomplete to Avery Koser.","Louis,Jaden rush over left end for 6 yards to the BEARS27 (Kaelyb Barahona;Clay Basile)."
"20250920_s44c",105,4,"punt_no_return","Ursinus",51,1,10,92,"Moravian",FALSE,"Carr,Jordan punt 43 yards to the MOR8.","Declan McCarthy sacked for loss of 4 yards to the MOR4 (Small,Jonathon)."
"20250920_s44c",109,4,"punt_with_return","Moravian",87,1,10,51,"Ursinus",FALSE,"Jack Corrigan punt 38 yards to the BEARS49, Donahue,Aidan return 0 yards to the BEARS49 (Antonio Rivera).","Machado,Tristan middle pass incomplete to Zulkowski,Ryder."
"20250920_s44c",112,4,"pass_complete","Ursinus",47,,,,"Moravian",TRUE,"Machado,Tristan middle pass complete to Roberts-Jackson for 47 yards to the MOR0, 1ST DOWN BEARS, TOUCHDOWN, clock 10:30.","Camron Tinajero rush over left end for loss of 2 yards to the MOR15 (Ziegler,Jake;Blair,Fayed)."
"20250920_s44c",114,4,"kickoff","Moravian",,1,10,83,"Moravian",FALSE,"Carr,Jordan kickoff 48 yards to the MOR17, Dorian Thomas return 0 yards to the MOR17, out-of-bounds.","Camron Tinajero rush over left end for loss of 2 yards to the MOR15 (Ziegler,Jake;Blair,Fayed)."
"20250920_s44c",121,4,"punt_no_return","Moravian",71,1,10,69,"Ursinus",FALSE,"Jack Corrigan punt 40 yards to the BEARS31, fair catch by Donahue,Aidan.","Paturzo,Alan RE pass complete to Quick,Jaylen for 4 yards to the BEARS35 (Jamie Gutridge)."
"20250920_s44c",125,4,"punt_with_return","Ursinus",65,1,10,70,"Moravian",FALSE,"Carr,Jordan punt 50 yards to the MOR15, Josh Ludlow return 15 yards to the MOR30 (Strusowski,Nick).","RJ Hart RE pass complete to G. Gennarelli for 11 yards to the MOR41, 1ST DOWN MOR (Zigbuo,Andy)."
"20250920_s44c",133,4,"rush","Moravian",1,,,,"Ursinus",TRUE,"Dorian Thomas rush up middle for 1 yard to the BEARS0, TOUCHDOWN, clock 02:53.","Kmett,Andrew rush over right end for 4 yards to the BEARS39, out-of-bounds (Jack Tosh), PENALTY MOR personal foul (Jack Tosh) 15 yards to the MOR46, 1ST DOWN BEARS."
"20250920_s44c",136,4,"kickoff","Ursinus",,1,10,65,"Ursinus",FALSE,"Jack Corrigan kickoff 67 yards to the BEARS13, Barnes,Keigan return 22 yards to the BEARS35 (McNeil-Harrison).","Kmett,Andrew rush over right end for 4 yards to the BEARS39, out-of-bounds (Jack Tosh), PENALTY MOR personal foul (Jack Tosh) 15 yards to the MOR46, 1ST DOWN BEARS."
"20251003_tcdm",1,1,"kickoff","Dickinson",,1,10,76,"Dickinson",FALSE,"Wayt,Kaleb kickoff 60 yards to the DSN05 Campbell,Keesean return 19 yards to the DSN24 (Arnold,Amir; Dasilva,Tyler).","No Huddle-Shotgun Klassen,Ben pass intercepted by Schondelmayer,Jack at DSN40 Schondelmayer,Jack return 17 yards to the DSN23 (Schmidt,Kevin)."
"20251003_tcdm",2,1,"pass_intercepted","Dickinson",76,1,10,23,"Johns Hopkins",FALSE,"No Huddle-Shotgun Klassen,Ben pass intercepted by Schondelmayer,Jack at DSN40 Schondelmayer,Jack return 17 yards to the DSN23 (Schmidt,Kevin).","No Huddle-Shotgun Pugliano,Ty rush right for 1 yard gain to the DSN22 (Acuna,Joaquin)."
"20251003_tcdm",7,1,"rush","Johns Hopkins",5,,,,"Dickinson",TRUE,"No Huddle-Shotgun Schroeder,Geoff rush middle for 5 yards gain to the DSN00 TOUCHDOWN, clock 12:03, 1ST DOWN.","No Huddle-Shotgun Benning III,Cedric rush middle for 7 yards gain to the DSN32 (Trainer,Browning; Olah,Kevin)."
"20251003_tcdm",9,1,"kickoff","Dickinson",,1,10,75,"Dickinson",FALSE,"Wayt,Kaleb kickoff 59 yards to the DSN06 Campbell,Keesean return 19 yards to the DSN25 (Bechtle,John).","No Huddle-Shotgun Benning III,Cedric rush middle for 7 yards gain to the DSN32 (Trainer,Browning; Olah,Kevin)."
"20251003_tcdm",14,1,"punt_with_return","Dickinson",72,1,10,67,"Johns Hopkins",FALSE,"Furlong,Michael punt 48 yards to the JHU24 Orecchio,Alex return 9 yards to the JHU33 (Garcia,Juan Pablo; Ryan,Will).","No Huddle-Shotgun Harvey,Bay pass incomplete deep right to Crotty,Cole thrown to DSN42."
"20251003_tcdm",21,1,"pass_complete","Johns Hopkins",26,,,,"Dickinson",TRUE,"No Huddle-Shotgun Harvey,Bay pass complete deep middle to Moore,Josh caught at DSN03, for 26 yards to the DSN00 TOUCHDOWN, clock 06:12, 1ST DOWN.","No Huddle-Shotgun Klassen,Ben pass incomplete short left to Mittendorfer,Moritz thrown to DSN30."
"20251003_tcdm",23,1,"kickoff","Dickinson",,1,10,78,"Dickinson",FALSE,"Wayt,Kaleb kickoff 59 yards to the DSN06 Campbell,Keesean return 16 yards to the DSN22 (Kramer,Spencer; Wayt,Kaleb).","No Huddle-Shotgun Klassen,Ben pass incomplete short left to Mittendorfer,Moritz thrown to DSN30."
"20251003_tcdm",27,1,"punt_with_return","Dickinson",73,1,10,30,"Johns Hopkins",FALSE,"Furlong,Michael punt 37 yards to the JHU36 Orecchio,Alex return 34 yards to the DSN30 (Barnes,Chris; Saliba,Mike).","No Huddle-Shotgun Martini,Chad pass complete deep right to Enright,Robby caught at DSN00, for 30 yards to the DSN00 TOUCHDOWN, clock 04:17, 1ST DOWN."
"20251003_tcdm",28,1,"pass_complete","Johns Hopkins",30,,,,"Dickinson",TRUE,"No Huddle-Shotgun Martini,Chad pass complete deep right to Enright,Robby caught at DSN00, for 30 yards to the DSN00 TOUCHDOWN, clock 04:17, 1ST DOWN.","No Huddle-Shotgun Klassen,Ben pass complete short middle to Boyer,Kellen caught at DSN37, for 18 yards to the DSN48 (Bourdo,Carson), 1ST DOWN."
"20251003_tcdm",30,1,"kickoff","Dickinson",,1,10,70,"Dickinson",FALSE,"Wayt,Kaleb kickoff 60 yards to the DSN05 Campbell,Keesean return 60 yards to the JHU35 (Kramer,Spencer), out of bounds PENALTY DSN Holding (Mulholland,Jimmy) 10 yards from DSN40 to DSN30.","No Huddle-Shotgun Klassen,Ben pass complete short middle to Boyer,Kellen caught at DSN37, for 18 yards to the DSN48 (Bourdo,Carson), 1ST DOWN."
"20251003_tcdm",37,1,"punt_no_return","Dickinson",41,1,10,80,"Johns Hopkins",FALSE,"Furlong,Michael punt 41 yards to the JHU00, Touchback.","No Huddle-Shotgun Harvey,Bay pass complete deep right to Crotty,Cole caught at DSN40, for 40 yards to the DSN40, End Of Play, 1ST DOWN."
"20251003_tcdm",43,2,"rush","Johns Hopkins",17,,,,"Dickinson",TRUE,"No Huddle-Shotgun Schroeder,Geoff rush left for 17 yards gain to the DSN00 TOUCHDOWN, clock 13:41, 1ST DOWN.","No Huddle-Shotgun Benning III,Cedric rush middle for 4 yards gain to the DSN29 (Smith,Jackson; Smith,Noah)."
"20251003_tcdm",45,2,"kickoff","Dickinson",,1,10,75,"Dickinson",FALSE,"Wayt,Kaleb kickoff 65 yards to the DSN00, Touchback.","No Huddle-Shotgun Benning III,Cedric rush middle for 4 yards gain to the DSN29 (Smith,Jackson; Smith,Noah)."
"20251003_tcdm",49,2,"punt_no_return","Dickinson",76,1,10,57,"Johns Hopkins",FALSE,"Furlong,Michael punt 33 yards to the JHU43 fair catch by Enright,Robby at JHU43.","No Huddle-Shotgun Dandridge,Brock rush middle for 5 yards gain to the JHU48 (Garcia,Juan Pablo)."
"20251003_tcdm",53,2,"pass_complete","Johns Hopkins",32,,,,"Dickinson",TRUE,"No Huddle-Shotgun Harvey,Bay pass complete deep middle to Crotty,Cole caught at DSN00, for 32 yards to the DSN00 TOUCHDOWN, clock 09:46, 1ST DOWN.","No Huddle-Shotgun Benning III,Cedric rush left for 1 yard gain to the DSN36 (Smith,Jackson; Seibert,Will)."
"20251003_tcdm",55,2,"kickoff","Dickinson",,1,10,65,"Dickinson",FALSE,"Wayt,Kaleb kickoff 51 yards to the DSN14, out of bounds at DSN14.","No Huddle-Shotgun Benning III,Cedric rush left for 1 yard gain to the DSN36 (Smith,Jackson; Seibert,Will)."
"20251003_tcdm",62,2,"punt_with_return","Dickinson",52,1,10,75,"Johns Hopkins",FALSE,"Furlong,Michael punt 48 yards to the JHU04 Orecchio,Alex return 21 yards to the JHU25 (Genilello,Jason).","No Huddle-Shotgun Frost,Melik rush right for 0 yards to the JHU25 (Acuna,Joaquin; Garcia,Juan Pablo)."
"20251003_tcdm",66,2,"punt_with_return","Johns Hopkins",72,1,10,75,"Dickinson",FALSE,"Alley,Chase punt 47 yards to the DSN25 Schmidt,Kevin return 0 yards to the DSN25 (Trainer,Browning).","No Huddle-Shotgun Klassen,Ben rush left for 6 yards gain to the DSN31 (Trainer,Browning)."
"20251003_tcdm",70,2,"punt_with_return","Dickinson",75,1,10,65,"Johns Hopkins",FALSE,"Furlong,Michael punt 43 yards to the JHU32 Orecchio,Alex return 3 yards to the JHU35 (Garcia,Juan Pablo).","No Huddle-Shotgun Harvey,Bay pass complete deep middle to Crotty,Cole caught at DSN19, for 46 yards to the DSN19, End Of Play, 1ST DOWN."
"20251003_tcdm",75,2,"rush","Johns Hopkins",4,,,,"Dickinson",TRUE,"No Huddle-Shotgun Schroeder,Geoff rush middle for 4 yards gain to the DSN00 TOUCHDOWN, clock 01:01.","No Huddle-Shotgun Klassen,Ben sacked for loss of 8 yards to the DSN17 (Urquidi,Isaac)."
"20251003_tcdm",77,2,"kickoff","Dickinson",,1,10,75,"Dickinson",FALSE,"Wayt,Kaleb kickoff 65 yards to the DSN00, Touchback.","No Huddle-Shotgun Klassen,Ben sacked for loss of 8 yards to the DSN17 (Urquidi,Isaac)."
"20251003_tcdm",80,3,"kickoff","Johns Hopkins",,1,10,65,"Johns Hopkins",FALSE,"Worobel,Justin kickoff 60 yards to the JHU05 Moore,Josh return 30 yards to the JHU35 (Moses,Josh; Ryan,Will).","No Huddle-Shotgun Harvey,Bay rush middle for 4 yards loss to the JHU31 fumbled by Harvey,Bay at JHU30 recovered by DSN Devlin,Julien at JHU31, End Of Play."
"20251003_tcdm",81,3,"rush","Johns Hopkins",65,1,10,31,"Dickinson",FALSE,"No Huddle-Shotgun Harvey,Bay rush middle for 4 yards loss to the JHU31 fumbled by Harvey,Bay at JHU30 recovered by DSN Devlin,Julien at JHU31, End Of Play.","No Huddle-Shotgun Klassen,Ben pass incomplete deep right to Campbell,Keesean thrown to JHU05."
"20251003_tcdm",87,3,"rush","Dickinson",3,,,,"Johns Hopkins",TRUE,"No Huddle-Shotgun Benning III,Cedric rush middle for 3 yards gain to the JHU00 TOUCHDOWN, clock 12:00.","No Huddle-Shotgun Schroeder,Geoff rush middle for 1 yard gain to the JHU31 (Acuna,Joaquin; Jungmann,Cedric)."
"20251003_tcdm",89,3,"kickoff","Johns Hopkins",,1,10,70,"Johns Hopkins",FALSE,"Worobel,Justin kickoff 60 yards to the JHU05 Moore,Josh return 25 yards to the JHU30 (Garcia,Juan Pablo).","No Huddle-Shotgun Schroeder,Geoff rush middle for 1 yard gain to the JHU31 (Acuna,Joaquin; Jungmann,Cedric)."
"20251003_tcdm",98,3,"pass_complete","Johns Hopkins",6,,,,"Dickinson",TRUE,"No Huddle-Shotgun Harvey,Bay pass complete short left to Crotty,Cole caught at DSN00, for 6 yards to the DSN00 TOUCHDOWN, clock 07:15.","No Huddle-Shotgun Campbell,Keesean rush middle for 7 yards gain to the DSN19 (Seibert,Will)."
"20251003_tcdm",100,3,"kickoff","Dickinson",,1,10,88,"Dickinson",FALSE,"Wayt,Kaleb kickoff 58 yards to the DSN07 Campbell,Keesean return 28 yards to the DSN35 (Kramer,Spencer), out of bounds PENALTY DSN Holding (Heck,Gavin) 10 yards from DSN22 to DSN12.","No Huddle-Shotgun Campbell,Keesean rush middle for 7 yards gain to the DSN19 (Seibert,Will)."
"20251003_tcdm",104,3,"punt_with_return","Dickinson",81,1,10,62,"Johns Hopkins",FALSE,"Furlong,Michael punt 46 yards to the JHU35 Orecchio,Alex return 3 yards to the JHU38 (Garcia,Juan Pablo).","No Huddle-Shotgun Lollar,Ethan pass incomplete short middle to Orecchio,Alex thrown to JHU42."
"20251003_tcdm",118,3,"field_goal_good","Johns Hopkins",11,,,,"Dickinson",TRUE,"Paxton,Brad field goal attempt from 27 yards GOOD (H: Lollar,Ethan, LS: Strnad,Claude), clock 00:34.","No Huddle-Shotgun Klassen,Ben rush middle for 4 yards gain to the DSN16 (Pion,Jacob)."
"20251003_tcdm",119,3,"kickoff","Dickinson",,1,10,88,"Dickinson",FALSE,"Wayt,Kaleb kickoff 57 yards to the DSN08 Martin,Aiden return 4 yards to the DSN12 (Stup,Cole).","No Huddle-Shotgun Klassen,Ben rush middle for 4 yards gain to the DSN16 (Pion,Jacob)."
"20251003_tcdm",132,4,"field_goal_good","Dickinson",15,,,,"Johns Hopkins",TRUE,"Worobel,Justin field goal attempt from 32 yards GOOD (H: Boyer,Kellen, LS: Saliba,Mike), clock 09:29.","No Huddle-Shotgun Baker,Luke rush middle for 12 yards gain to the DSN32 (Hollinger,Jason; Blanchard,Brady), 1ST DOWN."
"20251003_tcdm",133,4,"kickoff","Johns Hopkins",,1,10,44,"Johns Hopkins",FALSE,"Worobel,Justin kickoff 58 yards to the JHU07 Moore,Josh return 49 yards to the DSN44 (Friebel,Leon; Couvertiere,Sean).","No Huddle-Shotgun Baker,Luke rush middle for 12 yards gain to the DSN32 (Hollinger,Jason; Blanchard,Brady), 1ST DOWN."
"20251003_tcdm",141,4,"field_goal_good","Johns Hopkins",16,,,,"Dickinson",TRUE,"Paxton,Brad field goal attempt from 33 yards GOOD (H: Lollar,Ethan, LS: Strnad,Claude), clock 06:03.","No Huddle-Shotgun Brickner,Bobby rush middle for 1 yard gain to the DSN26 (Olson,Sawyer)."
"20251003_tcdm",142,4,"kickoff","Dickinson",,1,10,75,"Dickinson",FALSE,"Wayt,Kaleb kickoff 54 yards to the DSN11 fair catch by Martin,Aiden at DSN11.","No Huddle-Shotgun Brickner,Bobby rush middle for 1 yard gain to the DSN26 (Olson,Sawyer)."
"20251003_tcdm",146,4,"punt_no_return","Dickinson",68,1,10,72,"Johns Hopkins",FALSE,"Furlong,Michael punt 40 yards to the JHU28 fair catch by Enright,Robby at JHU28.","No Huddle-Shotgun Steinberg,Joey rush middle for 3 yards gain to the JHU31 (Martillotti,Michael; Motivala,Sixten)."
"20251003_tcdm",150,4,"punt_with_return","Johns Hopkins",67,1,10,75,"Dickinson",FALSE,"Alley,Chase punt 52 yards to the DSN15 Schmidt,Kevin return 10 yards to the DSN25 (Stone,Zack).","No Huddle-Shotgun Brickner,Bobby rush middle for 5 yards gain to the DSN30 (Lindmark,Clay)."
"20251004_gwn0",1,1,"kickoff","McDaniel",,1,10,75,"McDaniel",FALSE,"Noah Godhard kickoff 65 yards to the MCD00, touchback.","Cordae James rush for 6 yards to the MCD31 (Lucas Hazard; Ethan Ming)."
"20251004_gwn0",8,1,"punt_no_return","McDaniel",52,1,13,97,"Carnegie Mellon",FALSE,"Braden Fritz punt 46 yards to the CMU06, downed, PENALTY CMU holding (Ethan Ming) 3 yards to the CMU03.","Joey McGinnis I pass complete to Brendan McCullo for 42 yards to the CMU45 (Christian Homer)."
"20251004_gwn0",13,1,"punt_with_return","Carnegie Mellon",51,1,10,70,"McDaniel",FALSE,"John Norell punt 38 yards to the MCD13, Jacob Wagner return 17 yards to the MCD30 (Eric Loureiro).","Jayden Booker pass complete to Tony Miller for 7 yards to the MCD37 (Jack Lawson; DJ Johnson), out-of-bounds."
"20251004_gwn0",18,1,"punt_no_return","McDaniel",73,1,10,57,"Carnegie Mellon",FALSE,"Braden Fritz punt 30 yards to the CMU43, downed.","Giacomo Valente rush for 2 yards to the CMU45 (Montez Chapman)."
"20251004_gwn0",25,1,"rush","Carnegie Mellon",2,,,,"McDaniel",TRUE,"Mark Wamhoff rush for 2 yards to the MCD00, TOUCHDOWN, clock 03:22.","Jayden Booker sacked for loss of 2 yards to the MCD23 (Mitchell Stokey; Amani Tchamwa)."
"20251004_gwn0",28,1,"kickoff","McDaniel",,1,10,75,"McDaniel",FALSE,"Noah Godhard kickoff 65 yards to the MCD00, David Smith return 25 yards to the MCD25 (Avery Campbell; Barrett Schmitz).","Jayden Booker sacked for loss of 2 yards to the MCD23 (Mitchell Stokey; Amani Tchamwa)."
"20251004_gwn0",32,1,"punt_with_return","McDaniel",66,1,10,49,"Carnegie Mellon",FALSE,"Braden Fritz punt 36 yards to the CMU30, Brendan McCullo return 21 yards to the MCD49 (Johnathan Irvin; Bernard Bolden).","Shadrak Agyei rush for 8 yards to the MCD41 (Bryce Allen)."
"20251004_gwn0",39,2,"pass_complete","Carnegie Mellon",12,,,,"McDaniel",TRUE,"Joey McGinnis I pass complete to Reece Kolke for 12 yards to the MCD00, TOUCHDOWN, clock 14:13.","Micajah Cobbs rush for 2 yards to the MCD21 (Luke Wiedau; Gabe Bonnet)."
"20251004_gwn0",41,2,"kickoff","McDaniel",,1,10,81,"McDaniel",FALSE,"Noah Godhard kickoff 58 yards to the MCD07, Bernard Bolden return 12 yards to the MCD19 (Lucas Bishop).","Micajah Cobbs rush for 2 yards to the MCD21 (Luke Wiedau; Gabe Bonnet)."
"20251004_gwn0",44,2,"pass_intercepted","McDaniel",77,1,10,48,"Carnegie Mellon",FALSE,"Jayden Booker pass intercepted by Ethan Ming at the MCD34, Ethan Ming return 1 yards to the MCD33, PENALTY CMU unsportmanlike conduct (Ethan Ming) 15 yards to the MCD48.","Joey McGinnis I rush for 16 yards to the MCD32 (Chris Wilson)."
"20251004_gwn0",50,2,"field_goal_blocked","Carnegie Mellon",30,1,10,70,"McDaniel",FALSE,"Justin Caputo field goal attempt from 47 BLOCKED, recovered by MCD TEAM, spot at MCD00 (blocked by David Are), touchback, clock 11:07.","Jayden Booker pass incomplete to Grayson Wendel."
"20251004_gwn0",54,2,"punt_with_return","McDaniel",79,1,10,44,"Carnegie Mellon",FALSE,"Braden Fritz punt 35 yards to the CMU44, Brendan McCullo return 12 yards to the MCD44 (Jack Penzone), out-of-bounds.","Shadrak Agyei rush for 3 yards to the MCD41 (Jaden Thornton)."
"20251004_gwn0",57,2,"rush","Carnegie Mellon",4,,,,"McDaniel",TRUE,"Shadrak Agyei rush for 4 yards to the MCD00, TOUCHDOWN, clock 09:00.","Micajah Cobbs rush for 4 yards to the MCD29 (Amani Tchamwa; Lucas Hazard)."
"20251004_gwn0",59,2,"kickoff","McDaniel",,1,10,75,"McDaniel",FALSE,"Noah Godhard kickoff 65 yards to the MCD00, touchback.","Micajah Cobbs rush for 4 yards to the MCD29 (Amani Tchamwa; Lucas Hazard)."
"20251004_gwn0",61,2,"pass_intercepted","McDaniel",71,,,,"Carnegie Mellon",TRUE,"Jayden Booker pass intercepted by DJ Johnson at the MCD35, DJ Johnson return 35 yards to the MCD00, TOUCHDOWN, clock 08:12.","Giacomo Valente rush for 4 yards to the 50 yardline (Kyree Shingler; Kendrick Willia), PENALTY CMU illegal shift 5 yards to the CMU41, NO PLAY."
"20251004_gwn0",63,2,"kickoff","McDaniel",,1,10,54,"Carnegie Mellon",FALSE,"Noah Godhard kickoff 11 yards to the CMU46, on-side kick, recovered by CMU on MCD46.","Giacomo Valente rush for 4 yards to the 50 yardline (Kyree Shingler; Kendrick Willia), PENALTY CMU illegal shift 5 yards to the CMU41, NO PLAY."
"20251004_gwn0",68,2,"punt_no_return","Carnegie Mellon",48,1,10,81,"McDaniel",FALSE,"John Norell punt 29 yards to the MCD19, out-of-bounds.","Jayden Booker pass incomplete to Grayson Wendel, QB hurry by Robert Sturges."
"20251004_gwn0",72,2,"punt_no_return","McDaniel",90,1,10,59,"Carnegie Mellon",FALSE,"Braden Fritz punt 49 yards to the CMU41, downed.","PENALTY CMU false start (Zach Llenza) 5 yards to the CMU36."
"20251004_gwn0",78,2,"rush","Carnegie Mellon",1,,,,"McDaniel",TRUE,"Mark Wamhoff rush for 1 yard to the MCD00, TOUCHDOWN, clock 02:14.","Jayden Booker pass complete to Logan Marsh for 20 yards to the MCD45 (Leighton Tarke)."
"20251004_gwn0",80,2,"kickoff","McDaniel",,1,10,75,"McDaniel",FALSE,"Noah Godhard kickoff 65 yards to the MCD00, touchback.","Jayden Booker pass complete to Logan Marsh for 20 yards to the MCD45 (Leighton Tarke)."
"20251004_gwn0",85,2,"punt_with_return","McDaniel",57,1,10,63,"Carnegie Mellon",FALSE,"Braden Fritz punt 29 yards to the CMU28, Brendan McCullo return 9 yards to the CMU37 (Mehari Ivory).","Joey McGinnis I pass complete to Reece Kolke for 43 yards to the MCD20 (David Smith)."
"20251004_gwn0",87,2,"pass_complete","Carnegie Mellon",20,,,,"McDaniel",TRUE,"Joey McGinnis I pass complete to Brendan McCullo for 20 yards to the MCD00, TOUCHDOWN, clock 00:48.","Jayden Booker rush for loss of 5 yards to the MCD20 (Jack Lawson), out-of-bounds, PENALTY MCD unsportmanlike conduct (Jayden Booker) 10 yards to the MCD10."
"20251004_gwn0",89,2,"kickoff","McDaniel",,1,10,75,"McDaniel",FALSE,"Noah Godhard kickoff 64 yards to the MCD01, Bernard Bolden return 24 yards to the MCD25 (John Dale; Dom Sirianni).","Jayden Booker rush for loss of 5 yards to the MCD20 (Jack Lawson), out-of-bounds, PENALTY MCD unsportmanlike conduct (Jayden Booker) 10 yards to the MCD10."
"20251004_gwn0",92,3,"kickoff","Carnegie Mellon",,1,10,20,"Carnegie Mellon",FALSE,"Braden Fritz kickoff 58 yards to the CMU07, Nick McCullough return 73 yards to the MCD20 (Bernard Bolden).","Giacomo Valente rush for no gain to the MCD20 (Malachi Murphy; Kevin Batchelor)."
"20251004_gwn0",97,3,"rush","Carnegie Mellon",4,,,,"McDaniel",TRUE,"Jake Langdon rush for 4 yards to the MCD00, TOUCHDOWN, clock 12:19.","Jayden Booker sacked for loss of 18 yards to the MCD02 (Robert Sturges), fumble by Jayden Booker recovered by CMU Gabe Bonnet at MCD00, TOUCHDOWN, clock 12:04."
"20251004_gwn0",99,3,"kickoff","McDaniel",,1,10,80,"McDaniel",FALSE,"Noah Godhard kickoff 61 yards to the MCD04, David Smith return 16 yards to the MCD20 (Dom Sirianni; Cody Schuberg).","Jayden Booker sacked for loss of 18 yards to the MCD02 (Robert Sturges), fumble by Jayden Booker recovered by CMU Gabe Bonnet at MCD00, TOUCHDOWN, clock 12:04."
"20251004_gwn0",100,3,"sack","McDaniel",80,,,,"McDaniel",TRUE,"Jayden Booker sacked for loss of 18 yards to the MCD02 (Robert Sturges), fumble by Jayden Booker recovered by CMU Gabe Bonnet at MCD00, TOUCHDOWN, clock 12:04.","Jacob Wagner rush for 5 yards to the MCD22 (Lucas Bishop; Barrett Schmitz)."
"20251004_gwn0",102,3,"kickoff","McDaniel",,1,10,83,"McDaniel",FALSE,"Lucas Bisazza kickoff 49 yards to the MCD16, Bernard Bolden return 1 yards to the MCD17 (Cooper Rummel; Cody Schuberg).","Jacob Wagner rush for 5 yards to the MCD22 (Lucas Bishop; Barrett Schmitz)."
"20251004_gwn0",106,3,"punt_with_return","McDaniel",91,1,10,31,"Carnegie Mellon",FALSE,"Braden Fritz punt 36 yards to the MCD45, Cooper Rummel return 14 yards to the MCD31 (Keiron Wilson).","Shadrak Agyei rush for 2 yards to the MCD29 (Gabe White)."
"20251004_gwn0",110,3,"pass_incomplete","Carnegie Mellon",24,1,10,76,"McDaniel",FALSE,"Jackson Salters pass incomplete to Luca Cuttita (Malachi Murphy).","Jayden Booker pass complete to Grayson Wendel for 17 yards to the MCD41 (Lucas Bishop)."
"20251004_gwn0",115,3,"punt_no_return","McDaniel",52,1,10,94,"Carnegie Mellon",FALSE,"Braden Fritz punt 46 yards to the CMU06, downed.","Jake Langdon rush for loss of 2 yards to the CMU04 (David Smith; Taevon LeGrande)."
"20251004_gwn0",122,3,"punt_with_return","Carnegie Mellon",68,1,10,86,"McDaniel",FALSE,"Lucas Bisazza punt 41 yards to the MCD27, Jacob Wagner return 1 yards to the MCD28, out-of-bounds, PENALTY MCD personal foul 14 yards to the MCD14.","Jayden Booker pass incomplete to Logan Marsh."
"20251004_gwn0",126,3,"punt_no_return","McDaniel",91,1,20,58,"Carnegie Mellon",FALSE,"Braden Fritz punt 39 yards to the MCD48, downed, PENALTY CMU holding (Jack Korzeniows) 10 yards to the CMU42.","Jackson Salters pass complete to Sam Cho for 10 yards to the MCD48 (Malachi Murphy; Zayne Gay)."
"20251004_gwn0",131,4,"rush","Carnegie Mellon",37,1,10,58,"McDaniel",FALSE,"Jackson Salters rush for loss of 21 yards to the CMU42, fumble by Jackson Salters recovered by MCD Jahsir Donald at MCD42.","Jayden Booker pass incomplete to Logan Marsh."
"20251004_gwn0",147,4,"field_goal_blocked","McDaniel",11,1,10,47,"McDaniel",FALSE,"Braden Fritz field goal attempt from 28 BLOCKED, recovered by CMU Nick McCullough, spot at CMU26 (blocked by Mitchell Stokey), Nick McCullough return 21 yards to the CMU47, fumble by Nick McCullough recovered by MCD Braden Fritz at CMU47.","Jacob Wagner rush for 1 yard to the CMU46 (Wayne Pirt), PENALTY MCD personal foul 15 yards to the MCD39."
"20251004_gwn0",154,4,"sack","McDaniel",26,1,10,69,"Carnegie Mellon",FALSE,"Angel Granado J sacked for loss of 5 yards to the CMU31 (Josh Huffman; Joey Orlando).","Athan Ferber rush for 1 yard to the CMU32 (Demontae Giffor)."
"20251004_gwn0",158,4,"punt_no_return","Carnegie Mellon",76,1,10,84,"McDaniel",FALSE,"Lucas Bisazza punt 60 yards to the MCD16, downed.","Angel Granado J pass complete to Jack Penzone for 47 yards to the CMU37 (Nathan Kougher)."
"20251004_gwn0",165,4,"rush","McDaniel",2,,,,"Carnegie Mellon",TRUE,"Micajah Cobbs rush for 2 yards to the CMU00, TOUCHDOWN, clock 00:10.","TEAM rush for loss of 1 yard to the CMU26."
"20251004_gwn0",167,4,"kickoff","Carnegie Mellon",,1,10,73,"Carnegie Mellon",FALSE,"Tucker Auer kickoff 61 yards to the CMU04, Cooper Rummel return 23 yards to the CMU27 (Caleb Pompey).","TEAM rush for loss of 1 yard to the CMU26."
"20251004_k167",1,1,"kickoff","Ursinus",,1,10,78,"Ursinus",FALSE,"Nicholas D'Amic kickoff 60 yards to the UC05, Keigan Barnes return 20 yards to the UC25, fumble forced by Ethan Kalinausk, fumble by Keigan Barnes recovered by UC Will Ratcliffe at UC22.","Tristan Machado pass incomplete to Aidan Roselle."
"20251004_k167",5,1,"punt_with_return","Ursinus",91,1,10,42,"Muhlenberg",FALSE,"Jordan Carr punt 41 yards to the 50 yardline, Tommy Donnelly return 8 yards to the UC42 (Ethan Turber-Or).","Dante Mahaffey pass complete to Matthew Manning for 2 yards to the UC40 (Jonathon Small), out-of-bounds."
"20251004_k167",9,1,"punt_no_return","Muhlenberg",40,1,10,80,"Ursinus",FALSE,"Sam Morris punt 40 yards to the UC00, touchback.","Tristan Machado pass complete to Aidan Donahue for 13 yards to the UC33 (Jake Saus; Aaron Sylvester), out-of-bounds."
"20251004_k167",21,1,"pass_complete","Ursinus",4,,,,"Muhlenberg",TRUE,"Tristan Machado pass complete to Ryder Zulkowski for 4 yards to the MUHL00, TOUCHDOWN, clock 07:19.","Dante Mahaffey rush for loss of 1 yard to the MUHL26 (Aaron Rios)."
"20251004_k167",23,1,"kickoff","Muhlenberg",,1,10,73,"Muhlenberg",FALSE,"Jordan Carr kickoff 60 yards to the MUHL05, Christopher Sho return 22 yards to the MUHL27 (Loui Goin).","Dante Mahaffey rush for loss of 1 yard to the MUHL26 (Aaron Rios)."
"20251004_k167",31,1,"pass_intercepted","Muhlenberg",37,1,10,66,"Ursinus",FALSE,"Dante Mahaffey pass intercepted by Anthony Esposit at the UC25, Anthony Esposit return 9 yards to the UC34 (Aidan Mack).","Jason Bernard rush for 2 yards to the UC36 (Vincent Rispoli; Peyton Elliott)."
"20251004_k167",35,1,"punt_with_return","Ursinus",59,1,10,72,"Muhlenberg",FALSE,"Jordan Carr punt 36 yards to the MUHL23, Tommy Donnelly return 0 yards to the MUHL23 (Kendall Robinso), PENALTY UC illegal motion (Montress Jackso) 5 yards to the MUHL28.","Luke Spang rush for loss of 3 yards to the MUHL25."
"20251004_k167",38,1,"pass_intercepted","Muhlenberg",74,1,10,69,"Ursinus",FALSE,"Luke Spang pass intercepted by Kendall Robinso at the UC31, Kendall Robinso return 0 yards to the UC31.","Jason Bernard rush for loss of 1 yard to the UC30 (Marcus McClaine; Thomas Cerruti)."
"20251004_k167",47,2,"pass_complete","Ursinus",28,,,,"Muhlenberg",TRUE,"Tristan Machado pass complete to Markel Roberts- for 28 yards to the MUHL00, TOUCHDOWN, clock 12:15.","Luke Spang pass incomplete to Caden Reph."
"20251004_k167",49,2,"kickoff","Muhlenberg",,1,10,68,"Muhlenberg",FALSE,"Jordan Carr kickoff 59 yards to the MUHL06, Christopher Sho return 26 yards to the MUHL32 (Noah Parchinski).","Luke Spang pass incomplete to Caden Reph."
"20251004_k167",56,2,"rush","Muhlenberg",14,,,,"Ursinus",TRUE,"Matthew Manning rush for 14 yards to the UC00, TOUCHDOWN, clock 09:17.","Tristan Machado pass complete to Cody House for 6 yards to the UC31 (George Europe), out-of-bounds."
"20251004_k167",58,2,"kickoff","Ursinus",,1,10,75,"Ursinus",FALSE,"Nicholas D'Amic kickoff 65 yards to the UC00, touchback.","Tristan Machado pass complete to Cody House for 6 yards to the UC31 (George Europe), out-of-bounds."
"20251004_k167",61,2,"pass_complete","Ursinus",70,1,10,66,"Muhlenberg",FALSE,"Tristan Machado pass complete to Ryder Zulkowski for 26 yards to the MUHL44, fumble forced by Thomas Cerruti, fumble by Ryder Zulkowski recovered by MUHL Jeffrey Lopez at MUHL34.","Dante Mahaffey rush for 14 yards to the MUHL48 (Taylor Megee)."
"20251004_k167",69,2,"rush","Muhlenberg",5,,,,"Ursinus",TRUE,"Matthew Manning rush for 5 yards to the UC00, TOUCHDOWN, clock 05:28.","Tristan Machado pass incomplete to Aidan Donahue."
"20251004_k167",72,2,"kickoff","Ursinus",,1,10,77,"Ursinus",FALSE,"Nicholas D'Amic kickoff 56 yards to the UC09, Keigan Barnes return 14 yards to the UC23 (Justin Bernal).","Tristan Machado pass incomplete to Aidan Donahue."
"20251004_k167",76,2,"punt_blocked","Ursinus",76,1,10,40,"Muhlenberg",FALSE,"Jordan Carr punt 16 yards to the UC40 (blocked by Justin Bernal), downed.","Logan Nordeck rush for no gain to the UC40 (Jake Ziegler)."
"20251004_k167",84,2,"pass_complete","Muhlenberg",3,,,,"Ursinus",TRUE,"Dante Mahaffey pass complete to Aidan Mack for 3 yards to the UC00, TOUCHDOWN, clock 00:31.","Tristan Machado pass incomplete to Aidan Donahue."
"20251004_k167",86,2,"kickoff","Ursinus",,1,10,68,"Ursinus",FALSE,"Nicholas D'Amic kickoff 33 yards to the UC32, JT Dwire return 0 yards to the UC32 (Leo Dauberman).","Tristan Machado pass incomplete to Aidan Donahue."
"20251004_k167",89,3,"kickoff","Muhlenberg",,1,10,75,"Muhlenberg",FALSE,"Jordan Carr kickoff 65 yards to the MUHL00, touchback.","Christopher Sho rush for 6 yards to the MUHL31 (Jake Ziegler)."
"20251004_k167",97,3,"rush","Muhlenberg",4,,,,"Ursinus",TRUE,"Matthew Manning rush for 4 yards to the UC00, TOUCHDOWN, clock 11:35.","Tristan Machado pass incomplete to Cody House."
"20251004_k167",99,3,"kickoff","Ursinus",,1,10,79,"Ursinus",FALSE,"Nicholas D'Amic kickoff 60 yards to the UC05, Keigan Barnes return 16 yards to the UC21 (Peyton Elliott).","Tristan Machado pass incomplete to Cody House."
"20251004_k167",109,3,"rush","Ursinus",10,,,,"Muhlenberg",TRUE,"Keigan Barnes rush for 10 yards to the MUHL00, TOUCHDOWN, clock 07:33.","Christopher Sho rush for 6 yards to the MUHL41 (Jake Ziegler)."
"20251004_k167",111,3,"kickoff","Muhlenberg",,1,10,65,"Muhlenberg",FALSE,"Jordan Carr kickoff 55 yards to the MUHL10, Matthew Manning return 25 yards to the MUHL35 (Jordan Carr), out-of-bounds.","Christopher Sho rush for 6 yards to the MUHL41 (Jake Ziegler)."
"20251004_k167",117,3,"punt_no_return","Muhlenberg",52,1,10,80,"Ursinus",FALSE,"Sam Morris punt 32 yards to the UC20, out-of-bounds.","Tristan Machado pass incomplete to Aidan Roselle (Aaron Sylvester)."
"20251004_k167",127,4,"pass_complete","Ursinus",7,,,,"Muhlenberg",TRUE,"Tristan Machado pass complete to Cody House for 7 yards to the MUHL00, TOUCHDOWN, clock 14:54.","Luke Spang rush for 7 yards to the MUHL46 (Taylor Megee)."
"20251004_k167",129,4,"kickoff","Muhlenberg",,1,10,61,"Muhlenberg",FALSE,"Jordan Carr kickoff 53 yards to the MUHL12, Christopher Sho return 27 yards to the MUHL39 (Jordan Carr), out-of-bounds.","Luke Spang rush for 7 yards to the MUHL46 (Taylor Megee)."
"20251004_k167",133,4,"rush","Muhlenberg",53,1,10,47,"Ursinus",FALSE,"Triquil Monroe rush for no gain to the MUHL47 (Jonathon Small).","Jason Bernard rush for 4 yards to the MUHL43 (CJ Kearney)."
"20251004_k167",139,4,"punt_with_return","Ursinus",49,1,10,76,"Muhlenberg",FALSE,"Jordan Carr punt 38 yards to the MUHL11, Tommy Donnelly return 6 yards to the MUHL17, PENALTY MUHL illegal block (Demonte Mckinni) 8 yards to the MUHL09, PENALTY UC personal foul (Jordan Carr) 15 yards to the MUHL24.","Luke Spang pass incomplete to Aidan Mack."
"20251004_k167",142,4,"pass_intercepted","Muhlenberg",81,1,10,34,"Ursinus",FALSE,"Luke Spang pass intercepted by Kendall Robinso at the MUHL40, Kendall Robinso return 6 yards to the MUHL34 (Matthew Manning).","Jason Bernard rush for 3 yards to the MUHL31 (Peyton Elliott; Thomas Cerruti)."
"20251004_k167",149,4,"pass_complete","Ursinus",5,,,,"Muhlenberg",TRUE,"Tristan Machado pass complete to Aidan Donahue for 5 yards to the MUHL00, TOUCHDOWN, clock 08:34.","Dante Mahaffey pass complete to Aidan Mack for 7 yards to the MUHL18 (Anthony Esposit)."
"20251004_k167",151,4,"kickoff","Muhlenberg",,1,10,89,"Muhlenberg",FALSE,"Jordan Carr kickoff 65 yards to the MUHL00, Christopher Sho return 11 yards to the MUHL11 (Ky'Iere Rankins).","Dante Mahaffey pass complete to Aidan Mack for 7 yards to the MUHL18 (Anthony Esposit)."
"20251004_k167",161,4,"pass_complete","Muhlenberg",39,,,,"Ursinus",TRUE,"Dante Mahaffey pass complete to Caleb Pasols for 39 yards to the UC00, TOUCHDOWN, clock 05:59.","Brooklyn Jones rush for 4 yards to the UC21 (Peyton Elliott)."
"20251004_k167",163,4,"kickoff","Ursinus",,1,10,83,"Ursinus",FALSE,"Nicholas D'Amic kickoff 65 yards to the UC00, Keigan Barnes return 17 yards to the UC17 (Peyton Elliott).","Brooklyn Jones rush for 4 yards to the UC21 (Peyton Elliott)."
"20251004_k167",167,4,"punt_with_return","Ursinus",79,1,10,46,"Muhlenberg",FALSE,"Jordan Carr punt 45 yards to the MUHL34, Tommy Donnelly return 20 yards to the UC46 (Daniel Painter), out-of-bounds.","Matthew Manning rush for loss of 1 yard to the UC47 (Aaron Rios; Matt Agar)."
"20251004_k167",174,4,"pass_incomplete","Muhlenberg",33,1,10,67,"Ursinus",FALSE,"Dante Mahaffey pass incomplete to Matthew Manning.","Jason Bernard rush for 11 yards to the UC44 (Jeffrey Lopez)."
"20251004_k167",176,4,"rush","Ursinus",56,1,10,55,"Muhlenberg",FALSE,"Jason Bernard rush for 11 yards to the MUHL45, fumble forced by George Europe, fumble by Jason Bernard recovered by MUHL Aaron Sylvester at MUHL45, PENALTY UC holding declined.","Dante Mahaffey pass incomplete to John Runfolo (Aaron Rios)."
"20251004_k167",183,4,"pass_complete","Muhlenberg",26,,,,"Ursinus",TRUE,"Dante Mahaffey pass complete to John Runfolo for 26 yards to the UC00, TOUCHDOWN, clock 01:06.","Tristan Machado pass complete to Brooklyn Jones for 4 yards to the UC29 (Thomas Cerruti), out-of-bounds."
"20251004_k167",185,4,"kickoff","Ursinus",,1,10,75,"Ursinus",FALSE,"Nicholas D'Amic kickoff 65 yards to the UC00, touchback.","Tristan Machado pass complete to Brooklyn Jones for 4 yards to the UC29 (Thomas Cerruti), out-of-bounds."
"20251004_k167",195,4,"field_goal_blocked","Ursinus",21,,,,,FALSE,"Jordan Carr field goal attempt from 38 BLOCKED, recovered by MUHL TEAM, spot at MUHL21 (blocked by Chris Holland).",
"20251004_s1ak",1,1,"kickoff","Gettysburg",,1,10,71,"Gettysburg",FALSE,"Harlamov,Ivan kickoff 64 yards to the GC01 Diaz,Gabriel return 28 yards to the GC29 (Paris,Louis; Aravides,Nick).","No Huddle-Shotgun Zrelak,Michael rush middle for 2 yards gain to the GC31 (Keenan,Sam)."
"20251004_s1ak",12,1,"pass_incomplete","Gettysburg",15,1,10,85,"Franklin and Marshall",FALSE,"No Huddle-Shotgun Clark,Sean pass incomplete short left to Wonsala,Nick thrown to FMC00 QB hurried by Kelley,LT PENALTY GC Illegal Shift declined, TURNOVER ON DOWNS.","No Huddle-Shotgun Valdez,Anthony rush middle for 1 yard gain to the FMC16 (Branin,George)."
"20251004_s1ak",16,1,"punt_blocked","Franklin and Marshall",80,,,,"Franklin and Marshall",TRUE,"Harlamov,Ivan punt 0 yards to the FMC20 blocked by Regula,Kevin recovered by GC Regula,Kevin at FMC05 TOUCHDOWN, clock 08:39.","No Huddle-Shotgun Tremba,Ty pass complete short right to Harrison,Jack caught at FMC20, for 14 yards to the FMC30 (Wells,Tyler), 1ST DOWN."
"20251004_s1ak",18,1,"kickoff","Franklin and Marshall",,1,10,84,"Franklin and Marshall",FALSE,"Kruse,Nolan kickoff 50 yards to the FMC15 Marx,Oscar return 1 yard to the FMC16, out of bounds at FMC16.","No Huddle-Shotgun Tremba,Ty pass complete short right to Harrison,Jack caught at FMC20, for 14 yards to the FMC30 (Wells,Tyler), 1ST DOWN."
"20251004_s1ak",23,1,"pass_complete","Franklin and Marshall",17,,,,"Gettysburg",TRUE,"No Huddle-Shotgun Tremba,Ty pass complete short left to Zawadzkas,Hudson caught at GC00, for 17 yards to the GC00 TOUCHDOWN, clock 05:48, 1ST DOWN.","No Huddle-Shotgun Zrelak,Michael rush middle for 4 yards gain to the GC28 (Checchio,Kyle)."
"20251004_s1ak",25,1,"kickoff","Gettysburg",,1,10,76,"Gettysburg",FALSE,"Harlamov,Ivan kickoff 63 yards to the GC02 Diaz,Gabriel return 22 yards to the GC24 (Aravides,Nick).","No Huddle-Shotgun Zrelak,Michael rush middle for 4 yards gain to the GC28 (Checchio,Kyle)."
"20251004_s1ak",39,2,"rush","Gettysburg",8,,,,"Franklin and Marshall",TRUE,"Shotgun Hunt,Landon rush middle for 8 yards gain to the FMC00 TOUCHDOWN, clock 13:06, 1ST DOWN.","No Huddle-Shotgun Richards,Jayden rush middle for 3 yards gain to the FMC40 (Can,Ty)."
"20251004_s1ak",42,2,"kickoff","Franklin and Marshall",,1,10,63,"Franklin and Marshall",FALSE,"Kruse,Nolan kickoff 43 yards to the FMC22 Marx,Oscar return 10 yards to the FMC32 (Weiss,RJ) PENALTY GC Illegal Formation 5 yards from FMC32 to FMC37.","No Huddle-Shotgun Richards,Jayden rush middle for 3 yards gain to the FMC40 (Can,Ty)."
"20251004_s1ak",51,2,"pass_complete","Franklin and Marshall",7,,,,"Gettysburg",TRUE,"No Huddle-Shotgun Fant,Jake pass complete short left to Lewis,Gary caught at GC00, for 7 yards to the GC00 TOUCHDOWN, clock 08:48.","No Huddle-Shotgun Zrelak,Michael rush middle for 2 yards loss to the GC45 (Banghart,Owen)."
"20251004_s1ak",53,2,"kickoff","Gettysburg",,1,10,53,"Gettysburg",FALSE,"Harlamov,Ivan kickoff 55 yards to the GC10 Diaz,Gabriel return 37 yards to the GC47, out of bounds at GC47.","No Huddle-Shotgun Zrelak,Michael rush middle for 2 yards loss to the GC45 (Banghart,Owen)."
"20251004_s1ak",60,2,"pass_intercepted","Gettysburg",24,1,10,86,"Franklin and Marshall",FALSE,"No Huddle-Shotgun Clark,Sean pass intercepted by Carner,Rafe at FMC16 Carner,Rafe return 12 yards to the FMC28, out of bounds at FMC28 PENALTY FMC Personal Foul (Hadley,Austin) 14 yards from FMC28 to FMC14.","No Huddle-Shotgun Tremba,Ty pass complete deep to Lewis,Gary caught at FMC44, for 86 yards to the GC00 TOUCHDOWN, clock 05:09, 1ST DOWN."
"20251004_s1ak",61,2,"pass_complete","Franklin and Marshall",86,,,,"Gettysburg",TRUE,"No Huddle-Shotgun Tremba,Ty pass complete deep to Lewis,Gary caught at FMC44, for 86 yards to the GC00 TOUCHDOWN, clock 05:09, 1ST DOWN.","No Huddle Hunt,Landon rush middle for 3 yards gain to the GC31 (Banghart,Owen)."
"20251004_s1ak",63,2,"kickoff","Gettysburg",,1,10,72,"Gettysburg",FALSE,"Harlamov,Ivan kickoff 37 yards to the GC28 fair catch by Stubbs,Art at GC28.","No Huddle Hunt,Landon rush middle for 3 yards gain to the GC31 (Banghart,Owen)."
"20251004_s1ak",71,2,"rush","Gettysburg",41,1,10,59,"Franklin and Marshall",FALSE,"No Huddle-Shotgun Zrelak,Michael rush middle for 0 yards to the FMC41 (Kelley,LT; Hadley,Austin) PENALTY GC Holding declined, TURNOVER ON DOWNS.","No Huddle-Shotgun Tremba,Ty pass complete short right to Zawadzkas,Hudson caught at FMC46, for 9 yards to the FMC50 (Wells,Tyler), out of bounds."
"20251004_s1ak",76,2,"pass_incomplete","Franklin and Marshall",51,,,,,FALSE,"No Huddle-Shotgun Tremba,Ty pass incomplete deep left to Harrison,Jack thrown to GC20, TURNOVER ON DOWNS.",
"20251004_s1ak",77,3,"kickoff","Franklin and Marshall",,1,10,65,"Franklin and Marshall",FALSE,"Kruse,Nolan kickoff 55 yards to the FMC10, out of bounds at FMC10.","No Huddle-Shotgun Tremba,Ty pass complete short left to Harrison,Jack caught at FMC46, for 11 yards to the FMC46, out of bounds at FMC46, 1ST DOWN."
"20251004_s1ak",82,3,"rush","Franklin and Marshall",45,1,10,55,"Gettysburg",FALSE,"No Huddle-Shotgun Paris,Louis rush middle for 0 yards to the GC45 (Chostaka,Zach), TURNOVER ON DOWNS.","No Huddle-Shotgun Zrelak,Michael rush middle for 55 yards gain to the FMC00 TOUCHDOWN, clock 12:41, 1ST DOWN."
"20251004_s1ak",83,3,"rush","Gettysburg",55,,,,"Franklin and Marshall",TRUE,"No Huddle-Shotgun Zrelak,Michael rush middle for 55 yards gain to the FMC00 TOUCHDOWN, clock 12:41, 1ST DOWN.","No Huddle-Shotgun Valdez,Anthony rush left for 8 yards gain to the FMC33 (Weems,Ryan), out of bounds."
"20251004_s1ak",85,3,"kickoff","Franklin and Marshall",,1,10,75,"Franklin and Marshall",FALSE,"Kruse,Nolan kickoff 65 yards to the FMC00, Touchback.","No Huddle-Shotgun Valdez,Anthony rush left for 8 yards gain to the FMC33 (Weems,Ryan), out of bounds."
"20251004_s1ak",96,3,"field_goal_good","Franklin and Marshall",20,,,,"Gettysburg",TRUE,"Fleming,Michael field goal attempt from 37 yards GOOD (H: O'Brien,Daniel, LS: Lombardo,Teo), clock 08:00.","No Huddle-Shotgun Hunt,Landon rush middle for 2 yards gain to the GC29 (Keenan,Sam)."
"20251004_s1ak",97,3,"kickoff","Gettysburg",,1,10,73,"Gettysburg",FALSE,"Harlamov,Ivan kickoff 38 yards to the GC27 fair catch by Stubbs,Art at GC27.","No Huddle-Shotgun Hunt,Landon rush middle for 2 yards gain to the GC29 (Keenan,Sam)."
"20251004_s1ak",105,3,"pass_incomplete","Gettysburg",38,1,10,62,"Franklin and Marshall",FALSE,"No Huddle-Shotgun Clark,Sean pass incomplete short middle to Wonsala,Nick thrown to FMC28, TURNOVER ON DOWNS.","No Huddle-Shotgun Paris,Louis rush middle for 7 yards gain to the FMC45 (Shultz,Rob)."
"20251004_s1ak",116,4,"field_goal_good","Franklin and Marshall",25,,,,"Gettysburg",TRUE,"Fleming,Michael field goal attempt from 42 yards GOOD (H: O'Brien,Daniel, LS: Lombardo,Teo), clock 13:29.","No Huddle-Shotgun Zrelak,Michael rush middle for 4 yards gain to the GC34 (Kelley,LT; Hadley,Austin)."
"20251004_s1ak",117,4,"kickoff","Gettysburg",,1,10,70,"Gettysburg",FALSE,"Harlamov,Ivan kickoff 35 yards to the GC30 fair catch by Stubbs,Art at GC30.","No Huddle-Shotgun Zrelak,Michael rush middle for 4 yards gain to the GC34 (Kelley,LT; Hadley,Austin)."
"20251004_s1ak",121,4,"pass_complete","Gettysburg",53,,,,"Franklin and Marshall",TRUE,"No Huddle-Shotgun Clark,Sean pass complete deep left to Wonsala,Nick caught at FMC19, for 53 yards to the FMC00 TOUCHDOWN, clock 12:14, 1ST DOWN.","No Huddle-Shotgun Valdez,Anthony rush middle for 7 yards gain to the GC49 (Rhyne,Justin)."
"20251004_s1ak",124,4,"kickoff","Franklin and Marshall",,1,10,56,"Franklin and Marshall",FALSE,"Kruse,Nolan kickoff 54 yards to the FMC26 Marx,Oscar return 18 yards to the FMC44 (Weiss,RJ; Regula,Kevin).","No Huddle-Shotgun Valdez,Anthony rush middle for 7 yards gain to the GC49 (Rhyne,Justin)."
"20251004_s1ak",133,4,"pass_complete","Franklin and Marshall",8,,,,"Gettysburg",TRUE,"No Huddle-Shotgun Tremba,Ty pass complete short right to Eitner,Matt caught at GC01, for 8 yards to the GC00 TOUCHDOWN, clock 07:07.","No Huddle-Shotgun Clark,Sean pass complete short left to McCarren,James caught at GC20, for 3 yards to the GC21 (Evancho,Kyle)."
"20251004_s1ak",135,4,"kickoff","Gettysburg",,1,10,82,"Gettysburg",FALSE,"Harlamov,Ivan kickoff 32 yards to the GC33 fair catch by Stubbs,Art at GC33 PENALTY GC UNS: Unsportsmanlike Conduct (Stubbs,Art) 15 yards from GC33 to GC18.","No Huddle-Shotgun Clark,Sean pass complete short left to McCarren,James caught at GC20, for 3 yards to the GC21 (Evancho,Kyle)."
"20251004_s1ak",149,4,"pass_incomplete","Gettysburg",20,1,10,80,"Franklin and Marshall",FALSE,"(01:50) No Huddle Clark,Sean pass incomplete short middle to Wonsala,Nick thrown to FMC16 QB hurried by Marx,Oscar, TURNOVER ON DOWNS.","(01:45) No Huddle-Shotgun Paris,Louis rush middle for 5 yards gain to the FMC25 (Martin,Joey; Branin,George)."
"20251011_98xu",1,1,"kickoff","Gettysburg",,1,10,70,"Gettysburg",FALSE,"Worobel,Justin kickoff 40 yards to the GET25 fair catch by Stubbs,Art at GET25 PENALTY DSON Offside (Genilello,Jason) 5 yards from GET25 to GET30.","No Huddle-Shotgun Clark,Sean pass complete short middle to Wonsala,Nick caught at GET43, for 13 yards to the GET43, out of bounds at GET43, 1ST DOWN."
"20251011_98xu",7,1,"rush","Gettysburg",6,,,,"Dickinson",TRUE,"No Huddle-Shotgun Zrelak,Michael rush middle for 6 yards gain to the DSON00 TOUCHDOWN, clock 12:15, 1ST DOWN.","No Huddle-Shotgun Benning III,Cedric rush middle for 4 yards gain to the DSON43 (Chostaka,Zach)."
"20251011_98xu",9,1,"kickoff","Dickinson",,1,10,61,"Dickinson",FALSE,"Kruse,Nolan kickoff 28 yards to the DSON37 Benning III,Cedric return 2 yards to the DSON39, out of bounds at DSON39.","No Huddle-Shotgun Benning III,Cedric rush middle for 4 yards gain to the DSON43 (Chostaka,Zach)."
"20251011_98xu",17,1,"rush","Dickinson",1,,,,"Gettysburg",TRUE,"No Huddle-Shotgun Klassen,Ben rush middle for 1 yard gain to the GET00 TOUCHDOWN, clock 08:29.","No Huddle-Shotgun Zrelak,Michael rush middle for 4 yards gain to the GET19 (Garcia,Juan Pablo)."
"20251011_98xu",19,1,"kickoff","Gettysburg",,1,10,85,"Gettysburg",FALSE,"Worobel,Justin kickoff 64 yards to the GET01 Diaz,Gabriel return 14 yards to the GET15 (Kaufman,Marco).","No Huddle-Shotgun Zrelak,Michael rush middle for 4 yards gain to the GET19 (Garcia,Juan Pablo)."
"20251011_98xu",30,1,"field_goal_good","Gettysburg",28,,,,"Dickinson",TRUE,"Parks-Gill,Isaac field goal attempt from 45 yards GOOD (H: Comeau,Anthony, LS: Stubbs,Art), clock 03:48.","(03:48) No Huddle-Shotgun Klassen,Ben sacked for loss of 2 yards to the DSON31 (Estes,Alex)."
"20251011_98xu",31,1,"kickoff","Dickinson",,1,10,67,"Dickinson",FALSE,"Kruse,Nolan kickoff 32 yards to the DSON33 fair catch by Benning III,Cedric at DSON33.","(03:48) No Huddle-Shotgun Klassen,Ben sacked for loss of 2 yards to the DSON31 (Estes,Alex)."
"20251011_98xu",44,2,"pass_complete","Dickinson",4,,,,"Gettysburg",TRUE,"No Huddle-Shotgun Klassen,Ben pass complete short left to Mittendorfer,Moritz caught at GET00, for 4 yards to the GET00 TOUCHDOWN, clock 14:20, 1ST DOWN.","No Huddle-Shotgun Zrelak,Michael rush middle for 4 yards gain to the GET29 (Mulholland,Jimmy)."
"20251011_98xu",46,2,"kickoff","Gettysburg",,1,10,75,"Gettysburg",FALSE,"Worobel,Justin kickoff 65 yards to the GET00, Touchback.","No Huddle-Shotgun Zrelak,Michael rush middle for 4 yards gain to the GET29 (Mulholland,Jimmy)."
"20251011_98xu",53,2,"punt_no_return","Gettysburg",66,1,10,74,"Dickinson",FALSE,"Vanarsdale,Danny punt 40 yards to the DSON26 fair catch by Schmidt,Kevin at DSON26.","No Huddle-Shotgun Klassen,Ben pass incomplete short right to Schmidt,Kevin thrown to DSON32."
"20251011_98xu",60,2,"rush","Dickinson",22,,,,"Gettysburg",TRUE,"No Huddle-Shotgun Benning III,Cedric rush middle for 22 yards gain to the GET00 TOUCHDOWN, clock 09:54, 1ST DOWN.","No Huddle-Shotgun Clark,Sean pass complete short middle to Wonsala,Nick caught at GET50, for 9 yards to the GET50 (Barnes,Chris)."
"20251011_98xu",62,2,"kickoff","Gettysburg",,1,10,59,"Gettysburg",FALSE,"Worobel,Justin kickoff 65 yards to the GET00 Diaz,Gabriel return 41 yards to the GET41 (Moses,Josh).","No Huddle-Shotgun Clark,Sean pass complete short middle to Wonsala,Nick caught at GET50, for 9 yards to the GET50 (Barnes,Chris)."
"20251011_98xu",71,2,"field_goal_good","Gettysburg",21,,,,"Dickinson",TRUE,"Parks-Gill,Isaac field goal attempt from 38 yards GOOD (H: Comeau,Anthony, LS: Stubbs,Art), clock 05:38.","No Huddle-Shotgun Campbell,Keesean rush left for 10 yards gain to the DSON47 (Branin,George), 1ST DOWN."
"20251011_98xu",72,2,"kickoff","Dickinson",,1,10,63,"Dickinson",FALSE,"Kruse,Nolan kickoff 41 yards to the DSON24 Sorensen,Dane return 13 yards to the DSON37 (Patterson,Allen).","No Huddle-Shotgun Campbell,Keesean rush left for 10 yards gain to the DSON47 (Branin,George), 1ST DOWN."
"20251011_98xu",81,2,"rush","Dickinson",15,,,,"Gettysburg",TRUE,"(02:00) No Huddle-Shotgun Klassen,Ben rush middle for 15 yards gain to the GET00 TOUCHDOWN, clock 01:51, 1ST DOWN.","No Huddle-Shotgun Clark,Sean pass incomplete short left to Field,Jackson thrown to GET44."
"20251011_98xu",83,2,"kickoff","Gettysburg",,1,10,63,"Gettysburg",FALSE,"Worobel,Justin kickoff 35 yards to the GET30 Stubbs,Art return 7 yards to the GET37 (Moses,Josh).","No Huddle-Shotgun Clark,Sean pass incomplete short left to Field,Jackson thrown to GET44."
"20251011_98xu",92,2,"pass_intercepted","Gettysburg",35,1,10,23,"Dickinson",FALSE,"No Huddle-Shotgun Clark,Sean pass intercepted by Barnes,Chris at DSON26 Barnes,Chris return 51 yards to the GET23 (Shah,Harsh).","No Huddle-Shotgun Klassen,Ben pass intercepted by Breheney,Danny at GET05 Breheney,Danny return 30 yards to the GET35, out of bounds at GET35."
"20251011_98xu",93,2,"pass_intercepted","Dickinson",23,,,,,FALSE,"No Huddle-Shotgun Klassen,Ben pass intercepted by Breheney,Danny at GET05 Breheney,Danny return 30 yards to the GET35, out of bounds at GET35.",
"20251011_98xu",94,3,"kickoff","Dickinson",,1,10,75,"Dickinson",FALSE,"Kruse,Nolan kickoff 65 yards to the DSON00, Touchback.","No Huddle-Shotgun Klassen,Ben pass complete short right to Boyer,Kellen caught at DSON30, for 5 yards to the DSON30 (Breheney,Danny)."
"20251011_98xu",109,3,"pass_complete","Dickinson",1,,,,"Gettysburg",TRUE,"No Huddle-Shotgun Klassen,Ben pass complete short left to Boyer,Kellen caught at GET01, for 1 yard to the GET00 TOUCHDOWN, clock 08:04.","No Huddle-Shotgun Zrelak,Michael rush middle for 2 yards gain to the GET25 (Enghave,Valdemar; Orzolek,Sam)."
"20251011_98xu",111,3,"kickoff","Gettysburg",,1,10,77,"Gettysburg",FALSE,"Worobel,Justin kickoff 57 yards to the GET08 muffed by Diaz,Gabriel at GET08 recovered by GET Diaz,Gabriel at GET08 Diaz,Gabriel return 15 yards to the GET23 (Friebel,Leon; Heck,Gavin).","No Huddle-Shotgun Zrelak,Michael rush middle for 2 yards gain to the GET25 (Enghave,Valdemar; Orzolek,Sam)."
"20251011_98xu",123,3,"pass_complete","Gettysburg",5,,,,"Dickinson",TRUE,"No Huddle-Shotgun Clark,Sean pass complete short left to Wonsala,Nick caught at DSON00, for 5 yards to the DSON00 TOUCHDOWN, clock 01:34.","No Huddle-Shotgun Benning III,Cedric rush middle for 41 yards gain to the GET24 (Wells,Tyler), out of bounds, 1ST DOWN."
"20251011_98xu",125,3,"kickoff","Dickinson",,1,10,65,"Dickinson",FALSE,"Kruse,Nolan kickoff 49 yards to the DSON16 Sorensen,Dane return 19 yards to the DSON35 (Heagy,Wesley).","No Huddle-Shotgun Benning III,Cedric rush middle for 41 yards gain to the GET24 (Wells,Tyler), out of bounds, 1ST DOWN."
"20251011_98xu",130,4,"rush","Dickinson",6,,,,"Gettysburg",TRUE,"No Huddle-Shotgun Klassen,Ben rush left for 6 yards gain to the GET00 TOUCHDOWN, clock 14:18, 1ST DOWN.","No Huddle-Shotgun Clark,Sean pass incomplete short left to McCarren,James thrown to GET40 QB hurried by Jungmann,Cedric."
"20251011_98xu",132,4,"kickoff","Gettysburg",,1,10,69,"Gettysburg",FALSE,"Worobel,Justin kickoff 59 yards to the GET06 Diaz,Gabriel return 25 yards to the GET31 (Friebel,Leon).","No Huddle-Shotgun Clark,Sean pass incomplete short left to McCarren,James thrown to GET40 QB hurried by Jungmann,Cedric."
"20251011_98xu",142,4,"sack","Gettysburg",46,1,10,42,"Dickinson",FALSE,"No Huddle-Shotgun Clark,Sean sacked for loss of 12 yards to the GET42 (White,Domani), TURNOVER ON DOWNS.","No Huddle-Shotgun Klassen,Ben sacked for loss of 6 yards to the GET48 (DeLorenzo,Nate), fumble by Klassen,Ben recovered by DSON Sorensen,Dane at GET48, End Of Play. GET is challenging the ruling on the field - ""Runner was down by contact"". PLAY STANDS."
"20251011_98xu",148,4,"pass_complete","Dickinson",8,,,,"Gettysburg",TRUE,"No Huddle-Shotgun Klassen,Ben pass complete short left to Schmidt,Kevin caught at GET00, for 8 yards to the GET00 TOUCHDOWN, clock 08:02.","No Huddle-Shotgun Clark,Sean pass complete short left to Roskam,Jason caught at GET29, for 4 yards to the GET33 (Garcia,Juan Pablo; White,Domani)."
"20251011_98xu",151,4,"kickoff","Gettysburg",,1,10,71,"Gettysburg",FALSE,"Worobel,Justin kickoff 66 yards to the GET14 Diaz,Gabriel return 15 yards to the GET29 (Heck,Gavin).","No Huddle-Shotgun Clark,Sean pass complete short left to Roskam,Jason caught at GET29, for 4 yards to the GET33 (Garcia,Juan Pablo; White,Domani)."
"20251011_98xu",161,4,"pass_incomplete","Gettysburg",18,1,10,82,"Dickinson",FALSE,"No Huddle-Shotgun Clark,Sean pass incomplete short middle to Wonsala,Nick thrown to DSON06, TURNOVER ON DOWNS.","No Huddle-Shotgun Campbell,Keesean rush right for 31 yards gain to the DSON49, out of bounds at DSON49, 1ST DOWN."
"20251011_ew1x",1,1,"kickoff","McDaniel",,1,10,81,"McDaniel",FALSE,"Carr,Jordan kickoff 64 yards to the MCD01 Smith,David return 18 yards to the MCD19 (Dennis,Musyn).","No Huddle-Shotgun Booker,Jayden pass complete short left to Cobbs,Micajah caught at MCD14, for 4 yards to the MCD23 (Agar,Matt; Strusowski,Nick)."
"20251011_ew1x",6,1,"pass_intercepted","McDaniel",40,1,10,70,"Ursinus",FALSE,"No Huddle-Shotgun Booker,Jayden pass intercepted by Robinson,Kendall at UCB18 Robinson,Kendall return 12 yards to the UCB30, out of bounds at UCB30.","No Huddle-Shotgun Jones,Brooklyn rush middle for 4 yards gain to the UCB34 (Wolf,Connor)."
"20251011_ew1x",10,1,"pass_complete","Ursinus",60,,,,"McDaniel",TRUE,"No Huddle-Shotgun Machado,Tristan pass complete short middle to Roberts-Jackson,Markel caught at UCB46, for 60 yards to the MCD00 TOUCHDOWN, clock 10:09, 1ST DOWN.","No Huddle-Shotgun Cobbs,Micajah rush right for 0 yards to the MCD30 (Turber-Ortiz,Ethan)."
"20251011_ew1x",12,1,"kickoff","McDaniel",,1,10,70,"McDaniel",FALSE,"Carr,Jordan kickoff 60 yards to the MCD05 Smith,David return 25 yards to the MCD30 (Clarke,D.J.).","No Huddle-Shotgun Cobbs,Micajah rush right for 0 yards to the MCD30 (Turber-Ortiz,Ethan)."
"20251011_ew1x",16,1,"punt_no_return","McDaniel",70,1,10,57,"Ursinus",FALSE,"Fritz,Braden punt 27 yards to the UCB43 fair catch by Donahue,Aidan at UCB43.","No Huddle-Shotgun Bernard,Jason rush left for 6 yards gain to the UCB49 (Williams,Kendrick)."
"20251011_ew1x",25,1,"pass_complete","Ursinus",6,,,,"McDaniel",TRUE,"No Huddle-Shotgun Machado,Tristan pass complete short middle to Roberts-Jackson,Markel caught at MCD00, for 6 yards to the MCD00 TOUCHDOWN, clock 04:57.","No Huddle-Shotgun Booker,Jayden pass incomplete short middle to Wendel,Grayson thrown to MCD45."
"20251011_ew1x",27,1,"kickoff","McDaniel",,1,10,71,"McDaniel",FALSE,"Carr,Jordan kickoff 58 yards to the MCD07 Smith,David return 22 yards to the MCD29 (Carr,Jordan).","No Huddle-Shotgun Booker,Jayden pass incomplete short middle to Wendel,Grayson thrown to MCD45."
"20251011_ew1x",34,1,"punt_with_return","McDaniel",52,1,10,92,"Ursinus",FALSE,"Fritz,Braden punt 37 yards to the UCB15 Donahue,Aidan return 1 yard to the UCB16 (Ivory,Mehari) PENALTY UCB Illegal Block in Back (Zigbuo,Andy) 8 yards from UCB16 to UCB08.","No Huddle-Shotgun Bernard,Jason rush middle for 8 yards gain to the UCB16 (Murphy,Malachi)."
"20251011_ew1x",41,2,"pass_complete","Ursinus",65,,,,"McDaniel",TRUE,"No Huddle-Shotgun Machado,Tristan pass complete deep right to Roselle,Aidan caught at MCD25, for 65 yards to the MCD00 TOUCHDOWN, clock 14:04, 1ST DOWN.","No Huddle-Shotgun Booker,Jayden pass complete deep left to Wendel,Grayson caught at MCD28, for 22 yards to the MCD28 (Ziegler,Jake), 1ST DOWN."
"20251011_ew1x",43,2,"kickoff","McDaniel",,1,10,94,"McDaniel",FALSE,"Carr,Jordan kickoff 59 yards to the MCD06 Smith,David return 6 yards to the MCD12 (Rankins,Ky'iere; Mulhall,Jack) PENALTY MCD Illegal Block in Back 6 yards from MCD12 to MCD06.","No Huddle-Shotgun Booker,Jayden pass complete deep left to Wendel,Grayson caught at MCD28, for 22 yards to the MCD28 (Ziegler,Jake), 1ST DOWN."
"20251011_ew1x",54,2,"sack","McDaniel",34,1,10,53,"Ursinus",FALSE,"No Huddle-Shotgun Booker,Jayden sacked for loss of 13 yards to the UCB47 (Rios,Aaron), fumble by Booker,Jayden recovered by UCB Rios,Aaron at UCB47, End Of Play.","No Huddle-Shotgun Bernard,Jason rush middle for 3 yards gain to the UCB50 (LeGrande,Taevon; Are,David)."
"20251011_ew1x",58,2,"punt_no_return","Ursinus",49,1,10,83,"McDaniel",FALSE,"Carr,Jordan punt 32 yards to the MCD17, out of bounds at MCD17.","No Huddle-Shotgun Booker,Jayden rush middle for 4 yards loss to the MCD13 (Robinson,Kendall)."
"20251011_ew1x",63,2,"pass_intercepted","McDaniel",67,,,,"McDaniel",TRUE,"No Huddle-Shotgun Booker,Jayden pass intercepted by Clarke,D.J. at MCD30 Clarke,D.J. return 30 yards to the MCD00 TOUCHDOWN, clock 06:15.","No Huddle-Shotgun James,Cordae rush middle for 5 yards gain to the MCD40 (Oates,Jaheim; Turber-Ortiz,Ethan)."
"20251011_ew1x",65,2,"kickoff","McDaniel",,1,10,65,"McDaniel",FALSE,"Carr,Jordan kickoff 55 yards to the MCD10, out of bounds at MCD10.","No Huddle-Shotgun James,Cordae rush middle for 5 yards gain to the MCD40 (Oates,Jaheim; Turber-Ortiz,Ethan)."
"20251011_ew1x",72,2,"pass_intercepted","McDaniel",37,1,10,80,"Ursinus",FALSE,"No Huddle-Shotgun Booker,Jayden pass intercepted by Esposito,Anthony at UCB20, End Of Play.","No Huddle-Shotgun Jones,Brooklyn rush left for 2 yards gain to the UCB22 (Shingler,Kyree; Williams,Kendrick)."
"20251011_ew1x",79,2,"punt_no_return","Ursinus",44,1,10,99,"McDaniel",FALSE,"Carr,Jordan punt 43 yards to the MCD01.","No Huddle-Shotgun Booker,Jayden pass complete short left to Marsh,Logan caught at MCD00, for 13 yards to the MCD14 (Rios,Aaron), 1ST DOWN."
"20251011_ew1x",84,2,"punt_no_return","McDaniel",83,1,10,48,"Ursinus",FALSE,"Fritz,Braden punt 31 yards to the MCD48 fair catch by Donahue,Aidan at MCD48.","No Huddle-Shotgun Machado,Tristan pass incomplete short middle to Jones,Brooklyn thrown to MCD45."
"20251011_ew1x",87,3,"kickoff","Ursinus",,1,10,45,"Ursinus",FALSE,"Fritz,Braden kickoff 48 yards to the UCB17 Roselle,Aidan return 38 yards to the MCD45 (Fritz,Braden).","No Huddle-Shotgun Bernard,Jason rush left for 26 yards gain to the MCD19 (Murphy,Malachi; Williams,Kendrick), out of bounds, 1ST DOWN."
"20251011_ew1x",93,3,"pass_complete","Ursinus",4,,,,"McDaniel",TRUE,"No Huddle-Shotgun Machado,Tristan pass complete short middle to Roselle,Aidan caught at MCD00, for 4 yards to the MCD00 TOUCHDOWN, clock 12:45.","No Huddle-Shotgun Booker,Jayden pass complete short left to St. Germain,Christian caught at MCD35, for 13 yards to the MCD35 (Ziegler,Jake), out of bounds, 1ST DOWN."
"20251011_ew1x",95,3,"kickoff","McDaniel",,1,10,78,"McDaniel",FALSE,"Kiedrowski,Ben kickoff 64 yards to the MCD01 Smith,David return 21 yards to the MCD22 (Lawson,Tim; Ratcliffe,Will).","No Huddle-Shotgun Booker,Jayden pass complete short left to St. Germain,Christian caught at MCD35, for 13 yards to the MCD35 (Ziegler,Jake), out of bounds, 1ST DOWN."
"20251011_ew1x",100,3,"punt_with_return","McDaniel",60,1,10,65,"Ursinus",FALSE,"Fritz,Braden punt 41 yards to the UCB19 Donahue,Aidan return 16 yards to the UCB35 (Kemp,Augustus).","No Huddle-Shotgun Jones,Brooklyn rush middle for 6 yards gain to the UCB41 (Cowling,Evan; LeGrande,Taevon)."
"20251011_ew1x",103,3,"pass_intercepted","Ursinus",59,1,10,18,"McDaniel",FALSE,"No Huddle-Shotgun Machado,Tristan pass intercepted by Murphy,Malachi at UCB48 Murphy,Malachi return 30 yards to the UCB18 (Shissler,Luke).","No Huddle-Shotgun Cobbs,Micajah rush middle for 0 yards to the UCB18 (Small,Jonathon; Oates,Jaheim)."
"20251011_ew1x",107,3,"field_goal_missed","McDaniel",19,1,10,80,"Ursinus",FALSE,"Fritz,Braden field goal attempt from 36 yards NO GOOD (H: Miller,Tony, LS: Kemp,Augustus), clock 07:15.","No Huddle-Shotgun Jones,Brooklyn rush middle for 6 yards gain to the UCB26 (McLean,Shawn; Thornton,Jaden)."
"20251011_ew1x",116,3,"rush","Ursinus",4,,,,"McDaniel",TRUE,"No Huddle-Shotgun Louis,Jaden rush middle for 4 yards gain to the MCD00 TOUCHDOWN, clock 02:03.","No Huddle-Shotgun Booker,Jayden pass intercepted by Strusowski,Nick at MCD40 QB hurried by Small,Jonathon Strusowski,Nick return 3 yards to the MCD37, out of bounds at MCD37."
"20251011_ew1x",118,3,"kickoff","McDaniel",,1,10,77,"McDaniel",FALSE,"Kiedrowski,Ben kickoff 60 yards to the MCD05 Wagner,Jacob return 18 yards to the MCD23 (Ratcliffe,Will; Lawson,Tim).","No Huddle-Shotgun Booker,Jayden pass intercepted by Strusowski,Nick at MCD40 QB hurried by Small,Jonathon Strusowski,Nick return 3 yards to the MCD37, out of bounds at MCD37."
"20251011_ew1x",119,3,"pass_intercepted","McDaniel",77,1,10,37,"Ursinus",FALSE,"No Huddle-Shotgun Booker,Jayden pass intercepted by Strusowski,Nick at MCD40 QB hurried by Small,Jonathon Strusowski,Nick return 3 yards to the MCD37, out of bounds at MCD37.","No Huddle-Shotgun Barnes,Keigan rush middle for 21 yards gain to the MCD16 (Murphy,Malachi; Allen,Bryce), 1ST DOWN."
"20251011_ew1x",124,4,"field_goal_good","Ursinus",11,,,,"McDaniel",TRUE,"Kiedrowski,Ben field goal attempt from 29 yards GOOD (H: Paturzo,Alan, LS: McSorley,John), clock 14:56.","No Huddle-Shotgun James,Cordae rush middle for 0 yards to the MCD25 (Echols,Will; Barrar,Ethan)."
"20251011_ew1x",125,4,"kickoff","McDaniel",,1,10,75,"McDaniel",FALSE,"Kiedrowski,Ben kickoff 65 yards to the MCD00, Touchback.","No Huddle-Shotgun James,Cordae rush middle for 0 yards to the MCD25 (Echols,Will; Barrar,Ethan)."
"20251011_ew1x",129,4,"punt_no_return","McDaniel",70,1,10,78,"Ursinus",FALSE,"Fritz,Braden punt 48 yards to the UCB22.","No Huddle-Shotgun Kmett,Andrew rush middle for 2 yards gain to the UCB24 (Hurley,Dominic; Wendel,Lincoln)."
"20251011_ew1x",133,4,"punt_no_return","Ursinus",82,1,10,87,"McDaniel",FALSE,"Kiedrowski,Ben punt 69 yards to the MCD13.","No Huddle-Shotgun Cobbs,Micajah rush middle for 5 yards gain to the MCD18 (Zigbuo,Andy), out of bounds."
"20251011_ew1x",139,4,"punt_no_return","McDaniel",65,1,10,63,"Ursinus",FALSE,"Fritz,Braden punt 28 yards to the UCB37 fair catch by Donahue,Aidan at UCB37.","No Huddle-Shotgun Green,Devon rush middle for 5 yards gain to the UCB42 (Stenger,Jimmy; Thornton,Jaden)."
"20251011_ew1x",153,4,"rush","Ursinus",13,,,,"McDaniel",TRUE,"No Huddle-Shotgun Shepherd,Justin rush right for 13 yards gain to the MCD00 TOUCHDOWN, clock 02:23.","No Huddle-Shotgun Granado Jr,Angel pass incomplete short middle to Penzone,Jack thrown to MCD30."
"20251011_ew1x",155,4,"kickoff","McDaniel",,1,10,75,"McDaniel",FALSE,"Kiedrowski,Ben kickoff 65 yards to the MCD00, Touchback.","No Huddle-Shotgun Granado Jr,Angel pass incomplete short middle to Penzone,Jack thrown to MCD30."
"20251011_ew1x",159,4,"punt_no_return","McDaniel",70,1,10,58,"Ursinus",FALSE,"Fritz,Braden punt 28 yards to the UCB42.","No Huddle-Shotgun Dunn,Spencer rush middle for 3 yards gain to the UCB45 (White,Gabe)."
"20251011_kqku",1,1,"kickoff","Franklin and Marshall",,1,10,83,"Franklin and Marshall",FALSE,"D'Amico,Nicholas kickoff 60 yards to the F&M05 Kilpatrick,Eian return 12 yards to the F&M17 (Papa,Joseph; Lopez,Jeremy).","No Huddle-Shotgun Tremba,Ty rush middle for 0 yards to the F&M17 (Schafer,Alex; Rispoli,Vincent)."
"20251011_kqku",16,1,"pass_complete","Franklin and Marshall",24,,,,"Muhlenberg",TRUE,"No Huddle-Shotgun Tremba,Ty pass complete deep left to Lewis,Gary caught at MUHL00, for 24 yards to the MUHL00 TOUCHDOWN, clock 08:04, 1ST DOWN.","No Huddle-Shotgun Mahaffey,Dante pass incomplete deep middle to Pasols,Caleb thrown to F&M35."
"20251011_kqku",18,1,"kickoff","Muhlenberg",,1,10,70,"Muhlenberg",FALSE,"Harlamov,Ivan kickoff 49 yards to the MUHL16 Manning,Matthew return 14 yards to the MUHL30 (Aravides,Nick; Coscia,Dean).","No Huddle-Shotgun Mahaffey,Dante pass incomplete deep middle to Pasols,Caleb thrown to F&M35."
"20251011_kqku",24,1,"punt_with_return","Muhlenberg",57,1,10,86,"Franklin and Marshall",FALSE,"Morris,Sam punt 44 yards to the F&M13 Albero,Chris return 1 yard to the F&M14 (Mckinnie,Demonte).","No Huddle-Shotgun Paris,Louis rush left for 12 yards gain to the F&M26 (Cerruti,Thomas), 1ST DOWN."
"20251011_kqku",30,1,"punt_with_return","Franklin and Marshall",68,1,10,77,"Muhlenberg",FALSE,"Harlamov,Ivan punt 45 yards to the MUHL23 muffed by Donnelly,Tommy at MUHL23 recovered by MUHL Donnelly,Tommy at MUHL23 Donnelly,Tommy return 0 yards to the MUHL23 (Cornella,Trey).","No Huddle-Shotgun Schaffer-Neitz,Isaac rush middle for 0 yards to the MUHL23 (Kelley,LT)."
"20251011_kqku",34,1,"punt_no_return","Muhlenberg",77,1,10,67,"Franklin and Marshall",FALSE,"Morris,Sam punt 44 yards to the F&M33.","No Huddle-Shotgun Valdez,Anthony rush right for 1 yard gain to the F&M34 (Cerruti,Thomas)."
"20251011_kqku",40,2,"punt_no_return","Franklin and Marshall",46,1,10,85,"Muhlenberg",FALSE,"Harlamov,Ivan punt 31 yards to the MUHL15 fair catch by Donnelly,Tommy at MUHL15.","No Huddle-Shotgun Mahaffey,Dante pass incomplete short left thrown to MUHL15 broken up by Hadley,Austin."
"20251011_kqku",44,2,"punt_with_return","Muhlenberg",85,1,10,57,"Franklin and Marshall",FALSE,"Morris,Sam punt 52 yards to the F&M33 Albero,Chris return 10 yards to the F&M43 (Dauberman,Leo).","No Huddle-Shotgun Paris,Louis rush middle for 3 yards gain to the F&M46 (Elliott,Peyton; O'Malley,Mick)."
"20251011_kqku",48,2,"punt_with_return","Franklin and Marshall",54,1,10,97,"Muhlenberg",FALSE,"Harlamov,Ivan punt 49 yards to the MUHL05 Donnelly,Tommy return for loss of 2 yards to the MUHL03 (Cornella,Trey; MacCabe,Declan).","No Huddle-Shotgun Schaffer-Neitz,Isaac rush middle for 4 yards gain to the MUHL07 (Checchio,Kyle; Albero,Chris)."
"20251011_kqku",60,2,"pass_complete","Muhlenberg",5,,,,"Franklin and Marshall",TRUE,"No Huddle-Shotgun Mahaffey,Dante pass complete short middle to Runfolo,John caught at F&M00, for 5 yards to the F&M00 TOUCHDOWN, clock 07:42.","No Huddle-Shotgun Paris,Louis rush right for 2 yards loss to the F&M23 (Cerruti,Thomas; Rispoli,Vincent)."
"20251011_kqku",62,2,"kickoff","Franklin and Marshall",,1,10,75,"Franklin and Marshall",FALSE,"D'Amico,Nicholas kickoff 65 yards to the F&M00, Touchback.","No Huddle-Shotgun Paris,Louis rush right for 2 yards loss to the F&M23 (Cerruti,Thomas; Rispoli,Vincent)."
"20251011_kqku",65,2,"pass_intercepted","Franklin and Marshall",74,1,10,49,"Muhlenberg",FALSE,"No Huddle-Shotgun Tremba,Ty pass intercepted by Sylvester,Aaron at MUHL40 Sylvester,Aaron return 11 yards to the F&M49 (Lewis,Gary).","No Huddle-Shotgun Manning,Matthew rush left for 3 yards loss to the MUHL48 (Banghart,Owen)."
"20251011_kqku",73,2,"punt_with_return","Muhlenberg",40,1,10,85,"Franklin and Marshall",FALSE,"Morris,Sam punt 28 yards to the F&M12 Albero,Chris return 3 yards to the F&M15 (Dauberman,Leo; Mckinnie,Demonte).","No Huddle-Shotgun Tremba,Ty pass complete short right to Lewis,Gary caught at F&M22, for 7 yards to the F&M22, out of bounds at F&M22."
"20251011_kqku",82,2,"punt_no_return","Franklin and Marshall",44,1,10,86,"Muhlenberg",FALSE,"Harlamov,Ivan punt 30 yards to the MUHL14.","No Huddle-Shotgun Schaffer-Neitz,Isaac rush middle for 5 yards gain to the MUHL19 (Keenan,Sam)."
"20251011_kqku",84,3,"kickoff","Muhlenberg",,1,10,64,"Muhlenberg",FALSE,"Harlamov,Ivan kickoff 37 yards to the MUHL28 Reph,Caden return 8 yards to the MUHL36 (Medlar,Nico).","No Huddle-Shotgun Mahaffey,Dante pass complete short left to Holland,Chris caught at MUHL46, for 16 yards to the F&M48 (Carner,Rafe), 1ST DOWN."
"20251011_kqku",96,3,"pass_complete","Muhlenberg",5,,,,"Franklin and Marshall",TRUE,"No Huddle-Shotgun Mahaffey,Dante pass complete short right to Reph,Caden caught at F&M00, for 5 yards to the F&M00 TOUCHDOWN, clock 10:01.","No Huddle-Shotgun Tremba,Ty pass complete short right to Zawadzkas,Hudson caught at F&M31, for 13 yards to the F&M38 (Elliott,Peyton), 1ST DOWN."
"20251011_kqku",98,3,"kickoff","Franklin and Marshall",,1,10,75,"Franklin and Marshall",FALSE,"D'Amico,Nicholas kickoff 65 yards to the F&M00, Touchback.","No Huddle-Shotgun Tremba,Ty pass complete short right to Zawadzkas,Hudson caught at F&M31, for 13 yards to the F&M38 (Elliott,Peyton), 1ST DOWN."
"20251011_kqku",107,3,"pass_complete","Franklin and Marshall",4,,,,"Muhlenberg",TRUE,"No Huddle-Shotgun Tremba,Ty pass complete short left to Zawadzkas,Hudson caught at MUHL01, for 4 yards to the MUHL00 TOUCHDOWN, clock 05:30.","No Huddle-Shotgun Schaffer-Neitz,Isaac rush middle for 2 yards gain to the MUHL30 (Albero,Chris)."
"20251011_kqku",110,3,"kickoff","Muhlenberg",,1,10,72,"Muhlenberg",FALSE,"Harlamov,Ivan kickoff 60 yards to the MUHL20 Short,Christopher return for loss of 4 yards to the MUHL16 fumbled by Short,Christopher at MUHL16 recovered by MUHL Short,Christopher at MUHL16 (Aravides,Nick).","No Huddle-Shotgun Schaffer-Neitz,Isaac rush middle for 2 yards gain to the MUHL30 (Albero,Chris)."
"20251011_kqku",112,3,"pass_intercepted","Muhlenberg",70,1,10,35,"Franklin and Marshall",FALSE,"No Huddle-Shotgun Mahaffey,Dante pass intercepted by Wertz,Matt at MUHL35, End Of Play.","No Huddle-Shotgun Tremba,Ty rush middle for 1 yard gain to the MUHL34 (Smid,Tom; Cerruti,Thomas)."
"20251011_kqku",115,3,"pass_complete","Franklin and Marshall",34,,,,"Muhlenberg",TRUE,"No Huddle-Shotgun Tremba,Ty pass complete deep middle to Harrison,Jack caught at MUHL00, for 34 yards to the MUHL00 TOUCHDOWN, clock 03:50, 1ST DOWN.","No Huddle-Shotgun Mahaffey,Dante pass complete short right to Pasols,Caleb caught at MUHL35, for 1 yard loss to the MUHL34 (Checchio,Kyle; Albero,Chris)."
"20251011_kqku",117,3,"kickoff","Muhlenberg",,1,10,65,"Muhlenberg",FALSE,"Harlamov,Ivan kickoff 48 yards to the MUHL17 Short,Christopher return 18 yards to the MUHL35 (Medlar,Nico).","No Huddle-Shotgun Mahaffey,Dante pass complete short right to Pasols,Caleb caught at MUHL35, for 1 yard loss to the MUHL34 (Checchio,Kyle; Albero,Chris)."
"20251011_kqku",128,4,"pass_complete","Muhlenberg",24,,,,"Franklin and Marshall",TRUE,"No Huddle-Shotgun Mahaffey,Dante pass complete deep right to Mack,Aidan caught at F&M00, for 24 yards to the F&M00 TOUCHDOWN, clock 14:12, 1ST DOWN.","No Huddle-Shotgun Paris,Louis rush middle for 0 yards to the F&M35 (Schafer,Alex; Cerruti,Thomas)."
"20251011_kqku",130,4,"kickoff","Franklin and Marshall",,1,10,65,"Franklin and Marshall",FALSE,"D'Amico,Nicholas kickoff 32 yards to the MUHL03, out of bounds at MUHL03.","No Huddle-Shotgun Paris,Louis rush middle for 0 yards to the F&M35 (Schafer,Alex; Cerruti,Thomas)."
"20251011_kqku",137,4,"pass_complete","Franklin and Marshall",33,,,,"Muhlenberg",TRUE,"No Huddle-Shotgun Tremba,Ty pass complete deep left to Lewis,Gary caught at MUHL00, for 33 yards to the MUHL00 TOUCHDOWN, clock 11:03, 1ST DOWN.","No Huddle-Shotgun Schaffer-Neitz,Isaac rush middle for 1 yard loss to the MUHL24 (Kelley,LT)."
"20251011_kqku",139,4,"kickoff","Muhlenberg",,1,10,75,"Muhlenberg",FALSE,"Harlamov,Ivan kickoff 65 yards to the MUHL00, Touchback.","No Huddle-Shotgun Schaffer-Neitz,Isaac rush middle for 1 yard loss to the MUHL24 (Kelley,LT)."
"20251011_kqku",143,4,"punt_no_return","Muhlenberg",68,1,10,74,"Franklin and Marshall",FALSE,"Morris,Sam punt 42 yards to the F&M26 fair catch by Albero,Chris at F&M26.","No Huddle-Shotgun Paris,Louis rush middle for 7 yards gain to the F&M33 (Kearney,CJ; Cerruti,Thomas)."
"20251011_kqku",147,4,"punt_no_return","Franklin and Marshall",65,1,10,77,"Muhlenberg",FALSE,"Harlamov,Ivan punt 42 yards to the MUHL23 fair catch by Donnelly,Tommy at MUHL23.","No Huddle-Shotgun Mahaffey,Dante pass incomplete deep middle to Reph,Caden thrown to MUHL45."
"20251011_kqku",151,4,"punt_no_return","Muhlenberg",71,1,10,61,"Franklin and Marshall",FALSE,"Morris,Sam punt 32 yards to the F&M39 fair catch by Albero,Chris at F&M39.","No Huddle-Shotgun Tremba,Ty pass complete short right to Zawadzkas,Hudson caught at F&M43, for 7 yards to the F&M46 (Sylvester,Aaron)."
"20251011_kqku",161,4,"field_goal_missed","Franklin and Marshall",17,1,10,80,"Muhlenberg",FALSE,"Fleming,Michael field goal attempt from 34 yards NO GOOD (H: O'Brien,Daniel, LS: Galligan,Will), clock 02:21.","No Huddle-Shotgun Mahaffey,Dante pass complete short right to Schaffer-Neitz,Isaac caught at MUHL24, for 4 yards to the MUHL24, out of bounds at MUHL24."
"20251011_kqku",172,4,"pass_complete","Muhlenberg",5,,,,"Franklin and Marshall",TRUE,"No Huddle-Shotgun Mahaffey,Dante pass complete short left to Hack,Wes caught at F&M00, for 5 yards to the F&M00 TOUCHDOWN, clock 00:38.","Kneel down by Franklin & Marshall at MUHL49 for loss of 4 yards."
"20251011_kqku",174,4,"kickoff","Franklin and Marshall",,1,10,45,"Franklin and Marshall",FALSE,"D'Amico,Nicholas onside kickoff 10 yards to the MUHL45, End Of Play.","Kneel down by Franklin & Marshall at MUHL49 for loss of 4 yards."
"20251011_t8bp",1,1,"kickoff","Carnegie Mellon",,1,10,76,"Carnegie Mellon",FALSE,"Wayt,Kaleb kickoff 60 yards to the CMU05 Johnson,DJ return 19 yards to the CMU24 (Hogg,Carter).","No Huddle-Shotgun McGinnis IV,Joey pass complete deep right to McCullough,Brendan caught at JHU45, for 39 yards to the JHU37 (Hallal,David; Schondelmayer,Jack), 1ST DOWN."
"20251011_t8bp",11,1,"pass_complete","Carnegie Mellon",1,,,,"Johns Hopkins",TRUE,"No Huddle-Shotgun Wamhoff,Mark pass complete short right to McCullough,Brendan caught at JHU02, for 1 yard to the JHU00 TOUCHDOWN, clock 10:44.","No Huddle-Shotgun Schroeder,Geoff rush left for 1 yard gain to the JHU17 (Tarke,Leighton)."
"20251011_t8bp",14,1,"kickoff","Johns Hopkins",,1,10,84,"Johns Hopkins",FALSE,"Godhard,Noah kickoff 65 yards to the JHU00 Moore,Josh return 16 yards to the JHU16 (Bishop,Lucas).","No Huddle-Shotgun Schroeder,Geoff rush left for 1 yard gain to the JHU17 (Tarke,Leighton)."
"20251011_t8bp",21,1,"punt_blocked","Johns Hopkins",54,1,10,34,"Carnegie Mellon",FALSE,"Alley,Chase punt 0 yards to the JHU46 blocked by Bishop,Lucas recovered by CMU Cho,Sam at JHU34, End Of Play.","No Huddle-Shotgun McGinnis IV,Joey pass complete short left to McCullough,Brendan caught at JHU26, for 12 yards to the JHU22 (Olah,Kevin), 1ST DOWN."
"20251011_t8bp",26,1,"field_goal_good","Carnegie Mellon",22,,,,"Johns Hopkins",TRUE,"Caputo,Justin field goal attempt from 39 yards GOOD (H: Salters,Jackson, LS: Orlando,Joey), clock 05:58.","No Huddle-Shotgun Harvey,Bay pass complete short left to Moore,Josh caught at JHU50, for 14 yards to the JHU50, End Of Play, 1ST DOWN."
"20251011_t8bp",27,1,"kickoff","Johns Hopkins",,1,10,64,"Johns Hopkins",FALSE,"Godhard,Noah kickoff 62 yards to the JHU03 Moore,Josh return 33 yards to the JHU36 (Loureiro,Eric).","No Huddle-Shotgun Harvey,Bay pass complete short left to Moore,Josh caught at JHU50, for 14 yards to the JHU50, End Of Play, 1ST DOWN."
"20251011_t8bp",42,2,"pass_intercepted","Johns Hopkins",10,1,10,96,"Carnegie Mellon",FALSE,"No Huddle-Shotgun Harvey,Bay pass intercepted by Warren,Connor at CMU04 broken up by Woodside,Mareks, End Of Play.","No Huddle-Shotgun Valente,Giacomo rush middle for 1 yard gain to the CMU05 (Smith,Jackson; Olson,Sawyer)."
"20251011_t8bp",52,2,"pass_complete","Carnegie Mellon",1,,,,"Johns Hopkins",TRUE,"No Huddle-Shotgun Wamhoff,Mark pass complete short middle to Vallano,Anthony caught at JHU00, for 1 yard to the JHU00 TOUCHDOWN, clock 08:22, 1ST DOWN.","No Huddle-Shotgun Harvey,Bay pass incomplete deep right to Crotty,Cole thrown to CMU35 PENALTY CMU Pass Interference (Ming,Ethan) 15 yards from JHU25 to JHU40, 1ST DOWN. NO PLAY."
"20251011_t8bp",54,2,"kickoff","Johns Hopkins",,1,10,75,"Johns Hopkins",FALSE,"Godhard,Noah kickoff 64 yards to the JHU01 Moore,Josh return 24 yards to the JHU25 (Russo,Chad; Sturges,Robert).","No Huddle-Shotgun Harvey,Bay pass incomplete deep right to Crotty,Cole thrown to CMU35 PENALTY CMU Pass Interference (Ming,Ethan) 15 yards from JHU25 to JHU40, 1ST DOWN. NO PLAY."
"20251011_t8bp",64,2,"rush","Johns Hopkins",4,,,,"Carnegie Mellon",TRUE,"No Huddle-Shotgun Harvey,Bay rush right for 4 yards gain to the CMU00 TOUCHDOWN, clock 03:59.","PENALTY CMU False Start (Llenza,Zach) 5 yards from CMU28 to CMU23. NO PLAY."
"20251011_t8bp",66,2,"kickoff","Carnegie Mellon",,1,10,72,"Carnegie Mellon",FALSE,"Wayt,Kaleb kickoff 65 yards to the CMU00 McCullough,Nick return 28 yards to the CMU28 (Kramer,Spencer; Trainer,Browning).","PENALTY CMU False Start (Llenza,Zach) 5 yards from CMU28 to CMU23. NO PLAY."
"20251011_t8bp",72,2,"pass_complete","Carnegie Mellon",21,,,,"Johns Hopkins",TRUE,"No Huddle-Shotgun McGinnis IV,Joey pass complete deep left to McCullough,Nick caught at JHU00, for 21 yards to the JHU00 TOUCHDOWN, clock 01:53, 1ST DOWN.","No Huddle-Shotgun Harvey,Bay pass incomplete short right to Martini,Chad thrown to JHU30."
"20251011_t8bp",74,2,"kickoff","Johns Hopkins",,1,10,75,"Johns Hopkins",FALSE,"Godhard,Noah kickoff 65 yards to the JHU00 Semrad,Griffin return 25 yards to the JHU25 (Loureiro,Eric; Russo,Chad).","No Huddle-Shotgun Harvey,Bay pass incomplete short right to Martini,Chad thrown to JHU30."
"20251011_t8bp",87,3,"kickoff","Johns Hopkins",,1,10,75,"Johns Hopkins",FALSE,"Godhard,Noah kickoff 65 yards to the JHU00, Touchback.","No Huddle-Shotgun Schroeder,Geoff rush left for 3 yards gain to the JHU28 (Ming,Ethan; Warren,Connor)."
"20251011_t8bp",97,3,"pass_complete","Johns Hopkins",39,,,,"Carnegie Mellon",TRUE,"No Huddle-Shotgun Harvey,Bay pass complete short middle to Moore,Josh caught at CMU32, for 39 yards to the CMU00 TOUCHDOWN, clock 10:03, 1ST DOWN.","No Huddle-Shotgun McGinnis IV,Joey rush left for 2 yards gain to the CMU27 (Trainer,Browning; Seibert,Will)."
"20251011_t8bp",99,3,"kickoff","Carnegie Mellon",,1,10,75,"Carnegie Mellon",FALSE,"Wayt,Kaleb kickoff 65 yards to the CMU00 McCullough,Nick return 25 yards to the CMU25 (Olson,Sawyer).","No Huddle-Shotgun McGinnis IV,Joey rush left for 2 yards gain to the CMU27 (Trainer,Browning; Seibert,Will)."
"20251011_t8bp",114,3,"field_goal_good","Carnegie Mellon",2,,,,"Johns Hopkins",TRUE,"Caputo,Justin field goal attempt from 19 yards GOOD (H: Salters,Jackson, LS: Orlando,Joey), clock 01:22.","No Huddle-Shotgun Harvey,Bay pass complete short right to Enright,Robby caught at CMU20, for 8 yards to the CMU15 (Lawson,Jack; Johnson,DJ)."
"20251011_t8bp",115,3,"kickoff","Johns Hopkins",,1,10,23,"Johns Hopkins",FALSE,"Godhard,Noah kickoff 65 yards to the JHU00 Moore,Josh return 77 yards to the CMU23 (Bishop,Lucas), out of bounds.","No Huddle-Shotgun Harvey,Bay pass complete short right to Enright,Robby caught at CMU20, for 8 yards to the CMU15 (Lawson,Jack; Johnson,DJ)."
"20251011_t8bp",123,4,"pass_complete","Johns Hopkins",4,1,10,91,"Carnegie Mellon",FALSE,"No Huddle-Shotgun Harvey,Bay pass complete short middle to Harvey,Bay caught at CMU10, for 5 yards loss to the CMU09 (Mann,Tai), TURNOVER ON DOWNS.","No Huddle-Shotgun McGinnis IV,Joey pass complete short left to Kolke,Reece caught at CMU18, for 9 yards to the CMU18 (Olah,Kevin)."
"20251011_t8bp",129,4,"punt_with_return","Carnegie Mellon",76,1,10,23,"Johns Hopkins",FALSE,"Norell,John punt 36 yards to the JHU40 Orecchio,Alex return 37 yards to the CMU23 (Norell,John), out of bounds.","No Huddle-Shotgun Harvey,Bay pass complete short middle to Moore,Josh caught at CMU10, for 13 yards to the CMU10 (Mann,Tai), 1ST DOWN."
"20251011_t8bp",135,4,"rush","Johns Hopkins",1,,,,"Carnegie Mellon",TRUE,"No Huddle-Shotgun Schroeder,Geoff rush left for 1 yard gain to the CMU00 TOUCHDOWN, clock 07:59, 1ST DOWN.","No Huddle-Shotgun Valente,Giacomo rush middle for 5 yards gain to the CMU36 (Smith,Jackson)."
"20251011_t8bp",137,4,"kickoff","Carnegie Mellon",,1,10,69,"Carnegie Mellon",FALSE,"Wayt,Kaleb kickoff 62 yards to the CMU03 McCullough,Nick return 28 yards to the CMU31 (Bechtle,John; Bojorquez,Brock).","No Huddle-Shotgun Valente,Giacomo rush middle for 5 yards gain to the CMU36 (Smith,Jackson)."
"20251011_t8bp",141,4,"punt_with_return","Carnegie Mellon",64,1,10,74,"Johns Hopkins",FALSE,"Norell,John punt 42 yards to the JHU22 Orecchio,Alex return 4 yards to the JHU26, out of bounds at JHU26.","No Huddle-Shotgun Harvey,Bay pass complete deep left to Moore,Josh caught at JHU46, for 30 yards to the CMU44 (Johnson,DJ), 1ST DOWN."
"20251011_t8bp",146,4,"rush","Johns Hopkins",36,,,,"Carnegie Mellon",TRUE,"No Huddle-Shotgun Harvey,Bay rush right for 36 yards gain to the CMU00 TOUCHDOWN, clock 04:37, 1ST DOWN.","No Huddle-Shotgun McGinnis IV,Joey pass complete short left to Valente,Giacomo caught at CMU34, for 9 yards to the CMU42 (Hallal,David)."
"20251011_t8bp",148,4,"kickoff","Carnegie Mellon",,1,10,67,"Carnegie Mellon",FALSE,"Wayt,Kaleb kickoff 53 yards to the CMU12 McCullough,Brendan return 21 yards to the CMU33 (Dasilva,Tyler; Kramer,Spencer).","No Huddle-Shotgun McGinnis IV,Joey pass complete short left to Valente,Giacomo caught at CMU34, for 9 yards to the CMU42 (Hallal,David)."
"20251011_t8bp",155,4,"pass_intercepted","Carnegie Mellon",67,1,10,37,"Johns Hopkins",FALSE,"No Huddle-Shotgun McGinnis IV,Joey pass intercepted by Hogg,Carter at CMU41 Hogg,Carter return 4 yards to the CMU37, End Of Play.","No Huddle-Shotgun Schroeder,Geoff rush left for 2 yards gain to the CMU35 (Grace,Bennett)."
"20251018_mhk5",1,1,"kickoff","Muhlenberg",,1,10,63,"Muhlenberg",FALSE,"(14:58) Fritz,Braden kickoff 54 yards to the MUH11 Short,Christopher return 26 yards to the MUH37 (Irvin,Jonathan).","(14:50) No Huddle-Shotgun Manning,Matthew rush right for 0 yards to the MUH37 (Are,David; Cowling,Evan)."
"20251018_mhk5",13,1,"rush","Muhlenberg",4,,,,"McDaniel",TRUE,"(09:28) No Huddle-Shotgun Manning,Matthew rush middle for 4 yards gain to the MCD00 TOUCHDOWN, clock 09:28.","(09:27) No Huddle-Shotgun Booker,Jayden pass incomplete short right to Cobbs,Micajah thrown to MCD30 QB hurried by Cerruti,Thomas."
"20251018_mhk5",15,1,"kickoff","McDaniel",,1,10,75,"McDaniel",FALSE,"(09:28) D'Amico,Nicholas kickoff 65 yards to the MCD00, Touchback.","(09:27) No Huddle-Shotgun Booker,Jayden pass incomplete short right to Cobbs,Micajah thrown to MCD30 QB hurried by Cerruti,Thomas."
"20251018_mhk5",19,1,"punt_with_return","McDaniel",92,1,10,35,"Muhlenberg",FALSE,"(08:02) Fritz,Braden punt 28 yards to the MCD36 Pasols,Caleb return 1 yard to the MCD35 (Ivory,Mehari).","(07:51) No Huddle-Shotgun Schaffer-Neitz,Isaac rush right for 1 yard gain to the MCD34 (Chapman Jr,Montez)."
"20251018_mhk5",25,1,"rush","Muhlenberg",15,,,,"McDaniel",TRUE,"(05:04) No Huddle-Shotgun Mahaffey,Dante rush right for 15 yards gain to the MCD00 TOUCHDOWN, clock 04:55, 1ST DOWN.","(04:53) No Huddle-Shotgun Booker,Jayden pass complete short right to Marsh,Logan caught at MCD36, for 16 yards to the MCD41 (Lopez,Jeffrey), 1ST DOWN."
"20251018_mhk5",27,1,"kickoff","McDaniel",,1,10,75,"McDaniel",FALSE,"(04:55) D'Amico,Nicholas kickoff 65 yards to the MCD00, Touchback.","(04:53) No Huddle-Shotgun Booker,Jayden pass complete short right to Marsh,Logan caught at MCD36, for 16 yards to the MCD41 (Lopez,Jeffrey), 1ST DOWN."
"20251018_mhk5",29,1,"sack","McDaniel",59,1,8,8,"Muhlenberg",FALSE,"(04:17) No Huddle-Shotgun Booker,Jayden sacked for loss of 16 yards to the MCD25 (Cerruti,Thomas), fumble by Booker,Jayden recovered by MUH Cerruti,Thomas at MCD25 Cerruti,Thomas return 17 yards to the MCD08 (Booker,Jayden).","(04:13) No Huddle-Shotgun Manning,Matthew rush middle for 7 yards gain to the MCD01 (Murphy,Malachi)."
"20251018_mhk5",31,1,"rush","Muhlenberg",1,,,,"McDaniel",TRUE,"(03:57) No Huddle-Shotgun Manning,Matthew rush middle for 1 yard gain to the MCD00 TOUCHDOWN, clock 03:53.","(03:51) No Huddle-Shotgun James,Cordae rush left for 1 yard gain to the MCD26 (Elliott,Peyton)."
"20251018_mhk5",33,1,"kickoff","McDaniel",,1,10,75,"McDaniel",FALSE,"(03:53) D'Amico,Nicholas kickoff 65 yards to the MCD00, Touchback.","(03:51) No Huddle-Shotgun James,Cordae rush left for 1 yard gain to the MCD26 (Elliott,Peyton)."
"20251018_mhk5",39,1,"rush","McDaniel",50,1,10,49,"Muhlenberg",FALSE,"(01:08) No Huddle-Shotgun James,Cordae rush middle for 1 yard loss to the MCD49 fumbled by James,Cordae at MUH49 forced by McClaine,Marcus recovered by MUH Elliott,Peyton at MCD49, End Of Play.","(01:01) No Huddle-Shotgun Hack,Wes rush left for 7 yards gain to the MCD42 (Wilson,Keiron)."
"20251018_mhk5",43,2,"rush","Muhlenberg",40,,,,"McDaniel",TRUE,"(14:58) No Huddle-Shotgun Schaffer-Neitz,Isaac rush middle for 40 yards gain to the MCD00 TOUCHDOWN, clock 14:49, 1ST DOWN.","(14:45) No Huddle-Shotgun Wagner,Jacob rush right for 2 yards gain to the MCD27 (Smid,Tom)."
"20251018_mhk5",45,2,"kickoff","McDaniel",,1,10,75,"McDaniel",FALSE,"(14:49) D'Amico,Nicholas kickoff 65 yards to the MCD00, Touchback.","(14:45) No Huddle-Shotgun Wagner,Jacob rush right for 2 yards gain to the MCD27 (Smid,Tom)."
"20251018_mhk5",49,2,"punt_blocked","McDaniel",73,1,3,3,"Muhlenberg",FALSE,"(13:54) Fritz,Braden punt 0 yards to the MCD27 blocked by Lopez,Jeremy recovered by MUH Dauberman,Leo at MCD15 Dauberman,Leo return 12 yards to the MCD03 (Shingler,Kyree).","(13:32) No Huddle-Shotgun Walley,JR rush middle for 2 yards gain to the MCD01 (Are,David)."
"20251018_mhk5",51,2,"pass_complete","Muhlenberg",1,,,,"McDaniel",TRUE,"(13:22) No Huddle-Shotgun Mahaffey,Dante pass complete short right to Holland,Chris caught at MCD00, for 1 yard to the MCD00 TOUCHDOWN, clock 13:22.","(13:12) No Huddle-Shotgun Wagner,Jacob rush middle for 10 yards gain to the MCD30 (Cerruti,Thomas), 1ST DOWN."
"20251018_mhk5",53,2,"kickoff","McDaniel",,1,10,80,"McDaniel",FALSE,"(13:21) D'Amico,Nicholas kickoff 61 yards to the MCD04 Ivory,Mehari return 16 yards to the MCD20 (Lopez,Jeremy).","(13:12) No Huddle-Shotgun Wagner,Jacob rush middle for 10 yards gain to the MCD30 (Cerruti,Thomas), 1ST DOWN."
"20251018_mhk5",58,2,"punt_with_return","McDaniel",62,1,10,58,"Muhlenberg",FALSE,"(10:30) Fritz,Braden punt 38 yards to the MUH24 Donnelly,Tommy return 3 yards to the MUH27 (Ivory,Mehari) PENALTY MCD UNS: Unsportsmanlike Conduct (Penzone,Jack) 15 yards from MUH27 to MUH42, 1ST DOWN.","(10:07) No Huddle-Shotgun Manning,Matthew rush middle for 21 yards gain to the MCD37 (Murphy,Malachi), 1ST DOWN."
"20251018_mhk5",65,2,"rush","Muhlenberg",2,,,,"McDaniel",TRUE,"(06:35) No Huddle-Shotgun Manning,Matthew rush middle for 2 yards gain to the MCD00 TOUCHDOWN, clock 06:34.","(06:25) No Huddle-Shotgun Booker,Jayden pass incomplete deep left to Marsh,Logan thrown to MUH36 QB hurried by Schafer,Alex."
"20251018_mhk5",68,2,"kickoff","McDaniel",,1,10,76,"McDaniel",FALSE,"(06:32) D'Amico,Nicholas kickoff 61 yards to the MCD04 Ivory,Mehari return 20 yards to the MCD24 (Schaffer-Neitz,Isaac; Kalinauskas,Ethan).","(06:25) No Huddle-Shotgun Booker,Jayden pass incomplete deep left to Marsh,Logan thrown to MUH36 QB hurried by Schafer,Alex."
"20251018_mhk5",76,2,"punt_with_return","McDaniel",45,1,10,96,"Muhlenberg",FALSE,"(02:50) Fritz,Braden punt 33 yards to the MUH12 Donnelly,Tommy return 38 yards to the MCD50 (Fritz,Braden), out of bounds PENALTY MUH Illegal Block in Back (Papa,Joseph) 4 yards from MUH08 to MUH04.","(02:39) No Huddle-Shotgun Schaffer-Neitz,Isaac rush right for 3 yards gain to the MUH07 (Williams,Kendrick; Thornton,Jaden)."
"20251018_mhk5",81,2,"pass_intercepted","Muhlenberg",11,1,10,94,"McDaniel",FALSE,"(01:00) No Huddle-Shotgun Mahaffey,Dante pass intercepted by Shingler,Kyree at MCD04 Shingler,Kyree return 2 yards to the MCD06 (Holland,Chris).","(00:50) No Huddle-Shotgun Booker,Jayden pass complete short right to Young,Jalen caught at MCD10, for 6 yards to the MCD12 (Europe,George), out of bounds."
"20251018_mhk5",86,3,"kickoff","McDaniel",,1,10,75,"McDaniel",FALSE,"(15:00) D'Amico,Nicholas kickoff 65 yards to the MCD00, Touchback.","(14:59) No Huddle-Shotgun Booker,Jayden pass complete short middle to Wendel,Grayson caught at MCD39, for 18 yards to the MCD43 (Andrews,Tommy), 1ST DOWN."
"20251018_mhk5",96,3,"rush","McDaniel",5,,,,"Muhlenberg",TRUE,"(10:13) No Huddle-Shotgun Booker,Jayden rush right for 5 yards gain to the MUH00 TOUCHDOWN, clock 10:09, 1ST DOWN.","(09:55) No Huddle-Shotgun Schaffer-Neitz,Isaac rush right for 5 yards gain to the MCD27 (Chapman Jr,Montez; Cowling,Evan)."
"20251018_mhk5",98,3,"kickoff","Muhlenberg",,1,10,32,"Muhlenberg",FALSE,"(10:09) Fritz,Braden kickoff 58 yards to the MUH07 Short,Christopher return 61 yards to the MCD32 (Norfleet,Hebrew), out of bounds.","(09:55) No Huddle-Shotgun Schaffer-Neitz,Isaac rush right for 5 yards gain to the MCD27 (Chapman Jr,Montez; Cowling,Evan)."
"20251018_mhk5",102,3,"rush","Muhlenberg",1,,,,"McDaniel",TRUE,"(08:42) No Huddle-Shotgun Schaffer-Neitz,Isaac rush middle for 1 yard gain to the MCD00 TOUCHDOWN, clock 08:39.","(08:28) No Huddle-Shotgun Booker,Jayden pass complete short left to Marsh,Logan caught at MCD30, for 0 yards to the MCD31 (Byrd Rice,Myles; Kalinauskas,Ethan)."
"20251018_mhk5",104,3,"kickoff","McDaniel",,1,10,69,"McDaniel",FALSE,"(08:36) Morris,Sam kickoff 60 yards to the MCD05 Ivory,Mehari return 26 yards to the MCD31 (Sutter,Eddie).","(08:28) No Huddle-Shotgun Booker,Jayden pass complete short left to Marsh,Logan caught at MCD30, for 0 yards to the MCD31 (Byrd Rice,Myles; Kalinauskas,Ethan)."
"20251018_mhk5",110,3,"pass_intercepted","McDaniel",19,1,10,80,"Muhlenberg",FALSE,"(05:22) No Huddle-Shotgun Booker,Jayden pass intercepted by Kalinauskas,Ethan at MUH00, Touchback.","(05:13) No Huddle-Shotgun Walley,JR rush right for 7 yards gain to the MUH27 (Groft,Camden)."
"20251018_mhk5",121,4,"rush","Muhlenberg",1,,,,"McDaniel",TRUE,"(14:13) No Huddle-Shotgun Chaney,Sebastian rush middle for 1 yard gain to the MCD00 TOUCHDOWN, clock 14:10.","(13:48) No Huddle-Shotgun James,Cordae rush left for 4 yards gain to the MUH49 (O'Malley,Mick)."
"20251018_mhk5",123,4,"kickoff","McDaniel",,1,10,53,"McDaniel",FALSE,"(14:10) Morris,Sam kickoff 61 yards to the MCD04 Ivory,Mehari return 43 yards to the MCD47 (Foley,Luke).","(13:48) No Huddle-Shotgun James,Cordae rush left for 4 yards gain to the MUH49 (O'Malley,Mick)."
"20251018_mhk5",135,4,"rush","McDaniel",1,1,10,97,"Muhlenberg",FALSE,"(09:06) No Huddle-Shotgun Booker,Jayden rush middle for 2 yards loss to the MUH03 fumbled by Booker,Jayden at MUH03 recovered by MUH Walsh,Brian at MUH03, End Of Play.","(08:58) No Huddle-Shotgun Spang,Luke pass complete short middle to Waranavage,Jack caught at MUH17, for 14 yards to the MUH17 (Hurley,Dominic), 1ST DOWN."
"20251018_mhk5",149,4,"rush","Muhlenberg",7,1,10,96,"McDaniel",FALSE,"(00:37) No Huddle-Shotgun Santangelo,Lucas rush middle for 3 yards gain to the MCD04 (Donald,Jah'sir), TURNOVER ON DOWNS.","(00:31) No Huddle-Shotgun Booker,Jayden pass complete short left to Ivory,Mehari caught at MCD08, for 7 yards to the MCD11 (Kalinauskas,Ethan), out of bounds."
"20251018_q4jr",1,1,"kickoff","Dickinson",,1,10,75,"Dickinson",FALSE,"Harlamov,Ivan kickoff 65 yards to the DSON00, Touchback.","Shotgun Klassen,Ben pass complete short right to Friebel,Leon caught at DSON27, for 5 yards to the DSON30 (Marx,Oscar)."
"20251018_q4jr",5,1,"punt_no_return","Dickinson",71,1,10,58,"Franklin and Marshall",FALSE,"Worobel,Justin punt 29 yards to the F&M42.","No Huddle-Shotgun Paris,Louis rush middle for 0 yards to the F&M42 (Genilello,Jason)."
"20251018_q4jr",9,1,"punt_no_return","Franklin and Marshall",58,1,10,83,"Dickinson",FALSE,"Harlamov,Ivan punt 41 yards to the DSON17 fair catch by Schmidt,Kevin at DSON17.","No Huddle-Shotgun Benning III,Cedric rush middle for 3 yards gain to the DSON20 (Checchio,Kyle)."
"20251018_q4jr",24,1,"field_goal_good","Dickinson",15,,,,"Franklin and Marshall",TRUE,"Worobel,Justin field goal attempt from 32 yards GOOD (H: Boyer,Kellen, LS: Saliba,Mike), clock 05:40.","No Huddle-Shotgun Tremba,Ty pass complete short left to Zawadzkas,Hudson caught at F&M15, for 7 yards to the F&M19 (Garcia,Juan Pablo)."
"20251018_q4jr",25,1,"kickoff","Franklin and Marshall",,1,10,88,"Franklin and Marshall",FALSE,"Worobel,Justin kickoff 64 yards to the F&M01 Kilpatrick,Eian return 11 yards to the F&M12 (Friebel,Leon).","No Huddle-Shotgun Tremba,Ty pass complete short left to Zawadzkas,Hudson caught at F&M15, for 7 yards to the F&M19 (Garcia,Juan Pablo)."
"20251018_q4jr",32,1,"punt_no_return","Franklin and Marshall",69,1,10,75,"Dickinson",FALSE,"Harlamov,Ivan punt 44 yards to the DSON25, out of bounds at DSON25.","No Huddle-Shotgun Klassen,Ben pass complete short left to Schmidt,Kevin caught at DSON25, for 1 yard loss to the DSON24 (Comella,Trey)."
"20251018_q4jr",44,2,"field_goal_good","Dickinson",8,,,,"Franklin and Marshall",TRUE,"Worobel,Justin field goal attempt from 25 yards GOOD (H: Boyer,Kellen, LS: Saliba,Mike), clock 12:16.","No Huddle-Shotgun Tremba,Ty rush middle for 12 yards gain to the F&M34 (Mulholland,Jimmy), 1ST DOWN."
"20251018_q4jr",45,2,"kickoff","Franklin and Marshall",,1,10,78,"Franklin and Marshall",FALSE,"Worobel,Justin kickoff 60 yards to the F&M05 Kilpatrick,Eian return 17 yards to the F&M22 (Friebel,Leon).","No Huddle-Shotgun Tremba,Ty rush middle for 12 yards gain to the F&M34 (Mulholland,Jimmy), 1ST DOWN."
"20251018_q4jr",50,2,"punt_no_return","Franklin and Marshall",59,1,10,75,"Dickinson",FALSE,"Harlamov,Ivan punt 34 yards to the DSON25 fair catch by Schmidt,Kevin at DSON25.","No Huddle-Shotgun Benning III,Cedric rush middle for 1 yard loss to the DSON24 (Kelley,LT)."
"20251018_q4jr",55,2,"pass_intercepted","Dickinson",65,1,10,45,"Franklin and Marshall",FALSE,"No Huddle-Shotgun Klassen,Ben pass intercepted by Marx,Oscar at DSON45 Marx,Oscar return 0 yards to the DSON45 (White,Braden).","No Huddle-Shotgun Fant,Jake rush middle for 3 yards gain to the DSON42 (Garcia,Juan Pablo; Barnes,Chris)."
"20251018_q4jr",62,2,"pass_complete","Franklin and Marshall",29,,,,"Dickinson",TRUE,"No Huddle-Shotgun Tremba,Ty pass complete deep middle to Lewis,Gary caught at DSON00, for 29 yards to the DSON00 TOUCHDOWN, clock 05:34, 1ST DOWN.","No Huddle-Shotgun Sorensen,Dane rush middle for 1 yard gain to the DSON31 (Hille,Connor; Keenan,Sam)."
"20251018_q4jr",64,2,"kickoff","Dickinson",,1,10,70,"Dickinson",FALSE,"Harlamov,Ivan kickoff 58 yards to the DSON07 Sorensen,Dane return 23 yards to the DSON30 (Kilpatrick,Eian), out of bounds.","No Huddle-Shotgun Sorensen,Dane rush middle for 1 yard gain to the DSON31 (Hille,Connor; Keenan,Sam)."
"20251018_q4jr",68,2,"punt_with_return","Dickinson",65,1,10,79,"Franklin and Marshall",FALSE,"Furlong,Michael punt 45 yards to the F&M20 Albero,Chris return 1 yard to the F&M21 (Couvertiere,Sean).","No Huddle-Shotgun Tremba,Ty pass complete short left to Lewis,Gary caught at F&M23, for 9 yards to the F&M30 (Moses,Josh)."
"20251018_q4jr",73,2,"punt_no_return","Franklin and Marshall",76,1,10,70,"Dickinson",FALSE,"Harlamov,Ivan punt 46 yards to the DSON30 fair catch by Schmidt,Kevin at DSON30.","No Huddle-Shotgun Klassen,Ben pass complete short middle to Mittendorfer,Moritz caught at DSON35, for 11 yards to the DSON41 (Comella,Trey), out of bounds, 1ST DOWN."
"20251018_q4jr",81,2,"pass_complete","Dickinson",16,,,,"Franklin and Marshall",TRUE,"No Huddle-Shotgun Klassen,Ben pass complete short middle to Friebel,Leon caught at F&M00, for 16 yards to the F&M00 TOUCHDOWN, clock 00:21, 1ST DOWN.","No Huddle-Shotgun Franklin & Marshall rush middle for 3 yards loss to the F&M22, End Of Play."
"20251018_q4jr",83,2,"kickoff","Franklin and Marshall",,1,10,75,"Franklin and Marshall",FALSE,"Worobel,Justin kickoff 65 yards to the F&M00, Touchback.","No Huddle-Shotgun Franklin & Marshall rush middle for 3 yards loss to the F&M22, End Of Play."
"20251018_q4jr",85,3,"kickoff","Franklin and Marshall",,1,10,74,"Franklin and Marshall",FALSE,"Worobel,Justin kickoff 60 yards to the F&M05 Kilpatrick,Eian return 21 yards to the F&M26 (Pedall,Patrick).","No Huddle-Shotgun Paris,Louis rush middle for 12 yards gain to the F&M38 (Enghave,Valdemar), 1ST DOWN."
"20251018_q4jr",100,3,"rush","Franklin and Marshall",1,1,10,98,"Dickinson",FALSE,"No Huddle-Shotgun Fant,Jake rush middle for 1 yard loss to the DSON02 (Couvertiere,Sean; Genilello,Jason), TURNOVER ON DOWNS.","No Huddle-Shotgun Benning III,Cedric rush middle for 6 yards gain to the DSON08 (Wertz,Matt)."
"20251018_q4jr",103,3,"rush","Dickinson",88,1,10,12,"Franklin and Marshall",FALSE,"No Huddle-Shotgun Campbell,Keesean rush right for 12 yards gain to the DSON24 fumbled by Campbell,Keesean at DSON20 forced by Marx,Oscar recovered by F&M Wertz,Matt at DSON24, End Of Play PENALTY DSON UNS: Unsportsmanlike Conduct (Campbell,Keesean) 12 yards from DSON24 to DSON12, 1ST DOWN.","No Huddle-Shotgun Tremba,Ty rush right for 1 yard gain to the DSON11 (White,Domani)."
"20251018_q4jr",105,3,"pass_complete","Franklin and Marshall",11,,,,"Dickinson",TRUE,"No Huddle-Shotgun Tremba,Ty pass complete short left to Lewis,Gary caught at DSON00, for 11 yards to the DSON00 TOUCHDOWN, clock 04:13, 1ST DOWN.","No Huddle-Shotgun Klassen,Ben pass complete short middle to Mittendorfer,Moritz caught at DSON19, for 7 yards to the DSON19 (Evancho,Kyle)."
"20251018_q4jr",107,3,"kickoff","Dickinson",,1,10,88,"Dickinson",FALSE,"Harlamov,Ivan kickoff 56 yards to the DSON09 Campbell,Keesean return 16 yards to the DSON25 (Aravides,Nick), out of bounds PENALTY DSON UNR: Unnecessary Roughness (Heck,Gavin) 13 yards from DSON25 to DSON12.","No Huddle-Shotgun Klassen,Ben pass complete short middle to Mittendorfer,Moritz caught at DSON19, for 7 yards to the DSON19 (Evancho,Kyle)."
"20251018_q4jr",113,3,"punt_with_return","Dickinson",65,1,10,24,"Franklin and Marshall",FALSE,"Furlong,Michael punt 40 yards to the F&M25 Albero,Chris return 51 yards to the DSON24 (Couvertiere,Sean).","No Huddle-Shotgun Tremba,Ty pass complete short right to Zawadzkas,Hudson caught at DSON24, for 6 yards to the DSON18 (Moses,Josh)."
"20251018_q4jr",119,4,"field_goal_good","Franklin and Marshall",5,,,,"Dickinson",TRUE,"Fleming,Michael field goal attempt from 22 yards GOOD (H: O'Brien,Daniel, LS: Galligan,Will), clock 14:57.","No Huddle-Shotgun Campbell,Keesean rush right for 8 yards gain to the DSON33 (Marx,Oscar)."
"20251018_q4jr",120,4,"kickoff","Dickinson",,1,10,75,"Dickinson",FALSE,"Harlamov,Ivan kickoff 65 yards to the DSON00, Touchback.","No Huddle-Shotgun Campbell,Keesean rush right for 8 yards gain to the DSON33 (Marx,Oscar)."
"20251018_q4jr",129,4,"punt_no_return","Dickinson",38,1,10,85,"Franklin and Marshall",FALSE,"Furlong,Michael punt 23 yards to the F&M15 fair catch by Albero,Chris at F&M15.","No Huddle-Shotgun Tremba,Ty pass complete deep right to Zawadzkas,Hudson caught at DSON47, for 38 yards to the DSON47 (Moses,Josh), 1ST DOWN."
"20251018_q4jr",137,4,"field_goal_good","Franklin and Marshall",20,,,,"Dickinson",TRUE,"Fleming,Michael field goal attempt from 37 yards GOOD (H: O'Brien,Daniel, LS: Galligan,Will), clock 07:43.","No Huddle-Shotgun Klassen,Ben pass incomplete deep left to Schmidt,Kevin thrown to F&M50."
"20251018_q4jr",138,4,"kickoff","Dickinson",,1,10,75,"Dickinson",FALSE,"Harlamov,Ivan kickoff 65 yards to the DSON00, Touchback.","No Huddle-Shotgun Klassen,Ben pass incomplete deep left to Schmidt,Kevin thrown to F&M50."
"20251018_q4jr",149,4,"rush","Dickinson",2,,,,"Franklin and Marshall",TRUE,"No Huddle-Shotgun Klassen,Ben rush right for 2 yards gain to the F&M00 TOUCHDOWN, clock 03:47.","No Huddle-Shotgun Paris,Louis rush middle for 8 yards gain to the F&M29 (Barnes,Chris)."
"20251018_q4jr",151,4,"kickoff","Franklin and Marshall",,1,10,79,"Franklin and Marshall",FALSE,"Worobel,Justin kickoff 60 yards to the F&M05 Kilpatrick,Eian return 16 yards to the F&M21 (Ryan,Will; Heck,Gavin).","No Huddle-Shotgun Paris,Louis rush middle for 8 yards gain to the F&M29 (Barnes,Chris)."
"20251018_q4jr",155,4,"punt_no_return","Franklin and Marshall",71,1,10,78,"Dickinson",FALSE,"Harlamov,Ivan punt 49 yards to the DSON22 fair catch by Schmidt,Kevin at DSON22.","No Huddle-Shotgun Klassen,Ben pass incomplete short right to Mittendorfer,Moritz thrown to DSON25."
"20251018_q4jr",159,4,"punt_no_return","Dickinson",73,1,10,71,"Franklin and Marshall",FALSE,"Furlong,Michael punt 44 yards to the F&M29.","No Huddle-Shotgun Tremba,Ty pass incomplete short right to Lewis,Gary thrown to F&M35."
"20251018_q4jr",168,4,"kickoff","Dickinson",,,,,,FALSE,"Harlamov,Ivan onside kickoff 12 yards to the F&M47, End Of Play.",
"20251018_rd3r",1,1,"kickoff","Johns Hopkins",,1,10,76,"Johns Hopkins",FALSE,"Kiedrowski,Ben kickoff 58 yards to the JHU07 Moore,Josh return 17 yards to the JHU24 (Dennis,Musyn).","No Huddle-Shotgun Harvey,Bay pass complete deep middle to Crotty,Cole caught at URS25, for 76 yards to the URS00 TOUCHDOWN, clock 14:44, 1ST DOWN."
"20251018_rd3r",2,1,"pass_complete","Johns Hopkins",76,,,,"Ursinus",TRUE,"No Huddle-Shotgun Harvey,Bay pass complete deep middle to Crotty,Cole caught at URS25, for 76 yards to the URS00 TOUCHDOWN, clock 14:44, 1ST DOWN.","No Huddle-Shotgun Machado,Tristan pass complete short left to Zulkowski,Ryder caught at URS16, for 7 yards to the URS20 (Olah,Kevin)."
"20251018_rd3r",4,1,"kickoff","Ursinus",,1,10,87,"Ursinus",FALSE,"Wayt,Kaleb kickoff 63 yards to the URS02 Roselle,Aidan return 0 yards to the URS02 fumbled by Roselle,Aidan at URS02 recovered by URS Roselle,Aidan at URS02 (Scully,Justin; Stone,Zack).","No Huddle-Shotgun Machado,Tristan pass complete short left to Zulkowski,Ryder caught at URS16, for 7 yards to the URS20 (Olah,Kevin)."
"20251018_rd3r",9,1,"pass_intercepted","Ursinus",53,1,10,58,"Johns Hopkins",FALSE,"No Huddle-Shotgun Machado,Tristan pass intercepted by Bourdo,Carson at JHU20 Bourdo,Carson return 22 yards to the JHU42 (Roberts-Jackson,Markel).","No Huddle-Shotgun Schroeder,Geoff rush middle for 13 yards gain to the URS45 (Oates,Jaheim), 1ST DOWN."
"20251018_rd3r",19,1,"field_goal_good","Johns Hopkins",14,,,,"Ursinus",TRUE,"Paxton,Brad field goal attempt from 31 yards GOOD (H: Lollar,Ethan, LS: Strnad,Claude), clock 09:03.","No Huddle-Shotgun Bernard,Jason rush middle for 0 yards to the URS21 (Trainer,Browning; Hodge,Graham)."
"20251018_rd3r",20,1,"kickoff","Ursinus",,1,10,79,"Ursinus",FALSE,"Wayt,Kaleb kickoff 65 yards to the URS00 Roselle,Aidan return 21 yards to the URS21 (Kramer,Spencer).","No Huddle-Shotgun Bernard,Jason rush middle for 0 yards to the URS21 (Trainer,Browning; Hodge,Graham)."
"20251018_rd3r",29,1,"punt_no_return","Ursinus",43,1,10,75,"Johns Hopkins",FALSE,"Kiedrowski,Ben punt 18 yards to the JHU25, out of bounds at JHU25.","No Huddle-Shotgun Moore,Josh rush left for 14 yards gain to the JHU39 (Saenz,Manny), 1ST DOWN."
"20251018_rd3r",41,1,"kickoff","Ursinus",,1,10,28,"Johns Hopkins",FALSE,"Wayt,Kaleb kickoff 63 yards to the URS02 Roselle,Aidan return 26 yards to the URS22 fumbled by Roselle,Aidan at URS22 forced by Scully,Justin recovered by JHU Bojorquez,Brock at URS28, End Of Play.","No Huddle-Shotgun Harvey,Bay pass complete short middle to Moore,Josh caught at URS24, for 5 yards to the URS23 (Agar,Matt; Turber-Ortiz,Ethan)."
"20251018_rd3r",50,2,"pass_complete","Johns Hopkins",4,,,,"Ursinus",TRUE,"No Huddle-Shotgun Harvey,Bay pass complete short right to Crotty,Cole caught at URS02, for 4 yards to the URS00 TOUCHDOWN, clock 11:21.","No Huddle-Shotgun Machado,Tristan pass incomplete short middle to Donahue,Aidan thrown to URS40."
"20251018_rd3r",52,2,"kickoff","Ursinus",,1,10,73,"Ursinus",FALSE,"Wayt,Kaleb kickoff 59 yards to the URS06 Roselle,Aidan return 21 yards to the URS27 (Stup,Cole).","No Huddle-Shotgun Machado,Tristan pass incomplete short middle to Donahue,Aidan thrown to URS40."
"20251018_rd3r",63,2,"pass_incomplete","Ursinus",23,1,10,77,"Johns Hopkins",FALSE,"No Huddle-Shotgun Machado,Tristan pass incomplete short middle to Halloran,Jack thrown to JHU12, TURNOVER ON DOWNS.","No Huddle-Shotgun Harvey,Bay pass incomplete short left to Enright,Robby thrown to JHU29 broken up by Ziegler,Jake."
"20251018_rd3r",69,2,"rush","Johns Hopkins",2,,,,"Ursinus",TRUE,"No Huddle-Shotgun Schroeder,Geoff rush middle for 2 yards gain to the URS00 TOUCHDOWN, clock 04:19.","No Huddle-Shotgun Machado,Tristan pass complete short middle to House,Cody caught at URS25, for 12 yards to the URS32 (Trainer,Browning), 1ST DOWN."
"20251018_rd3r",71,2,"kickoff","Ursinus",,1,10,80,"Ursinus",FALSE,"Wayt,Kaleb kickoff 62 yards to the URS03 Roselle,Aidan return 17 yards to the URS20 (Scully,Justin).","No Huddle-Shotgun Machado,Tristan pass complete short middle to House,Cody caught at URS25, for 12 yards to the URS32 (Trainer,Browning), 1ST DOWN."
"20251018_rd3r",79,2,"pass_complete","Ursinus",23,,,,"Johns Hopkins",TRUE,"No Huddle-Shotgun Machado,Tristan pass complete deep middle to House,Cody caught at JHU01, for 23 yards to the JHU00 TOUCHDOWN, clock 01:16, 1ST DOWN.","No Huddle-Shotgun Harvey,Bay pass complete short left to Schroeder,Geoff caught at JHU21, for 2 yards to the JHU27 (Zigbuo,Andy), out of bounds."
"20251018_rd3r",81,2,"kickoff","Johns Hopkins",,1,10,75,"Johns Hopkins",FALSE,"Kiedrowski,Ben kickoff 65 yards to the JHU00, Touchback.","No Huddle-Shotgun Harvey,Bay pass complete short left to Schroeder,Geoff caught at JHU21, for 2 yards to the JHU27 (Zigbuo,Andy), out of bounds."
"20251018_rd3r",88,2,"pass_complete","Johns Hopkins",24,,,,"Ursinus",TRUE,"No Huddle-Shotgun Harvey,Bay pass complete deep right to Martini,Chad caught at URS00, for 24 yards to the URS00 TOUCHDOWN, clock 00:19, 1ST DOWN.","Kneel down by Machado,Tristan at URS23 for loss of 0 yards."
"20251018_rd3r",90,2,"kickoff","Ursinus",,1,10,77,"Ursinus",FALSE,"Wayt,Kaleb kickoff 42 yards to the URS23 Saenz,Manny return 0 yards to the URS23.","Kneel down by Machado,Tristan at URS23 for loss of 0 yards."
"20251018_rd3r",92,3,"kickoff","Ursinus",,1,10,75,"Ursinus",FALSE,"Wayt,Kaleb kickoff 57 yards to the URS08 Roselle,Aidan return 17 yards to the URS25 (Stone,Zack), out of bounds.","No Huddle-Shotgun Machado,Tristan pass complete short right to Rios,Aaron caught at URS28, for 13 yards to the URS38 (Hogg,Carter), 1ST DOWN."
"20251018_rd3r",99,3,"rush","Ursinus",1,,,,"Johns Hopkins",TRUE,"No Huddle-Shotgun Bernard,Jason rush middle for 1 yard gain to the JHU00 TOUCHDOWN, clock 12:22.","No Huddle-Shotgun Schroeder,Geoff rush middle for 11 yards gain to the JHU33 (Small,Jonathon; Zigbuo,Andy), 1ST DOWN."
"20251018_rd3r",101,3,"kickoff","Johns Hopkins",,1,10,78,"Johns Hopkins",FALSE,"Kiedrowski,Ben kickoff 65 yards to the JHU00 Moore,Josh return 22 yards to the JHU22 (Goin,Loui).","No Huddle-Shotgun Schroeder,Geoff rush middle for 11 yards gain to the JHU33 (Small,Jonathon; Zigbuo,Andy), 1ST DOWN."
"20251018_rd3r",103,3,"pass_intercepted","Johns Hopkins",67,1,10,27,"Ursinus",FALSE,"No Huddle-Shotgun Harvey,Bay pass intercepted by Agar,Matt at JHU47 broken up by Oates,Jaheim Agar,Matt return 20 yards to the JHU27 (Linder,Larue), out of bounds.","No Huddle-Shotgun Machado,Tristan pass incomplete short right to Bernard,Jason thrown to JHU26."
"20251018_rd3r",107,3,"pass_incomplete","Ursinus",24,1,10,76,"Johns Hopkins",FALSE,"No Huddle-Shotgun Machado,Tristan pass incomplete deep right to Zulkowski,Ryder thrown to JHU00, TURNOVER ON DOWNS.","No Huddle-Shotgun Schroeder,Geoff rush left for 0 yards to the JHU24 (Turber-Ortiz,Ethan; Spurio,Anthony)."
"20251018_rd3r",118,3,"rush","Johns Hopkins",3,,,,"Ursinus",TRUE,"No Huddle-Shotgun Pugliano,Ty rush middle for 3 yards gain to the URS00 TOUCHDOWN, clock 04:48.","No Huddle-Shotgun Bernard,Jason rush left for 6 yards gain to the URS31 (Seibert,Will)."
"20251018_rd3r",120,3,"kickoff","Ursinus",,1,10,75,"Ursinus",FALSE,"Wayt,Kaleb kickoff 54 yards to the URS11 Roselle,Aidan return 14 yards to the URS25 (Anderson,Tyler).","No Huddle-Shotgun Bernard,Jason rush left for 6 yards gain to the URS31 (Seibert,Will)."
"20251018_rd3r",124,3,"punt_no_return","Ursinus",71,1,10,80,"Johns Hopkins",FALSE,"Kiedrowski,Ben punt 71 yards to the JHU00, Touchback.","No Huddle-Shotgun Schroeder,Geoff rush middle for 2 yards gain to the JHU22 (Small,Jonathon; Agar,Matt)."
"20251018_rd3r",130,3,"rush","Johns Hopkins",43,1,10,57,"Ursinus",FALSE,"No Huddle-Shotgun Schroeder,Geoff rush middle for 0 yards to the URS43 (Small,Jonathon), TURNOVER ON DOWNS.","No Huddle-Shotgun Machado,Tristan pass incomplete short middle to Van Orden,Jake thrown to URS50."
"20251018_rd3r",134,3,"punt_with_return","Ursinus",57,1,10,77,"Johns Hopkins",FALSE,"Kiedrowski,Ben punt 46 yards to the JHU11 Moore,Josh return 12 yards to the JHU23 (Parchinski,Noah).","No Huddle-Shotgun Schroeder,Geoff rush left for 4 yards gain to the JHU27 (Robinson,Kendall)."
"20251018_rd3r",142,4,"rush","Johns Hopkins",33,,,,"Ursinus",TRUE,"No Huddle-Shotgun Dandridge,Brock rush left for 33 yards gain to the URS00 TOUCHDOWN, clock 10:24, 1ST DOWN.","No Huddle-Shotgun Bernard,Jason rush middle for 5 yards gain to the URS40 (Kramer,Spencer)."
"20251018_rd3r",144,4,"kickoff","Ursinus",,1,10,65,"Ursinus",FALSE,"Wayt,Kaleb kickoff 65 yards to the URS00 Roselle,Aidan return 20 yards to the URS20 (Pion,Jacob) PENALTY JHU UNR: Unnecessary Roughness (Davis,Wyatt) 15 yards from URS20 to URS35.","No Huddle-Shotgun Bernard,Jason rush middle for 5 yards gain to the URS40 (Kramer,Spencer)."
"20251018_rd3r",154,4,"rush","Ursinus",2,,,,"Johns Hopkins",TRUE,"No Huddle-Shotgun Bernard,Jason rush middle for 2 yards gain to the JHU00 TOUCHDOWN, clock 07:07.","No Huddle-Shotgun Frost,Melik rush middle for 6 yards gain to the URS38 (Agar,Matt; Small,Jonathon)."
"20251018_rd3r",156,4,"kickoff","Johns Hopkins",,1,10,44,"Johns Hopkins",FALSE,"Kiedrowski,Ben kickoff 60 yards to the JHU05 Arnold,Amir return 36 yards to the JHU41 (Turber-Ortiz,Ethan) PENALTY URS UNS: Unsportsmanlike Conduct (McAuliffe,Tavian) 15 yards from JHU41 to URS44.","No Huddle-Shotgun Frost,Melik rush middle for 6 yards gain to the URS38 (Agar,Matt; Small,Jonathon)."
"20251018_rd3r",163,4,"punt_no_return","Johns Hopkins",44,1,10,75,"Ursinus",FALSE,"Alley,Chase punt 44 yards to the URS00, Touchback PENALTY JHU Illegal Shift 5 yards from URS20 to URS25.","No Huddle-Shotgun Louis,Jaden rush right for 0 yards to the URS25 (Kramer,Spencer)."
"20251018_rd3r",167,4,"punt_no_return","Ursinus",75,1,10,85,"Johns Hopkins",FALSE,"Kiedrowski,Ben punt 60 yards to the JHU15.","Kneel down by Lollar,Ethan at JHU14 for loss of 1 yard."
"20251018_uxv5",1,1,"kickoff","Carnegie Mellon",,1,10,67,"Carnegie Mellon",FALSE,"Nolan Kruse kickoff 37 yards to the CMU28, Brendan McCullo return 5 yards to the CMU33 (Kevin Regula).","Giacomo Valente rush for 1 yard to the CMU34 (Brandon Wu)."
"20251018_uxv5",8,1,"punt_no_return","Carnegie Mellon",38,1,10,85,"Gettysburg",FALSE,"John Norell punt 23 yards to the GC15, downed.","Sean Clark pass incomplete to Nick Wonsala, dropped pass."
"20251018_uxv5",12,1,"rush","Gettysburg",82,1,1,1,"Carnegie Mellon",FALSE,"Kevin Regula rush for loss of 10 yards to the GC08, fumble by Kevin Regula recovered by CMU DJ Johnson at GC01.","Giacomo Valente rush for 1 yard to the GC00, TOUCHDOWN, clock 11:10."
"20251018_uxv5",13,1,"rush","Carnegie Mellon",1,,,,"Gettysburg",TRUE,"Giacomo Valente rush for 1 yard to the GC00, TOUCHDOWN, clock 11:10.","Michael Zrelak rush for 2 yards to the GC45 (Leighton Tarke)."
"20251018_uxv5",15,1,"kickoff","Gettysburg",,1,10,57,"Gettysburg",FALSE,"Noah Godhard kickoff 55 yards to the GC10, Kevin Regula return 33 yards to the GC43 (Noah Godhard), out-of-bounds.","Michael Zrelak rush for 2 yards to the GC45 (Leighton Tarke)."
"20251018_uxv5",19,1,"punt_with_return","Gettysburg",52,1,10,74,"Carnegie Mellon",FALSE,"Dan Vanarsdale punt 34 yards to the CMU18, Brendan McCullo return 8 yards to the CMU26 (Nate DeLorenzo).","Giacomo Valente rush for 7 yards to the CMU33 (Mike Bendowski; Ty Can)."
"20251018_uxv5",29,1,"field_goal_missed","Carnegie Mellon",23,1,10,76,"Gettysburg",FALSE,"Justin Caputo field goal attempt from 41 MISSED - hit right up right, spot at GC24.","Sean Clark pass complete to James McCarren for 9 yards to the GC33 (Ethan Ming)."
"20251018_uxv5",46,2,"pass_incomplete","Gettysburg",10,1,10,90,"Carnegie Mellon",FALSE,"Sean Clark pass incomplete to Michael Zrelak, QB hurry by Bennett Grace.","Joey McGinnis I pass complete to Reece Kolke for 5 yards to the CMU15 (Tyler Wells)."
"20251018_uxv5",57,2,"pass_complete","Carnegie Mellon",12,,,,"Gettysburg",TRUE,"Joey McGinnis I pass complete to Brendan McCullo for 12 yards to the GC00, TOUCHDOWN, clock 08:18.","Landon Hunt rush for 18 yards to the GC43 (Victor Ruhland; Archie Lawler)."
"20251018_uxv5",59,2,"kickoff","Gettysburg",,1,10,75,"Gettysburg",FALSE,"Noah Godhard kickoff 65 yards to the GC00, touchback.","Landon Hunt rush for 18 yards to the GC43 (Victor Ruhland; Archie Lawler)."
"20251018_uxv5",64,2,"punt_no_return","Gettysburg",54,1,10,84,"Carnegie Mellon",FALSE,"Dan Vanarsdale punt 38 yards to the CMU16, fair catch by Brendan McCullo.","Giacomo Valente rush for 9 yards to the CMU25 (Zach Chostaka), out-of-bounds."
"20251018_uxv5",66,2,"pass_complete","Carnegie Mellon",75,,,,"Gettysburg",TRUE,"Joey McGinnis I pass complete to Reece Kolke for 75 yards to the GC00, TOUCHDOWN, clock 05:51.","Landon Hunt rush for 1 yard to the GC26 (Amani Tchamwa; Ethan Ming)."
"20251018_uxv5",68,2,"kickoff","Gettysburg",,1,10,75,"Gettysburg",FALSE,"Noah Godhard kickoff 65 yards to the GC00, touchback.","Landon Hunt rush for 1 yard to the GC26 (Amani Tchamwa; Ethan Ming)."
"20251018_uxv5",72,2,"punt_no_return","Gettysburg",74,1,10,55,"Carnegie Mellon",FALSE,"Dan Vanarsdale punt 29 yards to the CMU45, fair catch by Brendan McCullo, PENALTY CMU running into the kicker declined.","Joey McGinnis I pass complete to Brendan McCullo for loss of 4 yards to the CMU41 (Tyler Wells)."
"20251018_uxv5",80,2,"pass_complete","Carnegie Mellon",12,,,,"Gettysburg",TRUE,"Joey McGinnis I pass complete to Brendan McCullo for 12 yards to the GC00, TOUCHDOWN, clock 01:19.","Sean Clark pass complete to Josh Burke for 6 yards to the GC14."
"20251018_uxv5",82,2,"kickoff","Gettysburg",,1,10,92,"Gettysburg",FALSE,"Noah Godhard kickoff 56 yards to the GC09, Kevin Regula return 7 yards to the GC16 (Josh Huffman), PENALTY GC holding (Jude Campbell) 8 yards to the GC08.","Sean Clark pass complete to Josh Burke for 6 yards to the GC14."
"20251018_uxv5",88,2,"pass_intercepted","Gettysburg",61,1,10,47,"Carnegie Mellon",FALSE,"Sean Clark pass intercepted by Jack Lawson at the CMU46, Jack Lawson return 7 yards to the GC47 (Jason Roskam).","Joey McGinnis I pass complete to Danny Moynihan for 24 yards to the GC23 (Tyler Wells)."
"20251018_uxv5",92,3,"kickoff","Gettysburg",,1,10,75,"Gettysburg",FALSE,"Noah Godhard kickoff 65 yards to the GC00, touchback.","Michael Zrelak rush for 2 yards to the GC27 (Bennett Grace)."
"20251018_uxv5",106,3,"pass_incomplete","Gettysburg",29,1,10,71,"Carnegie Mellon",FALSE,"Sean Clark pass incomplete to Jason Roskam, QB hurry by Connor Warren.","Giacomo Valente rush for 7 yards to the CMU36 (Nate DeLorenzo; Ty Can)."
"20251018_uxv5",108,3,"pass_complete","Carnegie Mellon",64,1,10,48,"Gettysburg",FALSE,"Joey McGinnis I pass complete to Danny Moynihan for 12 yards to the CMU48, fumble forced by Justin Rhyne, fumble by Danny Moynihan recovered by GC Nate DeLorenzo at CMU48.","Sean Clark pass incomplete to Michael Zrelak, QB hurry by Amani Tchamwa."
"20251018_uxv5",112,3,"pass_incomplete","Gettysburg",43,1,10,56,"Carnegie Mellon",FALSE,"Sean Clark pass incomplete to Matt OConnor, QB hurry by Luke Wiedau.","Joey McGinnis I pass complete to Reece Kolke for 39 yards to the GC17 (Ty Can)."
"20251018_uxv5",114,3,"pass_complete","Carnegie Mellon",17,,,,"Gettysburg",TRUE,"Joey McGinnis I pass complete to Brendan McCullo for 17 yards to the GC00, TOUCHDOWN, clock 08:24.","Sean Clark pass complete to Landon Hunt for 5 yards to the GC30 (Luke Wiedau)."
"20251018_uxv5",116,3,"kickoff","Gettysburg",,1,10,75,"Gettysburg",FALSE,"Noah Godhard kickoff 65 yards to the GC00, touchback.","Sean Clark pass complete to Landon Hunt for 5 yards to the GC30 (Luke Wiedau)."
"20251018_uxv5",122,3,"pass_complete","Gettysburg",7,,,,"Carnegie Mellon",TRUE,"Sean Clark pass complete to Jason Roskam for 7 yards to the CMU00, TOUCHDOWN, clock 05:04.","Shadrak Agyei rush for 2 yards to the CMU37 (Nate DeLorenzo)."
"20251018_uxv5",125,3,"kickoff","Carnegie Mellon",,1,10,65,"Carnegie Mellon",FALSE,"Nolan Kruse kickoff 58 yards to the CMU12, Nick McCullough return 23 yards to the CMU35 (Kevin Regula).","Shadrak Agyei rush for 2 yards to the CMU37 (Nate DeLorenzo)."
"20251018_uxv5",134,3,"field_goal_good","Carnegie Mellon",7,,,,"Gettysburg",TRUE,"Justin Caputo field goal attempt from 25 GOOD, clock 01:14.","Sean Clark pass incomplete to Nick Wonsala, PENALTY CMU pass interference (Ethan Ming) 15 yards to the GC40, NO PLAY."
"20251018_uxv5",135,3,"kickoff","Gettysburg",,1,10,75,"Gettysburg",FALSE,"Noah Godhard kickoff 65 yards to the GC00, touchback.","Sean Clark pass incomplete to Nick Wonsala, PENALTY CMU pass interference (Ethan Ming) 15 yards to the GC40, NO PLAY."
"20251018_uxv5",146,4,"pass_complete","Gettysburg",1,,,,"Carnegie Mellon",TRUE,"Drew Branstette pass complete to Josh Burke for 1 yard to the CMU00, TOUCHDOWN, clock 11:25.","Shadrak Agyei rush for 4 yards to the CMU39 (Brandon Wu)."
"20251018_uxv5",148,4,"kickoff","Carnegie Mellon",,1,10,65,"Carnegie Mellon",FALSE,"Nolan Kruse kickoff 43 yards to the CMU22, out-of-bounds, CMU ball on CMU35, clock 11:25.","Shadrak Agyei rush for 4 yards to the CMU39 (Brandon Wu)."
"20251018_uxv5",160,4,"field_goal_good","Carnegie Mellon",3,,,,"Gettysburg",TRUE,"John Norell field goal attempt from 21 GOOD, clock 06:22.","Drew Branstette pass complete to Aidan Lowry for 9 yards to the GC34 (Jack Korzeniows)."
"20251018_uxv5",161,4,"kickoff","Gettysburg",,1,10,75,"Gettysburg",FALSE,"John Norell kickoff 64 yards to the GC01, fair catch by Kevin Regula.","Drew Branstette pass complete to Aidan Lowry for 9 yards to the GC34 (Jack Korzeniows)."
"20251018_uxv5",177,4,"pass_complete","Gettysburg",4,,,,"Carnegie Mellon",TRUE,"Drew Branstette pass complete to Matt OConnor for 4 yards to the CMU00, TOUCHDOWN, clock 01:02.","TEAM rush for loss of 1 yard to the CMU46."
"20251018_uxv5",179,4,"kickoff","Carnegie Mellon",,1,10,53,"Carnegie Mellon",FALSE,"Isa Parks-Gill kickoff 18 yards to the CMU47, on-side kick, recovered by CMU on CMU47.","TEAM rush for loss of 1 yard to the CMU46."
"20251025_3c40",1,1,"kickoff","Carnegie Mellon",,1,10,77,"Carnegie Mellon",FALSE,"Nicholas D'Amic kickoff 65 yards to the CMU00, DJ Johnson return 23 yards to the CMU23 (Isaac Schaffer-; John Roeder).","Giacomo Valente rush for 6 yards to the CMU29 (Jake Saus)."
"20251025_3c40",5,1,"punt_with_return","Carnegie Mellon",69,1,10,56,"Muhlenberg",FALSE,"John Norell punt 34 yards to the MUHL35, Tommy Donnelly return 9 yards to the MUHL44 (Bennett Grace).","Dante Mahaffey rush for loss of 2 yards to the MUHL42 (Mitchell Stokey)."
"20251025_3c40",10,1,"punt_no_return","Muhlenberg",67,1,10,77,"Carnegie Mellon",FALSE,"Sam Morris punt 44 yards to the CMU23, downed.","Joey McGinnis I rush for 2 yards to the CMU25 (Thomas Cerruti; Alex Schafer)."
"20251025_3c40",24,1,"rush","Carnegie Mellon",10,,,,"Muhlenberg",TRUE,"Nick McCullough rush for 10 yards to the MUHL00, TOUCHDOWN, clock 03:12.","John Runfolo rush for loss of 1 yard to the MUHL24 (Leighton Tarke), out-of-bounds."
"20251025_3c40",26,1,"kickoff","Muhlenberg",,1,10,75,"Muhlenberg",FALSE,"Noah Godhard kickoff 65 yards to the MUHL00, touchback.","John Runfolo rush for loss of 1 yard to the MUHL24 (Leighton Tarke), out-of-bounds."
"20251025_3c40",30,1,"punt_no_return","Muhlenberg",76,1,10,53,"Carnegie Mellon",FALSE,"Sam Morris punt 29 yards to the CMU47, fair catch by Brendan McCullo.","Joey McGinnis I pass complete to Giacomo Valente for 5 yards to the MUHL48 (Peyton Elliott), out-of-bounds."
"20251025_3c40",37,2,"punt_no_return","Carnegie Mellon",39,1,10,98,"Muhlenberg",FALSE,"John Norell punt 37 yards to the MUHL02, downed.","Dante Mahaffey pass incomplete to Matthew Manning (Connor Warren)."
"20251025_3c40",49,2,"rush","Muhlenberg",4,,,,"Carnegie Mellon",TRUE,"Luke Spang rush for 4 yards to the CMU00, TOUCHDOWN, clock 09:17.","Joey McGinnis I pass complete to Willem Bouma for 4 yards to the CMU36 (Jake Saus)."
"20251025_3c40",51,2,"kickoff","Carnegie Mellon",,1,10,68,"Carnegie Mellon",FALSE,"Nicholas D'Amic kickoff 63 yards to the CMU02, Nick McCullough return 30 yards to the CMU32, PENALTY CMU illegal block 15 yards to the CMU17, PENALTY MUHL personal foul (Isaac Schaffer-) 15 yards to the CMU32.","Joey McGinnis I pass complete to Willem Bouma for 4 yards to the CMU36 (Jake Saus)."
"20251025_3c40",55,2,"punt_with_return","Carnegie Mellon",64,1,10,65,"Muhlenberg",FALSE,"John Norell punt 42 yards to the MUHL22, Tommy Donnelly return 13 yards to the MUHL35 (Avery Campbell), out-of-bounds.","Luke Spang pass incomplete to John Runfolo (Jacob Franze)."
"20251025_3c40",59,2,"punt_no_return","Muhlenberg",65,1,10,73,"Carnegie Mellon",FALSE,"Sam Morris punt 38 yards to the CMU27, fair catch by Brendan McCullo.","Joey McGinnis I pass complete to Reece Kolke for 11 yards to the CMU38 (Thomas Cerruti)."
"20251025_3c40",68,2,"field_goal_good","Carnegie Mellon",25,,,,"Muhlenberg",TRUE,"Justin Caputo field goal attempt from 42 GOOD, clock 03:53.","Matthew Manning rush for 3 yards to the MUHL20 (Lucas Hazard)."
"20251025_3c40",69,2,"kickoff","Muhlenberg",,1,10,83,"Muhlenberg",FALSE,"Noah Godhard kickoff 65 yards to the MUHL00, Christopher Sho return 17 yards to the MUHL17 (Cooper Rummel).","Matthew Manning rush for 3 yards to the MUHL20 (Lucas Hazard)."
"20251025_3c40",77,2,"punt_no_return","Muhlenberg",81,1,10,51,"Carnegie Mellon",FALSE,"Sam Morris punt 32 yards to the CMU49, fair catch by Brendan McCullo.","Joey McGinnis I pass incomplete to Nick McCullough."
"20251025_3c40",82,2,"pass_complete","Carnegie Mellon",38,,,,"Muhlenberg",TRUE,"Joey McGinnis I pass complete to Luca Cuttita for 38 yards to the MUHL00, TOUCHDOWN, clock 01:04.","Luke Spang pass incomplete to Isaac Schaffer- (Robert Sturges)."
"20251025_3c40",84,2,"kickoff","Muhlenberg",,1,10,82,"Muhlenberg",FALSE,"Noah Godhard kickoff 65 yards to the MUHL00, Christopher Sho return 16 yards to the MUHL16, fumble forced by Dom Sirianni, fumble by Christopher Sho recovered by MUHL Christopher Sho at MUHL18.","Luke Spang pass incomplete to Isaac Schaffer- (Robert Sturges)."
"20251025_3c40",88,3,"kickoff","Muhlenberg",,1,10,75,"Muhlenberg",FALSE,"Noah Godhard kickoff 65 yards to the MUHL00, touchback.","Matthew Manning rush for no gain to the MUHL25 (Bennett Grace)."
"20251025_3c40",102,3,"punt_no_return","Muhlenberg",44,1,10,82,"Carnegie Mellon",FALSE,"Sam Morris punt 26 yards to the CMU18, fair catch by Brendan McCullo.","Joey McGinnis I rush for 5 yards to the CMU23, PENALTY CMU holding (Danny Moynihan) 10 yards to the CMU13."
"20251025_3c40",107,3,"punt_with_return","Carnegie Mellon",80,1,10,59,"Muhlenberg",FALSE,"John Norell punt 38 yards to the MUHL42, Tommy Donnelly return -1 yards to the MUHL41 (Chris Jaeb).","Isaac Schaffer- rush for 4 yards to the MUHL45 (Connor Warren; Bennett Grace)."
"20251025_3c40",119,3,"pass_complete","Muhlenberg",25,1,10,76,"Carnegie Mellon",FALSE,"Luke Spang pass complete to JR Walley for 1 yard to the CMU24 (Ethan Ming; Ty Kadur).","Joey McGinnis I pass incomplete to Willem Bouma."
"20251025_3c40",126,3,"rush","Carnegie Mellon",2,,,,"Muhlenberg",TRUE,"Joey McGinnis I rush for 2 yards to the MUHL00, TOUCHDOWN, clock 01:01.","Luke Spang rush for 5 yards to the MUHL39 (Archie Lawler; Tai Mann)."
"20251025_3c40",128,3,"kickoff","Muhlenberg",,1,10,66,"Muhlenberg",FALSE,"Noah Godhard kickoff 31 yards to the MUHL34, downed.","Luke Spang rush for 5 yards to the MUHL39 (Archie Lawler; Tai Mann)."
"20251025_3c40",134,4,"rush","Muhlenberg",8,,,,"Carnegie Mellon",TRUE,"Matthew Manning rush for 8 yards to the CMU00, TOUCHDOWN, clock 14:02.","Joey McGinnis I rush for 1 yard to the CMU24 (Blaze Curry), PENALTY CMU illegal block (Brendan McCullo) 10 yards to the CMU13, NO PLAY."
"20251025_3c40",136,4,"kickoff","Carnegie Mellon",,1,10,77,"Carnegie Mellon",FALSE,"Nicholas D'Amic kickoff 65 yards to the CMU00, Nick McCullough return 23 yards to the CMU23 (Leo Dauberman; Ethan Kalinausk).","Joey McGinnis I rush for 1 yard to the CMU24 (Blaze Curry), PENALTY CMU illegal block (Brendan McCullo) 10 yards to the CMU13, NO PLAY."
"20251025_3c40",141,4,"punt_with_return","Carnegie Mellon",82,1,10,39,"Muhlenberg",FALSE,"John Norell punt 36 yards to the MUHL46, Tommy Donnelly return 15 yards to the CMU39 (Logan Armstrong), out-of-bounds.","Isaac Schaffer- rush for 1 yard to the CMU38 (Bennett Grace)."
"20251025_3c40",150,4,"rush","Muhlenberg",2,,,,"Carnegie Mellon",TRUE,"Luke Spang rush for 2 yards to the CMU00, TOUCHDOWN, clock 07:37.","Giacomo Valente rush for 3 yards to the CMU34 (Alex Schafer)."
"20251025_3c40",152,4,"kickoff","Carnegie Mellon",,1,10,69,"Carnegie Mellon",FALSE,"Nicholas D'Amic kickoff 62 yards to the CMU03, Nick McCullough return 28 yards to the CMU31 (Isaac Schaffer-).","Giacomo Valente rush for 3 yards to the CMU34 (Alex Schafer)."
"20251025_3c40",156,4,"punt_no_return","Carnegie Mellon",66,1,10,64,"Muhlenberg",FALSE,"Lucas Bisazza punt 30 yards to the MUHL36, downed.","Luke Spang pass complete to Wes Hack for 5 yards to the MUHL41, out-of-bounds."
"20251025_3c40",164,4,"rush","Muhlenberg",2,,,,"Carnegie Mellon",TRUE,"Matthew Manning rush for 2 yards to the CMU00, TOUCHDOWN, clock 01:57.","Joey McGinnis I pass incomplete to Brendan McCullo."
"20251025_3c40",166,4,"kickoff","Carnegie Mellon",,1,10,79,"Carnegie Mellon",FALSE,"Nicholas D'Amic kickoff 65 yards to the CMU00, Nick McCullough return 21 yards to the CMU21 (Justin Bernal).","Joey McGinnis I pass incomplete to Brendan McCullo."
"20251025_3c40",182,4,"pass_intercepted","Carnegie Mellon",22,,,,,FALSE,"Joey McGinnis I pass intercepted by Jeffrey Lopez at the MUHL00, Jeffrey Lopez return 0 yards to the MUHL00, touchback, clock 00:00.",
"20251025_htre",1,1,"kickoff","Ursinus",,1,10,72,"Ursinus",FALSE,"Fleming,Michael kickoff 62 yards to the UCB03 Barnes,Keigan return 25 yards to the UCB28 (Kilpatrick,Eian).","No Huddle-Shotgun Bernard,Jason rush middle for 3 yards loss to the UCB25 (Checchio,Kyle; Hille,Connor)."
"20251025_htre",5,1,"punt_no_return","Ursinus",63,1,10,80,"Franklin and Marshall",FALSE,"Carr,Jordan punt 43 yards to the FMC20 fair catch by Albero,Chris at FMC20.","No Huddle-Shotgun Paris,Louis rush middle for 11 yards gain to the FMC31 (Robinson,Kendall; Strusowski,Nick), 1ST DOWN."
"20251025_htre",12,1,"pass_complete","Franklin and Marshall",7,,,,"Ursinus",TRUE,"No Huddle-Shotgun Tremba,Ty pass complete short left to Zawadzkas,Hudson caught at UCB00, for 7 yards to the UCB00 TOUCHDOWN, clock 08:49.","No Huddle-Shotgun Machado,Tristan pass incomplete short right to Donahue,Aidan thrown to UCB29."
"20251025_htre",14,1,"kickoff","Ursinus",,1,10,75,"Ursinus",FALSE,"Fleming,Michael kickoff 65 yards to the UCB00, Touchback.","No Huddle-Shotgun Machado,Tristan pass incomplete short right to Donahue,Aidan thrown to UCB29."
"20251025_htre",20,1,"punt_no_return","Ursinus",56,1,10,97,"Franklin and Marshall",FALSE,"Carr,Jordan punt 53 yards to the FMC03.","No Huddle-Shotgun Paris,Louis rush middle for 11 yards gain to the FMC14 (Robinson,Kendall), 1ST DOWN."
"20251025_htre",25,1,"punt_with_return","Franklin and Marshall",80,1,10,59,"Ursinus",FALSE,"Harlamov,Ivan punt 45 yards to the UCB35 Donahue,Aidan return 6 yards to the UCB41 (Hille,Connor).","No Huddle-Shotgun Louis,Jaden rush middle for 4 yards gain to the UCB45 (Banghart,Owen; Kelley,LT) PENALTY UCB Holding (McHugh,Dylan) 10 yards from UCB41 to UCB31. NO PLAY."
"20251025_htre",28,1,"sack","Ursinus",61,1,10,33,"Franklin and Marshall",FALSE,"No Huddle-Shotgun Machado,Tristan sacked for loss of 6 yards to the UCB33 (Banghart,Owen), fumble by Machado,Tristan recovered by FMC Keenan,Sam at UCB33, End Of Play.","No Huddle-Shotgun Tremba,Ty pass complete short middle to Eitner,Matt caught at UCB29, for 4 yards to the UCB29 (Robinson,Kendall; Megee,Taylor)."
"20251025_htre",35,1,"rush","Franklin and Marshall",2,,,,"Ursinus",TRUE,"No Huddle-Shotgun Paris,Louis rush middle for 2 yards gain to the UCB00 TOUCHDOWN, clock 00:31.","No Huddle-Shotgun Machado,Tristan pass complete short right to Van Orden,Jake caught at UCB18, for 5 yards to the UCB19 (Evancho,Kyle; Keenan,Sam)."
"20251025_htre",37,1,"kickoff","Ursinus",,1,10,86,"Ursinus",FALSE,"Fleming,Michael kickoff 64 yards to the UCB01 Barnes,Keigan return 13 yards to the UCB14 (Albero,Chris).","No Huddle-Shotgun Machado,Tristan pass complete short right to Van Orden,Jake caught at UCB18, for 5 yards to the UCB19 (Evancho,Kyle; Keenan,Sam)."
"20251025_htre",42,2,"punt_no_return","Ursinus",79,1,10,78,"Franklin and Marshall",FALSE,"Carr,Jordan punt 57 yards to the FMC22.","No Huddle-Shotgun Paris,Louis rush middle for 18 yards gain to the FMC40 (Strusowski,Nick), 1ST DOWN."
"20251025_htre",53,2,"rush","Franklin and Marshall",2,,,,"Ursinus",TRUE,"No Huddle-Shotgun Paris,Louis rush middle for 2 yards gain to the UCB00 TOUCHDOWN, clock 08:43.","No Huddle-Shotgun Machado,Tristan pass complete short middle to Jones,Brooklyn caught at UCB30, for 6 yards to the UCB31 (Keenan,Sam)."
"20251025_htre",55,2,"kickoff","Ursinus",,1,10,75,"Ursinus",FALSE,"Fleming,Michael kickoff 65 yards to the UCB00, Touchback.","No Huddle-Shotgun Machado,Tristan pass complete short middle to Jones,Brooklyn caught at UCB30, for 6 yards to the UCB31 (Keenan,Sam)."
"20251025_htre",61,2,"rush","Ursinus",3,,,,"Franklin and Marshall",TRUE,"No Huddle-Shotgun Bernard,Jason rush middle for 3 yards gain to the FMC00 TOUCHDOWN, clock 05:25.","No Huddle-Shotgun Tremba,Ty pass complete short left to Zawadzkas,Hudson caught at FMC24, for 7 yards to the FMC32 (Zigbuo,Andy), out of bounds."
"20251025_htre",63,2,"kickoff","Franklin and Marshall",,1,10,75,"Franklin and Marshall",FALSE,"Carr,Jordan kickoff 65 yards to the FMC00, Touchback.","No Huddle-Shotgun Tremba,Ty pass complete short left to Zawadzkas,Hudson caught at FMC24, for 7 yards to the FMC32 (Zigbuo,Andy), out of bounds."
"20251025_htre",78,2,"pass_complete","Franklin and Marshall",11,,,,"Ursinus",TRUE,"No Huddle-Shotgun Tremba,Ty pass complete short right to Harrison,Jack caught at UCB00, for 11 yards to the UCB00 TOUCHDOWN, clock 00:08, 1ST DOWN.","Kneel down by Machado,Tristan at UCB34 for loss of 1 yard."
"20251025_htre",80,2,"kickoff","Ursinus",,1,10,65,"Ursinus",FALSE,"Fleming,Michael kickoff 60 yards to the UCB05 Barnes,Keigan return 30 yards to the UCB35 (Hille,Connor; Wertz,Matt).","Kneel down by Machado,Tristan at UCB34 for loss of 1 yard."
"20251025_htre",82,3,"kickoff","Franklin and Marshall",,1,10,75,"Franklin and Marshall",FALSE,"Carr,Jordan kickoff 60 yards to the FMC05 Kilpatrick,Eian return 20 yards to the FMC25 (Dennis,Musyn; Rankins,Ky'iere).","No Huddle-Shotgun Paris,Louis rush middle for 9 yards gain to the FMC34 (Ziegler,Jake)."
"20251025_htre",94,3,"field_goal_good","Franklin and Marshall",12,,,,"Ursinus",TRUE,"Fleming,Michael field goal attempt from 29 yards GOOD (H: O'Brien,Daniel, LS: Galligan,Will), clock 10:14.","No Huddle-Shotgun Machado,Tristan pass incomplete short middle to Roberts-Jackson,Markel thrown to UCB30."
"20251025_htre",95,3,"kickoff","Ursinus",,1,10,83,"Ursinus",FALSE,"Fleming,Michael kickoff 64 yards to the UCB01 Barnes,Keigan return 16 yards to the UCB17 (Hille,Connor).","No Huddle-Shotgun Machado,Tristan pass incomplete short middle to Roberts-Jackson,Markel thrown to UCB30."
"20251025_htre",99,3,"punt_no_return","Ursinus",78,1,10,70,"Franklin and Marshall",FALSE,"Carr,Jordan punt 48 yards to the FMC30 fair catch by Potts,Aaron at FMC30.","No Huddle-Shotgun Paris,Louis rush middle for 2 yards gain to the FMC32 (Small,Jonathon; Turber-Ortiz,Ethan)."
"20251025_htre",106,3,"pass_intercepted","Franklin and Marshall",41,1,10,60,"Ursinus",FALSE,"No Huddle-Shotgun Tremba,Ty pass intercepted by Strusowski,Nick at UCB30 Strusowski,Nick return 10 yards to the UCB40 (Eitner,Matt).","No Huddle-Shotgun Machado,Tristan pass incomplete deep left to Zulkowski,Ryder thrown to FMC30."
"20251025_htre",114,3,"pass_incomplete","Ursinus",43,1,10,57,"Franklin and Marshall",FALSE,"No Huddle-Shotgun Machado,Tristan pass incomplete deep right to Roberts-Jackson,Markel thrown to FMC19 broken up by Marx,Oscar, TURNOVER ON DOWNS.","No Huddle-Shotgun Tremba,Ty rush middle for 4 yards loss to the FMC39 (Rios,Aaron; Turber-Ortiz,Ethan)."
"20251025_htre",118,3,"punt_no_return","Franklin and Marshall",53,1,10,88,"Ursinus",FALSE,"Harlamov,Ivan punt 41 yards to the UCB12 fair catch by Donahue,Aidan at UCB12.","No Huddle-Shotgun Machado,Tristan pass incomplete short right to Roberts-Jackson,Markel thrown to UCB14."
"20251025_htre",120,3,"pass_intercepted","Ursinus",88,1,10,28,"Franklin and Marshall",FALSE,"No Huddle-Shotgun Machado,Tristan pass intercepted by Marx,Oscar at UCB35 Marx,Oscar return 7 yards to the UCB28, out of bounds at UCB28 PENALTY UCB UNR: Unnecessary Roughness offsetting FMC UNS: Unsportsmanlike Conduct offsetting.","No Huddle-Shotgun Paris,Louis rush middle for 14 yards gain to the UCB14 (Strusowski,Nick; Ziegler,Jake), 1ST DOWN."
"20251025_htre",124,4,"pass_complete","Franklin and Marshall",16,,,,"Ursinus",TRUE,"No Huddle-Shotgun Tremba,Ty pass complete short middle to Harrison,Jack caught at UCB00, for 16 yards to the UCB00 TOUCHDOWN, clock 14:12, 1ST DOWN.","No Huddle-Shotgun Machado,Tristan pass complete short middle to Manley,Sean caught at UCB35, for 6 yards to the UCB36, End Of Play."
"20251025_htre",126,4,"kickoff","Ursinus",,1,10,70,"Ursinus",FALSE,"Harlamov,Ivan kickoff 65 yards to the UCB00, Touchback PENALTY FMC False Start 5 yards from UCB25 to UCB30.","No Huddle-Shotgun Machado,Tristan pass complete short middle to Manley,Sean caught at UCB35, for 6 yards to the UCB36, End Of Play."
"20251025_htre",134,4,"pass_complete","Ursinus",8,,,,"Franklin and Marshall",TRUE,"No Huddle-Shotgun Machado,Tristan pass complete short right to Zulkowski,Ryder caught at FMC00, for 8 yards to the FMC00 TOUCHDOWN, clock 11:02.","No Huddle-Shotgun Valdez,Anthony rush middle for 61 yards gain to the UCB00 TOUCHDOWN, clock 10:50, 1ST DOWN."
"20251025_htre",137,4,"kickoff","Franklin and Marshall",,1,10,61,"Franklin and Marshall",FALSE,"Carr,Jordan kickoff 31 yards to the FMC39 Albero,Chris return 0 yards to the FMC39, End Of Play.","No Huddle-Shotgun Valdez,Anthony rush middle for 61 yards gain to the UCB00 TOUCHDOWN, clock 10:50, 1ST DOWN."
"20251025_htre",138,4,"rush","Franklin and Marshall",61,,,,"Ursinus",TRUE,"No Huddle-Shotgun Valdez,Anthony rush middle for 61 yards gain to the UCB00 TOUCHDOWN, clock 10:50, 1ST DOWN.","No Huddle-Shotgun Paturzo,Alan pass incomplete short right to Gibbs,Quincy thrown to UCB25 broken up by Hille,Connor."
"20251025_htre",140,4,"kickoff","Ursinus",,1,10,75,"Ursinus",FALSE,"Harlamov,Ivan kickoff 63 yards to the UCB02 Barnes,Keigan return 23 yards to the UCB25, out of bounds at UCB25.","No Huddle-Shotgun Paturzo,Alan pass incomplete short right to Gibbs,Quincy thrown to UCB25 broken up by Hille,Connor."
"20251025_htre",144,4,"pass_intercepted","Ursinus",62,,,,"Ursinus",TRUE,"No Huddle-Shotgun Paturzo,Alan pass intercepted by Medlar,Nico at UCB40 Medlar,Nico return 40 yards to the UCB00 TOUCHDOWN, clock 10:01.","No Huddle-Shotgun Kmett,Andrew rush right for 7 yards gain to the UCB40, out of bounds at UCB40."
"20251025_htre",146,4,"kickoff","Ursinus",,1,10,67,"Ursinus",FALSE,"Harlamov,Ivan kickoff 56 yards to the UCB09 Barnes,Keigan return 24 yards to the UCB33 (Wertz,Matt).","No Huddle-Shotgun Kmett,Andrew rush right for 7 yards gain to the UCB40, out of bounds at UCB40."
"20251025_htre",154,4,"pass_complete","Ursinus",44,,,,"Franklin and Marshall",TRUE,"No Huddle-Shotgun Paturzo,Alan pass complete deep middle to Quick,Jaylen caught at FMC11, for 44 yards to the FMC00 TOUCHDOWN, clock 06:27, 1ST DOWN.","No Huddle-Shotgun Richards,Jayden rush middle for 7 yards gain to the FMC34 (Ziegler,Jake; Turber-Ortiz,Ethan)."
"20251025_htre",156,4,"kickoff","Franklin and Marshall",,1,10,73,"Franklin and Marshall",FALSE,"Kelly,Matt kickoff 41 yards to the FMC24 Marx,Oscar return 3 yards to the FMC27 (Strusowski,Nick), out of bounds.","No Huddle-Shotgun Richards,Jayden rush middle for 7 yards gain to the FMC34 (Ziegler,Jake; Turber-Ortiz,Ethan)."
"20251025_htre",160,4,"punt_no_return","Franklin and Marshall",68,1,10,69,"Ursinus",FALSE,"Harlamov,Ivan punt 37 yards to the UCB31, out of bounds at UCB31.","No Huddle-Shotgun Shepherd,Justin pass complete short right to Zamborsky,Coleman caught at UCB33, for 4 yards to the UCB35, out of bounds at UCB35."
"20251025_htre",170,4,"rush","Ursinus",29,1,10,71,"Franklin and Marshall",FALSE,"No Huddle-Shotgun Smith,Xavier rush left for 0 yards to the FMC29 (Galligan,Will; Demaso,Luke), TURNOVER ON DOWNS.","Kneel down by Zittrauer,Paulus at FMC24 for loss of 5 yards."
"20251025_mepx",1,1,"kickoff","McDaniel",,1,10,70,"McDaniel",FALSE,"Worobel,Justin kickoff 58 yards to the MCD07 Ivory,Mehari return 23 yards to the MCD30 (Worobel,Justin).","(14:45) No Huddle-Shotgun Booker,Jayden pass complete short left to Marsh,Logan caught at MCD37, for 7 yards to the MCD37, out of bounds at MCD37."
"20251025_mepx",7,1,"punt_no_return","McDaniel",56,1,10,64,"Dickinson",FALSE,"(12:40) Fritz,Braden punt 20 yards to the DCF36, out of bounds at DCF36.","(12:36) No Huddle-Shotgun Klassen,Ben pass incomplete deep middle to Boyer,Kellen thrown to MCD42."
"20251025_mepx",10,1,"pass_intercepted","Dickinson",63,1,10,37,"McDaniel",FALSE,"(11:50) No Huddle-Shotgun Klassen,Ben pass intercepted by Allen,Bryce at MCD45 Allen,Bryce return 18 yards to the DCF37 (Uwechue,Chuk).","(11:35) No Huddle-Shotgun Booker,Jayden pass incomplete short left to Marsh,Logan thrown to DCF27 QB hurried by Acuna,Joaquin."
"20251025_mepx",16,1,"field_goal_missed","McDaniel",22,1,10,78,"Dickinson",FALSE,"(08:50) Fritz,Braden field goal attempt from 42 yards NO GOOD (H: Miller,Tony, LS: Kemp,Augustus), clock 08:50.","(08:39) No Huddle-Shotgun Klassen,Ben pass complete short left to Sorensen,Dane caught at DCF31, for 9 yards to the DCF31 (Evans,Donte)."
"20251025_mepx",19,1,"pass_intercepted","Dickinson",68,,,,"Dickinson",TRUE,"(07:31) No Huddle-Shotgun Klassen,Ben pass intercepted by Homer,Christian at DCF35 Homer,Christian return 35 yards to the DCF00 TOUCHDOWN, clock 07:31.","(07:27) No Huddle-Shotgun Campbell,Keesean rush left for 7 yards gain (1) to the DCF42 (Donald,Jah'sir) PENALTY DCF Holding (White,Braden) 10 yards from DCF36 to DCF26."
"20251025_mepx",21,1,"kickoff","Dickinson",,1,10,65,"Dickinson",FALSE,"(07:31) Fritz,Braden kickoff 58 yards to the DCF07, out of bounds at DCF07.","(07:27) No Huddle-Shotgun Campbell,Keesean rush left for 7 yards gain (1) to the DCF42 (Donald,Jah'sir) PENALTY DCF Holding (White,Braden) 10 yards from DCF36 to DCF26."
"20251025_mepx",29,1,"punt_no_return","Dickinson",52,1,10,84,"McDaniel",FALSE,"(04:21) Furlong,Michael punt 36 yards to the MCD16.","(04:15) No Huddle-Shotgun Booker,Jayden pass incomplete short right to Young,Jalen thrown to MCD15."
"20251025_mepx",40,2,"rush","McDaniel",36,1,10,67,"Dickinson",FALSE,"(14:15) No Huddle-Shotgun Booker,Jayden rush left for 3 yards gain to the DCF33, out of bounds at DCF33, TURNOVER ON DOWNS.","(14:07) No Huddle-Shotgun Sorensen,Dane rush left for 22 yards gain to the MCD45 (Murphy,Malachi; LeGrande,Taevon), 1ST DOWN."
"20251025_mepx",47,2,"rush","Dickinson",2,,,,"McDaniel",TRUE,"(12:09) No Huddle-Shotgun Sorensen,Dane rush middle for 2 yards gain to the MCD00 TOUCHDOWN, clock 12:05.","(11:53) No Huddle-Shotgun Wagner,Jacob rush middle for 1 yard gain to the MCD31 (Acuna,Joaquin)."
"20251025_mepx",49,2,"kickoff","McDaniel",,1,10,70,"McDaniel",FALSE,"(12:05) Worobel,Justin kickoff 61 yards to the MCD04 Ivory,Mehari return 26 yards to the MCD30 (Pedall,Patrick).","(11:53) No Huddle-Shotgun Wagner,Jacob rush middle for 1 yard gain to the MCD31 (Acuna,Joaquin)."
"20251025_mepx",54,2,"rush","McDaniel",4,,,,"Dickinson",TRUE,"(09:59) No Huddle-Shotgun Cobbs,Micajah rush right for 4 yards gain to the DCF00 TOUCHDOWN, clock 09:59.","(09:48) No Huddle-Shotgun Benning III,Cedric rush left for 5 yards gain to the DCF40 (Wilson,Chris)."
"20251025_mepx",56,2,"kickoff","Dickinson",,1,10,65,"Dickinson",FALSE,"(09:59) Fritz,Braden kickoff 53 yards to the DCF12 Campbell,Keesean return 23 yards to the DCF35 (Fritz,Braden), out of bounds.","(09:48) No Huddle-Shotgun Benning III,Cedric rush left for 5 yards gain to the DCF40 (Wilson,Chris)."
"20251025_mepx",62,2,"punt_no_return","Dickinson",53,1,10,85,"McDaniel",FALSE,"(08:22) Furlong,Michael punt 38 yards to the MCD15, out of bounds at MCD15.","(08:13) No Huddle-Shotgun Wagner,Jacob rush left for 3 yards loss to the MCD12 (Genilello,Jason)."
"20251025_mepx",69,2,"punt_no_return","McDaniel",50,1,10,78,"Dickinson",FALSE,"(05:47) Fritz,Braden punt 28 yards to the DCF22.","(05:26) No Huddle-Shotgun Sorensen,Dane rush middle for 7 yards gain to the DCF29 (Are,David)."
"20251025_mepx",80,2,"pass_intercepted","Dickinson",20,1,10,80,"McDaniel",FALSE,"(01:44) No Huddle-Shotgun Klassen,Ben pass intercepted by Williams,Kendrick at MCD00, Touchback.","(01:41) No Huddle-Shotgun Booker,Jayden pass incomplete short right to Miller,Tony thrown to MCD28 QB hurried by Devlin,Julien and Jungmann,Cedric."
"20251025_mepx",91,2,"field_goal_missed","McDaniel",35,,,,,FALSE,"(00:00) Fritz,Braden field goal attempt from 52 yards NO GOOD (H: Miller,Tony, LS: Kemp,Augustus), clock 00:00, End Of Play.",
"20251025_mepx",92,3,"kickoff","Dickinson",,1,10,48,"Dickinson",FALSE,"(14:58) Fritz,Braden kickoff 57 yards to the DCF08 Campbell,Keesean return 44 yards to the MCD48 (Fritz,Braden), out of bounds.","(14:47) No Huddle-Shotgun Benning III,Cedric rush right for 15 yards gain to the MCD33 (Allen,Bryce), 1ST DOWN."
"20251025_mepx",98,3,"rush","Dickinson",8,,,,"McDaniel",TRUE,"(13:37) No Huddle-Shotgun Benning III,Cedric rush middle for 8 yards gain to the MCD00 TOUCHDOWN, clock 13:37.","(13:30) No Huddle-Shotgun Wagner,Jacob rush middle for 3 yards loss to the MCD22 (Acuna,Joaquin)."
"20251025_mepx",100,3,"kickoff","McDaniel",,1,10,75,"McDaniel",FALSE,"(13:37) Worobel,Justin kickoff 60 yards to the MCD05 Ivory,Mehari return 20 yards to the MCD25 (Pedall,Patrick).","(13:30) No Huddle-Shotgun Wagner,Jacob rush middle for 3 yards loss to the MCD22 (Acuna,Joaquin)."
"20251025_mepx",113,3,"pass_intercepted","McDaniel",7,1,10,80,"Dickinson",FALSE,"(06:47) No Huddle-Shotgun Booker,Jayden pass intercepted by Couvertiere,Sean at DCF00, Touchback.","(06:39) No Huddle-Shotgun Sorensen,Dane rush middle for 3 yards gain to the DCF23 (Donald,Jah'sir)."
"20251025_mepx",117,3,"punt_no_return","Dickinson",73,1,10,63,"McDaniel",FALSE,"(05:43) Furlong,Michael punt 36 yards to the MCD37, out of bounds at MCD37.","(05:38) No Huddle-Shotgun Booker,Jayden pass intercepted by Moses,Josh at MCD45 Moses,Josh return 45 yards to the MCD00 TOUCHDOWN, clock 05:28."
"20251025_mepx",118,3,"pass_intercepted","McDaniel",63,,,,"McDaniel",TRUE,"(05:38) No Huddle-Shotgun Booker,Jayden pass intercepted by Moses,Josh at MCD45 Moses,Josh return 45 yards to the MCD00 TOUCHDOWN, clock 05:28.","(05:20) No Huddle-Shotgun Wagner,Jacob rush middle for 7 yards gain to the MCD40 fumbled by Wagner,Jacob at MCD42 forced by Garcia,Juan Pablo recovered by DCF Acuna,Joaquin at MCD40, End Of Play."
"20251025_mepx",120,3,"kickoff","McDaniel",,1,10,67,"McDaniel",FALSE,"(05:28) Worobel,Justin kickoff 56 yards to the MCD09 Ivory,Mehari return 24 yards to the MCD33 (Couvertiere,Sean).","(05:20) No Huddle-Shotgun Wagner,Jacob rush middle for 7 yards gain to the MCD40 fumbled by Wagner,Jacob at MCD42 forced by Garcia,Juan Pablo recovered by DCF Acuna,Joaquin at MCD40, End Of Play."
"20251025_mepx",121,3,"rush","McDaniel",67,1,10,40,"Dickinson",FALSE,"(05:20) No Huddle-Shotgun Wagner,Jacob rush middle for 7 yards gain to the MCD40 fumbled by Wagner,Jacob at MCD42 forced by Garcia,Juan Pablo recovered by DCF Acuna,Joaquin at MCD40, End Of Play.","(05:15) No Huddle-Shotgun Benning III,Cedric rush middle for 1 yard gain to the MCD39 (White,Gabe; Gover,Blaine)."
"20251025_mepx",125,3,"punt_no_return","Dickinson",44,1,10,99,"McDaniel",FALSE,"(03:39) Furlong,Michael punt 43 yards to the MCD01.","(03:38) No Huddle-Shotgun Cobbs,Micajah rush middle for 0 yards to the MCD01 (Enghave,Valdemar)."
"20251025_mepx",127,3,"sack","McDaniel",99,,,,"Dickinson",TRUE,"(03:03) No Huddle-Shotgun Booker,Jayden sacked for loss of 1 yard to the MCD00 (Acuna,Joaquin). Acuna,Joaquin SAFETY, clock 03:01.","(02:50) No Huddle-Shotgun Sorensen,Dane rush middle for 4 yards gain to the DCF37 (Batchelor,Kevin)."
"20251025_mepx",128,3,"kickoff","Dickinson",,1,10,67,"Dickinson",FALSE,"(03:01) Fritz,Braden kickoff 60 yards to the DCF20 Schmidt,Kevin return 23 yards to the DCF43 (Murphy,Malachi) PENALTY DCF Holding (Mulholland,Jimmy) 10 yards from DCF43 to DCF33.","(02:50) No Huddle-Shotgun Sorensen,Dane rush middle for 4 yards gain to the DCF37 (Batchelor,Kevin)."
"20251025_mepx",135,4,"punt_no_return","Dickinson",56,1,10,95,"McDaniel",FALSE,"(14:19) Furlong,Michael punt 51 yards to the MCD05.","(14:09) No Huddle-Shotgun Cobbs,Micajah rush middle for 9 yards gain to the MCD14 (Acuna,Joaquin)."
"20251025_mepx",141,4,"punt_no_return","McDaniel",73,1,10,62,"Dickinson",FALSE,"(12:08) Fritz,Braden punt 35 yards to the DCF38.","(12:00) No Huddle-Shotgun Benning III,Cedric rush left for 7 yards gain to the DCF45 (Homer,Christian)."
"20251025_mepx",154,4,"pass_intercepted","Dickinson",17,1,10,93,"McDaniel",FALSE,"(05:35) No Huddle-Shotgun Klassen,Ben pass intercepted by Allen,Bryce at MCD05 Allen,Bryce return 30 yards to the MCD35 (Charles,Kaden) PENALTY MCD Illegal Block in Back (Gifford,Damonte) 6 yards from MCD13 to MCD07.","(05:25) No Huddle-Shotgun Booker,Jayden pass complete short left to Marsh,Logan caught at MCD17, for 10 yards to the MCD17, End Of Play, 1ST DOWN."
"20251025_mepx",167,4,"pass_complete","McDaniel",29,,,,"Dickinson",TRUE,"(01:31) No Huddle-Shotgun Booker,Jayden pass complete deep left to Marsh,Logan caught at DCF00, for 29 yards to the DCF00 TOUCHDOWN, clock 01:24, 1ST DOWN.","(01:22) No Huddle-Shotgun Benning III,Cedric rush middle for 5 yards gain to the MCD47 (Gifford,Damonte)."
"20251025_mepx",169,4,"kickoff","Dickinson",,1,10,52,"Dickinson",FALSE,"Fritz,Braden onside kickoff 22 yards to the DCF43, End Of Play PENALTY MCD Illegal Formation (Fritz,Braden) 5 yards from DCF43 to DCF48.","(01:22) No Huddle-Shotgun Benning III,Cedric rush middle for 5 yards gain to the MCD47 (Gifford,Damonte)."
"20251025_mepx",174,4,"punt_with_return","Dickinson",48,1,10,95,"McDaniel",FALSE,"(00:58) Furlong,Michael punt 43 yards to the MCD05 Homer,Christian return 0 yards to the MCD05 (Mulholland,Jimmy).","(00:46) No Huddle-Shotgun Booker,Jayden pass incomplete deep middle to Marsh,Logan thrown to MCD40 broken up by Couvertiere,Sean."
"20251025_mepx",177,4,"sack","McDaniel",95,3,1,1,"Dickinson",FALSE,"(00:31) No Huddle-Shotgun Booker,Jayden sacked for loss of 4 yards to the MCD01 (White,Domani), fumble by Booker,Jayden recovered by DCF Acuna,Joaquin at MCD01, End Of Play.","(00:23) Kneel down by Klassen,Ben at MCD02 for loss of 1 yard."
"20251025_yvrv",1,1,"kickoff","Johns Hopkins",,1,10,65,"Johns Hopkins",FALSE,"Kruse,Nolan kickoff 30 yards to the JHU35 fair catch by Linder,Larue at JHU35.","No Huddle-Shotgun Schroeder,Geoff rush middle for 2 yards gain to the JHU37 (Weems,Ryan)."
"20251025_yvrv",5,1,"pass_complete","Johns Hopkins",2,,,,"Gettysburg",TRUE,"No Huddle-Shotgun Harvey,Bay pass complete short right to Linder,Larue caught at GC00, for 2 yards to the GC00 TOUCHDOWN, clock 12:58.","No Huddle-Shotgun Clark,Sean pass complete short left to O'Connor,Matt caught at GC31, for 6 yards to the GC31 (Newell,Xavier), out of bounds."
"20251025_yvrv",7,1,"kickoff","Gettysburg",,1,10,75,"Gettysburg",FALSE,"Wayt,Kaleb kickoff 65 yards to the GC00, Touchback.","No Huddle-Shotgun Clark,Sean pass complete short left to O'Connor,Matt caught at GC31, for 6 yards to the GC31 (Newell,Xavier), out of bounds."
"20251025_yvrv",16,1,"punt_with_return","Gettysburg",49,1,10,77,"Johns Hopkins",FALSE,"Vanarsdale,Danny punt 32 yards to the JHU17 Enright,Robby return 6 yards to the JHU23 (Regula,Kevin).","No Huddle-Shotgun Schroeder,Geoff rush middle for 5 yards gain to the JHU28 (Breheney,Danny)."
"20251025_yvrv",20,1,"pass_complete","Johns Hopkins",59,,,,"Gettysburg",TRUE,"No Huddle-Shotgun Harvey,Bay pass complete deep right to Crotty,Cole caught at GC09, for 59 yards to the GC00 TOUCHDOWN, clock 08:53, 1ST DOWN, PENALTY GC Offside declined.","No Huddle-Shotgun Zrelak,Michael rush middle for 16 yards gain to the GC39 (Bourdo,Carson), 1ST DOWN."
"20251025_yvrv",22,1,"kickoff","Gettysburg",,1,10,77,"Gettysburg",FALSE,"Wayt,Kaleb kickoff 58 yards to the GC07 Regula,Kevin return 16 yards to the GC23 (Olson,Sawyer).","No Huddle-Shotgun Zrelak,Michael rush middle for 16 yards gain to the GC39 (Bourdo,Carson), 1ST DOWN."
"20251025_yvrv",34,1,"pass_incomplete","Gettysburg",11,1,10,89,"Johns Hopkins",FALSE,"No Huddle-Shotgun Clark,Sean pass incomplete short left to Diaz,Gabriel thrown to JHU00, TURNOVER ON DOWNS.","No Huddle-Shotgun Pugliano,Ty rush middle for 5 yards gain to the JHU16 (Martin,Joey)."
"20251025_yvrv",51,2,"pass_complete","Johns Hopkins",17,,,,"Gettysburg",TRUE,"No Huddle-Shotgun Harvey,Bay pass complete short right to Crotty,Cole caught at GC03, for 17 yards to the GC00 TOUCHDOWN, clock 09:47, 1ST DOWN.","No Huddle-Shotgun Zrelak,Michael rush middle for 4 yards gain to the GC39 (Hodge,Graham)."
"20251025_yvrv",53,2,"kickoff","Gettysburg",,1,10,65,"Gettysburg",FALSE,"Wayt,Kaleb kickoff 56 yards to the GC09 Diaz,Gabriel return 26 yards to the GC35 (Kramer,Spencer).","No Huddle-Shotgun Zrelak,Michael rush middle for 4 yards gain to the GC39 (Hodge,Graham)."
"20251025_yvrv",58,2,"punt_with_return","Gettysburg",63,1,10,63,"Johns Hopkins",FALSE,"Vanarsdale,Danny punt 38 yards to the JHU25 Orecchio,Alex return 12 yards to the JHU37 (Sabol,Scott).","No Huddle-Shotgun Harvey,Bay pass complete deep middle to Crotty,Cole caught at GC18, for 49 yards to the GC14 (Wells,Tyler), 1ST DOWN."
"20251025_yvrv",63,2,"rush","Johns Hopkins",6,1,10,95,"Gettysburg",FALSE,"No Huddle-Shotgun Pugliano,Ty rush middle for 1 yard gain to the GC05 (Shultz,Rob; Harrison,Alden), TURNOVER ON DOWNS.","No Huddle-Shotgun Clark,Sean pass incomplete deep right to Wonsala,Nick thrown to GC25 broken up by Hallal,David."
"20251025_yvrv",67,2,"punt_no_return","Gettysburg",88,1,10,51,"Johns Hopkins",FALSE,"punt 39 yards to the JHU49 fair catch by Enright,Robby at JHU49.","No Huddle-Shotgun Harvey,Bay pass incomplete deep middle to Moore,Josh thrown to GC10 broken up by Weems,Ryan."
"20251025_yvrv",73,2,"rush","Johns Hopkins",1,,,,"Gettysburg",TRUE,"No Huddle-Shotgun Schroeder,Geoff rush middle for 1 yard gain to the GC00 TOUCHDOWN, clock 00:50.","No Huddle-Shotgun Clark,Sean pass incomplete short right to Roskam,Jason thrown to GC26."
"20251025_yvrv",75,2,"kickoff","Gettysburg",,1,10,80,"Gettysburg",FALSE,"Wayt,Kaleb kickoff 58 yards to the GC07 Diaz,Gabriel return 13 yards to the GC20 (Pion,Jacob; Davis,Wyatt).","No Huddle-Shotgun Clark,Sean pass incomplete short right to Roskam,Jason thrown to GC26."
"20251025_yvrv",79,2,"punt_with_return","Gettysburg",75,1,10,59,"Johns Hopkins",FALSE,"Vanarsdale,Danny punt 39 yards to the JHU36 Enright,Robby return 5 yards to the JHU41 (Minicozzi,Michael; Weiss,RJ).","No Huddle-Shotgun Harvey,Bay pass complete short left to Enright,Robby caught at JHU49, for 9 yards to the JHU50 (Breheney,Danny), out of bounds."
"20251025_yvrv",86,3,"kickoff","Gettysburg",,1,10,70,"Gettysburg",FALSE,"Wayt,Kaleb kickoff 64 yards to the GC01 Diaz,Gabriel return 29 yards to the GC30 (Scully,Justin).","No Huddle-Shotgun Hunt,Landon rush middle for 9 yards gain to the GC39 (Hogg,Carter; Trainer,Browning)."
"20251025_yvrv",93,3,"pass_complete","Gettysburg",12,,,,"Johns Hopkins",TRUE,"No Huddle-Shotgun Clark,Sean pass complete short right to Wonsala,Nick caught at JHU00, for 12 yards to the JHU00 TOUCHDOWN, clock 11:57, 1ST DOWN.","No Huddle-Shotgun Schroeder,Geoff rush middle for 4 yards gain to the JHU35 (Branin,George)."
"20251025_yvrv",95,3,"kickoff","Johns Hopkins",,1,10,69,"Johns Hopkins",FALSE,"Kruse,Nolan kickoff 34 yards to the JHU31 fair catch by Bechtle,John at JHU31.","No Huddle-Shotgun Schroeder,Geoff rush middle for 4 yards gain to the JHU35 (Branin,George)."
"20251025_yvrv",99,3,"rush","Johns Hopkins",2,,,,"Gettysburg",TRUE,"No Huddle-Shotgun Schroeder,Geoff rush left for 2 yards gain to the GC00 TOUCHDOWN, clock 10:07.","No Huddle-Shotgun Hunt,Landon rush middle for 0 yards to the GC29 (Berube,Cooper; Urquidi,Isaac)."
"20251025_yvrv",101,3,"kickoff","Gettysburg",,1,10,71,"Gettysburg",FALSE,"Wayt,Kaleb kickoff 57 yards to the GC08 Diaz,Gabriel return 21 yards to the GC29 (Davis,Wyatt; Stup,Cole).","No Huddle-Shotgun Hunt,Landon rush middle for 0 yards to the GC29 (Berube,Cooper; Urquidi,Isaac)."
"20251025_yvrv",106,3,"pass_intercepted","Gettysburg",60,1,10,43,"Johns Hopkins",FALSE,"No Huddle-Shotgun Clark,Sean pass intercepted by Bourdo,Carson at JHU39 Bourdo,Carson return 61 yards to the GC00 TOUCHDOWN nullified by penalty, clock 07:38 PENALTY JHU Holding declined JHU Personal Foul 15 yards from GC28 to GC43.","(07:38) No Huddle-Shotgun Schroeder,Geoff rush middle for 12 yards gain to the GC31 (Can,Ty; Wu,Brandon), 1ST DOWN."
"20251025_yvrv",111,3,"rush","Johns Hopkins",1,,,,"Gettysburg",TRUE,"No Huddle-Shotgun Pugliano,Ty rush middle for 1 yard gain to the GC00 TOUCHDOWN, clock 04:55 PENALTY GC Offside declined.","No Huddle-Shotgun Hunt,Landon rush middle for 9 yards gain to the GC38 (Koerner,Garrett)."
"20251025_yvrv",113,3,"kickoff","Gettysburg",,1,10,71,"Gettysburg",FALSE,"Wayt,Kaleb kickoff 61 yards to the GC04 Diaz,Gabriel return 25 yards to the GC29 (Davis,Wyatt; Stup,Cole).","No Huddle-Shotgun Hunt,Landon rush middle for 9 yards gain to the GC38 (Koerner,Garrett)."
"20251025_yvrv",115,3,"pass_complete","Gettysburg",62,,,,"Johns Hopkins",TRUE,"No Huddle-Shotgun Clark,Sean pass complete deep right to Wonsala,Nick caught at JHU31, for 62 yards to the JHU00 TOUCHDOWN, clock 04:16, 1ST DOWN.","No Huddle-Shotgun Dandridge,Brock rush middle for 8 yards gain to the GC45 (Breheney,Danny)."
"20251025_yvrv",117,3,"kickoff","Johns Hopkins",,1,10,53,"Johns Hopkins",FALSE,"Kruse,Nolan kickoff 18 yards to the JHU47 fair catch by Kramer,Spencer at JHU47.","No Huddle-Shotgun Dandridge,Brock rush middle for 8 yards gain to the GC45 (Breheney,Danny)."
"20251025_yvrv",127,3,"rush","Johns Hopkins",7,,,,"Gettysburg",TRUE,"No Huddle-Shotgun Frost,Melik rush middle for 7 yards gain to the GC00 TOUCHDOWN, clock 00:11, 1ST DOWN, PENALTY GC UNS: Unsportsmanlike Conduct (Setrakian,Jamie) 15 yards from GC00 to GC03, 1ST DOWN.","No Huddle-Shotgun Clark,Sean pass incomplete short left to Burke,Josh thrown to GC36."
"20251025_yvrv",129,3,"kickoff","Gettysburg",,1,10,67,"Gettysburg",FALSE,"Wayt,Kaleb kickoff 41 yards to the GC09 Diaz,Gabriel return 24 yards to the GC33 (Zwicker,Nick).","No Huddle-Shotgun Clark,Sean pass incomplete short left to Burke,Josh thrown to GC36."
"20251025_yvrv",133,4,"punt_with_return","Gettysburg",77,1,10,34,"Johns Hopkins",FALSE,"Vanarsdale,Danny punt 40 yards to the JHU37 Orecchio,Alex return 29 yards to the GC34 (Sabol,Scott), out of bounds.","No Huddle-Shotgun Dandridge,Brock rush middle for 2 yards gain to the GC32 (Estes,Alex)."
"20251025_yvrv",140,4,"rush","Johns Hopkins",7,,,,"Gettysburg",TRUE,"No Huddle-Shotgun Dandridge,Brock rush left for 7 yards gain to the GC00 TOUCHDOWN, clock 10:32, 1ST DOWN.","No Huddle-Shotgun Regula,Kevin rush middle for 6 yards gain to the GC30 (Zwicker,Nick; Stup,Cole)."
"20251025_yvrv",142,4,"kickoff","Gettysburg",,1,10,76,"Gettysburg",FALSE,"Wayt,Kaleb kickoff 63 yards to the GC02 Diaz,Gabriel return 22 yards to the GC24 (Davis,Wyatt; Pion,Jacob).","No Huddle-Shotgun Regula,Kevin rush middle for 6 yards gain to the GC30 (Zwicker,Nick; Stup,Cole)."
"20251025_yvrv",151,4,"pass_complete","Gettysburg",56,,,,"Johns Hopkins",TRUE,"No Huddle-Shotgun Branstetter,Drew pass complete deep right to Diaz,Gabriel caught at JHU25, for 56 yards to the JHU00 TOUCHDOWN, clock 05:36, 1ST DOWN.","No Huddle-Shotgun Lollar,Ethan pass incomplete deep right to Riney,Penn thrown to GC47."
"20251025_yvrv",153,4,"kickoff","Johns Hopkins",,1,10,70,"Johns Hopkins",FALSE,"Kruse,Nolan kickoff 35 yards to the JHU30 fair catch by Pion,Jacob at JHU30.","No Huddle-Shotgun Lollar,Ethan pass incomplete deep right to Riney,Penn thrown to GC47."
"20251025_yvrv",157,4,"punt_no_return","Johns Hopkins",73,1,10,60,"Gettysburg",FALSE,"Alley,Chase punt 33 yards to the GC40.","No Huddle-Shotgun Beidleman,Dillon rush right for 13 yards gain to the JHU47 (Arnold,Amir; Davis,Wyatt), 1ST DOWN."
"20251025_yvrv",161,4,"rush","Gettysburg",38,1,10,63,"Johns Hopkins",FALSE,"No Huddle-Shotgun Beidleman,Dillon rush middle for 1 yard gain to the JHU37 fumbled by Beidleman,Dillon at JHU37 forced by Marsalek,Luke recovered by JHU Davis,Wyatt at JHU37, End Of Play. GC is challenging the ruling on the field - ""Fumble"". PLAY STANDS.","No Huddle-Shotgun Steinberg,Joey rush middle for 7 yards gain to the JHU44 (Conroy,Pat)."
"20251101_bikc",1,1,"kickoff","Johns Hopkins",,1,10,81,"Johns Hopkins",FALSE,"Nicholas D'Amic kickoff 54 yards to the JHU11, Griffin Semrad return 8 yards to the JHU19 (Ben Girard).","Bay Harvey pass incomplete to Cole Crotty (Marcus McClaine)."
"20251101_bikc",5,1,"punt_with_return","Johns Hopkins",80,1,10,68,"Muhlenberg",FALSE,"Chase Alley punt 45 yards to the MUHL35, Tommy Donnelly return -3 yards to the MUHL32 (Carter Hogg).","Matthew Manning rush for no gain to the MUHL32 (Browni Trainer)."
"20251101_bikc",8,1,"pass_intercepted","Muhlenberg",68,1,10,35,"Johns Hopkins",FALSE,"Luke Spang pass intercepted by Spencer Kramer at the MUHL40, Spencer Kramer return 5 yards to the MUHL35.","Geof Schroeder rush for 7 yards to the MUHL28 (Jeffrey Lopez; Jake Saus)."
"20251101_bikc",11,1,"pass_complete","Johns Hopkins",18,,,,"Muhlenberg",TRUE,"Bay Harvey pass complete to Cole Crotty for 18 yards to the MUHL00, TOUCHDOWN, clock 11:51.","John Runfolo rush for 3 yards to the MUHL38 (Jack Smith)."
"20251101_bikc",13,1,"kickoff","Muhlenberg",,1,10,65,"Muhlenberg",FALSE,"Kaleb Wayt kickoff 44 yards to the MUHL21, Matthew Manning return 14 yards to the MUHL35 (Spencer Kramer; Tyler Dasilva).","John Runfolo rush for 3 yards to the MUHL38 (Jack Smith)."
"20251101_bikc",17,1,"punt_no_return","Muhlenberg",62,1,10,81,"Johns Hopkins",FALSE,"Sam Morris punt 43 yards to the JHU19, out-of-bounds.","Bay Harvey pass incomplete to Geof Schroeder."
"20251101_bikc",24,1,"rush","Johns Hopkins",34,,,,"Muhlenberg",TRUE,"Geof Schroeder rush for 34 yards to the MUHL00, TOUCHDOWN, clock 06:47.","Luke Spang pass complete to John Runfolo for 9 yards to the MUHL30 (Kevin Olah)."
"20251101_bikc",26,1,"kickoff","Muhlenberg",,1,10,79,"Muhlenberg",FALSE,"Kaleb Wayt kickoff 64 yards to the MUHL01, Christopher Sho return 20 yards to the MUHL21 (Wyatt Davis; Cole Stup).","Luke Spang pass complete to John Runfolo for 9 yards to the MUHL30 (Kevin Olah)."
"20251101_bikc",30,1,"punt_no_return","Muhlenberg",70,1,10,66,"Johns Hopkins",FALSE,"Sam Morris punt 36 yards to the JHU34, fair catch by Robby Enright.","Geof Schroeder rush for 2 yards to the JHU36 (Thomas Cerruti)."
"20251101_bikc",37,1,"pass_complete","Johns Hopkins",8,,,,"Muhlenberg",TRUE,"Bay Harvey pass complete to Cole Crotty for 8 yards to the MUHL00, TOUCHDOWN, clock 01:45.","Luke Spang pass complete to Aidan Mack for 6 yards to the MUHL36 (Carter Hogg), out-of-bounds."
"20251101_bikc",39,1,"kickoff","Muhlenberg",,1,10,70,"Muhlenberg",FALSE,"Kaleb Wayt kickoff 49 yards to the MUHL16, Christopher Sho return 14 yards to the MUHL30 (Cole Stup).","Luke Spang pass complete to Aidan Mack for 6 yards to the MUHL36 (Carter Hogg), out-of-bounds."
"20251101_bikc",46,2,"rush","Muhlenberg",17,,,,"Johns Hopkins",TRUE,"Luke Spang rush for 17 yards to the JHU00, TOUCHDOWN, clock 12:59.","Geof Schroeder rush for 3 yards to the JHU35 (Alex Schafer; Tom Smid)."
"20251101_bikc",48,2,"kickoff","Johns Hopkins",,1,10,68,"Johns Hopkins",FALSE,"Nicholas D'Amic kickoff 50 yards to the JHU15, Amir Arnold return 17 yards to the JHU32 (Isaac Schaffer-; Jake Saus).","Geof Schroeder rush for 3 yards to the JHU35 (Alex Schafer; Tom Smid)."
"20251101_bikc",61,2,"rush","Johns Hopkins",1,,,,"Muhlenberg",TRUE,"Bay Harvey rush for 1 yard to the MUHL00, TOUCHDOWN, clock 04:31.","John Runfolo rush for loss of 2 yards to the MUHL38 (Carter Hogg; Browni Trainer)."
"20251101_bikc",63,2,"kickoff","Muhlenberg",,1,10,60,"Muhlenberg",FALSE,"Kaleb Wayt kickoff 62 yards to the MUHL03, Christopher Sho return 37 yards to the MUHL40 (Spencer Kramer).","John Runfolo rush for loss of 2 yards to the MUHL38 (Carter Hogg; Browni Trainer)."
"20251101_bikc",74,2,"pass_complete","Muhlenberg",2,,,,"Johns Hopkins",TRUE,"Logan Nordeck pass complete to Luke Spang for 2 yards to the JHU00, TOUCHDOWN, clock 00:50.","Geof Schroeder rush for 14 yards to the JHU31 (Marcus McClaine)."
"20251101_bikc",76,2,"kickoff","Johns Hopkins",,1,10,83,"Johns Hopkins",FALSE,"Nicholas D'Amic kickoff 59 yards to the JHU06, Amir Arnold return 11 yards to the JHU17 (Ethan Kalinausk; Isaac Schaffer-).","Geof Schroeder rush for 14 yards to the JHU31 (Marcus McClaine)."
"20251101_bikc",78,2,"rush","Johns Hopkins",69,1,10,34,"Muhlenberg",FALSE,"Bay Harvey rush for 1 yard to the JHU32, fumble forced by Blaze Curry, fumble by Bay Harvey recovered by MUHL Alex Schafer at JHU34.","Luke Spang pass complete to Caleb Pasols for 32 yards to the JHU02."
"20251101_bikc",82,2,"kickoff","Johns Hopkins",,,,,,FALSE,"Nicholas D'Amic kickoff 38 yards to the JHU27, Griffin Semrad return 2 yards to the JHU29 (Isaac Schaffer-).",
"20251101_bikc",83,3,"kickoff","Muhlenberg",,1,10,81,"Muhlenberg",FALSE,"Kaleb Wayt kickoff 65 yards to the MUHL00, Christopher Sho return 16 yards to the MUHL16, fumble forced by John Bechtle, fumble by Christopher Sho recovered by MUHL Caden Reph at MUHL19.","John Runfolo rush for 1 yard to the MUHL20 (Jack Schondelma)."
"20251101_bikc",90,3,"pass_complete","Muhlenberg",38,1,10,66,"Johns Hopkins",FALSE,"Luke Spang pass complete to Logan Nordeck for 4 yards to the JHU34 (Carter Hogg).","Geof Schroeder rush for 21 yards to the MUHL45 (Peyton Elliott)."
"20251101_bikc",104,3,"rush","Johns Hopkins",4,,,,"Muhlenberg",TRUE,"Ty Pugliano rush for 4 yards to the MUHL00, TOUCHDOWN, clock 04:29.","Matthew Manning rush for 3 yards to the MUHL28 (Will Seibert; Isaac Urquidi)."
"20251101_bikc",106,3,"kickoff","Muhlenberg",,1,10,75,"Muhlenberg",FALSE,"Kaleb Wayt kickoff 65 yards to the MUHL00, touchback.","Matthew Manning rush for 3 yards to the MUHL28 (Will Seibert; Isaac Urquidi)."
"20251101_bikc",116,3,"pass_complete","Muhlenberg",14,,,,"Johns Hopkins",TRUE,"Luke Spang pass complete to John Runfolo for 14 yards to the JHU00, TOUCHDOWN, clock 01:06.","Geof Schroeder rush for 1 yard to the JHU40 (Thomas Cerruti)."
"20251101_bikc",118,3,"kickoff","Johns Hopkins",,1,10,61,"Johns Hopkins",FALSE,"Nicholas D'Amic kickoff 64 yards to the JHU01, Josh Moore return 38 yards to the JHU39 (Ethan Kalinausk; Nicholas D'Amic).","Geof Schroeder rush for 1 yard to the JHU40 (Thomas Cerruti)."
"20251101_bikc",122,4,"punt_with_return","Johns Hopkins",64,1,10,64,"Muhlenberg",FALSE,"Chase Alley punt 33 yards to the MUHL31, Tommy Donnelly return 0 yards to the MUHL31, fumble by Tommy Donnelly recovered by MUHL Tommy Donnelly at MUHL31, PENALTY JHU illegal formation (Ty Pugliano) 5 yards to the MUHL36.","Isaac Schaffer- rush for 3 yards to the MUHL39 (Jack Smith; Will Seibert)."
"20251101_bikc",128,4,"pass_incomplete","Muhlenberg",39,1,10,61,"Johns Hopkins",FALSE,"Luke Spang pass incomplete to John Runfolo (Isaac Urquidi).","Bay Harvey rush for 59 yards to the MUHL02 (Aaron Sylvester), out-of-bounds."
"20251101_bikc",131,4,"rush","Johns Hopkins",1,,,,"Muhlenberg",TRUE,"Bay Harvey rush for 1 yard to the MUHL00, TOUCHDOWN, clock 10:52.","Luke Spang pass incomplete to Aidan Mack (David Hallal)."
"20251101_bikc",133,4,"kickoff","Muhlenberg",,1,10,77,"Muhlenberg",FALSE,"Kaleb Wayt kickoff 57 yards to the MUHL08, Christopher Sho return 15 yards to the MUHL23 (John Bechtle).","Luke Spang pass incomplete to Aidan Mack (David Hallal)."
"20251101_bikc",137,4,"punt_no_return","Muhlenberg",77,1,10,87,"Johns Hopkins",FALSE,"Sam Morris punt 64 yards to the JHU13, downed.","Geof Schroeder rush for 6 yards to the JHU19 (Blaze Curry; Peyton Elliott)."
"20251101_bikc",148,4,"rush","Johns Hopkins",22,,,,"Muhlenberg",TRUE,"Geof Schroeder rush for 22 yards to the MUHL00, TOUCHDOWN, clock 03:01.","Luke Spang rush for 4 yards to the MUHL34 (Jack Schondelma), out-of-bounds."
"20251101_bikc",150,4,"kickoff","Muhlenberg",,1,10,70,"Muhlenberg",FALSE,"Kaleb Wayt kickoff 63 yards to the MUHL02, Christopher Sho return 28 yards to the MUHL30 (Justin Scully).","Luke Spang rush for 4 yards to the MUHL34 (Jack Schondelma), out-of-bounds."
"20251101_bikc",157,4,"pass_incomplete","Muhlenberg",48,1,10,52,"Johns Hopkins",FALSE,"Luke Spang pass incomplete to Caden Reph (Carson Bourdo).","TEAM rush for loss of 1 yard to the JHU47."
"20251101_dlys",1,1,"kickoff","Carnegie Mellon",,1,10,65,"Carnegie Mellon",FALSE,"Worobel,Justin kickoff 60 yards to the CMU05, out of bounds at CMU05.","No Huddle-Shotgun Valente,Giacomo rush middle for 3 yards gain to the CMU38 (Genilello,Jason)."
"20251101_dlys",12,1,"rush","Carnegie Mellon",1,,,,"Dickinson",TRUE,"No Huddle-Shotgun Wamhoff,Mark rush for 1 yard gain to the DSON00 TOUCHDOWN, clock 10:16.","No Huddle-Shotgun Klassen,Ben pass complete short right to Friebel,Leon caught at DSON26, for 8 yards to the DSON33 (Franze,Jacob), out of bounds."
"20251101_dlys",14,1,"kickoff","Dickinson",,1,10,75,"Dickinson",FALSE,"Godhard,Noah kickoff 65 yards to the DSON00, Touchback.","No Huddle-Shotgun Klassen,Ben pass complete short right to Friebel,Leon caught at DSON26, for 8 yards to the DSON33 (Franze,Jacob), out of bounds."
"20251101_dlys",26,1,"pass_complete","Dickinson",4,,,,"Carnegie Mellon",TRUE,"No Huddle-Shotgun Klassen,Ben pass complete short middle to Schmidt,Kevin caught at CMU00, for 4 yards to the CMU00 TOUCHDOWN, clock 04:59.","No Huddle-Shotgun McGinnis IV,Joey pass complete short right to Kolke,Reece caught at CMU45, for 7 yards to the CMU45, out of bounds at CMU45."
"20251101_dlys",28,1,"kickoff","Carnegie Mellon",,1,10,62,"Carnegie Mellon",FALSE,"Worobel,Justin kickoff 57 yards to the CMU08 McCullough,Nick return 30 yards to the CMU38 (Heck,Gavin).","No Huddle-Shotgun McGinnis IV,Joey pass complete short right to Kolke,Reece caught at CMU45, for 7 yards to the CMU45, out of bounds at CMU45."
"20251101_dlys",39,1,"rush","Carnegie Mellon",1,,,,"Dickinson",TRUE,"No Huddle-Shotgun Wamhoff,Mark rush middle for 1 yard gain to the DSON00 TOUCHDOWN, clock 00:28.","No Huddle-Shotgun Klassen,Ben pass complete short middle to Friebel,Leon caught at DSON37, for 12 yards to the DSON37, End Of Play, 1ST DOWN."
"20251101_dlys",41,1,"kickoff","Dickinson",,1,10,75,"Dickinson",FALSE,"Godhard,Noah kickoff 65 yards to the DSON00, Touchback.","No Huddle-Shotgun Klassen,Ben pass complete short middle to Friebel,Leon caught at DSON37, for 12 yards to the DSON37, End Of Play, 1ST DOWN."
"20251101_dlys",46,2,"punt_no_return","Dickinson",56,1,10,83,"Carnegie Mellon",FALSE,"Furlong,Michael punt 39 yards to the CMU17, out of bounds at CMU17.","No Huddle-Shotgun Bouma,Willem rush left for 9 yards gain to the CMU26 (Barnes,Chris; Couvertiere,Sean)."
"20251101_dlys",58,2,"rush","Carnegie Mellon",3,,,,"Dickinson",TRUE,"No Huddle-Shotgun McGinnis IV,Joey rush right for 3 yards gain to the DSON00 TOUCHDOWN, clock 08:46, 1ST DOWN.","No Huddle-Shotgun Benning III,Cedric rush middle for 6 yards gain to the DSON31 (Ming,Ethan)."
"20251101_dlys",60,2,"kickoff","Dickinson",,1,10,75,"Dickinson",FALSE,"Godhard,Noah kickoff 65 yards to the DSON00, Touchback.","No Huddle-Shotgun Benning III,Cedric rush middle for 6 yards gain to the DSON31 (Ming,Ethan)."
"20251101_dlys",64,2,"punt_no_return","Dickinson",69,1,10,67,"Carnegie Mellon",FALSE,"Furlong,Michael punt 36 yards to the CMU33, out of bounds at CMU33.","No Huddle-Shotgun McGinnis IV,Joey pass complete short left to McCullough,Nick caught at CMU38, for 5 yards to the CMU38 (Barnes,Chris)."
"20251101_dlys",73,2,"rush","Carnegie Mellon",1,,,,"Dickinson",TRUE,"No Huddle-Shotgun Wamhoff,Mark rush middle for 1 yard gain to the DSON00 TOUCHDOWN, clock 03:50.","No Huddle-Shotgun Sorensen,Dane rush right for 8 yards gain to the DSON33 (DeFranco,Enzo)."
"20251101_dlys",75,2,"kickoff","Dickinson",,1,10,75,"Dickinson",FALSE,"Godhard,Noah kickoff 65 yards to the DSON00, Touchback.","No Huddle-Shotgun Sorensen,Dane rush right for 8 yards gain to the DSON33 (DeFranco,Enzo)."
"20251101_dlys",84,2,"rush","Dickinson",6,,,,"Carnegie Mellon",TRUE,"No Huddle-Shotgun Sorensen,Dane rush left for 6 yards gain to the CMU00 TOUCHDOWN, clock 01:24.","No Huddle-Shotgun McGinnis IV,Joey pass complete short right to Sheets,Carter caught at CMU37, for 15 yards to the CMU37 (Barnes,Chris), out of bounds, 1ST DOWN."
"20251101_dlys",86,2,"kickoff","Carnegie Mellon",,1,10,78,"Carnegie Mellon",FALSE,"Worobel,Justin kickoff 59 yards to the CMU06 McCullough,Nick return 16 yards to the CMU22 (Pedall,Patrick; Friebel,Leon).","No Huddle-Shotgun McGinnis IV,Joey pass complete short right to Sheets,Carter caught at CMU37, for 15 yards to the CMU37 (Barnes,Chris), out of bounds, 1ST DOWN."
"20251101_dlys",96,2,"pass_complete","Carnegie Mellon",15,,,,"Dickinson",TRUE,"No Huddle-Shotgun McGinnis IV,Joey pass complete short middle to Sheets,Carter caught at DSON02, for 15 yards to the DSON00 TOUCHDOWN, clock 00:13.","No Huddle-Shotgun Benning III,Cedric rush middle for 13 yards gain to the DSON38 (Franze,Jacob), 1ST DOWN."
"20251101_dlys",98,2,"kickoff","Dickinson",,1,10,75,"Dickinson",FALSE,"Godhard,Noah kickoff 65 yards to the DSON00, Touchback.","No Huddle-Shotgun Benning III,Cedric rush middle for 13 yards gain to the DSON38 (Franze,Jacob), 1ST DOWN."
"20251101_dlys",101,3,"kickoff","Dickinson",,1,10,75,"Dickinson",FALSE,"Godhard,Noah kickoff 65 yards to the DSON00, Touchback.","No Huddle-Shotgun Klassen,Ben pass incomplete deep middle to Friebel,Leon thrown to CMU38."
"20251101_dlys",106,3,"pass_complete","Dickinson",57,,,,"Carnegie Mellon",TRUE,"No Huddle-Shotgun Klassen,Ben pass complete deep right to Friebel,Leon caught at CMU25, for 57 yards to the CMU00 TOUCHDOWN, clock 13:41, 1ST DOWN.","No Huddle-Shotgun Valente,Giacomo rush right for 6 yards gain to the CMU30 (Genilello,Jason)."
"20251101_dlys",108,3,"kickoff","Carnegie Mellon",,1,10,76,"Carnegie Mellon",FALSE,"Worobel,Justin kickoff 60 yards to the CMU05 McCullough,Nick return 19 yards to the CMU24 (Friebel,Leon).","No Huddle-Shotgun Valente,Giacomo rush right for 6 yards gain to the CMU30 (Genilello,Jason)."
"20251101_dlys",123,3,"rush","Carnegie Mellon",3,,,,"Dickinson",TRUE,"No Huddle-Shotgun Wamhoff,Mark rush right for 3 yards gain to the DSON00 TOUCHDOWN, clock 07:55.","No Huddle-Shotgun Klassen,Ben pass incomplete short left to White,Braden thrown to DSON42."
"20251101_dlys",125,3,"kickoff","Dickinson",,1,10,62,"Dickinson",FALSE,"Godhard,Noah kickoff 59 yards to the DSON06 Schmidt,Kevin return 32 yards to the DSON38 (Lawson,Jack; Tarke,Leighton).","No Huddle-Shotgun Klassen,Ben pass incomplete short left to White,Braden thrown to DSON42."
"20251101_dlys",135,3,"pass_intercepted","Dickinson",17,1,10,80,"Carnegie Mellon",FALSE,"No Huddle-Shotgun Klassen,Ben pass intercepted by Ming,Ethan at CMU00, Touchback.","No Huddle-Shotgun McGinnis IV,Joey rush right for 37 yards gain to the DSON43 (Mulholland,Jimmy), out of bounds, 1ST DOWN."
"20251101_dlys",142,3,"pass_complete","Carnegie Mellon",2,,,,"Dickinson",TRUE,"No Huddle-Shotgun McGinnis IV,Joey pass complete short left to Bouma,Willem caught at DSON00, for 2 yards to the DSON00 TOUCHDOWN, clock 01:33.","No Huddle-Shotgun Klassen,Ben rush middle for 2 yards gain to the DSON27 (Bonnet,Gabe) PENALTY CMU Illegal Substitution 5 yards from DSON25 to DSON30. NO PLAY."
"20251101_dlys",144,3,"kickoff","Dickinson",,1,10,75,"Dickinson",FALSE,"Godhard,Noah kickoff 65 yards to the DSON00, Touchback.","No Huddle-Shotgun Klassen,Ben rush middle for 2 yards gain to the DSON27 (Bonnet,Gabe) PENALTY CMU Illegal Substitution 5 yards from DSON25 to DSON30. NO PLAY."
"20251101_dlys",149,4,"rush","Dickinson",53,1,10,55,"Carnegie Mellon",FALSE,"No Huddle-Shotgun Benning III,Cedric rush middle for 8 yards gain to the CMU45 fumbled by Benning III,Cedric at CMU45 forced by Ming,Ethan recovered by CMU Ming,Ethan at CMU45, End Of Play.","No Huddle-Shotgun Agyei,Shadrak rush middle for 6 yards gain to the DSON49 (Barnes,Chris)."
"20251101_dlys",154,4,"rush","Carnegie Mellon",24,,,,"Dickinson",TRUE,"No Huddle-Shotgun Agyei,Shadrak rush left for 24 yards gain to the DSON00 TOUCHDOWN, clock 12:28, 1ST DOWN.","No Huddle-Shotgun Klassen,Ben rush middle for 2 yards gain to the CMU48 (Kadur,Ty)."
"20251101_dlys",156,4,"kickoff","Dickinson",,1,10,50,"Dickinson",FALSE,"Godhard,Noah kickoff 57 yards to the DSON08 Sorensen,Dane return 42 yards to the CMU50 (Godhard,Noah), out of bounds.","No Huddle-Shotgun Klassen,Ben rush middle for 2 yards gain to the CMU48 (Kadur,Ty)."
"20251101_dlys",160,4,"rush","Dickinson",6,,,,"Carnegie Mellon",TRUE,"No Huddle-Shotgun Sorensen,Dane rush left for 6 yards gain to the CMU00 TOUCHDOWN, clock 10:48.","No Huddle-Shotgun Langdon,Jake rush middle for 3 yards gain to the CMU38 (Acuna,Joaquin)."
"20251101_dlys",162,4,"kickoff","Carnegie Mellon",,1,10,65,"Carnegie Mellon",FALSE,"Worobel,Justin kickoff 48 yards to the CMU17 Johnson,DJ return 18 yards to the CMU35 (Friebel,Leon; Mulholland,Jimmy).","No Huddle-Shotgun Langdon,Jake rush middle for 3 yards gain to the CMU38 (Acuna,Joaquin)."
"20251101_dlys",175,4,"rush","Carnegie Mellon",5,,,,"Dickinson",TRUE,"No Huddle-Shotgun Langdon,Jake rush right for 5 yards gain to the DSON00 TOUCHDOWN, clock 04:35.","No Huddle-Shotgun Del Re,Giovanni rush middle for 6 yards gain to the DSON31 (Kadur,Ty; Mann,Tai)."
"20251101_dlys",178,4,"kickoff","Dickinson",,1,10,75,"Dickinson",FALSE,"Godhard,Noah kickoff 65 yards to the DSON00, Touchback.","No Huddle-Shotgun Del Re,Giovanni rush middle for 6 yards gain to the DSON31 (Kadur,Ty; Mann,Tai)."
"20251101_dlys",183,4,"punt_with_return","Dickinson",71,1,10,63,"Carnegie Mellon",FALSE,"Furlong,Michael punt 34 yards to the CMU37 Rummel,Cooper return 0 yards to the CMU37 (Mulholland,Jimmy).","No Huddle-Shotgun Salters,Jackson pass complete short left to Mill,James caught at CMU46, for 9 yards to the CMU46 (Hollinger,Jason)."
"20251101_dlys",189,4,"rush","Carnegie Mellon",8,,,,"Dickinson",TRUE,"No Huddle-Shotgun Fred,David rush middle for 8 yards gain to the DSON00 TOUCHDOWN, clock 00:32, 1ST DOWN.","No Huddle-Shotgun Young,Mathias rush middle for 6 yards gain to the DSON26 (Faison,Javada)."
"20251101_dlys",191,4,"kickoff","Dickinson",,1,10,80,"Dickinson",FALSE,"Godhard,Noah kickoff 64 yards to the DSON01 Schmidt,Kevin return 29 yards to the DSON30 (Lawler,Archie) PENALTY DSON Holding (Morgan,CJ) 10 yards from DSON30 to DSON20.","No Huddle-Shotgun Young,Mathias rush middle for 6 yards gain to the DSON26 (Faison,Javada)."
"20251101_k2em",1,1,"kickoff","Franklin and Marshall",,1,10,73,"Franklin and Marshall",FALSE,"Fritz,Braden kickoff 59 yards to the F&M06 Marx,Oscar return 21 yards to the F&M27 (Wagner,Jacob).","No Huddle-Shotgun Paris,Louis rush middle for 5 yards gain to the F&M32 (Wilson,Keiron)."
"20251101_k2em",9,1,"pass_complete","Franklin and Marshall",18,,,,"McDaniel",TRUE,"No Huddle-Shotgun Tremba,Ty pass complete short left to Lewis,Gary caught at MCD00, for 18 yards to the MCD00 TOUCHDOWN, clock 10:30, 1ST DOWN.","No Huddle-Shotgun rush middle for 1 yard gain to the MCD24 (Albero,Chris; Kelley,LT)."
"20251101_k2em",11,1,"kickoff","McDaniel",,1,10,77,"McDaniel",FALSE,"Harlamov,Ivan kickoff 55 yards to the MCD10 Ivory,Mehari return 13 yards to the MCD23 (Aravides,Nick; Carner,Rafe).","No Huddle-Shotgun rush middle for 1 yard gain to the MCD24 (Albero,Chris; Kelley,LT)."
"20251101_k2em",17,1,"punt_with_return","McDaniel",48,1,10,98,"Franklin and Marshall",FALSE,"Fritz,Braden punt 41 yards to the F&M07 muffed by Albero,Chris at F&M07 recovered by F&M Albero,Chris at F&M02 Albero,Chris return 0 yards to the F&M02 (LeGrande,Taevon; Shingler,Kyree).","No Huddle-Shotgun Paris,Louis rush middle for 7 yards gain to the F&M09 (LeGrande,Taevon)."
"20251101_k2em",32,2,"punt_no_return","Franklin and Marshall",37,1,10,84,"McDaniel",FALSE,"Harlamov,Ivan punt 21 yards to the MCD16.","PENALTY MCD Illegal Substitution declined."
"20251101_k2em",46,2,"pass_intercepted","McDaniel",25,,,,"McDaniel",TRUE,"No Huddle-Shotgun Booker,Jayden pass intercepted by Marx,Oscar at F&M12 Marx,Oscar return 88 yards to the MCD00 TOUCHDOWN, clock 07:03.","No Huddle-Shotgun rush middle for 0 yards to the MCD26 (Hille,Connor)."
"20251101_k2em",48,2,"kickoff","McDaniel",,1,10,74,"McDaniel",FALSE,"Harlamov,Ivan kickoff 60 yards to the MCD05 Ivory,Mehari return 2 yards to the MCD07 fumbled by Ivory,Mehari at MCD07 recovered by MCD Ivory,Mehari at MCD07 (Borzillo,Anthony).","No Huddle-Shotgun rush middle for 0 yards to the MCD26 (Hille,Connor)."
"20251101_k2em",52,2,"punt_with_return","McDaniel",75,1,10,66,"Franklin and Marshall",FALSE,"Fritz,Braden punt 41 yards to the F&M34 Albero,Chris return 0 yards to the F&M34 (Ivory,Mehari).","No Huddle-Shotgun Paris,Louis rush middle for 5 yards gain to the F&M39 (Murphy,Malachi; LeGrande,Taevon)."
"20251101_k2em",56,2,"punt_with_return","Franklin and Marshall",59,1,10,71,"McDaniel",FALSE,"Harlamov,Ivan punt 34 yards to the MCD25 muffed by Homer,Christian at MCD25 recovered by MCD Homer,Christian at MCD25 Homer,Christian return 4 yards to the MCD29 (Wertz,Matt; Bonanno,Anthony).","No Huddle-Shotgun rush right for 1 yard gain to the MCD30, out of bounds at MCD30."
"20251101_k2em",60,2,"punt_no_return","McDaniel",65,1,10,43,"Franklin and Marshall",FALSE,"Fritz,Braden punt 8 yards to the MCD43, out of bounds at MCD43.","No Huddle-Shotgun Paris,Louis rush middle for 7 yards gain to the MCD36 (Evans,Donte)."
"20251101_k2em",70,2,"field_goal_good","Franklin and Marshall",7,,,,"McDaniel",TRUE,"Fleming,Michael field goal attempt from 24 yards GOOD (H: O'Brien,Daniel, LS: Galligan,Will), clock 00:09.","Kneel down at MCD34 for loss of 2 yards."
"20251101_k2em",71,2,"kickoff","McDaniel",,1,10,64,"McDaniel",FALSE,"Harlamov,Ivan kickoff 60 yards to the MCD05 Ivory,Mehari return 31 yards to the MCD36 (Hille,Connor).","Kneel down at MCD34 for loss of 2 yards."
"20251101_k2em",73,3,"kickoff","McDaniel",,1,10,73,"McDaniel",FALSE,"Harlamov,Ivan kickoff 57 yards to the MCD08 Ivory,Mehari return 19 yards to the MCD27 (Carner,Rafe; Coscia,Dean).","No Huddle-Shotgun Booker,Jayden pass complete short middle to Wendel,Grayson caught at MCD35, for 9 yards to the MCD36 (Wertz,Matt)."
"20251101_k2em",89,3,"field_goal_good","McDaniel",19,,,,"Franklin and Marshall",TRUE,"Fritz,Braden field goal attempt from 37 yards GOOD (H: Miller,Tony, LS: Galasso,Zach), clock 08:20.","No Huddle-Shotgun Paris,Louis rush middle for 8 yards gain to the F&M43 (Chapman Jr,Montez)."
"20251101_k2em",90,3,"kickoff","Franklin and Marshall",,1,10,65,"Franklin and Marshall",FALSE,"Fritz,Braden kickoff 15 yards to the MCD20, out of bounds at MCD20.","No Huddle-Shotgun Paris,Louis rush middle for 8 yards gain to the F&M43 (Chapman Jr,Montez)."
"20251101_k2em",100,3,"field_goal_missed","Franklin and Marshall",10,1,10,80,"McDaniel",FALSE,"Fleming,Michael field goal attempt from 27 yards NO GOOD (H: O'Brien,Daniel, LS: Galligan,Will), clock 03:16.","No Huddle-Shotgun James,Cordae rush middle for 1 yard loss to the MCD19 (Banghart,Owen)."
"20251101_k2em",107,3,"punt_no_return","McDaniel",55,1,10,80,"Franklin and Marshall",FALSE,"Fritz,Braden punt 35 yards to the F&M20 fair catch by Albero,Chris at F&M20.","No Huddle-Shotgun Tremba,Ty pass complete short middle to Paris,Louis caught at F&M23, for 5 yards to the F&M25 (Thornton,Jaden; LeGrande,Taevon)."
"20251101_k2em",113,4,"punt_with_return","Franklin and Marshall",69,1,10,18,"Franklin and Marshall",FALSE,"Harlamov,Ivan punt 46 yards to the MCD23 Homer,Christian return for loss of 5 yards to the MCD23 fumbled by Homer,Christian at MCD23 forced by Wertz,Matt recovered by F&M Ferranti,Michael at MCD18, End Of Play.","No Huddle-Shotgun Paris,Louis rush middle for 7 yards gain to the MCD11 (Homer,Christian)."
"20251101_k2em",117,4,"rush","Franklin and Marshall",5,,,,"McDaniel",TRUE,"No Huddle-Shotgun Paris,Louis rush middle for 5 yards gain to the MCD00 TOUCHDOWN, clock 10:38.","No Huddle-Shotgun Wagner,Jacob rush middle for 4 yards gain to the MCD18 (Checchio,Kyle)."
"20251101_k2em",119,4,"kickoff","McDaniel",,1,10,86,"McDaniel",FALSE,"Harlamov,Ivan kickoff 63 yards to the MCD02 Ivory,Mehari return 12 yards to the MCD14 (Merino,Stefan).","No Huddle-Shotgun Wagner,Jacob rush middle for 4 yards gain to the MCD18 (Checchio,Kyle)."
"20251101_k2em",123,4,"punt_no_return","McDaniel",82,1,10,50,"Franklin and Marshall",FALSE,"Fritz,Braden punt 32 yards to the MCD50, out of bounds at F&M50.","No Huddle-Shotgun Paris,Louis rush middle for 2 yards gain to the MCD48 (Donald,Jah'sir)."
"20251101_k2em",130,4,"punt_no_return","Franklin and Marshall",38,1,10,90,"McDaniel",FALSE,"Harlamov,Ivan punt 28 yards to the MCD10.","No Huddle-Shotgun Booker,Jayden rush right for 5 yards gain to the MCD15, out of bounds at MCD15."
"20251101_k2em",136,4,"rush","McDaniel",72,1,10,32,"Franklin and Marshall",FALSE,"No Huddle-Shotgun rush middle for 4 yards gain to the MCD32 (Albero,Chris), TURNOVER ON DOWNS.","No Huddle-Shotgun Paris,Louis rush middle for 4 yards gain to the MCD28 (Gifford,Damonte)."
"20251101_k2em",140,4,"pass_complete","Franklin and Marshall",25,1,10,77,"McDaniel",FALSE,"No Huddle-Shotgun Tremba,Ty pass complete short left to Lewis,Gary caught at MCD23, for 2 yards to the MCD23, End Of Play, TURNOVER ON DOWNS.","No Huddle-Shotgun Booker,Jayden pass complete short middle to Marsh,Logan caught at MCD25, for 4 yards to the MCD27 (Schultz,Nathan)."
"20251101_l1ok",1,1,"kickoff","Ursinus",,1,10,75,"Ursinus",FALSE,"Nolan Kruse kickoff 65 yards to the URS0, touchback.","Bernard,Jason rush up middle for 5 yards to the URS30 (Ryan Weems)."
"20251101_l1ok",7,1,"punt_blocked","Ursinus",57,1,10,58,"Gettysburg",FALSE,"Kiedrowski,Ben punt BLOCKED, recovered by GC TEAM at GC42 (blocked by Scott Sabol).","Michael Zrelak rush up middle for 5 yards to the GC47 (Megee,Taylor;Agar,Matt)."
"20251101_l1ok",15,1,"pass_intercepted","Gettysburg",19,1,10,94,"Ursinus",FALSE,"Sean Clark RE pass intercepted by Strusowski,Nick at the URS6.","Bernard,Jason rush over left end for 4 yards to the URS10 (Ryan Weems;Nick Karpovich)."
"20251101_l1ok",20,1,"punt_blocked","Ursinus",95,1,10,25,"Gettysburg",FALSE,"Kiedrowski,Ben punt 20 yards to the URS25, out-of-bounds (blocked by Brandon Wu).","Michael Zrelak rush up middle for loss of 1 yard to the URS26 (Small,Jonathon;Saenz,Manny)."
"20251101_l1ok",24,1,"field_goal_good","Gettysburg",30,,,,"Ursinus",TRUE,"Isaac ParksGill field goal attempt from 47 GOOD, clock 05:17.","Louis,Jaden rush up middle for 8 yards to the GC17 (Danny Breheney;Nate DeLorenzo)."
"20251101_l1ok",25,1,"kickoff","Ursinus",,1,10,25,"Ursinus",FALSE,"Nolan Kruse kickoff 54 yards to the URS11, Barnes,Keigan return 64 yards to the GC25 (Nolan Kruse).","Louis,Jaden rush up middle for 8 yards to the GC17 (Danny Breheney;Nate DeLorenzo)."
"20251101_l1ok",29,1,"punt_no_return","Ursinus",37,1,10,85,"Gettysburg",FALSE,"Kiedrowski,Ben punt 22 yards to the GC15, out-of-bounds.","Landon Hunt rush up middle for 1 yard to the GC16 (Rios,Aaron)."
"20251101_l1ok",36,1,"punt_no_return","Gettysburg",44,1,10,75,"Ursinus",FALSE,"D Vanarsdale punt 19 yards to the URS25, out-of-bounds.","Machado,Tristan middle pass complete to Zulkowski,Ryder for 7 yards to the URS32 (Zach Chostaka;Justin Rhyne)."
"20251101_l1ok",45,2,"pass_complete","Ursinus",23,,,,"Gettysburg",TRUE,"Machado,Tristan middle pass complete to Zulkowski,Ryder for 23 yards to the GC0, 1ST DOWN URS, TOUCHDOWN, clock 11:52.","Sean Clark LE pass complete to Matt O'Connor for 6 yards to the GC36 (Clarke,D.J.)."
"20251101_l1ok",47,2,"kickoff","Gettysburg",,1,10,70,"Gettysburg",FALSE,"Kiedrowski,Ben kickoff 50 yards to the GC15, Kevin Regula return 15 yards to the GC30 (Clarke,D.J.).","Sean Clark LE pass complete to Matt O'Connor for 6 yards to the GC36 (Clarke,D.J.)."
"20251101_l1ok",62,2,"pass_incomplete","Gettysburg",3,1,10,97,"Ursinus",FALSE,"Sean Clark middle pass incomplete to Matt O'Connor.","Bernard,Jason rush up middle for 2 yards to the URS5 (Justin Rhyne)."
"20251101_l1ok",71,2,"rush","Ursinus",2,,,,"Gettysburg",TRUE,"Bernard,Jason rush up middle for 2 yards to the GC0, TOUCHDOWN, clock 01:01.","Sean Clark LE pass complete to Nick Wonsala for 6 yards to the GC31."
"20251101_l1ok",73,2,"kickoff","Gettysburg",,1,10,75,"Gettysburg",FALSE,"Kiedrowski,Ben kickoff 50 yards to the GC15, Kevin Regula return 10 yards to the GC25 (Goin,Loui).","Sean Clark LE pass complete to Nick Wonsala for 6 yards to the GC31."
"20251101_l1ok",81,2,"pass_intercepted","Gettysburg",36,,,,,FALSE,"Sean Clark middle pass intercepted by Agar,Matt at the URS5.",
"20251101_l1ok",82,3,"kickoff","Gettysburg",,1,10,73,"Gettysburg",FALSE,"Kiedrowski,Ben kickoff 38 yards to the GC27, fair catch by Arthur Stubbs.","Michael Zrelak rush up middle for 12 yards to the GC39, 1ST DOWN GC (Robinson,Kendal;Ziegler,Jake)."
"20251101_l1ok",89,3,"rush","Gettysburg",18,,,,"Ursinus",TRUE,"Michael Zrelak rush over right end for 18 yards to the URS0, 1ST DOWN GC, TOUCHDOWN, clock 11:47.","Bernard,Jason rush up middle for 9 yards to the URS39 (Ryan Weems;Zach Chostaka)."
"20251101_l1ok",91,3,"kickoff","Ursinus",,1,10,70,"Ursinus",FALSE,"Nolan Kruse kickoff 51 yards to the URS14, Barnes,Keigan return 16 yards to the URS30 (RJ Weiss).","Bernard,Jason rush up middle for 9 yards to the URS39 (Ryan Weems;Zach Chostaka)."
"20251101_l1ok",104,3,"pass_complete","Ursinus",11,,,,"Gettysburg",TRUE,"Machado,Tristan middle pass complete to Roselle,Aidan for 11 yards to the GC0, 1ST DOWN URS, TOUCHDOWN, clock 04:32.","Landon Hunt rush up middle for 19 yards to the URS46, 1ST DOWN GC (Strusowski,Nick;Clarke,D.J.)."
"20251101_l1ok",107,3,"kickoff","Gettysburg",,1,10,65,"Gettysburg",FALSE,"Kiedrowski,Ben kickoff 35 yards to the GC30, Arthur Stubbs return 5 yards to the GC35 (McAuliffe,Tavia).","Landon Hunt rush up middle for 19 yards to the URS46, 1ST DOWN GC (Strusowski,Nick;Clarke,D.J.)."
"20251101_l1ok",114,3,"field_goal_good","Gettysburg",10,,,,"Ursinus",TRUE,"Isaac ParksGill field goal attempt from 27 GOOD, clock 01:22.","Bernard,Jason rush over left end for 7 yards to the URS30 (Rob Shultz;Ty Can)."
"20251101_l1ok",115,3,"kickoff","Ursinus",,1,10,77,"Ursinus",FALSE,"Nolan Kruse kickoff 47 yards to the URS18, Moore,Sam return 5 yards to the URS23, out-of-bounds.","Bernard,Jason rush over left end for 7 yards to the URS30 (Rob Shultz;Ty Can)."
"20251101_l1ok",130,4,"pass_complete","Ursinus",20,,,,"Gettysburg",TRUE,"Machado,Tristan LE pass complete to Zulkowski,Ryder for 20 yards to the GC0, TOUCHDOWN, clock 09:55.","Michael Zrelak rush up middle for 1 yard to the GC26 (Agar,Matt;Barrar,Ethan)."
"20251101_l1ok",132,4,"kickoff","Gettysburg",,1,10,75,"Gettysburg",FALSE,"Kiedrowski,Ben kickoff 65 yards to the GC0, touchback.","Michael Zrelak rush up middle for 1 yard to the GC26 (Agar,Matt;Barrar,Ethan)."
"20251101_l1ok",136,4,"pass_intercepted","Gettysburg",72,1,10,36,"Ursinus",FALSE,"Sean Clark RE pass intercepted by Clarke,D.J. at the GC48, Clarke,D.J. return 12 yards to the GC36 (Nick Wonsala).","Bernard,Jason rush over left end for 6 yards to the GC30, out-of-bounds (Jamie Setrakian)."
"20251101_l1ok",138,4,"rush","Ursinus",30,,,,"Gettysburg",TRUE,"Bernard,Jason rush up middle for 30 yards to the GC0, 1ST DOWN URS, TOUCHDOWN, clock 06:57.","Landon Hunt rush up middle for 1 yard to the GC12 (Lattanze,Donald;Barrar,Ethan)."
"20251101_l1ok",140,4,"kickoff","Gettysburg",,1,10,89,"Gettysburg",FALSE,"Kiedrowski,Ben kickoff 65 yards to the GC0, Gabriel Diaz return 11 yards to the GC11 (Goin,Loui;Dennis,Musyn).","Landon Hunt rush up middle for 1 yard to the GC12 (Lattanze,Donald;Barrar,Ethan)."
"20251101_l1ok",144,4,"rush","Gettysburg",86,1,10,14,"Ursinus",FALSE,"Scott Sabol rush over right end for no gain to the GC14 (Turber-Ortiz,Et;Lawson,Tim).","Louis,Jaden rush up middle for 7 yards to the GC7 (Adam Wolkowski)."
"20251101_l1ok",149,4,"rush","Ursinus",1,,,,"Gettysburg",TRUE,"Louis,Jaden rush up middle for 1 yard to the GC0, TOUCHDOWN, clock 01:56.","D Branstetter middle pass incomplete to Kevin Regula."
"20251101_l1ok",151,4,"kickoff","Gettysburg",,1,10,82,"Gettysburg",FALSE,"Kiedrowski,Ben kickoff 64 yards to the GC1, Gabriel Diaz return 17 yards to the GC18 (Goin,Loui;Zito,Gio).","D Branstetter middle pass incomplete to Kevin Regula."
"20251101_l1ok",157,4,"pass_intercepted","Gettysburg",51,,,,,FALSE,"D Branstetter RE pass intercepted by Clarke,D.J. at the URS14.",
"20251108_3ubg",1,1,"kickoff","Franklin and Marshall",,1,10,75,"Franklin and Marshall",FALSE,"Noah Godhard kickoff 65 yards to the F&M00, touchback.","Louis Paris rush for 1 yard to the F&M26 (Lucas Hazard; Leighton Tarke)."
"20251108_3ubg",7,1,"punt_with_return","Franklin and Marshall",47,1,10,89,"Carnegie Mellon",FALSE,"Ivan Harlamov punt 36 yards to the CMU11, Cooper Rummel return 0 yards to the CMU11 (Matt Wertz).","Willem Bouma rush for 3 yards to the CMU14 (Chris Albero)."
"20251108_3ubg",14,1,"rush","Carnegie Mellon",63,,,,"Carnegie Mellon",TRUE,"TEAM rush for loss of 17 yards to the CMU20, fumble by TEAM recovered by F&M Michael Pembrok at CMU00, TOUCHDOWN, clock 09:55.","Willem Bouma rush for 3 yards to the CMU09 (Lt Kelley)."
"20251108_3ubg",16,1,"kickoff","Carnegie Mellon",,1,10,94,"Carnegie Mellon",FALSE,"Ivan Harlamov kickoff 65 yards to the CMU00, Nick McCullough return 0 yards to the CMU00, fumble by Nick McCullough recovered by CMU Nick McCullough at CMU00, Nick McCullough return 12 yards to the CMU12 (Dean Coscia; Michael Pembrok), PENALTY CMU illegal block 6 yards to the CMU06.","Willem Bouma rush for 3 yards to the CMU09 (Lt Kelley)."
"20251108_3ubg",23,1,"punt_no_return","Carnegie Mellon",76,1,10,50,"Franklin and Marshall",FALSE,"John Norell punt 26 yards to the 50 yardline, out-of-bounds.","Louis Paris rush for 2 yards to the CMU48 (Bennett Grace; Leighton Tarke)."
"20251108_3ubg",27,1,"punt_no_return","Franklin and Marshall",42,1,10,84,"Carnegie Mellon",FALSE,"Ivan Harlamov punt 26 yards to the CMU16, fair catch by Cooper Rummel.","PENALTY CMU false start (Nick McCullough) 5 yards to the CMU11."
"20251108_3ubg",32,1,"punt_no_return","Carnegie Mellon",85,1,10,54,"Franklin and Marshall",FALSE,"John Norell punt 39 yards to the F&M46, fair catch by Chris Albero.","Ty Tremba pass complete to Hudson Zawadzka for 12 yards to the CMU42 (Jack Lawson; Ty Kadur)."
"20251108_3ubg",41,1,"rush","Franklin and Marshall",2,,,,"Carnegie Mellon",TRUE,"Ty Tremba rush for 2 yards to the CMU00, TOUCHDOWN, clock 00:07.","Giacomo Valente rush for 1 yard to the CMU24 (Kyle Checchio; Owen Banghart)."
"20251108_3ubg",43,1,"kickoff","Carnegie Mellon",,1,10,77,"Carnegie Mellon",FALSE,"Ivan Harlamov kickoff 63 yards to the CMU02, Nick McCullough return 21 yards to the CMU23 (Stefan Merino; Nick Aravides).","Giacomo Valente rush for 1 yard to the CMU24 (Kyle Checchio; Owen Banghart)."
"20251108_3ubg",47,2,"punt_no_return","Carnegie Mellon",77,1,10,60,"Franklin and Marshall",FALSE,"John Norell punt 37 yards to the F&M40, fair catch by Chris Albero.","Louis Paris rush for 1 yard to the F&M41 (Leighton Tarke; Lucas Hazard)."
"20251108_3ubg",57,2,"rush","Franklin and Marshall",23,1,10,77,"Carnegie Mellon",FALSE,"Louis Paris rush for no gain to the CMU23 (Leighton Tarke; Bennett Grace).","Joey McGinnis I pass complete to Reece Kolke for 7 yards to the CMU30 (Trey Comella)."
"20251108_3ubg",63,2,"rush","Carnegie Mellon",47,,,,"Franklin and Marshall",TRUE,"Joey McGinnis I rush for 47 yards to the F&M00, TOUCHDOWN, clock 06:14.","Ty Tremba pass complete to Jack Harrison for 2 yards to the F&M37 (Bennett Grace)."
"20251108_3ubg",65,2,"kickoff","Franklin and Marshall",,1,10,65,"Franklin and Marshall",FALSE,"Noah Godhard kickoff 58 yards to the F&M07, James Sobieski return 28 yards to the F&M35 (Jack Lawson).","Ty Tremba pass complete to Jack Harrison for 2 yards to the F&M37 (Bennett Grace)."
"20251108_3ubg",69,2,"punt_with_return","Franklin and Marshall",59,1,10,83,"Carnegie Mellon",FALSE,"Ivan Harlamov punt 43 yards to the CMU16, Cooper Rummel return 1 yards to the CMU17 (Oscar Marx).","Joey McGinnis I pass complete to Reece Kolke for 22 yards to the CMU39 (Kyle Evancho), out-of-bounds."
"20251108_3ubg",76,2,"punt_no_return","Carnegie Mellon",52,1,10,82,"Franklin and Marshall",FALSE,"John Norell punt 34 yards to the F&M18, downed.","Ty Tremba pass complete to Jack Harrison for 7 yards to the F&M25 (Connor Warren; Leighton Tarke)."
"20251108_3ubg",84,2,"punt_no_return","Franklin and Marshall",60,1,10,77,"Carnegie Mellon",FALSE,"Ivan Harlamov punt 37 yards to the CMU23, fair catch by Cooper Rummel.","Giacomo Valente rush for 6 yards to the CMU29 (Kyle Checchio; Connor Hille), out-of-bounds."
"20251108_3ubg",86,3,"kickoff","Carnegie Mellon",,1,10,64,"Carnegie Mellon",FALSE,"Ivan Harlamov kickoff 47 yards to the CMU18, DJ Johnson return 18 yards to the CMU36 (Connor Hille).","Giacomo Valente rush for loss of 2 yards to the CMU34 (Sam Keenan; Kyle Checchio)."
"20251108_3ubg",89,3,"pass_intercepted","Carnegie Mellon",61,1,10,54,"Franklin and Marshall",FALSE,"Joey McGinnis I pass intercepted by Rafe Carner at the F&M46, Rafe Carner return 0 yards to the F&M46.","Ty Tremba pass complete to Anthony Valdez for 3 yards to the F&M49 (Ethan Ming)."
"20251108_3ubg",94,3,"pass_complete","Franklin and Marshall",28,,,,"Carnegie Mellon",TRUE,"Ty Tremba pass complete to Gary Lewis for 28 yards to the CMU00, TOUCHDOWN, clock 11:43.","Joey McGinnis I rush for 10 yards to the CMU40 (Connor Hille)."
"20251108_3ubg",96,3,"kickoff","Carnegie Mellon",,1,10,70,"Carnegie Mellon",FALSE,"Ivan Harlamov kickoff 59 yards to the CMU06, Nick McCullough return 24 yards to the CMU30 (Anthony Valdez).","Joey McGinnis I rush for 10 yards to the CMU40 (Connor Hille)."
"20251108_3ubg",103,3,"pass_complete","Carnegie Mellon",24,,,,"Franklin and Marshall",TRUE,"Joey McGinnis I pass complete to Brendan McCullo for 24 yards to the F&M00, TOUCHDOWN, clock 09:00.","Ty Tremba pass incomplete to Jack Harrison (Mitchell Stokey)."
"20251108_3ubg",105,3,"kickoff","Franklin and Marshall",,1,10,75,"Franklin and Marshall",FALSE,"Noah Godhard kickoff 65 yards to the F&M00, touchback.","Ty Tremba pass incomplete to Jack Harrison (Mitchell Stokey)."
"20251108_3ubg",117,3,"kickoff","Carnegie Mellon",,1,10,30,"Franklin and Marshall",FALSE,"Ivan Harlamov kickoff 56 yards to the CMU09, Cooper Rummel return 13 yards to the CMU22, fumble forced by Nick Aravides, fumble by Cooper Rummel recovered by F&M Rafe Carner at CMU30.","Ty Tremba pass intercepted by Archie Lawler at the CMU23, Archie Lawler return 0 yards to the CMU23."
"20251108_3ubg",118,3,"pass_intercepted","Franklin and Marshall",30,1,10,77,"Carnegie Mellon",FALSE,"Ty Tremba pass intercepted by Archie Lawler at the CMU23, Archie Lawler return 0 yards to the CMU23.","Joey McGinnis I pass complete to Reece Kolke for 16 yards to the CMU39 (Trey Comella)."
"20251108_3ubg",124,3,"pass_complete","Carnegie Mellon",30,,,,"Franklin and Marshall",TRUE,"Joey McGinnis I pass complete to Nick McCullough for 30 yards to the F&M00, TOUCHDOWN, clock 01:06.","Ty Tremba pass complete to Louis Paris for 3 yards to the F&M28 (Ty Kadur)."
"20251108_3ubg",126,3,"kickoff","Franklin and Marshall",,1,10,75,"Franklin and Marshall",FALSE,"Noah Godhard kickoff 65 yards to the F&M00, touchback.","Ty Tremba pass complete to Louis Paris for 3 yards to the F&M28 (Ty Kadur)."
"20251108_3ubg",133,4,"punt_with_return","Franklin and Marshall",64,1,10,66,"Carnegie Mellon",FALSE,"Ivan Harlamov punt 41 yards to the CMU23, Cooper Rummel return 11 yards to the CMU34 (Nathan Schultz).","Joey McGinnis I rush for no gain to the CMU34 (Sam Keenan; Austin Hadley)."
"20251108_3ubg",137,4,"punt_no_return","Carnegie Mellon",62,1,10,73,"Franklin and Marshall",FALSE,"John Norell punt 35 yards to the F&M27, out-of-bounds.","Anthony Valdez rush for 18 yards to the F&M45 (Connor Warren)."
"20251108_3ubg",142,4,"punt_no_return","Franklin and Marshall",50,1,10,81,"Carnegie Mellon",FALSE,"Ivan Harlamov punt 31 yards to the CMU19, fair catch by Cooper Rummel.","Joey McGinnis I sacked for loss of 9 yards to the CMU10 (Austin Hadley)."
"20251108_3ubg",146,4,"punt_no_return","Carnegie Mellon",90,1,10,48,"Franklin and Marshall",FALSE,"John Norell punt 38 yards to the CMU48, fair catch by Chris Albero.","Louis Paris rush for 3 yards to the CMU45 (Ethan Ming), PENALTY F&M holding (Chris Logue) 10 yards to the F&M42, NO PLAY."
"20251108_3ubg",150,4,"pass_intercepted","Franklin and Marshall",47,1,10,35,"Carnegie Mellon",FALSE,"Ty Tremba pass intercepted by Leighton Tarke at the CMU35, Leighton Tarke return 40 yards to the F&M25, PENALTY CMU illegal block (DJ Johnson) 10 yards to the F&M35.","Joey McGinnis I rush for 3 yards to the F&M32 (Chris Albero), out-of-bounds."
"20251108_3ubg",158,4,"field_goal_good","Carnegie Mellon",28,,,,"Franklin and Marshall",TRUE,"Justin Caputo field goal attempt from 45 GOOD, clock 04:36.","Ty Tremba pass complete to Matt Eitner for 15 yards to the F&M40, out-of-bounds."
"20251108_3ubg",159,4,"kickoff","Franklin and Marshall",,1,10,75,"Franklin and Marshall",FALSE,"Noah Godhard kickoff 65 yards to the F&M00, touchback.","Ty Tremba pass complete to Matt Eitner for 15 yards to the F&M40, out-of-bounds."
"20251108_3ubg",164,4,"rush","Franklin and Marshall",23,,,,"Carnegie Mellon",TRUE,"Anthony Valdez rush for 23 yards to the CMU00, TOUCHDOWN, clock 01:55.","Joey McGinnis I rush for 3 yards to the F&M25 (Matt Wertz)."
"20251108_3ubg",166,4,"kickoff","Carnegie Mellon",,1,10,28,"Carnegie Mellon",FALSE,"Ivan Harlamov kickoff 59 yards to the CMU06, Nick McCullough return 51 yards to the F&M43 (Ivan Harlamov), PENALTY F&M face mask 15 yards to the F&M28.","Joey McGinnis I rush for 3 yards to the F&M25 (Matt Wertz)."
"20251108_3ubg",169,4,"pass_intercepted","Carnegie Mellon",31,1,10,86,"Franklin and Marshall",FALSE,"Joey McGinnis I pass intercepted by Connor Hille at the F&M13, Connor Hille return 1 yards to the F&M14.","Louis Paris rush for no gain to the F&M14 (Jacob Franze)."
"20251108_wc79",1,1,"kickoff","Dickinson",,1,10,69,"Dickinson",FALSE,"Kiedrowski,Ben kickoff 64 yards to the DSON01 Schmidt,Kevin return 30 yards to the DSON31 (Goin,Loui).","No Huddle-Shotgun Klassen,Ben rush middle for 1 yard gain to the DSON32 (Saenz,Manny)."
"20251108_wc79",10,1,"rush","Dickinson",1,1,10,99,"Ursinus",FALSE,"No Huddle-Shotgun Benning III,Cedric rush middle for 0 yards to the URS01 (Megee,Taylor; Spurio,Anthony), TURNOVER ON DOWNS.","No Huddle-Shotgun Machado,Tristan pass complete short middle to Van Orden,Jake caught at URS19, for 18 yards to the URS19 (Garcia,Juan Pablo), 1ST DOWN."
"20251108_wc79",18,1,"pass_complete","Ursinus",34,1,10,76,"Dickinson",FALSE,"No Huddle-Shotgun Machado,Tristan pass complete short right to Roselle,Aidan caught at DSON30, for 10 yards to the DSON24 fumbled by Roselle,Aidan at DSON24 forced by Moses,Josh recovered by DSON Genilello,Jason at DSON24, End Of Play.","No Huddle-Shotgun Klassen,Ben rush middle for 3 yards gain to the DSON27 (Saenz,Manny; Turber-Ortiz,Ethan)."
"20251108_wc79",22,1,"rush","Dickinson",56,1,10,45,"Ursinus",FALSE,"No Huddle-Shotgun Sorensen,Dane rush middle for 1 yard gain to the DSON45 fumbled by Sorensen,Dane at DSON45 forced by Robinson,Kendall recovered by URS Spurio,Anthony at DSON45, End Of Play.","No Huddle-Shotgun Jones,Brooklyn rush left for 1 yard gain to the DSON44 (Genilello,Jason)."
"20251108_wc79",27,1,"punt_with_return","Ursinus",55,1,10,81,"Dickinson",FALSE,"Kiedrowski,Ben punt 48 yards to the DSON07 Schmidt,Kevin return 12 yards to the DSON19 (Turber-Ortiz,Ethan).","No Huddle-Shotgun Klassen,Ben pass complete deep right to Friebel,Leon caught at DSON42, for 39 yards to the URS42 (Strusowski,Nick), 1ST DOWN."
"20251108_wc79",36,2,"rush","Dickinson",1,,,,"Ursinus",TRUE,"No Huddle-Shotgun Klassen,Ben rush left for 1 yard gain to the URS00 TOUCHDOWN, clock 13:34.","No Huddle-Shotgun Machado,Tristan pass complete short left to Roselle,Aidan caught at URS40, for 17 yards to the URS47 (Moses,Josh), 1ST DOWN."
"20251108_wc79",38,2,"kickoff","Ursinus",,1,10,70,"Ursinus",FALSE,"Worobel,Justin kickoff 65 yards to the URS00, Touchback PENALTY DSON Offside 5 yards from URS25 to URS30.","No Huddle-Shotgun Machado,Tristan pass complete short left to Roselle,Aidan caught at URS40, for 17 yards to the URS47 (Moses,Josh), 1ST DOWN."
"20251108_wc79",43,2,"punt_no_return","Ursinus",49,1,10,80,"Dickinson",FALSE,"Kiedrowski,Ben punt 49 yards to the DSON00, Touchback.","No Huddle-Shotgun Klassen,Ben pass incomplete short right to Fjeldseth,Frederik thrown to DSON35."
"20251108_wc79",61,2,"field_goal_good","Dickinson",5,,,,"Ursinus",TRUE,"Worobel,Justin field goal attempt from 22 yards GOOD (H: Boyer,Kellen, LS: Berthiaume,Nathan), clock 03:12.","No Huddle-Shotgun Bernard,Jason rush middle for 5 yards gain to the URS40 (Acuna,Joaquin)."
"20251108_wc79",62,2,"kickoff","Ursinus",,1,10,65,"Ursinus",FALSE,"Worobel,Justin kickoff 61 yards to the URS04, out of bounds at URS04.","No Huddle-Shotgun Bernard,Jason rush middle for 5 yards gain to the URS40 (Acuna,Joaquin)."
"20251108_wc79",67,2,"pass_complete","Ursinus",39,,,,"Dickinson",TRUE,"No Huddle-Shotgun Machado,Tristan pass complete short middle to Roselle,Aidan caught at DSON20, for 39 yards to the DSON00 TOUCHDOWN, clock 01:58, 1ST DOWN.","No Huddle-Shotgun Klassen,Ben rush left for 11 yards gain to the DSON46 (Ziegler,Jake), out of bounds, 1ST DOWN."
"20251108_wc79",69,2,"kickoff","Dickinson",,1,10,65,"Dickinson",FALSE,"Kiedrowski,Ben kickoff 61 yards to the DSON04, out of bounds at DSON04.","No Huddle-Shotgun Klassen,Ben rush left for 11 yards gain to the DSON46 (Ziegler,Jake), out of bounds, 1ST DOWN."
"20251108_wc79",74,2,"pass_complete","Dickinson",23,,,,"Ursinus",TRUE,"No Huddle-Shotgun Klassen,Ben pass complete deep right to Friebel,Leon caught at URS00, for 23 yards to the URS00 TOUCHDOWN, clock 00:46, 1ST DOWN.","No Huddle-Shotgun Machado,Tristan pass incomplete short middle to Roberts-Jackson,Markel thrown to URS40 broken up by Garcia,Juan Pablo."
"20251108_wc79",76,2,"kickoff","Ursinus",,1,10,75,"Ursinus",FALSE,"Worobel,Justin kickoff 65 yards to the URS00, Touchback.","No Huddle-Shotgun Machado,Tristan pass incomplete short middle to Roberts-Jackson,Markel thrown to URS40 broken up by Garcia,Juan Pablo."
"20251108_wc79",78,2,"pass_intercepted","Ursinus",75,1,10,60,"Dickinson",FALSE,"No Huddle-Shotgun Machado,Tristan pass intercepted by Moses,Josh at DSON45 Moses,Josh return 15 yards to the URS40, End Of Play PENALTY DSON Holding 10 yards from URS50 to DSON40.","No Huddle-Shotgun Klassen,Ben pass complete short left to Sorensen,Dane caught at DSON43, for 3 yards to the DSON43 (Clarke,D.J.), out of bounds."
"20251108_wc79",84,3,"kickoff","Ursinus",,1,10,75,"Ursinus",FALSE,"Worobel,Justin kickoff 65 yards to the URS00, Touchback.","(15:00) No Huddle-Shotgun Louis,Jaden rush right for 5 yards gain to the URS30 (Couvertiere,Sean)."
"20251108_wc79",88,3,"rush","Ursinus",68,1,10,33,"Dickinson",FALSE,"No Huddle Ursinus rush middle for 1 yard gain to the URS33 fumbled by Ursinus at URS33 recovered by DSON Nahon,Eliott at URS33, End Of Play.","No Huddle-Shotgun Benning III,Cedric rush middle for 6 yards gain to the URS27 (Turber-Ortiz,Ethan)."
"20251108_wc79",91,3,"pass_complete","Dickinson",25,,,,"Ursinus",TRUE,"No Huddle-Shotgun Klassen,Ben pass complete short middle to Friebel,Leon caught at URS15, for 25 yards to the URS00 TOUCHDOWN, clock 12:30, 1ST DOWN.","No Huddle-Shotgun Machado,Tristan pass complete short left to Roselle,Aidan caught at URS23, for 3 yards to the URS24 (Moses,Josh)."
"20251108_wc79",93,3,"kickoff","Ursinus",,1,10,79,"Ursinus",FALSE,"Worobel,Justin kickoff 60 yards to the URS05 Roselle,Aidan return 27 yards to the URS32 (Couvertiere,Sean; Kaufman,Marco) PENALTY URS Holding 10 yards from URS31 to URS21.","No Huddle-Shotgun Machado,Tristan pass complete short left to Roselle,Aidan caught at URS23, for 3 yards to the URS24 (Moses,Josh)."
"20251108_wc79",109,3,"pass_complete","Ursinus",3,,,,"Dickinson",TRUE,"No Huddle-Shotgun Machado,Tristan pass complete short middle to Zulkowski,Ryder caught at DSON00, for 3 yards to the DSON00 TOUCHDOWN, clock 04:59.","No Huddle-Shotgun Klassen,Ben rush left for 13 yards gain to the DSON48, End Of Play, 1ST DOWN, PENALTY URS Holding 10 yards from DSON48 to URS42, 1ST DOWN."
"20251108_wc79",111,3,"kickoff","Dickinson",,1,10,65,"Dickinson",FALSE,"Kiedrowski,Ben kickoff 64 yards to the DSON01, out of bounds at DSON01.","No Huddle-Shotgun Klassen,Ben rush left for 13 yards gain to the DSON48, End Of Play, 1ST DOWN, PENALTY URS Holding 10 yards from DSON48 to URS42, 1ST DOWN."
"20251108_wc79",117,3,"rush","Dickinson",2,,,,"Ursinus",TRUE,"No Huddle-Shotgun Sorensen,Dane rush middle for 2 yards gain to the URS00 TOUCHDOWN, clock 02:51.","No Huddle-Shotgun Bernard,Jason rush middle for 9 yards gain to the URS42 (Garcia,Juan Pablo; Ryan,Will)."
"20251108_wc79",119,3,"kickoff","Ursinus",,1,10,67,"Ursinus",FALSE,"Worobel,Justin kickoff 65 yards to the URS00 Roselle,Aidan return 33 yards to the URS33 (Couvertiere,Sean).","No Huddle-Shotgun Bernard,Jason rush middle for 9 yards gain to the URS42 (Garcia,Juan Pablo; Ryan,Will)."
"20251108_wc79",129,4,"pass_complete","Ursinus",29,,,,"Dickinson",TRUE,"No Huddle-Shotgun Machado,Tristan pass complete deep middle to Zulkowski,Ryder caught at DSON00, for 29 yards to the DSON00 QB hurried by Jungmann,Cedric TOUCHDOWN, clock 13:37, 1ST DOWN, PENALTY DSON Roughing The Passer (Jungmann,Cedric) 2 yards from DSON00 to DSON01, 1ST DOWN.","No Huddle-Shotgun Benning III,Cedric rush middle for 5 yards gain to the DSON25 (Robinson,Kendall)."
"20251108_wc79",131,4,"kickoff","Dickinson",,1,10,80,"Dickinson",FALSE,"Kiedrowski,Ben kickoff 64 yards to the DSON01 Schmidt,Kevin return 33 yards to the DSON34 (Turber-Ortiz,Ethan; Kiedrowski,Ben) PENALTY DSON Holding (Heck,Gavin) 10 yards from DSON30 to DSON20.","No Huddle-Shotgun Benning III,Cedric rush middle for 5 yards gain to the DSON25 (Robinson,Kendall)."
"20251108_wc79",144,4,"rush","Dickinson",1,,,,"Ursinus",TRUE,"No Huddle-Shotgun Sorensen,Dane rush middle for 1 yard gain to the URS00 TOUCHDOWN, clock 06:31.","No Huddle-Shotgun Machado,Tristan pass complete deep middle to Zulkowski,Ryder caught at DSON30, for 49 yards to the DSON26 (Barnes,Chris), 1ST DOWN."
"20251108_wc79",146,4,"kickoff","Ursinus",,1,10,75,"Ursinus",FALSE,"Worobel,Justin kickoff 65 yards to the URS00, Touchback.","No Huddle-Shotgun Machado,Tristan pass complete deep middle to Zulkowski,Ryder caught at DSON30, for 49 yards to the DSON26 (Barnes,Chris), 1ST DOWN."
"20251108_wc79",152,4,"pass_incomplete","Ursinus",15,1,10,85,"Dickinson",FALSE,"No Huddle-Shotgun Machado,Tristan pass incomplete short middle to Roselle,Aidan thrown to DSON00, TURNOVER ON DOWNS.","No Huddle-Shotgun Benning III,Cedric rush middle for 9 yards gain to the DSON24 (Small,Jonathon; Megee,Taylor)."
"20251108_wc79",162,4,"rush","Dickinson",4,,,,"Ursinus",TRUE,"No Huddle-Shotgun Benning III,Cedric rush middle for 4 yards gain to the URS00 TOUCHDOWN, clock 01:10.","No Huddle-Shotgun Kmett,Andrew rush left for 1 yard loss to the URS29 (Moses,Darren)."
"20251108_wc79",164,4,"kickoff","Ursinus",,1,10,70,"Ursinus",FALSE,"Worobel,Justin kickoff 58 yards to the URS07 Manley,Sean return 23 yards to the URS30 (Mulholland,Jimmy).","No Huddle-Shotgun Kmett,Andrew rush left for 1 yard loss to the URS29 (Moses,Darren)."
"20251108_x77w",1,1,"kickoff","McDaniel",,1,10,82,"McDaniel",FALSE,"Wayt,Kaleb kickoff 65 yards to the McD00 Ivory,Mehari return 18 yards to the McD18 (Pion,Jacob; Scully,Justin).","No Huddle-Shotgun Booker,Jayden pass incomplete short left to James,Cordae thrown to McD20."
"20251108_x77w",9,1,"punt_with_return","McDaniel",64,1,10,43,"Johns Hopkins",FALSE,"Fritz,Braden punt 39 yards to the JHU25 Orecchio,Alex return 32 yards to the McD43 (Kuhl,Jack).","No Huddle-Shotgun Harvey,Bay pass complete short middle to Crotty,Cole caught at McD30, for 17 yards to the McD26 (Homer,Christian), 1ST DOWN."
"20251108_x77w",15,1,"rush","Johns Hopkins",5,,,,"McDaniel",TRUE,"No Huddle-Shotgun Schroeder,Geoff rush right for 5 yards gain to the McD00 TOUCHDOWN, clock 08:12, 1ST DOWN.","No Huddle-Shotgun James,Cordae rush middle for 9 yards gain to the McD36 (Schondelmayer,Jack)."
"20251108_x77w",17,1,"kickoff","McDaniel",,1,10,73,"McDaniel",FALSE,"Wayt,Kaleb kickoff 63 yards to the McD02 Ivory,Mehari return 25 yards to the McD27 (Kramer,Spencer; Pion,Jacob).","No Huddle-Shotgun James,Cordae rush middle for 9 yards gain to the McD36 (Schondelmayer,Jack)."
"20251108_x77w",21,1,"punt_no_return","McDaniel",66,1,10,72,"Johns Hopkins",FALSE,"Fritz,Braden punt 38 yards to the JHU28.","No Huddle-Shotgun Harvey,Bay pass complete short right to Crotty,Cole caught at JHU40, for 12 yards to the JHU40, out of bounds at JHU40, 1ST DOWN."
"20251108_x77w",30,1,"rush","Johns Hopkins",6,,,,"McDaniel",TRUE,"No Huddle-Shotgun Schroeder,Geoff rush middle for 6 yards gain to the McD00 TOUCHDOWN, clock 01:28, 1ST DOWN.","No Huddle-Shotgun James,Cordae rush middle for 1 yard loss to the McD24 (Seibert,Will)."
"20251108_x77w",32,1,"kickoff","McDaniel",,1,10,75,"McDaniel",FALSE,"Wayt,Kaleb kickoff 65 yards to the McD00, Touchback.","No Huddle-Shotgun James,Cordae rush middle for 1 yard loss to the McD24 (Seibert,Will)."
"20251108_x77w",34,1,"pass_intercepted","McDaniel",76,1,10,43,"Johns Hopkins",FALSE,"No Huddle-Shotgun Booker,Jayden pass intercepted by Schondelmayer,Jack at McD43 Schondelmayer,Jack return 0 yards to the McD43 (Wendel,Grayson).","No Huddle-Shotgun Pugliano,Ty rush left for 4 yards gain to the McD39 (Williams,Kendrick; Evans,Donte)."
"20251108_x77w",38,1,"pass_incomplete","Johns Hopkins",39,1,10,61,"McDaniel",FALSE,"No Huddle-Shotgun Harvey,Bay pass incomplete short middle to Bechtle,John thrown to McD30 broken up by Murphy,Malachi, TURNOVER ON DOWNS.","No Huddle-Shotgun James,Cordae rush middle for 1 yard loss to the McD38 (Seibert,Will)."
"20251108_x77w",41,2,"rush","McDaniel",53,1,10,42,"Johns Hopkins",FALSE,"No Huddle-Shotgun Booker,Jayden rush middle for 5 yards loss to the McD42 fumbled by Booker,Jayden at McD42 recovered by JHU Trainer,Browning at McD42, End Of Play.","No Huddle-Shotgun Pugliano,Ty rush middle for 1 yard gain to the McD41 (LeGrande,Taevon; Thornton,Jaden)."
"20251108_x77w",46,2,"pass_complete","Johns Hopkins",19,,,,"McDaniel",TRUE,"No Huddle-Shotgun Harvey,Bay pass complete short left to Enright,Robby caught at McD00, for 19 yards to the McD00 TOUCHDOWN, clock 11:54, 1ST DOWN.","No Huddle-Shotgun Wagner,Jacob rush left for 15 yards gain to the McD40 (Trainer,Browning), 1ST DOWN."
"20251108_x77w",48,2,"kickoff","McDaniel",,1,10,75,"McDaniel",FALSE,"Wayt,Kaleb kickoff 58 yards to the McD07 Ivory,Mehari return 18 yards to the McD25 (Ilunga-Reed,Tayo).","No Huddle-Shotgun Wagner,Jacob rush left for 15 yards gain to the McD40 (Trainer,Browning), 1ST DOWN."
"20251108_x77w",53,2,"punt_no_return","McDaniel",53,1,10,99,"Johns Hopkins",FALSE,"Fritz,Braden punt 52 yards to the JHU01.","No Huddle-Shotgun Schroeder,Geoff rush middle for 6 yards gain to the JHU07 (Homer,Christian; Wolf,Connor)."
"20251108_x77w",60,2,"punt_with_return","Johns Hopkins",67,1,10,92,"McDaniel",FALSE,"Alley,Chase punt 60 yards to the McD07 Smith,David return 1 yard to the McD08 (Pugliano,Ty).","No Huddle-Shotgun Booker,Jayden pass complete short right to Wendel,Grayson caught at McD13, for 5 yards to the McD13 (Schondelmayer,Jack)."
"20251108_x77w",64,2,"punt_with_return","McDaniel",87,1,10,43,"Johns Hopkins",FALSE,"Fritz,Braden punt 39 yards to the JHU48 Orecchio,Alex return 9 yards to the McD43 (Beggs,Gavin; Ivory,Mehari).","No Huddle-Shotgun Schroeder,Geoff rush left for 3 yards gain to the McD40 (LeGrande,Taevon; Allen,Bryce)."
"20251108_x77w",70,2,"rush","Johns Hopkins",3,,,,"McDaniel",TRUE,"No Huddle-Shotgun Bechtle,John rush middle for 3 yards gain to the McD00 TOUCHDOWN, clock 02:03.","No Huddle-Shotgun Booker,Jayden pass complete short right to Wendel,Grayson caught at McD35, for 10 yards to the McD37 (Hogg,Carter), out of bounds, 1ST DOWN."
"20251108_x77w",72,2,"kickoff","McDaniel",,1,10,73,"McDaniel",FALSE,"Wayt,Kaleb kickoff 59 yards to the McD06 Ivory,Mehari return 21 yards to the McD27 (Arnold,Amir).","No Huddle-Shotgun Booker,Jayden pass complete short right to Wendel,Grayson caught at McD35, for 10 yards to the McD37 (Hogg,Carter), out of bounds, 1ST DOWN."
"20251108_x77w",80,2,"punt_with_return","McDaniel",50,1,10,93,"Johns Hopkins",FALSE,"Fritz,Braden punt 37 yards to the JHU13 Orecchio,Alex return 27 yards to the JHU40 (Ivory,Mehari; Penzone,Jack) PENALTY JHU Holding (Dasilva,Tyler) 7 yards from JHU14 to JHU07.","Kneel down by Harvey,Bay at JHU06 for loss of 1 yard."
"20251108_x77w",82,3,"kickoff","Johns Hopkins",,1,10,74,"Johns Hopkins",FALSE,"Fritz,Braden kickoff 61 yards to the JHU04 Moore,Josh return 22 yards to the JHU26 (Irvin,Jonathan; Beggs,Gavin).","No Huddle-Shotgun Frost,Melik rush right for 2 yards gain to the JHU28 (Chapman Jr,Montez; Williams,Kendrick)."
"20251108_x77w",92,3,"pass_complete","Johns Hopkins",11,,,,"McDaniel",TRUE,"No Huddle-Shotgun Harvey,Bay pass complete short left to Enright,Robby caught at McD00, for 11 yards to the McD00 TOUCHDOWN, clock 10:10, 1ST DOWN.","No Huddle-Shotgun James,Cordae rush right for 22 yards gain to the McD45 (Bourdo,Carson), out of bounds, 1ST DOWN."
"20251108_x77w",94,3,"kickoff","McDaniel",,1,10,77,"McDaniel",FALSE,"Wayt,Kaleb kickoff 61 yards to the McD04 Smith,David return 19 yards to the McD23 (Scully,Justin; Stup,Cole).","No Huddle-Shotgun James,Cordae rush right for 22 yards gain to the McD45 (Bourdo,Carson), out of bounds, 1ST DOWN."
"20251108_x77w",99,3,"rush","McDaniel",48,4,10,55,"McDaniel",FALSE,"No Huddle-Shotgun Booker,Jayden rush middle for 6 yards gain (3) to the JHU42 (Smith,Jackson) PENALTY McD Holding (Young,Jalen) 10 yards from JHU45 to McD45, TURNOVER ON DOWNS.","Fritz,Braden punt 29 yards to the JHU26 Orecchio,Alex return 16 yards to the JHU42 (LeGrande,Taevon)."
"20251108_x77w",100,3,"punt_with_return","McDaniel",55,1,10,58,"Johns Hopkins",FALSE,"Fritz,Braden punt 29 yards to the JHU26 Orecchio,Alex return 16 yards to the JHU42 (LeGrande,Taevon).","No Huddle-Shotgun Harvey,Bay pass incomplete short left to Enright,Robby thrown to McD50."
"20251108_x77w",107,3,"rush","Johns Hopkins",14,1,10,99,"McDaniel",FALSE,"No Huddle-Shotgun Frost,Melik rush middle for 13 yards gain to the McD01 fumbled by Frost,Melik at McD02 forced by Homer,Christian recovered by McD Murphy,Malachi at McD01, End Of Play.","No Huddle-Shotgun Booker,Jayden rush middle for 3 yards gain to the McD04 (Bourdo,Carson)."
"20251108_x77w",115,4,"punt_no_return","McDaniel",79,1,10,54,"Johns Hopkins",FALSE,"Fritz,Braden punt 33 yards to the JHU46.","No Huddle-Shotgun Baker,Luke pass incomplete short left to Enright,Robby thrown to McD47."
"20251108_x77w",119,4,"punt_no_return","Johns Hopkins",57,1,10,80,"McDaniel",FALSE,"Alley,Chase punt 57 yards to the McD00, Touchback.","No Huddle-Shotgun James,Cordae rush middle for 1 yard loss to the McD19 (Hogg,Carter; Scully,Justin)."
"20251108_x77w",123,4,"punt_with_return","McDaniel",76,1,10,48,"Johns Hopkins",FALSE,"Fritz,Braden punt 26 yards to the McD50 Orecchio,Alex return 2 yards to the McD48 (Kuhl,Jack; Beggs,Gavin).","No Huddle-Shotgun Dandridge,Brock rush left for 0 yards to the McD48 (Homer,Christian)."
"20251108_x77w",125,4,"pass_complete","Johns Hopkins",48,,,,"McDaniel",TRUE,"No Huddle-Shotgun Baker,Luke pass complete short middle to Orecchio,Alex caught at McD41, for 48 yards to the McD00 TOUCHDOWN, clock 10:48, 1ST DOWN.","No Huddle-Shotgun James,Cordae rush middle for 2 yards loss to the McD30 (Olson,Sawyer)."
"20251108_x77w",127,4,"kickoff","McDaniel",,1,10,68,"McDaniel",FALSE,"Wayt,Kaleb kickoff 57 yards to the McD08 Smith,David return 24 yards to the McD32 (Kramer,Spencer).","No Huddle-Shotgun James,Cordae rush middle for 2 yards loss to the McD30 (Olson,Sawyer)."
"20251108_x77w",131,4,"punt_no_return","McDaniel",69,1,10,59,"Johns Hopkins",FALSE,"Fritz,Braden punt 28 yards to the JHU41 fair catch by Enright,Robby at JHU41.","No Huddle-Shotgun Dandridge,Brock rush middle for 3 yards gain to the JHU44 (Hensley,Michael; Thornton,Jaden)."
"20251108_x77w",139,4,"rush","Johns Hopkins",1,1,10,93,"McDaniel",FALSE,"No Huddle-Shotgun Baker,Luke rush middle for 4 yards loss to the McD05 fumbled by Baker,Luke at McD05 recovered by McD Allen,Bryce at McD05 Allen,Bryce return 2 yards to the McD07 (Riney,Penn).","No Huddle-Shotgun Booker,Jayden rush right for 10 yards gain to the McD17 (Arnold,Amir), out of bounds, 1ST DOWN."
"20251108_x77w",144,4,"rush","McDaniel",58,1,10,19,"Johns Hopkins",FALSE,"No Huddle-Shotgun McDaniel rush middle for 23 yards loss to the McD19 fumbled by McDaniel at McD35 recovered by JHU Olson,Sawyer at McD19, End Of Play.","No Huddle-Shotgun Dandridge,Brock rush middle for 1 yard loss to the McD20 (Chapman Jr,Montez)."
"20251108_xaqb",1,1,"kickoff","Muhlenberg",,1,10,75,"Muhlenberg",FALSE,"Isaac ParksGill kickoff 65 yards to the MUHL0, touchback.","Spang,Luke RE pass incomplete to Schaffer-Neitz, (Nate DeLorenzo)."
"20251108_xaqb",7,1,"rush","Muhlenberg",5,,,,"Gettysburg",TRUE,"Schaffer-Neitz, rush up middle for 5 yards to the GC0, 1ST DOWN MUHL, TOUCHDOWN, clock 12:39.","Michael Zrelak rush up middle for 5 yards to the GC30 (Curry,Blaze)."
"20251108_xaqb",9,1,"kickoff","Gettysburg",,1,10,75,"Gettysburg",FALSE,"D'Amico,Nichola kickoff 65 yards to the GC0, touchback.","Michael Zrelak rush up middle for 5 yards to the GC30 (Curry,Blaze)."
"20251108_xaqb",14,1,"pass_complete","Gettysburg",49,1,10,46,"Muhlenberg",FALSE,"Sean Clark middle pass complete to Michael Zrelak for 8 yards to the MUHL41, fumble forced by Newman,CJ, fumble by Michael Zrelak recovered by MUHL Lopez,Jeffrey at MUHL39, Lopez,Jeffrey return 15 yards to the GC46 (P McAuliffe).","Spang,Luke RE pass incomplete to Pasols,Caleb."
"20251108_xaqb",18,1,"rush","Muhlenberg",19,,,,"Gettysburg",TRUE,"Walley,JR rush up middle for 19 yards to the GC0, 1ST DOWN MUHL, TOUCHDOWN, clock 09:14.","Michael Zrelak rush up middle for 1 yard to the GC26 (Cerruti,Thomas)."
"20251108_xaqb",20,1,"kickoff","Gettysburg",,1,10,75,"Gettysburg",FALSE,"D'Amico,Nichola kickoff 63 yards to the GC2, Gabriel Diaz return 23 yards to the GC25 (Papa,Joseph).","Michael Zrelak rush up middle for 1 yard to the GC26 (Cerruti,Thomas)."
"20251108_xaqb",24,1,"punt_no_return","Gettysburg",73,1,10,63,"Muhlenberg",FALSE,"D Vanarsdale punt 36 yards to the MUHL37, out-of-bounds.","Spang,Luke rush up middle for 3 yards to the MUHL40 (Joey Martin)."
"20251108_xaqb",33,1,"pass_complete","Muhlenberg",19,,,,"Gettysburg",TRUE,"Spang,Luke RE pass complete to Runfolo,John for 19 yards to the GC0, 1ST DOWN MUHL, TOUCHDOWN, clock 03:27.","Michael Zrelak rush up middle for 2 yards to the GC21 (Cerruti,Thomas)."
"20251108_xaqb",35,1,"kickoff","Gettysburg",,1,10,81,"Gettysburg",FALSE,"D'Amico,Nichola kickoff 62 yards to the GC3, Gabriel Diaz return 16 yards to the GC19 (Schaffer-Neitz,).","Michael Zrelak rush up middle for 2 yards to the GC21 (Cerruti,Thomas)."
"20251108_xaqb",39,1,"punt_no_return","Gettysburg",72,1,10,61,"Muhlenberg",FALSE,"D Vanarsdale punt 43 yards to the MUHL29, Donnelly,Tommy for 10 yards to the MUHL39, fumble forced by Nate DeLorenzo, fumble by Donnelly,Tommy recovered by MUHL Donnelly,Tommy at MUHL39.","Spang,Luke LE pass complete to Mahaffey,Dante for 9 yards to the MUHL48 (Brandon Wu)."
"20251108_xaqb",47,2,"field_goal_good","Muhlenberg",21,,,,"Gettysburg",TRUE,"Deutsch,Andrew field goal attempt from 38 GOOD, clock 14:44.","Sean Clark LE pass complete to Nick Wonsala for 22 yards to the GC47, 1ST DOWN GC (Cerruti,Thomas)."
"20251108_xaqb",48,2,"kickoff","Gettysburg",,1,10,75,"Gettysburg",FALSE,"D'Amico,Nichola kickoff 65 yards to the GC0, touchback.","Sean Clark LE pass complete to Nick Wonsala for 22 yards to the GC47, 1ST DOWN GC (Cerruti,Thomas)."
"20251108_xaqb",58,2,"pass_complete","Gettysburg",11,,,,"Muhlenberg",TRUE,"Sean Clark middle pass complete to Nick Wonsala for 11 yards to the MUHL0, 1ST DOWN GC, TOUCHDOWN, clock 09:50.","Schaffer-Neitz, rush up middle for 2 yards to the MUHL47 (Ty Can)."
"20251108_xaqb",60,2,"kickoff","Muhlenberg",,1,10,55,"Muhlenberg",FALSE,"Isaac ParksGill kickoff 34 yards to the MUHL31, Schaffer-Neitz, return 14 yards to the MUHL45 (Justin Bardo;Kevin Regula).","Schaffer-Neitz, rush up middle for 2 yards to the MUHL47 (Ty Can)."
"20251108_xaqb",67,2,"pass_complete","Muhlenberg",20,,,,"Gettysburg",TRUE,"Spang,Luke RE pass complete to Mack,Aidan for 20 yards to the GC0, 1ST DOWN MUHL, TOUCHDOWN, clock 07:30.","Michael Zrelak rush over left end for 2 yards to the GC13 (McClaine,Marcus;Newman,CJ)."
"20251108_xaqb",69,2,"kickoff","Gettysburg",,1,10,89,"Gettysburg",FALSE,"D'Amico,Nichola kickoff 63 yards to the GC2, Gabriel Diaz return 19 yards to the GC21 (Kalinauskas,Eth), PENALTY GC holding (RJ Weiss) 10 yards to the GC11.","Michael Zrelak rush over left end for 2 yards to the GC13 (McClaine,Marcus;Newman,CJ)."
"20251108_xaqb",73,2,"punt_with_return","Gettysburg",86,1,10,49,"Muhlenberg",FALSE,"D Vanarsdale punt 35 yards to the GC49, Donnelly,Tommy return 0 yards to the GC49 (M Minicozzi).","Spang,Luke rush up middle for 6 yards to the GC43."
"20251108_xaqb",79,2,"pass_complete","Muhlenberg",11,,,,"Gettysburg",TRUE,"Spang,Luke middle pass complete to Pasols,Caleb for 11 yards to the GC0, TOUCHDOWN, clock 02:49.","Michael Zrelak rush over left end for 4 yards to the GC29 (Newman,CJ)."
"20251108_xaqb",81,2,"kickoff","Gettysburg",,1,10,75,"Gettysburg",FALSE,"D'Amico,Nichola kickoff 65 yards to the GC0, touchback.","Michael Zrelak rush over left end for 4 yards to the GC29 (Newman,CJ)."
"20251108_xaqb",87,2,"pass_complete","Gettysburg",3,,,,"Muhlenberg",TRUE,"Sean Clark LE pass complete to Jason Roskam for 3 yards to the MUHL0, TOUCHDOWN, clock 01:24.","Spang,Luke RE pass complete to Runfolo,John for 5 yards to the MUHL33 (Ryan Weems;Allen Patterson)."
"20251108_xaqb",89,2,"kickoff","Muhlenberg",,1,10,72,"Muhlenberg",FALSE,"Isaac ParksGill kickoff 64 yards to the MUHL1, Short,Christoph return 27 yards to the MUHL28 (Justin Bardo).","Spang,Luke RE pass complete to Runfolo,John for 5 yards to the MUHL33 (Ryan Weems;Allen Patterson)."
"20251108_xaqb",95,2,"pass_complete","Muhlenberg",11,,,,"Gettysburg",TRUE,"Spang,Luke middle pass complete to Pasols,Caleb for 11 yards to the GC0, 1ST DOWN MUHL, TOUCHDOWN, clock 00:15.","Landon Hunt rush up middle for no gain to the GC14 (Schafer,Alex)."
"20251108_xaqb",97,2,"kickoff","Gettysburg",,1,10,86,"Gettysburg",FALSE,"D'Amico,Nichola kickoff 65 yards to the GC0, Gabriel Diaz return 14 yards to the GC14 (Bernal,Justin;Schaffer-Neitz,).","Landon Hunt rush up middle for no gain to the GC14 (Schafer,Alex)."
"20251108_xaqb",99,3,"kickoff","Gettysburg",,1,10,86,"Gettysburg",FALSE,"D'Amico,Nichola kickoff 63 yards to the GC2, Gabriel Diaz return 26 yards to the GC28 (Europe,George), PENALTY GC personal foul (Mike Bendowski) 14 yards to the GC14.","Michael Zrelak rush over right end for 4 yards to the GC18 (Elliott,Peyton)."
"20251108_xaqb",103,3,"punt_no_return","Gettysburg",89,1,10,42,"Muhlenberg",FALSE,"D Vanarsdale punt 31 yards to the GC42.","Schaffer-Neitz, rush over right end for 11 yards to the GC31, 1ST DOWN MUHL (George Branin)."
"20251108_xaqb",108,3,"rush","Muhlenberg",2,,,,"Gettysburg",TRUE,"Schaffer-Neitz, rush up middle for 2 yards to the GC0, TOUCHDOWN, clock 11:17.","PENALTY GC false start (Casper Mellbye) 5 yards to the GC22."
"20251108_xaqb",110,3,"kickoff","Gettysburg",,1,10,73,"Gettysburg",FALSE,"D'Amico,Nichola kickoff 60 yards to the GC5, Gabriel Diaz return 22 yards to the GC27 (Walley,JR).","PENALTY GC false start (Casper Mellbye) 5 yards to the GC22."
"20251108_xaqb",126,3,"pass_incomplete","Gettysburg",8,1,10,92,"Muhlenberg",FALSE,"Sean Clark middle pass incomplete (Cerruti,Thomas).","Spang,Luke middle pass incomplete to Nordeck,Logan (Brandon Wu)."
"20251108_xaqb",135,3,"rush","Muhlenberg",8,,,,"Gettysburg",TRUE,"Mahaffey,Dante rush over right end for 8 yards to the GC0, TOUCHDOWN, clock 00:47.","Sean Clark RE pass complete to Danny Bonato for 6 yards to the GC20."
"20251108_xaqb",137,3,"kickoff","Gettysburg",,1,10,86,"Gettysburg",FALSE,"D'Amico,Nichola kickoff 65 yards to the GC0, Gabriel Diaz return 28 yards to the GC28 (Nuzzi,Maximus), PENALTY GC unsportsmanlike conduct (Arthur Stubbs) 14 yards to the GC14.","Sean Clark RE pass complete to Danny Bonato for 6 yards to the GC20."
"20251108_xaqb",145,4,"rush","Gettysburg",1,,,,"Muhlenberg",TRUE,"D Beidleman rush up middle for 1 yard to the MUHL0, TOUCHDOWN, clock 12:47.","Chaney,Sebastia rush over left end for 2 yards to the 50 yardline (Alden Harrison)."
"20251108_xaqb",147,4,"kickoff","Muhlenberg",,1,10,52,"Muhlenberg",FALSE,"Isaac ParksGill kickoff 17 yards to the MUHL48, fair catch by Kalinauskas,Eth.","Chaney,Sebastia rush over left end for 2 yards to the 50 yardline (Alden Harrison)."
"20251108_xaqb",153,4,"punt_no_return","Muhlenberg",49,1,10,89,"Gettysburg",FALSE,"Morris,Sam punt 38 yards to the GC11.","D Beidleman rush over right end for 2 yards to the GC13 (Girard,Ben)."
"20251108_xaqb",169,4,"pass_complete","Gettysburg",6,,,,"Muhlenberg",TRUE,"Sean Clark LE pass complete to Nick Wonsala for 6 yards to the MUHL0, 1ST DOWN GC, TOUCHDOWN, clock 03:47.","Santangelo,Luca rush over left end for 6 yards to the MUHL31 (Alex Estes)."
"20251108_xaqb",171,4,"kickoff","Muhlenberg",,1,10,75,"Muhlenberg",FALSE,"Isaac ParksGill kickoff 65 yards to the MUHL0, touchback.","Santangelo,Luca rush over left end for 6 yards to the MUHL31 (Alex Estes)."
"20251115_1cr9",1,1,"kickoff","Gettysburg",,1,10,76,"Gettysburg",FALSE,"Fritz,Braden kickoff 55 yards to the GC10, Gabriel Diaz return 14 yards to the GC24 (Murphy,Malachi).","Michael Zrelak rush up middle for no gain to the GC24 (Evans,Donte), clock 14:37."
"20251115_1cr9",17,1,"kickoff","McDaniel",,1,10,19,"Gettysburg",FALSE,"Isaac ParksGill kickoff 60 yards to the MCD5, Ruffin,Elyijah for 14 yards to the MCD19, fumble forced by RJ Weiss, fumble by Ruffin,Elyijah recovered by GC RJ Weiss at MCD19.","Landon Hunt rush up middle for 10 yards to the MCD9, 1ST DOWN GC (Murphy,Malachi), clock 07:01."
"20251115_1cr9",21,1,"pass_complete","Gettysburg",4,,,,"McDaniel",TRUE,"Sean Clark LE pass complete to James McCarren for 4 yards to the MCD0, TOUCHDOWN, clock 06:23.","James,Cordae rush over left end for no gain to the MCD35 (Alex Estes), clock 06:02."
"20251115_1cr9",23,1,"kickoff","McDaniel",,1,10,65,"McDaniel",FALSE,"Isaac ParksGill kickoff 42 yards to the MCD23, Dolla,Donovan return 12 yards to the MCD35 (Shane Donoghue).","James,Cordae rush over left end for no gain to the MCD35 (Alex Estes), clock 06:02."
"20251115_1cr9",27,1,"punt_no_return","McDaniel",57,1,10,86,"Gettysburg",FALSE,"Fritz,Braden punt 43 yards to the GC14.","Michael Zrelak rush up middle for 9 yards to the GC23 (Smith,Quadeer), clock 04:00."
"20251115_1cr9",37,2,"field_goal_missed","Gettysburg",29,1,10,71,"McDaniel",FALSE,"Isaac ParksGill field goal attempt from 47 MISSED - short, spot at MCD29.","Booker,Jayden rush over right end for 10 yards to the MCD39, 1ST DOWN MCD (Danny Breheney), clock 14:45."
"20251115_1cr9",45,2,"field_goal_good","McDaniel",25,,,,"Gettysburg",TRUE,"Fritz,Braden field goal attempt from 43 GOOD, clock 12:13.","Michael Zrelak rush up middle for 2 yards to the GC22 (Shingler,Kyree;Hensley,Michael), clock 11:57."
"20251115_1cr9",46,2,"kickoff","Gettysburg",,1,10,80,"Gettysburg",FALSE,"Fritz,Braden kickoff 65 yards to the GC0, Gabriel Diaz return 20 yards to the GC20 (Homer,Christian;Murphy,Malachi).","Michael Zrelak rush up middle for 2 yards to the GC22 (Shingler,Kyree;Hensley,Michael), clock 11:57."
"20251115_1cr9",51,2,"pass_intercepted","Gettysburg",57,1,10,27,"McDaniel",FALSE,"Sean Clark middle pass intercepted by Evans,Donte at the GC43 (Hensley,Michael), Evans,Donte return 16 yards to the GC27 (Sean Clark).","Miller,Tony RE pass incomplete to James,Cordae, clock 09:58."
"20251115_1cr9",57,2,"pass_complete","McDaniel",14,,,,"Gettysburg",TRUE,"Booker,Jayden RE pass complete to Wendel,Grayson for 14 yards to the GC0, 1ST DOWN MCD, TOUCHDOWN, clock 07:19.","Michael Zrelak rush over left end for 17 yards to the GC31, 1ST DOWN GC (Murphy,Malachi), clock 06:59."
"20251115_1cr9",59,2,"kickoff","Gettysburg",,1,10,86,"Gettysburg",FALSE,"Fritz,Braden kickoff 60 yards to the GC5, Gabriel Diaz return 9 yards to the GC14 (James,Cordae;Smith,David).","Michael Zrelak rush over left end for 17 yards to the GC31, 1ST DOWN GC (Murphy,Malachi), clock 06:59."
"20251115_1cr9",73,2,"field_goal_good","Gettysburg",20,,,,"McDaniel",TRUE,"Isaac ParksGill field goal attempt from 37 GOOD, clock 00:22.","PENALTY GC personal foul off-setting, PENALTY MCD personal foul off-setting, NO PLAY."
"20251115_1cr9",74,2,"kickoff","McDaniel",,1,10,65,"McDaniel",FALSE,"Isaac ParksGill kickoff 33 yards to the MCD32, Smith,David return 3 yards to the MCD35 (James McCarren).","PENALTY GC personal foul off-setting, PENALTY MCD personal foul off-setting, NO PLAY."
"20251115_1cr9",77,3,"kickoff","McDaniel",,1,10,75,"McDaniel",FALSE,"Isaac ParksGill kickoff 65 yards to the MCD0, touchback.","James,Cordae rush over left end for loss of 1 yard to the MCD24 (Brandon Wu), clock 14:53."
"20251115_1cr9",87,3,"rush","McDaniel",1,,,,"Gettysburg",TRUE,"Booker,Jayden rush over left end for 1 yard to the GC0, TOUCHDOWN, clock 09:15.","Sean Clark RE pass complete to Matt O'Connor for 15 yards to the GC45, 1ST DOWN GC (LeGrande,Taevon), clock 08:38."
"20251115_1cr9",89,3,"kickoff","Gettysburg",,1,10,70,"Gettysburg",FALSE,"Fritz,Braden kickoff 42 yards to the GC23, Scott Sabol return 7 yards to the GC30 (Murphy,Malachi;Beggs,Gavin).","Sean Clark RE pass complete to Matt O'Connor for 15 yards to the GC45, 1ST DOWN GC (LeGrande,Taevon), clock 08:38."
"20251115_1cr9",96,3,"punt_no_return","Gettysburg",36,1,10,97,"McDaniel",FALSE,"Sean Clark punt 33 yards to the MCD3.","Cobbs,Micajah rush over right end for loss of 3 yards to the MCD0 (Nate DeLorenzo;Justin Rhyne), TEAM safety, clock 06:33."
"20251115_1cr9",98,3,"kickoff","Gettysburg",,,,,"McDaniel",TRUE,"Fritz,Braden kickoff 54 yards to the GC26, Nick Wonsala return 74 yards to the MCD0, TOUCHDOWN, clock 06:22.","Booker,Jayden LE pass complete to St. Germain,Chr for 4 yards to the MCD29, out-of-bounds (Ty Can), clock 05:59."
"20251115_1cr9",100,3,"kickoff","McDaniel",,1,10,75,"McDaniel",FALSE,"Isaac ParksGill kickoff 65 yards to the MCD0, touchback.","Booker,Jayden LE pass complete to St. Germain,Chr for 4 yards to the MCD29, out-of-bounds (Ty Can), clock 05:59."
"20251115_1cr9",106,3,"punt_no_return","McDaniel",57,1,10,64,"Gettysburg",FALSE,"Fritz,Braden punt 21 yards to the GC36.","Sean Clark RE pass complete to Michael Zrelak for 2 yards to the GC38, out-of-bounds, clock 03:19."
"20251115_1cr9",112,3,"pass_complete","Gettysburg",22,,,,"McDaniel",TRUE,"Sean Clark LE pass complete to Nick Wonsala for 22 yards to the MCD0, 1ST DOWN GC, TOUCHDOWN, clock 00:43.","Booker,Jayden RE pass complete to Wendel,Grayson for 2 yards to the MCD27 (Ty Can), clock 00:17."
"20251115_1cr9",114,3,"kickoff","McDaniel",,1,10,75,"McDaniel",FALSE,"Isaac ParksGill kickoff 65 yards to the MCD0, touchback.","Booker,Jayden RE pass complete to Wendel,Grayson for 2 yards to the MCD27 (Ty Can), clock 00:17."
"20251115_1cr9",128,4,"pass_complete","McDaniel",9,,,,"Gettysburg",TRUE,"Booker,Jayden RE pass complete to Wendel,Grayson for 9 yards to the GC0, 1ST DOWN MCD, TOUCHDOWN, clock 08:53.","Michael Zrelak rush up middle for 8 yards to the GC35 (Homer,Christian), PENALTY GC holding (Sean Clark) 10 yards to the GC25."
"20251115_1cr9",130,4,"kickoff","Gettysburg",,1,10,73,"Gettysburg",FALSE,"Fritz,Braden kickoff 63 yards to the GC2, Gabriel Diaz return 25 yards to the GC27, out-of-bounds (Homer,Christian).","Michael Zrelak rush up middle for 8 yards to the GC35 (Homer,Christian), PENALTY GC holding (Sean Clark) 10 yards to the GC25."
"20251115_1cr9",142,4,"pass_complete","Gettysburg",16,,,,"McDaniel",TRUE,"Sean Clark middle pass complete to Nick Wonsala for 16 yards to the MCD0, 1ST DOWN GC, TOUCHDOWN, clock 03:37.","Booker,Jayden rush over right end for 11 yards to the MCD23, 1ST DOWN MCD, PENALTY GC offside defense declined."
"20251115_1cr9",144,4,"kickoff","McDaniel",,1,10,88,"McDaniel",FALSE,"Isaac ParksGill kickoff 57 yards to the MCD8, Smith,David return 15 yards to the MCD23 (RJ Weiss), PENALTY MCD personal foul (Penzone,Jack) 11 yards to the MCD12.","Booker,Jayden rush over right end for 11 yards to the MCD23, 1ST DOWN MCD, PENALTY GC offside defense declined."
"20251115_1cr9",149,4,"pass_intercepted","McDaniel",90,1,10,19,"Gettysburg",FALSE,"Booker,Jayden LE pass intercepted by Tyler Wells at the MCD44, Tyler Wells return 40 yards to the MCD4, out-of-bounds, PENALTY GC unsportsmanlike conduct (Mike Bendowski) 15 yards to the MCD19, 1ST DOWN GC.","Michael Zrelak rush up middle for 2 yards to the MCD17 (Shingler,Kyree), clock 02:00."
"20251115_2lnx",1,1,"kickoff","Franklin and Marshall",,1,10,74,"Franklin and Marshall",FALSE,"Wayt,Kaleb kickoff 65 yards to the F&M00 Marx,Oscar return 26 yards to the F&M26 (Stup,Cole; Bechtle,John).","No Huddle-Shotgun Tremba,Ty pass complete short right to Zawadzkas,Hudson caught at F&M34, for 8 yards to the F&M34, End Of Play."
"20251115_2lnx",8,1,"punt_no_return","Franklin and Marshall",54,1,10,88,"Johns Hopkins",FALSE,"Harlamov,Ivan punt 42 yards to the JHU12.","No Huddle-Shotgun Harvey,Bay pass complete short right to Crotty,Cole caught at JHU15, for 5 yards to the JHU17 (Carner,Rafe), out of bounds."
"20251115_2lnx",17,1,"pass_complete","Johns Hopkins",13,,,,"Franklin and Marshall",TRUE,"No Huddle-Shotgun Harvey,Bay pass complete short right to Enright,Robby caught at F&M00, for 13 yards to the F&M00 TOUCHDOWN, clock 07:27, 1ST DOWN.","No Huddle-Shotgun Tremba,Ty rush middle for 2 yards loss to the F&M23 (Seibert,Will; Trainer,Browning)."
"20251115_2lnx",19,1,"kickoff","Franklin and Marshall",,1,10,75,"Franklin and Marshall",FALSE,"Wayt,Kaleb kickoff 65 yards to the F&M00, Touchback.","No Huddle-Shotgun Tremba,Ty rush middle for 2 yards loss to the F&M23 (Seibert,Will; Trainer,Browning)."
"20251115_2lnx",23,1,"punt_no_return","Franklin and Marshall",92,1,10,43,"Johns Hopkins",FALSE,"Harlamov,Ivan punt 35 yards to the F&M43 fair catch by Orecchio,Alex at F&M43.","No Huddle-Shotgun Schroeder,Geoff rush middle for 4 yards gain to the F&M39 (Keenan,Sam)."
"20251115_2lnx",35,2,"pass_complete","Johns Hopkins",1,,,,"Franklin and Marshall",TRUE,"No Huddle-Shotgun Harvey,Bay pass complete short right to Schroeder,Geoff caught at F&M01, for 1 yard to the F&M00 TOUCHDOWN, clock 14:56.","No Huddle-Shotgun Tremba,Ty pass incomplete short left to Lewis,Gary thrown to F&M40 PENALTY JHU Pass Interference (Olah,Kevin) 15 yards from F&M34 to F&M49, 1ST DOWN. NO PLAY."
"20251115_2lnx",37,2,"kickoff","Franklin and Marshall",,1,10,66,"Franklin and Marshall",FALSE,"Wayt,Kaleb kickoff 46 yards to the F&M19 Bonanno,Anthony return 15 yards to the F&M34 (Bechtle,John; Scully,Justin).","No Huddle-Shotgun Tremba,Ty pass incomplete short left to Lewis,Gary thrown to F&M40 PENALTY JHU Pass Interference (Olah,Kevin) 15 yards from F&M34 to F&M49, 1ST DOWN. NO PLAY."
"20251115_2lnx",39,2,"pass_intercepted","Franklin and Marshall",51,1,10,80,"Johns Hopkins",FALSE,"No Huddle-Shotgun Tremba,Ty pass intercepted by Hallal,David at JHU20, End Of Play.","No Huddle-Shotgun Schroeder,Geoff rush middle for 1 yard gain to the JHU21 (Kelley,LT; Hille,Connor) PENALTY JHU Holding (Brophy,Garrett) 10 yards from JHU21 to JHU11."
"20251115_2lnx",49,2,"rush","Johns Hopkins",3,,,,"Franklin and Marshall",TRUE,"No Huddle-Shotgun Harvey,Bay rush middle for 3 yards gain to the F&M00 TOUCHDOWN, clock 08:31.","No Huddle-Shotgun Paris,Louis rush middle for 1 yard gain to the F&M24 (Hodge,Graham; Smith,Jackson)."
"20251115_2lnx",51,2,"kickoff","Franklin and Marshall",,1,10,77,"Franklin and Marshall",FALSE,"Wayt,Kaleb kickoff 50 yards to the F&M15 Marx,Oscar return 8 yards to the F&M23 (Scully,Justin; Bechtle,John).","No Huddle-Shotgun Paris,Louis rush middle for 1 yard gain to the F&M24 (Hodge,Graham; Smith,Jackson)."
"20251115_2lnx",58,2,"pass_complete","Franklin and Marshall",24,,,,"Johns Hopkins",TRUE,"No Huddle-Shotgun Tremba,Ty pass complete deep left to Lewis,Gary caught at JHU00, for 24 yards to the JHU00 TOUCHDOWN, clock 05:07, 1ST DOWN, PENALTY JHU Illegal Substitution declined.","No Huddle-Shotgun Harvey,Bay pass incomplete short left to Crotty,Cole thrown to F&M44 broken up by Hille,Connor."
"20251115_2lnx",60,2,"kickoff","Johns Hopkins",,1,10,49,"Johns Hopkins",FALSE,"Harlamov,Ivan kickoff 65 yards to the JHU00 Semrad,Griffin return 51 yards to the F&M49 (Wertz,Matt).","No Huddle-Shotgun Harvey,Bay pass incomplete short left to Crotty,Cole thrown to F&M44 broken up by Hille,Connor."
"20251115_2lnx",64,2,"punt_no_return","Johns Hopkins",43,1,10,86,"Franklin and Marshall",FALSE,"Alley,Chase punt 29 yards to the F&M14 fair catch by Albero,Chris at F&M14.","No Huddle-Shotgun Tremba,Ty rush middle for 4 yards gain to the F&M18 (Schondelmayer,Jack; Trainer,Browning)."
"20251115_2lnx",77,2,"rush","Franklin and Marshall",6,,,,"Johns Hopkins",TRUE,"No Huddle-Shotgun Tremba,Ty rush middle for 6 yards gain to the JHU00 TOUCHDOWN, clock 00:26.","Kneel down by Harvey,Bay at JHU14 for loss of 1 yard."
"20251115_2lnx",79,2,"kickoff","Johns Hopkins",,1,10,85,"Johns Hopkins",FALSE,"Harlamov,Ivan kickoff 56 yards to the JHU09 Semrad,Griffin return 16 yards to the JHU25 (Harlamov,Ivan) PENALTY JHU Illegal Block in Back (Kramer,Spencer) 10 yards from JHU25 to JHU15.","Kneel down by Harvey,Bay at JHU14 for loss of 1 yard."
"20251115_2lnx",81,3,"kickoff","Johns Hopkins",,1,10,67,"Johns Hopkins",FALSE,"Harlamov,Ivan kickoff 32 yards to the JHU33 fair catch by Bechtle,John at JHU33.","No Huddle-Shotgun Schroeder,Geoff rush middle for 4 yards gain to the JHU37 (Kelley,LT; Carner,Rafe)."
"20251115_2lnx",87,3,"rush","Johns Hopkins",43,1,10,56,"Franklin and Marshall",FALSE,"No Huddle-Shotgun Schroeder,Geoff rush middle for 1 yard loss to the F&M44 (Albero,Chris; Banghart,Owen), TURNOVER ON DOWNS.","No Huddle-Shotgun Valdez,Anthony rush middle for 2 yards gain to the F&M46 (Newell,Xavier)."
"20251115_2lnx",94,3,"punt_no_return","Franklin and Marshall",42,1,10,85,"Johns Hopkins",FALSE,"Harlamov,Ivan punt 27 yards to the JHU15, out of bounds at JHU15.","No Huddle-Shotgun Harvey,Bay rush middle for 12 yards gain to the JHU27 (Evancho,Kyle; Keenan,Sam), 1ST DOWN."
"20251115_2lnx",99,3,"punt_with_return","Johns Hopkins",79,1,10,42,"Franklin and Marshall",FALSE,"Alley,Chase punt 27 yards to the JHU48 Albero,Chris return 6 yards to the JHU42 (Pugliano,Ty; Zwicker,Nick).","No Huddle-Shotgun Tremba,Ty pass incomplete deep right to Eitner,Matt thrown to JHU11."
"20251115_2lnx",106,3,"rush","Franklin and Marshall",1,1,10,99,"Johns Hopkins",FALSE,"No Huddle-Shotgun Tremba,Ty rush middle for 0 yards to the JHU01 (Trainer,Browning), TURNOVER ON DOWNS.","PENALTY JHU UNS: Unsportsmanlike Conduct (Gibson,Kellen). NO PLAY."
"20251115_2lnx",125,4,"sack","Johns Hopkins",31,1,10,56,"Franklin and Marshall",FALSE,"No Huddle-Shotgun Harvey,Bay sacked for loss of 13 yards to the F&M44 (Albero,Chris, Hille,Connor), TURNOVER ON DOWNS.","No Huddle-Shotgun Tremba,Ty pass complete deep right to Harrison,Jack caught at JHU35, for 22 yards to the JHU34 (Schondelmayer,Jack), 1ST DOWN."
"20251115_2lnx",127,4,"pass_complete","Franklin and Marshall",34,,,,"Johns Hopkins",TRUE,"No Huddle-Shotgun Tremba,Ty pass complete deep right to Lewis,Gary caught at JHU00, for 34 yards to the JHU00 TOUCHDOWN, clock 08:09, 1ST DOWN.","PENALTY JHU Delay Of Game (Harvey,Bay) 5 yards from JHU30 to JHU25. NO PLAY."
"20251115_2lnx",129,4,"kickoff","Johns Hopkins",,1,10,70,"Johns Hopkins",FALSE,"Harlamov,Ivan kickoff 51 yards to the JHU14 Semrad,Griffin return 16 yards to the JHU30 (Pembroke,Michael; Hille,Connor).","PENALTY JHU Delay Of Game (Harvey,Bay) 5 yards from JHU30 to JHU25. NO PLAY."
"20251115_2lnx",134,4,"punt_with_return","Johns Hopkins",67,1,10,69,"Franklin and Marshall",FALSE,"Alley,Chase punt 42 yards to the F&M25 Albero,Chris return 6 yards to the F&M31 (Strnad,Claude; Zwicker,Nick).","No Huddle-Shotgun Tremba,Ty rush middle for 8 yards gain to the F&M39 (Seibert,Will)."
"20251115_2lnx",138,4,"punt_no_return","Franklin and Marshall",65,1,10,60,"Johns Hopkins",FALSE,"Harlamov,Ivan punt 25 yards to the JHU40, out of bounds at JHU40.","No Huddle-Shotgun Schroeder,Geoff rush middle for 5 yards gain to the JHU45 (Checchio,Kyle; Keenan,Sam)."
"20251115_2lnx",145,4,"field_goal_missed","Johns Hopkins",28,1,10,72,"Franklin and Marshall",FALSE,"Paxton,Brad field goal attempt from 45 yards NO GOOD (H: Lollar,Ethan, LS: Strnad,Claude), clock 02:27, End Of Play.","No Huddle-Shotgun Tremba,Ty pass complete short middle to Paris,Louis caught at F&M30, for 6 yards to the F&M34 (Smith,Jackson) PENALTY JHU Face Mask (Smith,Jackson) 15 yards from F&M34 to F&M49, 1ST DOWN."
"20251115_2lnx",150,4,"punt_no_return","Franklin and Marshall",58,1,10,62,"Johns Hopkins",FALSE,"Harlamov,Ivan punt 20 yards to the JHU38, out of bounds at JHU38.","No Huddle-Shotgun Harvey,Bay pass complete short middle to Moore,Josh caught at JHU45, for 13 yards to the F&M49 (Albero,Chris), 1ST DOWN."
"20251115_2lnx",157,4,"field_goal_blocked","Johns Hopkins",13,1,10,45,"Johns Hopkins",FALSE,"Paxton,Brad field goal attempt from 30 yards NO GOOD blocked by Kelley,LT (H: Lollar,Ethan, LS: Strnad,Claude), clock 00:00 recovered by F&M Keenan,Sam at F&M25 Keenan,Sam return 10 yards to the F&M35 lateral to Albero,Chris for 5 yards gain to the F&M40 lateral to Hille,Connor for 5 yards gain to the F&M45 (Michalcik,Jackson; Riney,Penn).","No Huddle-Shotgun Schroeder,Geoff rush middle for 24 yards gain to the F&M21 (Hille,Connor), 1ST DOWN."
"20251115_2lnx",163,5,"pass_complete","Johns Hopkins",6,,,,"Franklin and Marshall",TRUE,"No Huddle-Shotgun Harvey,Bay pass complete short middle to Crotty,Cole caught at F&M00, for 6 yards to the F&M00 TOUCHDOWN, clock 00:00.","No Huddle-Shotgun Tremba,Ty rush middle for 3 yards gain to the JHU22 (Smith,Jackson)."
"20251115_bpex",1,1,"kickoff","Muhlenberg",,1,10,88,"Muhlenberg",FALSE,"Justin Worobel kickoff 65 yards to the MUHL00, Christopher Sho return 12 yards to the MUHL12 (Leon Friebel).","Dante Mahaffey rush for 5 yards to the MUHL17 (Chris Barnes)."
"20251115_bpex",13,1,"rush","Muhlenberg",15,,,,"Dickinson",TRUE,"Isaac Schaffer- rush for 15 yards to the DSON00, TOUCHDOWN, clock 08:00.","Cedric Benning rush for 1 yard to the DSON26 (Vincent Rispoli)."
"20251115_bpex",15,1,"kickoff","Dickinson",,1,10,75,"Dickinson",FALSE,"Nicholas D'Amic kickoff 40 yards to the DSON25, downed.","Cedric Benning rush for 1 yard to the DSON26 (Vincent Rispoli)."
"20251115_bpex",20,1,"punt_no_return","Dickinson",67,1,10,81,"Muhlenberg",FALSE,"Michael Furlong punt 48 yards to the MUHL19, out-of-bounds.","Dante Mahaffey rush for 8 yards to the MUHL27 (Sean Couvertier), out-of-bounds."
"20251115_bpex",29,1,"pass_complete","Muhlenberg",25,,,,"Dickinson",TRUE,"Luke Spang pass complete to Logan Nordeck for 25 yards to the DSON00, TOUCHDOWN, QB hurry by Domani White, clock 02:26.","Cedric Benning rush for loss of 1 yard to the DSON36 (Myles Byrd Rice)."
"20251115_bpex",31,1,"kickoff","Dickinson",,1,10,63,"Dickinson",FALSE,"Nicholas D'Amic kickoff 58 yards to the DSON07, Kevin Schmidt return 30 yards to the DSON37 (Joseph Papa).","Cedric Benning rush for loss of 1 yard to the DSON36 (Myles Byrd Rice)."
"20251115_bpex",43,2,"field_goal_good","Dickinson",11,,,,"Muhlenberg",TRUE,"Justin Worobel field goal attempt from 29 GOOD, clock 11:38.","Luke Spang pass incomplete to John Runfolo (Juan Pablo Garc)."
"20251115_bpex",44,2,"kickoff","Muhlenberg",,1,10,63,"Muhlenberg",FALSE,"Justin Worobel kickoff 59 yards to the MUHL06, Christopher Sho return 31 yards to the MUHL37 (Patrick Pedall).","Luke Spang pass incomplete to John Runfolo (Juan Pablo Garc)."
"20251115_bpex",54,2,"rush","Muhlenberg",4,,,,"Dickinson",TRUE,"Dante Mahaffey rush for 4 yards to the DSON00, TOUCHDOWN, clock 07:45.","Ben Klassen sacked for loss of 5 yards to the DSON31 (Peyton Elliott)."
"20251115_bpex",56,2,"kickoff","Dickinson",,1,10,64,"Dickinson",FALSE,"Nicholas D'Amic kickoff 60 yards to the DSON05, Keesean Campbel return 31 yards to the DSON36 (Nicholas D'Amic).","Ben Klassen sacked for loss of 5 yards to the DSON31 (Peyton Elliott)."
"20251115_bpex",60,2,"pass_intercepted","Dickinson",43,,,,"Dickinson",TRUE,"Ben Klassen pass intercepted by Jake Saus at the MUHL35, Jake Saus return 65 yards to the DSON00, TOUCHDOWN, clock 06:03.","Dane Sorensen rush for 12 yards to the DSON37 (Peyton Elliott; Vincent Rispoli)."
"20251115_bpex",62,2,"kickoff","Dickinson",,1,10,75,"Dickinson",FALSE,"Nicholas D'Amic kickoff 65 yards to the DSON00, touchback.","Dane Sorensen rush for 12 yards to the DSON37 (Peyton Elliott; Vincent Rispoli)."
"20251115_bpex",75,2,"rush","Dickinson",2,,,,"Muhlenberg",TRUE,"Dane Sorensen rush for 2 yards to the MUHL00, TOUCHDOWN, clock 00:24.","TEAM rush for loss of 1 yard to the MUHL20."
"20251115_bpex",77,2,"kickoff","Muhlenberg",,1,10,79,"Muhlenberg",FALSE,"Justin Worobel kickoff 57 yards to the MUHL08, Christopher Sho return 13 yards to the MUHL21 (Juan Pablo Garc).","TEAM rush for loss of 1 yard to the MUHL20."
"20251115_bpex",79,3,"kickoff","Dickinson",,1,10,70,"Dickinson",FALSE,"Nicholas D'Amic kickoff 35 yards to the DSON30, downed.","Cedric Benning rush for 8 yards to the DSON38 (Jake Saus)."
"20251115_bpex",89,3,"pass_intercepted","Dickinson",25,1,10,49,"Muhlenberg",FALSE,"Ben Klassen pass intercepted by Thomas Cerruti at the MUHL21, Thomas Cerruti return 15 yards to the MUHL36 (Chuk Uwechue), out-of-bounds, PENALTY DSON sideline interference 15 yards to the DSON49.","Luke Spang pass incomplete to Aidan Mack (Sean Couvertier)."
"20251115_bpex",93,3,"punt_no_return","Muhlenberg",47,1,10,91,"Dickinson",FALSE,"Sam Morris punt 38 yards to the DSON09, out-of-bounds.","Ben Klassen pass incomplete to Leon Friebel."
"20251115_bpex",97,3,"punt_no_return","Dickinson",84,1,10,48,"Muhlenberg",FALSE,"Michael Furlong punt 32 yards to the DSON48, fair catch by Tommy Donnelly.","Matthew Manning rush for 29 yards to the DSON19 (Sean Couvertier), out-of-bounds."
"20251115_bpex",102,3,"field_goal_missed","Muhlenberg",17,1,10,80,"Dickinson",FALSE,"Andrew Deutsch field goal attempt from 34 MISSED - wide right, spot at DSON20.","Dane Sorensen rush for 1 yard to the DSON21 (Thomas Cerruti; Peyton Elliott)."
"20251115_bpex",113,3,"rush","Dickinson",9,1,10,89,"Muhlenberg",FALSE,"Dane Sorensen rush for loss of 2 yards to the MUHL11 (Jeremy Lopez; Alex Schafer).","Dante Mahaffey rush for 1 yard to the MUHL12 (Juan Pablo Garc)."
"20251115_bpex",121,4,"pass_intercepted","Muhlenberg",61,1,10,67,"Dickinson",FALSE,"Luke Spang pass intercepted by Sean Couvertier at the DSON33, Sean Couvertier return 0 yards to the DSON33.","Cedric Benning rush for 8 yards to the DSON41 (Peyton Elliott)."
"20251115_bpex",123,4,"pass_intercepted","Dickinson",59,1,10,25,"Muhlenberg",FALSE,"Ben Klassen pass intercepted by CJ Newman at the MUHL46, CJ Newman return 29 yards to the DSON25 (Justin DeMario), out-of-bounds.","Matthew Manning rush for 1 yard to the DSON24 (Juan Pablo Garc)."
"20251115_bpex",127,4,"rush","Muhlenberg",27,1,10,74,"Dickinson",FALSE,"Luke Spang rush for 1 yard to the DSON26 (Julien Devlin), out-of-bounds.","PENALTY DSON unnecessary roughness (Valdemar Enghav) 13 yards to the DSON13."
"20251115_bpex",138,4,"pass_complete","Dickinson",3,,,,"Muhlenberg",TRUE,"Ben Klassen pass complete to Cedric Benning for 3 yards to the MUHL00, TOUCHDOWN, clock 06:05.","Luke Spang pass complete to John Runfolo for 9 yards to the MUHL22 (Sean Couvertier)."
"20251115_bpex",140,4,"kickoff","Muhlenberg",,1,10,87,"Muhlenberg",FALSE,"Justin Worobel kickoff 61 yards to the MUHL04, Christopher Sho return 9 yards to the MUHL13 (Patrick Pedall), out-of-bounds.","Luke Spang pass complete to John Runfolo for 9 yards to the MUHL22 (Sean Couvertier)."
"20251115_bpex",150,4,"punt_no_return","Muhlenberg",47,1,10,94,"Dickinson",FALSE,"Sam Morris punt 41 yards to the DSON06, fair catch by Kevin Schmidt.","Ben Klassen sacked for loss of 6 yards to the DSON00 (Joseph Papa), Joseph Papa safety, clock 01:44, PENALTY DSON intentional grounding (Ben Klassen) 0 yards to the DSON35."
"20251115_bpex",152,4,"kickoff","Muhlenberg",,1,10,59,"Dickinson",FALSE,"Justin Worobel kickoff 6 yards to the DSON41, on-side kick, recovered by DSON on DSON41.","Ben Klassen rush for 14 yards to the MUHL45 (Ethan Kalinausk)."
"20251115_bpex",158,4,"pass_intercepted","Dickinson",30,1,10,84,"Muhlenberg",FALSE,"Ben Klassen pass intercepted by Thomas Cerruti at the MUHL12, Thomas Cerruti return 4 yards to the MUHL16.","TEAM rush for loss of 1 yard to the MUHL15."
"20251115_h3wh",1,1,"kickoff","Ursinus",,1,10,75,"Ursinus",FALSE,"Godhard,Noah kickoff 65 yards to the UCB00, Touchback.","No Huddle-Shotgun Machado,Tristan pass incomplete deep middle to Zulkowski,Ryder thrown to CMU40."
"20251115_h3wh",16,1,"rush","Ursinus",5,1,10,95,"Carnegie Mellon",FALSE,"No Huddle-Shotgun Louis,Jaden rush middle for 0 yards to the CMU05 (Stokey,Mitchell; Lawler,Archie), TURNOVER ON DOWNS.","No Huddle-Shotgun Valente,Giacomo rush middle for 2 yards gain to the CMU07 (Strusowski,Nick; Ziegler,Jake)."
"20251115_h3wh",24,1,"punt_no_return","Carnegie Mellon",68,1,10,67,"Ursinus",FALSE,"Norell,John punt 35 yards to the UCB33 fair catch by Donahue,Aidan at UCB33.","PENALTY UCB False Start (Jones,Priest) 5 yards from UCB33 to UCB28. NO PLAY."
"20251115_h3wh",31,1,"pass_complete","Ursinus",35,,,,"Carnegie Mellon",TRUE,"No Huddle-Shotgun Machado,Tristan pass complete deep right to Zulkowski,Ryder caught at CMU04, for 35 yards to the CMU00 TOUCHDOWN, clock 01:55, 1ST DOWN.","No Huddle-Shotgun Bouma,Willem rush right for 2 yards gain to the CMU34 (Robinson,Kendall)."
"20251115_h3wh",33,1,"kickoff","Carnegie Mellon",,1,10,68,"Carnegie Mellon",FALSE,"Carr,Jordan kickoff 65 yards to the CMU00 McCullough,Nick return 32 yards to the CMU32 (Meakim,Erik; Rankins,Ky'iere).","No Huddle-Shotgun Bouma,Willem rush right for 2 yards gain to the CMU34 (Robinson,Kendall)."
"20251115_h3wh",46,2,"field_goal_good","Carnegie Mellon",7,,,,"Ursinus",TRUE,"Caputo,Justin field goal attempt from 25 yards GOOD (H: Salters,Jackson, LS: Orlando,Joey), clock 11:23.","No Huddle-Shotgun Bernard,Jason rush middle for 2 yards gain to the UCB27 (Lawler,Archie)."
"20251115_h3wh",47,2,"kickoff","Ursinus",,1,10,75,"Ursinus",FALSE,"Godhard,Noah kickoff 65 yards to the UCB00, Touchback.","No Huddle-Shotgun Bernard,Jason rush middle for 2 yards gain to the UCB27 (Lawler,Archie)."
"20251115_h3wh",49,2,"pass_intercepted","Ursinus",73,,,,"Ursinus",TRUE,"No Huddle-Shotgun Machado,Tristan pass intercepted by Sturges,Robert at UCB23 broken up by Stokey,Mitchell Sturges,Robert return 23 yards to the UCB00 TOUCHDOWN, clock 10:46.","No Huddle-Shotgun Machado,Tristan pass incomplete deep middle to Zulkowski,Ryder thrown to CMU40."
"20251115_h3wh",51,2,"kickoff","Ursinus",,1,10,75,"Ursinus",FALSE,"Godhard,Noah kickoff 65 yards to the UCB00, Touchback.","No Huddle-Shotgun Machado,Tristan pass incomplete deep middle to Zulkowski,Ryder thrown to CMU40."
"20251115_h3wh",55,2,"punt_no_return","Ursinus",67,1,10,86,"Carnegie Mellon",FALSE,"Carr,Jordan punt 53 yards to the CMU14.","No Huddle-Shotgun Valente,Giacomo rush middle for 1 yard gain to the CMU15 (Robinson,Kendall; Turber-Ortiz,Ethan)."
"20251115_h3wh",62,2,"punt_no_return","Carnegie Mellon",69,1,10,68,"Ursinus",FALSE,"Norell,John punt 27 yards to the UCB42 fair catch by Donahue,Aidan at UCB42 PENALTY UCB Holding (Goin,Loui) 10 yards from UCB42 to UCB32.","No Huddle-Shotgun Bernard,Jason rush middle for 0 yards to the UCB32 (Warren,Connor; Sturges,Robert)."
"20251115_h3wh",71,2,"pass_complete","Ursinus",21,,,,"Carnegie Mellon",TRUE,"No Huddle-Shotgun Machado,Tristan pass complete short left to Roselle,Aidan caught at CMU07, for 21 yards to the CMU00 TOUCHDOWN, clock 01:51, 1ST DOWN.","No Huddle-Shotgun Bouma,Willem rush middle for 32 yards gain to the CMU47 (Clarke,D.J.), out of bounds, 1ST DOWN."
"20251115_h3wh",73,2,"kickoff","Carnegie Mellon",,1,10,85,"Carnegie Mellon",FALSE,"Carr,Jordan kickoff 61 yards to the CMU04 McCullough,Nick return 37 yards to the CMU41 (Goin,Loui), out of bounds PENALTY CMU Holding (Sturges,Robert) 10 yards from CMU25 to CMU15.","No Huddle-Shotgun Bouma,Willem rush middle for 32 yards gain to the CMU47 (Clarke,D.J.), out of bounds, 1ST DOWN."
"20251115_h3wh",83,2,"pass_complete","Carnegie Mellon",26,,,,"Ursinus",TRUE,"No Huddle-Shotgun Salters,Jackson pass complete deep right to Kolke,Reece caught at UCB00, for 26 yards to the UCB00 TOUCHDOWN, clock 00:24, 1ST DOWN.","Kneel down by Machado,Tristan at UCB23 for loss of 2 yards."
"20251115_h3wh",85,2,"kickoff","Ursinus",,1,10,75,"Ursinus",FALSE,"Godhard,Noah kickoff 65 yards to the UCB00, Touchback.","Kneel down by Machado,Tristan at UCB23 for loss of 2 yards."
"20251115_h3wh",87,3,"kickoff","Carnegie Mellon",,1,10,65,"Carnegie Mellon",FALSE,"Carr,Jordan kickoff 64 yards to the CMU01, out of bounds at CMU01.","No Huddle-Shotgun Bouma,Willem rush left for 2 yards gain to the CMU37 (Roselle,Aidan; Ziegler,Jake)."
"20251115_h3wh",96,3,"punt_no_return","Carnegie Mellon",38,1,10,80,"Ursinus",FALSE,"Norell,John punt 38 yards to the UCB00, Touchback.","No Huddle-Shotgun Jones,Brooklyn rush middle for 1 yard gain to the UCB21 (Tarke,Leighton; Hazard,Lucas)."
"20251115_h3wh",108,3,"pass_complete","Ursinus",6,,,,"Carnegie Mellon",TRUE,"No Huddle-Shotgun Machado,Tristan pass complete short right to Zulkowski,Ryder caught at CMU00, for 6 yards to the CMU00 TOUCHDOWN, clock 05:16, 1ST DOWN.","No Huddle-Shotgun Salters,Jackson pass complete short right to Kolke,Reece caught at CMU40, for 7 yards to the CMU42 (Zigbuo,Andy)."
"20251115_h3wh",110,3,"kickoff","Carnegie Mellon",,1,10,65,"Carnegie Mellon",FALSE,"Carr,Jordan kickoff 50 yards to the CMU15, out of bounds at CMU15.","No Huddle-Shotgun Salters,Jackson pass complete short right to Kolke,Reece caught at CMU40, for 7 yards to the CMU42 (Zigbuo,Andy)."
"20251115_h3wh",119,3,"field_goal_good","Carnegie Mellon",19,,,,"Ursinus",TRUE,"Caputo,Justin field goal attempt from 36 yards GOOD (H: Salters,Jackson, LS: Orlando,Joey), clock 01:01.","No Huddle-Shotgun Machado,Tristan pass incomplete deep middle to Zulkowski,Ryder thrown to CMU41 broken up by Ming,Ethan."
"20251115_h3wh",120,3,"kickoff","Ursinus",,1,10,75,"Ursinus",FALSE,"Godhard,Noah kickoff 65 yards to the UCB00, Touchback.","No Huddle-Shotgun Machado,Tristan pass incomplete deep middle to Zulkowski,Ryder thrown to CMU41 broken up by Ming,Ethan."
"20251115_h3wh",132,4,"pass_complete","Ursinus",18,,,,"Carnegie Mellon",TRUE,"No Huddle-Shotgun Machado,Tristan pass complete short left to Donahue,Aidan caught at CMU01, for 18 yards to the CMU00 TOUCHDOWN, clock 11:21, 1ST DOWN.","No Huddle-Shotgun Salters,Jackson pass incomplete deep right to McCullough,Brendan thrown to UCB50."
"20251115_h3wh",134,4,"kickoff","Carnegie Mellon",,1,10,77,"Carnegie Mellon",FALSE,"Carr,Jordan kickoff 64 yards to the CMU01 McCullough,Nick return 22 yards to the CMU23 (Lawson,Tim), out of bounds.","No Huddle-Shotgun Salters,Jackson pass incomplete deep right to McCullough,Brendan thrown to UCB50."
"20251115_h3wh",138,4,"punt_no_return","Carnegie Mellon",77,1,10,71,"Ursinus",FALSE,"Norell,John punt 48 yards to the UCB29.","No Huddle-Shotgun Bernard,Jason rush middle for 2 yards gain to the UCB31 (Lawson,Jack; Warren,Connor)."
"20251115_h3wh",142,4,"punt_no_return","Ursinus",71,1,10,70,"Carnegie Mellon",FALSE,"Carr,Jordan punt 41 yards to the CMU30, out of bounds at CMU30.","No Huddle-Shotgun Bouma,Willem rush middle for 1 yard gain to the CMU31 (Barrar,Ethan; Small,Jonathon)."
"20251115_h3wh",146,4,"punt_no_return","Carnegie Mellon",62,1,10,93,"Ursinus",FALSE,"Norell,John punt 55 yards to the UCB07.","No Huddle-Shotgun Louis,Jaden rush middle for 0 yards to the UCB07 (Tarke,Leighton; Stokey,Mitchell)."
"20251115_h3wh",158,4,"pass_incomplete","Ursinus",23,1,10,77,"Carnegie Mellon",FALSE,"No Huddle-Shotgun Machado,Tristan pass incomplete short left to Donahue,Aidan thrown to CMU17, TURNOVER ON DOWNS.","No Huddle-Shotgun Salters,Jackson pass complete short middle to McCullough,Brendan caught at CMU26, for 7 yards to the CMU30, out of bounds at CMU30."
"20251122_6buh",1,1,"kickoff","Lebanon Valley",,1,10,83,"Lebanon Valley",FALSE,"Carr,Jordan kickoff 65 yards to the LVC00 Brown,Taijay return 27 yards to the LVC27 (Clarke,D.J.) PENALTY LVC Illegal Block in Back 10 yards from LVC27 to LVC17.","No Huddle-Shotgun Bryant,Dion rush left for 3 yards gain to the LVC20 (Ziegler,Jake)."
"20251122_6buh",11,1,"field_goal_good","Lebanon Valley",18,,,,"Ursinus",TRUE,"Dym,Brian field goal attempt from 35 yards GOOD (H: Fasnacht,Payton, LS: Harriman,Aiden), clock 09:10.","No Huddle-Shotgun Bernard,Jason rush middle for 5 yards gain to the UCB34 (Foust,Carter; Chernich,Owen)."
"20251122_6buh",12,1,"kickoff","Ursinus",,1,10,71,"Ursinus",FALSE,"MacClay,Garrett kickoff 60 yards to the UCB05 Roselle,Aidan return 24 yards to the UCB29 (Sensenig,Montgomery; Cosme,Nahseem).","No Huddle-Shotgun Bernard,Jason rush middle for 5 yards gain to the UCB34 (Foust,Carter; Chernich,Owen)."
"20251122_6buh",18,1,"punt_no_return","Ursinus",56,1,10,94,"Lebanon Valley",FALSE,"Carr,Jordan punt 50 yards to the LVC06.","No Huddle-Shotgun Grimm,Avrey rush left for 0 yards to the LVC06 (Turber-Ortiz,Ethan)."
"20251122_6buh",28,1,"pass_complete","Lebanon Valley",32,,,,"Ursinus",TRUE,"No Huddle-Shotgun Klitsch,Logan pass complete deep middle to Delgado,Tommy caught at UCB11, for 32 yards to the UCB00 TOUCHDOWN, clock 01:22, 1ST DOWN.","No Huddle-Shotgun Bernard,Jason rush left for 12 yards gain to the UCB43 (Jackson,James), out of bounds, 1ST DOWN."
"20251122_6buh",30,1,"kickoff","Ursinus",,1,10,69,"Ursinus",FALSE,"MacClay,Garrett kickoff 50 yards to the UCB15 Turber-Ortiz,Derek return 16 yards to the UCB31 (Cosme,Nahseem).","No Huddle-Shotgun Bernard,Jason rush left for 12 yards gain to the UCB43 (Jackson,James), out of bounds, 1ST DOWN."
"20251122_6buh",36,2,"rush","Ursinus",1,,,,"Lebanon Valley",TRUE,"No Huddle-Shotgun Bernard,Jason rush middle for 1 yard gain to the LVC00 TOUCHDOWN, clock 13:54.","No Huddle-Shotgun Speyerer,Carter pass complete short left to Weaver,Blake caught at LVC30, for 5 yards to the LVC30 (Ziegler,Jake), out of bounds."
"20251122_6buh",38,2,"kickoff","Lebanon Valley",,1,10,75,"Lebanon Valley",FALSE,"Carr,Jordan kickoff 63 yards to the LVC02 Cooper,Makih return 23 yards to the LVC25 (Turber-Ortiz,Ethan).","No Huddle-Shotgun Speyerer,Carter pass complete short left to Weaver,Blake caught at LVC30, for 5 yards to the LVC30 (Ziegler,Jake), out of bounds."
"20251122_6buh",42,2,"rush","Lebanon Valley",67,1,10,33,"Ursinus",FALSE,"No Huddle-Shotgun Speyerer,Carter rush middle for 0 yards to the LVC33 (Rios,Aaron), TURNOVER ON DOWNS.","No Huddle-Shotgun Louis,Jaden rush middle for 5 yards gain to the LVC28 (McCallion,J.D.; Brown,Alex)."
"20251122_6buh",49,2,"field_goal_good","Ursinus",9,,,,"Lebanon Valley",TRUE,"Carr,Jordan field goal attempt from 25 yards GOOD (H: Paturzo,Alan, LS: McSorley,John), clock 09:28.","No Huddle-Shotgun Bryant,Dion rush middle for 4 yards gain to the LVC33 (Strusowski,Nick; Saenz,Manny)."
"20251122_6buh",50,2,"kickoff","Lebanon Valley",,1,10,71,"Lebanon Valley",FALSE,"Carr,Jordan kickoff 61 yards to the LVC04 Brown,Taijay return 25 yards to the LVC29 (Clarke,D.J.).","No Huddle-Shotgun Bryant,Dion rush middle for 4 yards gain to the LVC33 (Strusowski,Nick; Saenz,Manny)."
"20251122_6buh",58,2,"pass_incomplete","Lebanon Valley",32,1,10,68,"Ursinus",FALSE,"No Huddle-Shotgun Klitsch,Logan pass incomplete short middle to Vassallo,Alex thrown to UCB20 QB hurried by Ziegler,Jake, TURNOVER ON DOWNS.","No Huddle-Shotgun Machado,Tristan pass incomplete deep middle to Gies,Danny thrown to LVC30 PENALTY LVC Pass Interference (Fink,Ryan) 15 yards from UCB32 to UCB47, 1ST DOWN. NO PLAY."
"20251122_6buh",70,2,"rush","Ursinus",2,,,,"Lebanon Valley",TRUE,"No Huddle-Shotgun Bernard,Jason rush middle for 2 yards gain to the LVC00 TOUCHDOWN, clock 00:19.","No Huddle-Shotgun Grimm,Avrey rush right for 4 yards gain to the LVC29 (Turber-Ortiz,Ethan)."
"20251122_6buh",72,2,"kickoff","Lebanon Valley",,1,10,75,"Lebanon Valley",FALSE,"Carr,Jordan kickoff 40 yards to the LVC25 fair catch by Funk,Joe at LVC25.","No Huddle-Shotgun Grimm,Avrey rush right for 4 yards gain to the LVC29 (Turber-Ortiz,Ethan)."
"20251122_6buh",74,3,"kickoff","Ursinus",,1,10,77,"Ursinus",FALSE,"MacClay,Garrett kickoff 57 yards to the UCB08 Roselle,Aidan return 15 yards to the UCB23 (Fink,Ryan).","No Huddle-Shotgun Bernard,Jason rush middle for 4 yards gain to the UCB27 (Pollock,Luke; McCallion,J.D.)."
"20251122_6buh",82,3,"pass_incomplete","Ursinus",26,1,10,74,"Lebanon Valley",FALSE,"No Huddle-Shotgun Machado,Tristan pass incomplete deep middle to House,Cody thrown to LVC00, TURNOVER ON DOWNS.","No Huddle-Shotgun Klitsch,Logan pass complete short left to Vassallo,Alex caught at LVC33, for 7 yards to the LVC33 (Zigbuo,Andy)."
"20251122_6buh",95,3,"field_goal_good","Lebanon Valley",17,,,,"Ursinus",TRUE,"Dym,Brian field goal attempt from 34 yards GOOD (H: Fasnacht,Payton, LS: Ryan,William), clock 06:16.","No Huddle-Shotgun Louis,Jaden rush middle for 9 yards gain to the UCB34 (Foust,Carter; Brown,Alex)."
"20251122_6buh",96,3,"kickoff","Ursinus",,1,10,75,"Ursinus",FALSE,"MacClay,Garrett kickoff 60 yards to the UCB05 Roselle,Aidan return 20 yards to the UCB25 (Cosme,Nahseem; Brown,Taijay).","No Huddle-Shotgun Louis,Jaden rush middle for 9 yards gain to the UCB34 (Foust,Carter; Brown,Alex)."
"20251122_6buh",104,3,"punt_no_return","Ursinus",39,1,10,91,"Lebanon Valley",FALSE,"Carr,Jordan punt 30 yards to the LVC09, out of bounds at LVC09.","No Huddle-Shotgun Bryant,Dion rush middle for 3 yards gain to the LVC12 (Robinson,Kendall)."
"20251122_6buh",112,3,"punt_no_return","Lebanon Valley",56,1,10,95,"Ursinus",FALSE,"Wisensale,Maxwell punt 51 yards to the UCB05.","No Huddle-Shotgun Bernard,Jason rush middle for 2 yards gain to the UCB07 (Makosy,Sheadan; McCallion,J.D.)."
"20251122_6buh",120,4,"punt_no_return","Ursinus",48,1,10,99,"Lebanon Valley",FALSE,"Carr,Jordan punt 47 yards to the LVC01.","PENALTY LVC False Start (Freeman,Trey). NO PLAY."
"20251122_6buh",130,4,"punt_no_return","Lebanon Valley",70,1,10,62,"Ursinus",FALSE,"Wisensale,Maxwell punt 32 yards to the UCB38 fair catch by Donahue,Aidan at UCB38.","No Huddle-Shotgun Bernard,Jason rush middle for 5 yards gain to the UCB43 (Klein,John; Blauch,Jordan)."
"20251122_6buh",137,4,"rush","Ursinus",7,,,,"Lebanon Valley",TRUE,"No Huddle-Shotgun Louis,Jaden rush middle for 7 yards gain to the LVC00 TOUCHDOWN, clock 03:37.","No Huddle-Shotgun Klitsch,Logan pass incomplete short left to Vassallo,Alex thrown to LVC35 QB hurried by Small,Jonathon."
"20251122_6buh",139,4,"kickoff","Lebanon Valley",,1,10,75,"Lebanon Valley",FALSE,"Carr,Jordan kickoff 64 yards to the LVC01 fair catch by Cooper,Makih at LVC01.","No Huddle-Shotgun Klitsch,Logan pass incomplete short left to Vassallo,Alex thrown to LVC35 QB hurried by Small,Jonathon."
"20251122_6buh",141,4,"pass_intercepted","Lebanon Valley",75,1,3,3,"Ursinus",FALSE,"No Huddle-Shotgun Klitsch,Logan pass intercepted by Strusowski,Nick at LVC43 Strusowski,Nick return 40 yards to the LVC03 (Partee,Malachi).","No Huddle-Shotgun Kmett,Andrew rush middle for 1 yard gain to the LVC02 (Pollock,Luke; Brown,Alex)."
"20251122_6buh",144,4,"rush","Ursinus",1,,,,"Lebanon Valley",TRUE,"No Huddle-Shotgun Kmett,Andrew rush middle for 1 yard gain to the LVC00 TOUCHDOWN, clock 01:57.","No Huddle-Shotgun Speyerer,Carter pass complete short middle to Grimm,Avrey caught at LVC39, for 14 yards to the LVC39 (Ziegler,Jake), 1ST DOWN."
"20251122_6buh",146,4,"kickoff","Lebanon Valley",,1,10,75,"Lebanon Valley",FALSE,"Carr,Jordan kickoff 64 yards to the LVC01 Cooper,Makih return 24 yards to the LVC25 (Clarke,D.J.).","No Huddle-Shotgun Speyerer,Carter pass complete short middle to Grimm,Avrey caught at LVC39, for 14 yards to the LVC39 (Ziegler,Jake), 1ST DOWN."
"20251122_6buh",150,4,"pass_intercepted","Lebanon Valley",66,1,10,42,"Ursinus",FALSE,"No Huddle-Shotgun Speyerer,Carter pass intercepted by Strusowski,Nick at UCB47 Strusowski,Nick return 11 yards to the LVC42 (Grimm,Avrey).","No Huddle-Shotgun Kmett,Andrew rush right for 3 yards gain to the LVC39 (Brown,Alex)."
"20251122_6ygb",1,1,"kickoff","Union",,1,10,83,"Union",FALSE,"Nicholas D'Amic kickoff 63 yards to the UNION02, Kaden Gore return 15 yards to the UNION17 (Justin Bernal).","Dj Wright rush for 3 yards to the UNION20 (Tom Smid)."
"20251122_6ygb",5,1,"punt_with_return","Union",74,1,10,65,"Muhlenberg",FALSE,"Evan Anderson punt 39 yards to the MUHL35, Tommy Donnelly return 0 yards to the MUHL35 (David Seiche).","Matthew Manning rush for 1 yard to the MUHL36 (Logan Miller)."
"20251122_6ygb",9,1,"punt_no_return","Muhlenberg",56,1,10,80,"Union",FALSE,"Sam Morris punt 36 yards to the UNION20, fair catch by Kaden Gore.","Patch Flanagan pass complete to Joe Curran for 6 yards to the UNION26 (Thomas Cerruti; Peyton Elliott)."
"20251122_6ygb",15,1,"pass_complete","Union",47,,,,"Muhlenberg",TRUE,"Patch Flanagan pass complete to Joe Curran for 47 yards to the MUHL00, TOUCHDOWN, QB hurry by Thomas Cerruti, clock 08:24.","Isaac Schaffer- rush for loss of 1 yard to the MUHL31 (Jordan Black; Daniel O'Leary)."
"20251122_6ygb",17,1,"kickoff","Muhlenberg",,1,10,68,"Muhlenberg",FALSE,"Ryan Mulderig kickoff 59 yards to the MUHL06, Dante Mahaffey return 26 yards to the MUHL32 (Colt Wales).","Isaac Schaffer- rush for loss of 1 yard to the MUHL31 (Jordan Black; Daniel O'Leary)."
"20251122_6ygb",28,1,"pass_complete","Muhlenberg",13,,,,"Union",TRUE,"Luke Spang pass complete to Aidan Mack for 13 yards to the UNION00, TOUCHDOWN, clock 04:13.","Patch Flanagan pass complete to Dan Quinn for 13 yards to the UNION37."
"20251122_6ygb",30,1,"kickoff","Union",,1,10,76,"Union",FALSE,"Nicholas D'Amic kickoff 55 yards to the UNION10, Kaden Gore return 14 yards to the UNION24 (Jeremy Lopez).","Patch Flanagan pass complete to Dan Quinn for 13 yards to the UNION37."
"20251122_6ygb",40,2,"pass_complete","Union",2,,,,"Muhlenberg",TRUE,"Patch Flanagan pass complete to Cam Fries for 2 yards to the MUHL00, TOUCHDOWN, clock 13:33.","Luke Spang pass complete to Chris Holland for 17 yards to the MUHL41 (Ryan Grenier)."
"20251122_6ygb",42,2,"kickoff","Muhlenberg",,1,10,76,"Muhlenberg",FALSE,"Ryan Mulderig kickoff 65 yards to the MUHL00, Dante Mahaffey return 24 yards to the MUHL24 (Colt Wales).","Luke Spang pass complete to Chris Holland for 17 yards to the MUHL41 (Ryan Grenier)."
"20251122_6ygb",54,2,"pass_complete","Muhlenberg",9,,,,"Union",TRUE,"Luke Spang pass complete to Caleb Pasols for 9 yards to the UNION00, TOUCHDOWN, clock 08:23.","Dj Wright rush for loss of 2 yards to the UNION26 (Alex Schafer; CJ Newman)."
"20251122_6ygb",56,2,"kickoff","Union",,1,10,72,"Union",FALSE,"Nicholas D'Amic kickoff 53 yards to the UNION12, Kaden Gore return 16 yards to the UNION28 (Danny Cullen), out-of-bounds.","Dj Wright rush for loss of 2 yards to the UNION26 (Alex Schafer; CJ Newman)."
"20251122_6ygb",60,2,"punt_with_return","Union",71,1,10,78,"Muhlenberg",FALSE,"Evan Anderson punt 46 yards to the MUHL25, Tommy Donnelly return -3 yards to the MUHL22 (Terrence Hanrat).","Luke Spang rush for no gain to the MUHL22 (Ryan Grenier)."
"20251122_6ygb",64,2,"punt_with_return","Muhlenberg",78,1,10,69,"Union",FALSE,"Sam Morris punt 43 yards to the UNION35, Kaden Gore return -4 yards to the UNION31 (Leo Dauberman).","Patch Flanagan pass incomplete to Gil Rivera (Triston McNeal)."
"20251122_6ygb",68,2,"punt_no_return","Union",62,1,10,77,"Muhlenberg",FALSE,"Evan Anderson punt 39 yards to the MUHL23, fair catch by Tommy Donnelly.","Dante Mahaffey rush for 3 yards to the MUHL26 (Jordan Black)."
"20251122_6ygb",72,2,"punt_no_return","Muhlenberg",71,1,10,80,"Union",FALSE,"Sam Morris punt 51 yards to the UNION20, fair catch by Kaden Gore.","Dj Wright rush for loss of 1 yard to the UNION19 (Blaze Curry; Jake Saus)."
"20251122_6ygb",76,2,"punt_no_return","Union",71,1,10,67,"Muhlenberg",FALSE,"Evan Anderson punt 38 yards to the MUHL33, downed.","Luke Spang pass complete to Dante Mahaffey for 5 yards to the MUHL38 (Charlie Johnson), out-of-bounds."
"20251122_6ygb",82,3,"kickoff","Muhlenberg",,1,10,65,"Muhlenberg",FALSE,"Ryan Mulderig kickoff 64 yards to the MUHL01, Dante Mahaffey return 34 yards to the MUHL35 (Jah'Cire Jones), out-of-bounds.","Luke Spang pass complete to Aidan Mack for 16 yards to the UNION49 (Matt Mitchell), out-of-bounds."
"20251122_6ygb",92,3,"field_goal_good","Muhlenberg",8,,,,"Union",TRUE,"Andrew Deutsch field goal attempt from 25 GOOD, clock 10:41.","Cole Brisson rush for 5 yards to the UNION30 (Thomas Cerruti; CJ Newman)."
"20251122_6ygb",93,3,"kickoff","Union",,1,10,75,"Union",FALSE,"Nicholas D'Amic kickoff 61 yards to the UNION04, fair catch by Jah'Cire Jones.","Cole Brisson rush for 5 yards to the UNION30 (Thomas Cerruti; CJ Newman)."
"20251122_6ygb",96,3,"pass_intercepted","Union",71,1,9,9,"Muhlenberg",FALSE,"Cole Brisson pass intercepted by Leo Dauberman at the MUHL43, Leo Dauberman return 48 yards to the UNION09 (Dan Quinn), out-of-bounds.","Dante Mahaffey rush for 4 yards to the UNION05 (Jordan Black), out-of-bounds."
"20251122_6ygb",98,3,"rush","Muhlenberg",5,,,,"Union",TRUE,"Dante Mahaffey rush for 5 yards to the UNION00, TOUCHDOWN, clock 08:17.","Patch Flanagan pass complete to Joe Curran for 14 yards to the UNION28 (Jeremy Lopez; George Europe)."
"20251122_6ygb",100,3,"kickoff","Union",,1,10,86,"Union",FALSE,"Nicholas D'Amic kickoff 63 yards to the UNION02, Jah'Cire Jones return 12 yards to the UNION14 (Jeremy Lopez).","Patch Flanagan pass complete to Joe Curran for 14 yards to the UNION28 (Jeremy Lopez; George Europe)."
"20251122_6ygb",113,3,"rush","Union",6,,,,"Muhlenberg",TRUE,"Patch Flanagan rush for 6 yards to the MUHL00, TOUCHDOWN, clock 01:12.","Luke Spang pass complete to Matthew Manning for 44 yards to the UNION19 (Trey Rezendes I), out-of-bounds."
"20251122_6ygb",115,3,"kickoff","Muhlenberg",,1,10,63,"Muhlenberg",FALSE,"Ryan Mulderig kickoff 47 yards to the MUHL18, Christopher Sho return 19 yards to the MUHL37 (David Seiche).","Luke Spang pass complete to Matthew Manning for 44 yards to the UNION19 (Trey Rezendes I), out-of-bounds."
"20251122_6ygb",120,4,"pass_complete","Muhlenberg",4,,,,"Union",TRUE,"Luke Spang pass complete to Aidan Mack for 4 yards to the UNION00, TOUCHDOWN, clock 14:03.","Dj Wright rush for no gain to the UNION25 (Blaze Curry)."
"20251122_6ygb",122,4,"kickoff","Union",,1,10,75,"Union",FALSE,"Nicholas D'Amic kickoff 60 yards to the UNION05, fair catch by Kaden Gore.","Dj Wright rush for no gain to the UNION25 (Blaze Curry)."
"20251122_6ygb",135,4,"pass_complete","Union",35,,,,"Muhlenberg",TRUE,"Patch Flanagan pass complete to Gil Rivera for 35 yards to the MUHL00, TOUCHDOWN, clock 08:13.","Isaac Schaffer- rush for 2 yards to the MUHL33 (John Droggitis)."
"20251122_6ygb",137,4,"kickoff","Muhlenberg",,1,10,69,"Muhlenberg",FALSE,"Ryan Mulderig kickoff 60 yards to the MUHL05, Christopher Sho return 26 yards to the MUHL31 (Luke Paskewitz).","Isaac Schaffer- rush for 2 yards to the MUHL33 (John Droggitis)."
"20251122_6ygb",150,4,"field_goal_good","Muhlenberg",14,,,,"Union",TRUE,"Andrew Deutsch field goal attempt from 32 GOOD, clock 01:38.","Patch Flanagan pass complete to Gil Rivera for 14 yards to the UNION41, PENALTY UNION illegal touching (Gil Rivera) 0 yards to the UNION27, NO PLAY."
"20251122_6ygb",151,4,"kickoff","Union",,1,10,73,"Union",FALSE,"Nicholas D'Amic kickoff 54 yards to the UNION11, Kaden Gore return 16 yards to the UNION27 (Joseph Papa), out-of-bounds.","Patch Flanagan pass complete to Gil Rivera for 14 yards to the UNION41, PENALTY UNION illegal touching (Gil Rivera) 0 yards to the UNION27, NO PLAY."
"20251122_6ygb",156,4,"pass_intercepted","Union",57,1,10,63,"Muhlenberg",FALSE,"Patch Flanagan pass intercepted by Leo Dauberman at the MUHL34, Leo Dauberman return 3 yards to the MUHL37.","PENALTY MUHL unsportmanlike conduct (Alex Schafer) 15 yards to the MUHL22."
"20251122_a800",1,1,"kickoff","Delaware Valley",,1,10,76,"Delaware Valley",FALSE,"(15:00) Worobel,Justin kickoff 59 yards to the DVU06 Rufe,Alex return 18 yards to the DVU24 (Garcia,Juan Pablo; Kaufman,Marco).","No Huddle-Shotgun Brown,Justin rush middle for 5 yards gain to the DVU29 (Enghave,Valdemar)."
"20251122_a800",3,1,"pass_intercepted","Delaware Valley",71,1,10,31,"Dickinson",FALSE,"Shotgun Galasso,Mike pass intercepted by Genilello,Jason at DVU39 Genilello,Jason return 8 yards to the DVU31 (Snowden,A.J.; Brown,Justin).","No Huddle-Shotgun Benning III,Cedric rush middle for 9 yards gain to the DVU22 (Baltimore Jr.,Milt)."
"20251122_a800",9,1,"field_goal_good","Dickinson",8,,,,"Delaware Valley",TRUE,"Worobel,Justin field goal attempt from 18 yards GOOD (H: Boyer,Kellen, LS: Saliba,Mike), clock 11:50.","(11:41) Shotgun Brown,Justin rush left for 4 yards gain to the DVU29 (Garcia,Juan Pablo)."
"20251122_a800",10,1,"kickoff","Delaware Valley",,1,10,75,"Delaware Valley",FALSE,"(11:50) Worobel,Justin kickoff 62 yards to the DVU03 Rufe,Alex return 22 yards to the DVU25 (Echeverri,Dan).","(11:41) Shotgun Brown,Justin rush left for 4 yards gain to the DVU29 (Garcia,Juan Pablo)."
"20251122_a800",26,1,"pass_incomplete","Delaware Valley",12,1,10,88,"Dickinson",FALSE,"Shotgun Galasso,Mike pass incomplete short middle to Lora,Alvaro thrown to DCS05 broken up by Garcia,Juan Pablo, TURNOVER ON DOWNS.","(03:04) No Huddle-Shotgun Del Re,Giovanni pass incomplete short left to White,Braden thrown to DCS15."
"20251122_a800",37,2,"rush","Dickinson",1,,,,"Delaware Valley",TRUE,"No Huddle-Shotgun Sorensen,Dane rush middle for 1 yard gain to the DVU00 TOUCHDOWN, clock 13:55.","Shotgun Galasso,Mike rush middle for 5 yards loss to the DVU24, End Of Play."
"20251122_a800",39,2,"kickoff","Delaware Valley",,1,10,71,"Delaware Valley",FALSE,"(13:55) Worobel,Justin kickoff 61 yards to the DVU04 Robinson,Jamar return 25 yards to the DVU29 (Couvertiere,Sean), out of bounds.","Shotgun Galasso,Mike rush middle for 5 yards loss to the DVU24, End Of Play."
"20251122_a800",46,2,"punt_no_return","Delaware Valley",55,1,10,91,"Dickinson",FALSE,"Zinkevich,Tyler punt 46 yards to the DCS09.","(10:01) No Huddle-Shotgun Benning III,Cedric rush middle for 0 yards to the DCS09 (Mahana,John; Mahana,James)."
"20251122_a800",55,2,"punt_no_return","Dickinson",41,1,10,69,"Delaware Valley",FALSE,"(05:20) Furlong,Michael punt 10 yards to the DVU31, out of bounds at DVU31.","(05:12) Shotgun Brown,Justin rush middle for 1 yard loss to the DVU30 (Devlin,Julien)."
"20251122_a800",61,2,"pass_intercepted","Delaware Valley",44,1,10,75,"Dickinson",FALSE,"Shotgun Galasso,Mike pass intercepted by Genilello,Jason at DCS25, End Of Play.","(02:48) No Huddle-Shotgun Sorensen,Dane rush left for 15 yards gain to the DCS40 (Baltimore Jr.,Milt), out of bounds, 1ST DOWN."
"20251122_a800",67,2,"pass_intercepted","Dickinson",46,1,10,87,"Delaware Valley",FALSE,"No Huddle-Shotgun Del Re,Giovanni pass intercepted by Tyrell,Jovan at DVU13, End Of Play.","(01:01) Shotgun Galasso,Mike pass complete short left to Migliori,Gavin caught at DVU22, for 9 yards to the DVU22 (Barnes,Chris)."
"20251122_a800",76,3,"kickoff","Dickinson",,1,10,68,"Dickinson",FALSE,"(15:00) Hazell,Brendan kickoff 44 yards to the DCS21 Sorensen,Dane return 11 yards to the DCS32 (Carter,Rayon), out of bounds.","No Huddle-Shotgun Benning III,Cedric rush middle for 7 yards gain to the DCS39 (Carter,Rayon; Arcaroli,Thomas)."
"20251122_a800",84,3,"pass_intercepted","Dickinson",33,1,10,63,"Delaware Valley",FALSE,"No Huddle-Shotgun Del Re,Giovanni pass intercepted by Bootman,Micah at DVU25 Bootman,Micah return 12 yards to the DVU37 (Boyer,Kellen).","(10:07) Shotgun Brown,Justin rush middle for 3 yards gain to the DVU40 (Enghave,Valdemar; Martillotti,Michael)."
"20251122_a800",91,3,"pass_complete","Delaware Valley",40,,,,"Dickinson",TRUE,"Shotgun Galasso,Mike pass complete short right to Migliori,Gavin caught at DCS36, for 40 yards to the DCS00 TOUCHDOWN, clock 06:35, 1ST DOWN.","No Huddle-Shotgun Sorensen,Dane rush middle for 28 yards gain to the DVU35 (Tyrell,Jovan; Long,Dustin), 1ST DOWN."
"20251122_a800",93,3,"kickoff","Dickinson",,1,10,63,"Dickinson",FALSE,"(06:35) Hazell,Brendan kickoff 50 yards to the DCS15 Campbell,Keesean return 22 yards to the DCS37 (Vega-Rodriguez,Axel; Baltimore Jr.,Milt).","No Huddle-Shotgun Sorensen,Dane rush middle for 28 yards gain to the DVU35 (Tyrell,Jovan; Long,Dustin), 1ST DOWN."
"20251122_a800",99,3,"field_goal_good","Dickinson",14,,,,"Delaware Valley",TRUE,"Worobel,Justin field goal attempt from 24 yards GOOD (H: Boyer,Kellen, LS: Saliba,Mike), clock 02:33.","(02:33) Shotgun Galasso,Mike pass incomplete short right to Rufe,Alex thrown to DVU30."
"20251122_a800",100,3,"kickoff","Delaware Valley",,1,10,75,"Delaware Valley",FALSE,"(02:33) Worobel,Justin kickoff 65 yards to the DVU00, Touchback.","(02:33) Shotgun Galasso,Mike pass incomplete short right to Rufe,Alex thrown to DVU30."
"20251122_a800",110,4,"pass_incomplete","Delaware Valley",20,1,10,80,"Dickinson",FALSE,"Shotgun Galasso,Mike pass incomplete short middle to Brown,Justin thrown to DCS10 broken up by Ryan,Will, TURNOVER ON DOWNS.","(13:45) No Huddle-Shotgun Del Re,Giovanni pass incomplete short right to Schmidt,Kevin thrown to DCS23."
"20251122_a800",114,4,"punt_with_return","Dickinson",74,1,10,68,"Delaware Valley",FALSE,"Furlong,Michael punt 44 yards to the DVU30 Tyrell,Jovan return 2 yards to the DVU32 (Saliba,Mike).","Shotgun Brown,Justin rush middle for 4 yards gain to the DVU36 (Genilello,Jason; Mulholland,Jimmy)."
"20251122_a800",116,4,"pass_complete","Delaware Valley",64,,,,"Dickinson",TRUE,"Shotgun Galasso,Mike pass complete short middle to Migliori,Gavin caught at DVU50, for 64 yards to the DCS00 TOUCHDOWN, clock 11:41, 1ST DOWN.","No Huddle-Shotgun Sorensen,Dane rush middle for 10 yards gain to the DVU39 (Vernieri,Andrew; Carter,Rayon), 1ST DOWN."
"20251122_a800",118,4,"kickoff","Dickinson",,1,10,49,"Dickinson",FALSE,"(11:41) Hazell,Brendan kickoff 45 yards to the DCS20 Campbell,Keesean return 16 yards to the DCS36 (Baltimore Jr.,Milt) PENALTY DVU Personal Foul (Burch,Zahir) 15 yards from DCS36 to DVU49.","No Huddle-Shotgun Sorensen,Dane rush middle for 10 yards gain to the DVU39 (Vernieri,Andrew; Carter,Rayon), 1ST DOWN."
"20251122_a800",123,4,"rush","Dickinson",30,1,10,70,"Delaware Valley",FALSE,"No Huddle-Shotgun Sorensen,Dane rush middle for 0 yards to the DVU30 (Clark,Jeremiah; Carter,Rayon), TURNOVER ON DOWNS.","(09:00) Shotgun Galasso,Mike pass incomplete deep right to Rufe,Alex thrown to DCS40."
"20251122_a800",131,4,"punt_no_return","Delaware Valley",53,1,10,80,"Dickinson",FALSE,"Zinkevich,Tyler punt 33 yards to the DCS20.","No Huddle-Shotgun Benning III,Cedric rush middle for 2 yards gain to the DCS22 (Carter,Rayon; Vernieri,Andrew)."
"20251122_a800",139,4,"punt_no_return","Dickinson",63,1,10,80,"Delaware Valley",FALSE,"Furlong,Michael punt 43 yards to the DVU20, out of bounds at DVU20.","Shotgun Galasso,Mike rush right for 10 yards gain to the DVU30, End Of Play, 1ST DOWN."
"20251122_xsab",1,1,"kickoff","Carnegie Mellon",,1,10,65,"Carnegie Mellon",FALSE,"Derek Infante kickoff 38 yards to the CMU27, Ty Kadur return 8 yards to the CMU35 (Logan Tierney; Malcolm Roy).","Jackson Salters pass complete to Brendan McCullo for 14 yards to the CMU49 (Keith Henry; Owen Norman)."
"20251122_xsab",11,1,"rush","Carnegie Mellon",4,,,,"Misericordia",TRUE,"Willem Bouma rush for 4 yards to the MIS00, TOUCHDOWN, clock 10:28.","Angelo Fluri rush for 2 yards to the MIS18 (Lucas Hazard; Mitchell Stokey)."
"20251122_xsab",13,1,"kickoff","Misericordia",,1,10,84,"Misericordia",FALSE,"Noah Godhard kickoff 60 yards to the MIS05, Jordan Alston return 11 yards to the MIS16 (Paul Davis).","Angelo Fluri rush for 2 yards to the MIS18 (Lucas Hazard; Mitchell Stokey)."
"20251122_xsab",17,1,"punt_no_return","Misericordia",91,1,10,47,"Carnegie Mellon",FALSE,"Jacob Hunter punt 38 yards to the MIS47, downed.","Shadrak Agyei rush for 2 yards to the MIS45 (R.j. Tocco; Kevin Huffman)."
"20251122_xsab",24,1,"rush","Carnegie Mellon",24,1,10,74,"Misericordia",FALSE,"Willem Bouma rush for loss of 2 yards to the MIS26 (Kevin Huffman).","Jacob Hunter pass complete to Jassanwhittake for 7 yards to the MIS33 (Jack Lawson; Victor Ruhland)."
"20251122_xsab",28,1,"pass_incomplete","Misericordia",67,1,10,33,"Carnegie Mellon",FALSE,"Jacob Hunter pass incomplete to Billy McCleery (Connor Warren).","Willem Bouma rush for 3 yards to the MIS30 (Gavin Morris; Zachary Anspach)."
"20251122_xsab",32,1,"rush","Carnegie Mellon",24,1,10,76,"Misericordia",FALSE,"Willem Bouma rush for no gain to the MIS24, fumble forced by Gavin Morris, fumble by Willem Bouma recovered by CMU Jake Langdon at MIS24.","PENALTY MIS false start (Billy McCleery) 5 yards to the MIS19."
"20251122_xsab",45,2,"pass_incomplete","Misericordia",12,1,10,88,"Carnegie Mellon",FALSE,"Jacob Hunter pass incomplete to Vincent Smith (Ethan Ming).","Giacomo Valente rush for 13 yards to the CMU25 (Xavier Woolfolk), out-of-bounds."
"20251122_xsab",52,2,"rush","Carnegie Mellon",36,1,10,63,"Misericordia",FALSE,"Giacomo Valente rush for loss of 1 yard to the MIS37 (Gavin Morris).","Jacob Hunter rush for 27 yards to the CMU36 (Jacob Franze), out-of-bounds."
"20251122_xsab",58,2,"rush","Misericordia",23,1,10,71,"Carnegie Mellon",FALSE,"Kasiah Poole rush for loss of 5 yards to the CMU28, fumble forced by Robert Sturges, fumble by Kasiah Poole recovered by CMU Jack Lawson at CMU29.","Jackson Salters pass complete to Brendan McCullo for 6 yards to the CMU35 (Antoniomcdonal)."
"20251122_xsab",62,2,"punt_no_return","Carnegie Mellon",71,1,10,73,"Misericordia",FALSE,"John Norell punt 44 yards to the MIS27, downed.","Jacob Hunter pass incomplete to Vincent Smith."
"20251122_xsab",75,2,"rush","Misericordia",3,,,,"Carnegie Mellon",TRUE,"Jacob Hunter rush for 3 yards to the CMU00, TOUCHDOWN, clock 01:33.","Jackson Salters pass complete to Willem Bouma for 2 yards to the CMU33 (Antoniomcdonal), out-of-bounds."
"20251122_xsab",77,2,"kickoff","Carnegie Mellon",,1,10,69,"Carnegie Mellon",FALSE,"Derek Infante kickoff 57 yards to the CMU08, Nick McCullough return 23 yards to the CMU31 (Malcolm Roy; Thomas Morris), out-of-bounds.","Jackson Salters pass complete to Willem Bouma for 2 yards to the CMU33 (Antoniomcdonal), out-of-bounds."
"20251122_xsab",81,2,"punt_no_return","Carnegie Mellon",75,1,10,60,"Misericordia",FALSE,"John Norell punt 35 yards to the MIS40, downed.","Jacob Hunter pass incomplete, QB hurry by Mitchell Stokey."
"20251122_xsab",93,2,"kickoff","Carnegie Mellon",,,,,,FALSE,"Derek Infante kickoff 48 yards to the CMU17, DJ Johnson return 16 yards to the CMU33 (Ethan Felker; Aaron Green).",
"20251122_xsab",94,3,"kickoff","Misericordia",,1,10,78,"Misericordia",FALSE,"Noah Godhard kickoff 51 yards to the MIS14, Braden Bashore return 8 yards to the MIS22 (Avery Campbell), out-of-bounds.","Jacob Hunter pass complete to Vincent Smith for 16 yards to the MIS38, fumble forced by Jacob Franze, fumble by Vincent Smith recovered by MIS Jassanwhittake at MIS39."
"20251122_xsab",99,3,"sack","Misericordia",54,,,,"Misericordia",TRUE,"Jacob Hunter sacked for loss of 14 yards to the MIS32 (Jack Lawson), fumble by Jacob Hunter recovered by CMU Connor Warren at MIS32, Connor Warren return 32 yards to the MIS00, TOUCHDOWN, clock 12:23.","Jacob Hunter rush for 40 yards to the CMU30 (Ethan Ming)."
"20251122_xsab",101,3,"kickoff","Misericordia",,1,10,70,"Misericordia",FALSE,"Noah Godhard kickoff 51 yards to the MIS14, Braden Bashore return 16 yards to the MIS30 (Ty Kadur).","Jacob Hunter rush for 40 yards to the CMU30 (Ethan Ming)."
"20251122_xsab",112,3,"field_goal_good","Misericordia",5,,,,"Carnegie Mellon",TRUE,"Con. McLaughlin field goal attempt from 22 GOOD, clock 06:27.","Jackson Salters pass complete to Nick McCullough for 2 yards to the CMU39 (R.j. Tocco)."
"20251122_xsab",113,3,"kickoff","Carnegie Mellon",,1,10,63,"Carnegie Mellon",FALSE,"Derek Infante kickoff 54 yards to the CMU11, Nick McCullough return 26 yards to the CMU37 (Logan Tierney; Derek Infante).","Jackson Salters pass complete to Nick McCullough for 2 yards to the CMU39 (R.j. Tocco)."
"20251122_xsab",120,3,"punt_no_return","Carnegie Mellon",59,1,10,76,"Misericordia",FALSE,"John Norell punt 35 yards to the MIS24, downed.","Jacob Hunter rush for 12 yards to the MIS36 (Jacob Franze)."
"20251122_xsab",123,3,"pass_intercepted","Misericordia",64,1,10,44,"Carnegie Mellon",FALSE,"Jacob Hunter pass intercepted by Connor Warren at the MIS44, Connor Warren return 0 yards to the MIS44.","Shadrak Agyei rush for 7 yards to the MIS37 (Gavin Morris; Xavier Woolfolk)."
"20251122_xsab",127,3,"pass_complete","Carnegie Mellon",42,,,,"Misericordia",TRUE,"Jackson Salters pass complete to Reece Kolke for 42 yards to the MIS00, TOUCHDOWN, clock 01:51.","Angelo Fluri rush for 9 yards to the MIS34 (Ethan Ming), out-of-bounds."
"20251122_xsab",129,3,"kickoff","Misericordia",,1,10,75,"Misericordia",FALSE,"Noah Godhard kickoff 64 yards to the MIS01, fair catch by Braden Bashore.","Angelo Fluri rush for 9 yards to the MIS34 (Ethan Ming), out-of-bounds."
"20251122_xsab",141,4,"rush","Misericordia",17,1,10,83,"Carnegie Mellon",FALSE,"Kasiah Poole rush for no gain to the CMU17 (Connor Warren; Mitchell Stokey).","Mark Wamhoff rush for 19 yards to the CMU36 (Xavier Woolfolk)."
"20251122_xsab",149,4,"pass_incomplete","Carnegie Mellon",15,1,10,85,"Misericordia",FALSE,"Mark Wamhoff pass incomplete to Danny Moynihan.","Jacob Hunter pass incomplete."
"20251122_xsab",153,4,"punt_no_return","Misericordia",91,1,10,29,"Carnegie Mellon",FALSE,"Ronnie Borden punt 20 yards to the MIS29, downed.","Mark Wamhoff pass incomplete to Brendan McCullo."
"20251122_xsab",157,4,"field_goal_good","Carnegie Mellon",25,,,,"Misericordia",TRUE,"Justin Caputo field goal attempt from 42 GOOD, clock 03:01.","Jacob Hunter pass intercepted by Jack Lawson at the MIS45, Jack Lawson return 13 yards to the MIS32, out-of-bounds."
"20251122_xsab",158,4,"kickoff","Misericordia",,1,10,74,"Misericordia",FALSE,"Noah Godhard kickoff 62 yards to the MIS03, Jassanwhittake return 23 yards to the MIS26 (David Fred; Archie Lawler).","Jacob Hunter pass intercepted by Jack Lawson at the MIS45, Jack Lawson return 13 yards to the MIS32, out-of-bounds."
"20251122_xsab",159,4,"pass_intercepted","Misericordia",74,1,10,32,"Carnegie Mellon",FALSE,"Jacob Hunter pass intercepted by Jack Lawson at the MIS45, Jack Lawson return 13 yards to the MIS32, out-of-bounds.","Giacomo Valente rush for 3 yards to the MIS29 (Gavin Morris; Keith Henry)."
"20251129_1h8l",1,1,"kickoff","Muhlenberg",,1,10,72,"Muhlenberg",FALSE,"Rafferty,Connell kickoff 53 yards to the MUH12 Short,Christopher return 16 yards to the MUH28 (Pytlak,Ethan).","No Huddle-Shotgun Manning,Matthew rush right for 9 yards gain to the MUH37 (Adelman,Connor)."
"20251129_1h8l",11,1,"punt_no_return","Muhlenberg",39,1,10,90,"Mount Union",FALSE,"Morris,Sam punt 29 yards to the UMU10 fair catch by Ashby,Mason at UMU10.","No Huddle-Shotgun Williams,Darnell rush middle for 12 yards gain to the UMU22 (Europe,George; Sylvester,Aaron), 1ST DOWN."
"20251129_1h8l",23,1,"rush","Mount Union",4,,,,"Muhlenberg",TRUE,"No Huddle-Shotgun Maloney,Mikey rush middle for 4 yards gain to the MUH00 TOUCHDOWN, clock 04:43, 1ST DOWN.","No Huddle-Shotgun Spang,Luke pass incomplete short middle to McGrath,Kyle thrown to MUH45."
"20251129_1h8l",25,1,"kickoff","Muhlenberg",,1,10,70,"Muhlenberg",FALSE,"Rafferty,Connell kickoff 61 yards to the MUH04 Short,Christopher return 21 yards to the MUH25 (Liette,Cael) PENALTY UMU Offside (Liette,Cael) 5 yards from MUH25 to MUH30.","No Huddle-Shotgun Spang,Luke pass incomplete short middle to McGrath,Kyle thrown to MUH45."
"20251129_1h8l",31,1,"punt_with_return","Muhlenberg",59,1,10,76,"Mount Union",FALSE,"Morris,Sam punt 44 yards to the UMU15 Ashby,Mason return 9 yards to the UMU24 (Dauberman,Leo), out of bounds.","No Huddle-Shotgun Thomas,Shaun rush middle for 2 yards gain to the UMU26 (Kearney,CJ)."
"20251129_1h8l",41,2,"rush","Mount Union",4,,,,"Muhlenberg",TRUE,"No Huddle-Shotgun Maloney,Mikey rush left for 4 yards gain to the MUH00 TOUCHDOWN, clock 12:11, 1ST DOWN.","No Huddle-Shotgun Mahaffey,Dante rush middle for 5 yards gain to the MUH30 (Brown,Kaleb)."
"20251129_1h8l",43,2,"kickoff","Muhlenberg",,1,10,75,"Muhlenberg",FALSE,"Rafferty,Connell kickoff 65 yards to the MUH00, Touchback.","No Huddle-Shotgun Mahaffey,Dante rush middle for 5 yards gain to the MUH30 (Brown,Kaleb)."
"20251129_1h8l",48,2,"pass_intercepted","Muhlenberg",52,1,10,17,"Mount Union",FALSE,"No Huddle-Shotgun Spang,Luke pass intercepted by Thrasivoulou,Kosta at UMU50 Thrasivoulou,Kosta return 33 yards to the MUH17 (Manning,Matthew).","No Huddle-Shotgun Maloney,Mikey pass complete short middle to Grant,Davion caught at MUH03, for 17 yards to the MUH00 TOUCHDOWN, clock 09:19, 1ST DOWN."
"20251129_1h8l",49,2,"pass_complete","Mount Union",17,,,,"Muhlenberg",TRUE,"No Huddle-Shotgun Maloney,Mikey pass complete short middle to Grant,Davion caught at MUH03, for 17 yards to the MUH00 TOUCHDOWN, clock 09:19, 1ST DOWN.","No Huddle-Shotgun Spang,Luke pass complete short left to Runfolo,John caught at MUH28, for 4 yards to the MUH29 (Thrasivoulou,Kosta)."
"20251129_1h8l",51,2,"kickoff","Muhlenberg",,1,10,75,"Muhlenberg",FALSE,"Rafferty,Connell kickoff 65 yards to the MUH00, Touchback.","No Huddle-Shotgun Spang,Luke pass complete short left to Runfolo,John caught at MUH28, for 4 yards to the MUH29 (Thrasivoulou,Kosta)."
"20251129_1h8l",55,2,"punt_no_return","Muhlenberg",79,1,10,58,"Mount Union",FALSE,"Morris,Sam punt 37 yards to the UMU42, out of bounds at UMU42.","No Huddle-Shotgun Minner,Kayden rush left for 5 yards gain to the UMU47 (McClaine,Marcus)."
"20251129_1h8l",63,2,"rush","Mount Union",3,,,,"Muhlenberg",TRUE,"No Huddle-Shotgun Maloney,Mikey rush right for 3 yards gain to the MUH00 TOUCHDOWN, clock 05:05.","No Huddle-Shotgun Mahaffey,Dante rush middle for 1 yard gain to the UMU49 (Bowden,Brandon)."
"20251129_1h8l",65,2,"kickoff","Muhlenberg",,1,10,50,"Muhlenberg",FALSE,"Rafferty,Connell kickoff 65 yards to the MUH00 Short,Christopher return 50 yards to the UMU50 (Rafferty,Connell).","No Huddle-Shotgun Mahaffey,Dante rush middle for 1 yard gain to the UMU49 (Bowden,Brandon)."
"20251129_1h8l",69,2,"punt_no_return","Muhlenberg",47,1,10,86,"Mount Union",FALSE,"Morris,Sam punt 33 yards to the UMU14.","No Huddle-Shotgun Williams,Darnell rush middle for 8 yards gain to the UMU22 (Elliott,Peyton; Sylvester,Aaron)."
"20251129_1h8l",76,2,"pass_complete","Mount Union",10,,,,"Muhlenberg",TRUE,"No Huddle-Shotgun Maloney,Mikey pass complete short left to Grant,Davion caught at MUH00, for 10 yards to the MUH00 TOUCHDOWN, clock 00:58, 1ST DOWN.","No Huddle-Shotgun Schaffer-Neitz,Isaac rush right for 9 yards gain to the MUH34 (Anderson,Jaeson; Cooper,Jerry)."
"20251129_1h8l",78,2,"kickoff","Muhlenberg",,1,10,75,"Muhlenberg",FALSE,"Rafferty,Connell kickoff 65 yards to the MUH00, Touchback.","No Huddle-Shotgun Schaffer-Neitz,Isaac rush right for 9 yards gain to the MUH34 (Anderson,Jaeson; Cooper,Jerry)."
"20251129_1h8l",81,3,"kickoff","Mount Union",,1,10,75,"Mount Union",FALSE,"D'Amico,Nicholas kickoff 65 yards to the UMU00, Touchback.","No Huddle-Shotgun Maloney,Mikey pass complete short right to Grant,Davion caught at UMU33, for 9 yards to the UMU34 (Sylvester,Aaron), out of bounds."
"20251129_1h8l",87,3,"pass_complete","Mount Union",27,,,,"Muhlenberg",TRUE,"No Huddle-Shotgun Maloney,Mikey pass complete deep middle to Turner,Nick caught at MUH00, for 27 yards to the MUH00 TOUCHDOWN, clock 11:38, 1ST DOWN.","No Huddle-Shotgun Manning,Matthew rush left for 5 yards gain to the MUH25 (Cruz,Keenan; Levak,Ricky)."
"20251129_1h8l",89,3,"kickoff","Muhlenberg",,1,10,80,"Muhlenberg",FALSE,"Rafferty,Connell kickoff 58 yards to the MUH07 Short,Christopher return 35 yards to the MUH42 (Smith,Preston), out of bounds PENALTY MUH Holding (Kalinauskas,Ethan) 10 yards from MUH30 to MUH20.","No Huddle-Shotgun Manning,Matthew rush left for 5 yards gain to the MUH25 (Cruz,Keenan; Levak,Ricky)."
"20251129_1h8l",97,3,"punt_no_return","Muhlenberg",69,1,10,79,"Mount Union",FALSE,"Morris,Sam punt 48 yards to the UMU21.","No Huddle-Shotgun Thomas,Shaun rush middle for 1 yard gain to the UMU22 (Lopez,Jeremy)."
"20251129_1h8l",106,3,"rush","Mount Union",1,,,,"Muhlenberg",TRUE,"No Huddle-Shotgun Thomas,Shaun rush middle for 1 yard gain to the MUH00 TOUCHDOWN, clock 04:00.","No Huddle-Shotgun Mahaffey,Dante pass incomplete short right to Hack,Wes thrown to MUH42 broken up by Thrasivoulou,Kosta."
"20251129_1h8l",108,3,"kickoff","Muhlenberg",,1,10,56,"Muhlenberg",FALSE,"Rafferty,Connell kickoff 54 yards to the MUH11 Mahaffey,Dante return 33 yards to the MUH44 (Williams,Rickie), out of bounds.","No Huddle-Shotgun Mahaffey,Dante pass incomplete short right to Hack,Wes thrown to MUH42 broken up by Thrasivoulou,Kosta."
"20251129_1h8l",119,3,"rush","Muhlenberg",1,,,,"Mount Union",TRUE,"No Huddle-Shotgun Mahaffey,Dante rush middle for 1 yard gain to the UMU00 TOUCHDOWN, clock 00:28.","No Huddle-Shotgun Minner,Kayden rush middle for 2 yards gain to the UMU27 (Schafer,Alex)."
"20251129_1h8l",121,3,"kickoff","Mount Union",,1,10,75,"Mount Union",FALSE,"D'Amico,Nicholas kickoff 56 yards to the UMU09 Ashby,Mason return 16 yards to the UMU25 (Genario,Dominick; Lopez,Jeremy).","No Huddle-Shotgun Minner,Kayden rush middle for 2 yards gain to the UMU27 (Schafer,Alex)."
"20251129_1h8l",129,4,"punt_no_return","Mount Union",38,1,10,80,"Muhlenberg",FALSE,"Franklin,Michael punt 38 yards to the MUH00, Touchback.","No Huddle-Shotgun Mahaffey,Dante pass incomplete deep middle to Manning,Matthew thrown to MUH48 broken up by Cooper,Jerry."
"20251129_1h8l",133,4,"punt_no_return","Muhlenberg",84,1,10,42,"Mount Union",FALSE,"Morris,Sam punt 26 yards to the MUH42 fair catch by Ashby,Mason at MUH42.","No Huddle-Shotgun Weaver,Lucas rush middle for 2 yards gain to the MUH40 (Lopez,Jeremy)."
"20251129_1h8l",138,4,"punt_no_return","Mount Union",40,1,10,80,"Muhlenberg",FALSE,"Franklin,Michael punt 40 yards to the MUH00, Touchback.","No Huddle-Shotgun Mahaffey,Dante pass complete short middle to Pasols,Caleb caught at MUH24, for 18 yards to the MUH38 (Levak,Ricky; Liette,Cael), 1ST DOWN."
"20251129_h79x",1,1,"kickoff","Eastern",,1,10,60,"Eastern",FALSE,"Harlamov,Ivan kickoff 37 yards to the EAS28 Scell,Sam return 12 yards to the EAS40 (Pembroke,Michael).","No Huddle-Shotgun Nabb,Brett pass incomplete deep right to Nikolopoulos,Justin thrown to F&M30 broken up by Wertz,Matt."
"20251129_h79x",13,1,"rush","Eastern",1,,,,"Franklin and Marshall",TRUE,"No Huddle-Shotgun Nabb,Brett rush middle for 1 yard gain to the F&M00 TOUCHDOWN, clock 08:44, 1ST DOWN.","No Huddle-Shotgun Tremba,Ty rush middle for 3 yards gain to the F&M28 (Bateman,Jason; Clark,Wayne)."
"20251129_h79x",15,1,"kickoff","Franklin and Marshall",,1,10,75,"Franklin and Marshall",FALSE,"Nolek,John kickoff 65 yards to the F&M00, Touchback.","No Huddle-Shotgun Tremba,Ty rush middle for 3 yards gain to the F&M28 (Bateman,Jason; Clark,Wayne)."
"20251129_h79x",19,1,"punt_with_return","Franklin and Marshall",67,1,10,50,"Eastern",FALSE,"Harlamov,Ivan punt 39 yards to the EAS28 Nikolopoulos,Justin return 22 yards to the EAS50, out of bounds at EAS50.","No Huddle-Shotgun Avrilien,Jeremiah rush middle for 4 yards gain to the F&M46 (Hadley,Austin)."
"20251129_h79x",23,1,"punt_no_return","Eastern",44,1,10,88,"Franklin and Marshall",FALSE,"Westfield,John punt 32 yards to the F&M12 fair catch by Albero,Chris at F&M12.","No Huddle-Shotgun Paris,Louis rush middle for 1 yard gain to the F&M13 (Bateman,Jason)."
"20251129_h79x",27,1,"punt_no_return","Franklin and Marshall",97,1,10,47,"Eastern",FALSE,"Harlamov,Ivan punt 44 yards to the F&M47, out of bounds at F&M47.","No Huddle-Shotgun Nabb,Brett rush left for 3 yards loss to the F&M50 (Carner,Rafe)."
"20251129_h79x",30,1,"rush","Eastern",43,,,,"Franklin and Marshall",TRUE,"No Huddle-Shotgun Nabb,Brett rush left for 43 yards gain to the F&M00 TOUCHDOWN, clock 00:55, 1ST DOWN.","No Huddle-Shotgun Paris,Louis rush middle for 10 yards gain to the F&M20 (Beckford,Dru; Clark,Wayne), 1ST DOWN."
"20251129_h79x",32,1,"kickoff","Franklin and Marshall",,1,10,90,"Franklin and Marshall",FALSE,"Nolek,John kickoff 62 yards to the F&M03 Marx,Oscar return 17 yards to the F&M20 (Woodhouse,De'Shawn) PENALTY F&M Holding (Comella,Trey) 10 yards from F&M20 to F&M10.","No Huddle-Shotgun Paris,Louis rush middle for 10 yards gain to the F&M20 (Beckford,Dru; Clark,Wayne), 1ST DOWN."
"20251129_h79x",40,2,"pass_complete","Franklin and Marshall",45,,,,"Eastern",TRUE,"No Huddle-Shotgun Tremba,Ty pass complete deep right to Lewis,Gary caught at EAS10, for 45 yards to the EAS00 TOUCHDOWN, clock 12:51, 1ST DOWN.","No Huddle-Shotgun Nabb,Brett pass complete short right to Avrilien,Jeremiah caught at EAS19, for 4 yards to the EAS23 (Albero,Chris)."
"20251129_h79x",42,2,"kickoff","Eastern",,1,10,81,"Eastern",FALSE,"Harlamov,Ivan kickoff 59 yards to the EAS06 Rivera,Chris return 13 yards to the EAS19 (Sobieski,James; Evancho,Kyle).","No Huddle-Shotgun Nabb,Brett pass complete short right to Avrilien,Jeremiah caught at EAS19, for 4 yards to the EAS23 (Albero,Chris)."
"20251129_h79x",53,2,"rush","Eastern",1,,,,"Franklin and Marshall",TRUE,"No Huddle-Shotgun Nabb,Brett rush right for 1 yard gain to the F&M00 TOUCHDOWN, clock 06:34.","No Huddle-Shotgun Tremba,Ty rush middle for 3 yards gain to the F&M33 (Bateman,Jason)."
"20251129_h79x",55,2,"kickoff","Franklin and Marshall",,1,10,70,"Franklin and Marshall",FALSE,"Nolek,John kickoff 51 yards to the F&M14 Sobieski,James return 16 yards to the F&M30 (Johnson,Curtis).","No Huddle-Shotgun Tremba,Ty rush middle for 3 yards gain to the F&M33 (Bateman,Jason)."
"20251129_h79x",61,2,"punt_no_return","Franklin and Marshall",57,1,10,79,"Eastern",FALSE,"Harlamov,Ivan punt 38 yards to the EAS19 muffed by Nikolopoulos,Justin at EAS19 recovered by EAS Nikolopoulos,Justin at EAS21, End Of Play.","No Huddle-Shotgun Nabb,Brett pass complete short middle to Johnson,Devon caught at EAS25, for 13 yards to the EAS34 (Carner,Rafe), 1ST DOWN."
"20251129_h79x",63,2,"rush","Eastern",66,1,10,31,"Franklin and Marshall",FALSE,"No Huddle-Shotgun Nabb,Brett rush middle for 3 yards loss to the EAS31 fumbled by Nabb,Brett at EAS31 recovered by F&M Checchio,Kyle at EAS31, End Of Play.","No Huddle-Shotgun Paris,Louis rush middle for 2 yards gain to the EAS29 (Moody,Gashawn; Bateman,Jason)."
"20251129_h79x",65,2,"pass_complete","Franklin and Marshall",29,,,,"Eastern",TRUE,"No Huddle-Shotgun Tremba,Ty pass complete deep middle to Harrison,Jack caught at EAS00, for 29 yards to the EAS00 TOUCHDOWN, clock 02:13, 1ST DOWN.","No Huddle-Shotgun Nabb,Brett rush right for 14 yards gain to the EAS41 (Evancho,Kyle), 1ST DOWN."
"20251129_h79x",67,2,"kickoff","Eastern",,1,10,73,"Eastern",FALSE,"Harlamov,Ivan kickoff 59 yards to the EAS06 Rivera,Chris return 21 yards to the EAS27 (Pembroke,Michael).","No Huddle-Shotgun Nabb,Brett rush right for 14 yards gain to the EAS41 (Evancho,Kyle), 1ST DOWN."
"20251129_h79x",75,3,"kickoff","Franklin and Marshall",,1,10,77,"Franklin and Marshall",FALSE,"Nolek,John kickoff 50 yards to the F&M15 Sobieski,James return 8 yards to the F&M23 (Johnson,Curtis; Jones,Cole).","No Huddle-Shotgun Paris,Louis rush middle for 13 yards gain to the F&M36 (Moody,Gashawn; Todd,Jaden), 1ST DOWN."
"20251129_h79x",81,3,"pass_intercepted","Franklin and Marshall",43,1,10,63,"Eastern",FALSE,"No Huddle-Shotgun Tremba,Ty pass intercepted by Todd,Jaden at EAS33 Todd,Jaden return 4 yards to the EAS37 (Zawadzkas,Hudson), out of bounds.","No Huddle-Shotgun Nabb,Brett rush middle for 7 yards loss to the EAS30 fumbled by Nabb,Brett at EAS30 recovered by EAS Nabb,Brett at EAS30, End Of Play."
"20251129_h79x",85,3,"punt_with_return","Eastern",71,1,10,50,"Franklin and Marshall",FALSE,"Westfield,John punt 30 yards to the F&M41 Albero,Chris return 9 yards to the F&M50 (Thornton,Hezekiah; Johnson,Curtis).","No Huddle-Shotgun Tremba,Ty rush middle for 8 yards gain to the EAS42 (Wilson,Eric; Bateman,Jason)."
"20251129_h79x",95,3,"field_goal_good","Franklin and Marshall",14,,,,"Eastern",TRUE,"Fleming,Michael field goal attempt from 31 yards GOOD (H: O'Brien,Daniel, LS: Galligan,Will), clock 04:41.","No Huddle-Shotgun Nabb,Brett rush left for 16 yards gain to the EAS39 (Carner,Rafe), out of bounds, 1ST DOWN."
"20251129_h79x",96,3,"kickoff","Eastern",,1,10,77,"Eastern",FALSE,"Harlamov,Ivan kickoff 56 yards to the EAS09 Rivera,Chris return 14 yards to the EAS23 (Checchio,Kyle; Carner,Rafe).","No Huddle-Shotgun Nabb,Brett rush left for 16 yards gain to the EAS39 (Carner,Rafe), out of bounds, 1ST DOWN."
"20251129_h79x",104,4,"rush","Eastern",7,,,,"Franklin and Marshall",TRUE,"No Huddle-Shotgun Nabb,Brett rush left for 7 yards gain to the F&M00 TOUCHDOWN, clock 14:52.","No Huddle-Shotgun Tremba,Ty pass complete short middle to Paris,Louis caught at F&M43, for 7 yards to the F&M47 (Wilson,Eric)."
"20251129_h79x",106,4,"kickoff","Franklin and Marshall",,1,10,60,"Franklin and Marshall",FALSE,"Nolek,John kickoff 59 yards to the F&M06 Marx,Oscar return 34 yards to the F&M40 (Woodhouse,De'Shawn), out of bounds.","No Huddle-Shotgun Tremba,Ty pass complete short middle to Paris,Louis caught at F&M43, for 7 yards to the F&M47 (Wilson,Eric)."
"20251129_h79x",111,4,"pass_complete","Franklin and Marshall",25,,,,"Eastern",TRUE,"No Huddle-Shotgun Tremba,Ty pass complete deep left to Lewis,Gary caught at EAS00, for 25 yards to the EAS00 TOUCHDOWN, clock 12:33, 1ST DOWN.","No Huddle-Shotgun Nabb,Brett rush middle for 5 yards gain to the EAS42 (Kelley,LT)."
"20251129_h79x",113,4,"kickoff","Eastern",,1,10,63,"Eastern",FALSE,"Harlamov,Ivan kickoff 50 yards to the EAS15 Smith,Eric return 22 yards to the EAS37 (Wertz,Matt; Aravides,Nick).","No Huddle-Shotgun Nabb,Brett rush middle for 5 yards gain to the EAS42 (Kelley,LT)."
"20251129_h79x",119,4,"rush","Eastern",37,4,9,45,"Eastern",FALSE,"No Huddle-Shotgun Nabb,Brett rush middle for 37 yards gain (2) to the F&M00 TOUCHDOWN nullified by penalty, clock 09:16 PENALTY EAS Holding (Franks,Dom) 10 yards from F&M35 to F&M45, TURNOVER ON DOWNS.","Westfield,John punt 45 yards to the F&M00, Touchback."
"20251129_h79x",120,4,"punt_no_return","Eastern",45,1,10,80,"Franklin and Marshall",FALSE,"Westfield,John punt 45 yards to the F&M00, Touchback.","No Huddle-Shotgun Paris,Louis rush middle for 7 yards gain to the F&M27 (Jones,Cole)."
"20251129_h79x",126,4,"rush","Franklin and Marshall",47,1,10,56,"Eastern",FALSE,"No Huddle-Shotgun Tremba,Ty rush middle for 3 yards gain to the EAS44 (Nikiema,Salif), TURNOVER ON DOWNS.","No Huddle-Shotgun Nabb,Brett rush left for 3 yards gain to the EAS47 (Evancho,Kyle)."
"20251129_h79x",133,4,"rush","Eastern",25,1,10,76,"Franklin and Marshall",FALSE,"No Huddle-Shotgun Nabb,Brett rush middle for 1 yard gain to the F&M24 (Albero,Chris; Kelley,LT), TURNOVER ON DOWNS.","No Huddle-Shotgun Tremba,Ty rush middle for 11 yards gain to the F&M35 (Bateman,Jason; Campbell,Andrew), 1ST DOWN."
"20251129_h79x",146,4,"pass_intercepted","Franklin and Marshall",10,1,10,95,"Eastern",FALSE,"No Huddle-Shotgun Tremba,Ty pass intercepted by Moody,Gashawn at EAS05 Moody,Gashawn return 5 yards to the EAS10 (Toomey,Aidan) PENALTY EAS UNS: Unsportsmanlike Conduct 5 yards from EAS10 to EAS05.","No Huddle-Shotgun Nabb,Brett rush middle for 2 yards gain to the EAS07 (Kelley,LT)."
"20251129_zeoo",1,1,"kickoff","Springfield",,1,10,73,"Springfield",FALSE,"Wayt,Kaleb kickoff 59 yards to the SPR06 Green,James return 21 yards to the SPR27 (Pion,Jacob).","No Huddle Davis,Stanford rush middle for 56 yards gain to the JHU17 (Kramer,Spencer), 1ST DOWN."
"20251129_zeoo",8,1,"rush","Springfield",4,,,,"Johns Hopkins",TRUE,"No Huddle Welch,TJ rush left for 4 yards gain to the JHU00 TOUCHDOWN, clock 10:55.","No Huddle-Shotgun Harvey,Bay pass incomplete deep right to Crotty,Cole thrown to SPR30 broken up by Aviles,Will."
"20251129_zeoo",10,1,"kickoff","Johns Hopkins",,1,10,73,"Johns Hopkins",FALSE,"Wernik,Ian kickoff 50 yards to the JHU15 Moore,Josh return 12 yards to the JHU27 (Posillico,Sal; Mendicino,Mike).","No Huddle-Shotgun Harvey,Bay pass incomplete deep right to Crotty,Cole thrown to SPR30 broken up by Aviles,Will."
"20251129_zeoo",22,1,"pass_complete","Johns Hopkins",27,,,,"Springfield",TRUE,"No Huddle-Shotgun Harvey,Bay pass complete deep left to Enright,Robby caught at SPR00, for 27 yards to the SPR00 TOUCHDOWN, clock 04:52, 1ST DOWN.","No Huddle Welch,TJ rush left for 1 yard loss to the SPR20 (Kramer,Spencer; Trainer,Browning)."
"20251129_zeoo",24,1,"kickoff","Springfield",,1,10,79,"Springfield",FALSE,"Wayt,Kaleb kickoff 65 yards to the SPR00 Green,James return 21 yards to the SPR21 (Zwicker,Nick; Stup,Cole).","No Huddle Welch,TJ rush left for 1 yard loss to the SPR20 (Kramer,Spencer; Trainer,Browning)."
"20251129_zeoo",34,2,"punt_no_return","Springfield",48,1,10,80,"Johns Hopkins",FALSE,"Campbell,James punt 48 yards to the JHU00, Touchback.","No Huddle-Shotgun Schroeder,Geoff rush right for 3 yards gain to the JHU23 (Sordillo,Tyler; Aviles,Will)."
"20251129_zeoo",42,2,"pass_complete","Johns Hopkins",15,,,,"Springfield",TRUE,"No Huddle-Shotgun Harvey,Bay pass complete short left to Moore,Josh caught at SPR17, for 15 yards to the SPR00 TOUCHDOWN, clock 09:45, 1ST DOWN.","No Huddle Welch,TJ rush right for 3 yards gain to the SPR36 (Smith,Jackson)."
"20251129_zeoo",44,2,"kickoff","Springfield",,1,10,67,"Springfield",FALSE,"Wayt,Kaleb kickoff 52 yards to the SPR13 Green,James return 20 yards to the SPR33 (Kramer,Spencer; Stup,Cole).","No Huddle Welch,TJ rush right for 3 yards gain to the SPR36 (Smith,Jackson)."
"20251129_zeoo",48,2,"punt_no_return","Springfield",66,1,10,67,"Johns Hopkins",FALSE,"Campbell,James punt 33 yards to the JHU33.","No Huddle-Shotgun Harvey,Bay rush left for 11 yards gain to the JHU44 (Peterson,Nick), 1ST DOWN."
"20251129_zeoo",53,2,"rush","Johns Hopkins",8,,,,"Springfield",TRUE,"No Huddle-Shotgun Harvey,Bay rush middle for 8 yards gain to the SPR00 TOUCHDOWN, clock 05:44.","No Huddle Davis,Stanford rush left for 1 yard loss to the SPR38 (Urquidi,Isaac)."
"20251129_zeoo",55,2,"kickoff","Springfield",,1,10,61,"Springfield",FALSE,"Wayt,Kaleb kickoff 56 yards to the SPR09 Green,James return 30 yards to the SPR39 (Kramer,Spencer).","No Huddle Davis,Stanford rush left for 1 yard loss to the SPR38 (Urquidi,Isaac)."
"20251129_zeoo",59,2,"punt_with_return","Springfield",60,1,10,50,"Johns Hopkins",FALSE,"Campbell,James punt 44 yards to the JHU16 Enright,Robby return 34 yards to the SPR50 (Williams,Mikey).","No Huddle-Shotgun Schroeder,Geoff rush middle for 10 yards gain to the SPR40 (Hayes,Hunter), 1ST DOWN."
"20251129_zeoo",67,2,"pass_intercepted","Johns Hopkins",30,1,10,96,"Springfield",FALSE,"No Huddle-Shotgun Harvey,Bay pass intercepted by Gonzalez,Nick at SPR04, End Of Play.","No Huddle Welch,TJ rush left for 1 yard gain to the SPR05 (Trainer,Browning)."
"20251129_zeoo",70,3,"kickoff","Johns Hopkins",,1,10,88,"Johns Hopkins",FALSE,"Wernik,Ian kickoff 65 yards to the JHU00 Moore,Josh return 22 yards to the JHU22 (Gibson,Mehkei) PENALTY JHU Holding (Davis,Wyatt) 10 yards from JHU22 to JHU12.","No Huddle-Shotgun Schroeder,Geoff rush middle for 3 yards gain to the JHU15 (Hayes,Hunter; Scott,Aaziah)."
"20251129_zeoo",76,3,"punt_no_return","Johns Hopkins",79,1,10,65,"Springfield",FALSE,"Alley,Chase punt 44 yards to the SPR35.","No Huddle Zoller,Luke rush right for 3 yards loss to the SPR32 (Trainer,Browning)."
"20251129_zeoo",80,3,"punt_with_return","Springfield",62,1,10,80,"Johns Hopkins",FALSE,"Campbell,James punt 42 yards to the JHU20 Orecchio,Alex return 0 yards to the JHU20 (Aviles,Will).","No Huddle-Shotgun Pugliano,Ty rush right for 7 yards gain to the JHU27 (Hayes,Hunter)."
"20251129_zeoo",86,3,"punt_no_return","Johns Hopkins",59,1,10,80,"Springfield",FALSE,"Alley,Chase punt 39 yards to the SPR20, out of bounds at SPR20.","No Huddle Dunn,Bode rush middle for 4 yards gain to the SPR24 (Smith,Jackson; Trainer,Browning)."
"20251129_zeoo",93,3,"punt_no_return","Springfield",67,1,10,68,"Johns Hopkins",FALSE,"Campbell,James punt 35 yards to the JHU32, out of bounds at JHU32.","No Huddle-Shotgun Harvey,Bay pass incomplete short left to Crotty,Cole thrown to JHU40 broken up by Scott,Aaziah."
"20251129_zeoo",103,4,"pass_complete","Johns Hopkins",6,,,,"Springfield",TRUE,"No Huddle-Shotgun Harvey,Bay pass complete short right to Crotty,Cole caught at SPR00, for 6 yards to the SPR00 TOUCHDOWN, clock 11:43.","No Huddle Davis,Stanford rush middle for 5 yards gain to the SPR20 (Gibson,Kellen)."
"20251129_zeoo",105,4,"kickoff","Springfield",,1,10,85,"Springfield",FALSE,"Wayt,Kaleb kickoff 59 yards to the SPR06 Green,James return 9 yards to the SPR15 (Stup,Cole).","No Huddle Davis,Stanford rush middle for 5 yards gain to the SPR20 (Gibson,Kellen)."
"20251129_zeoo",115,4,"pass_complete","Springfield",12,,,,"Johns Hopkins",TRUE,"No Huddle Welch,TJ pass complete short right to Posillico,Sal caught at JHU00, for 12 yards to the JHU00 TOUCHDOWN, clock 06:28, 1ST DOWN.","No Huddle-Shotgun Harvey,Bay rush right for 3 yards gain to the SPR29 (Cimini,Corbett)."
"20251129_zeoo",117,4,"kickoff","Johns Hopkins",,1,10,32,"Johns Hopkins",FALSE,"Wernik,Ian kickoff 12 yards to the SPR47 fair catch by Moore,Josh at SPR47 PENALTY SPR Kick Catch Interference (Evans,Avian) 15 yards from SPR47 to SPR32.","No Huddle-Shotgun Harvey,Bay rush right for 3 yards gain to the SPR29 (Cimini,Corbett)."
"20251129_zeoo",126,4,"rush","Johns Hopkins",1,,,,"Springfield",TRUE,"No Huddle-Shotgun Harvey,Bay rush middle for 1 yard gain to the SPR00 TOUCHDOWN, clock 02:11.","No Huddle Green,James rush left for 1 yard gain to the SPR43 (Bourdo,Carson; Seibert,Will)."
"20251129_zeoo",128,4,"kickoff","Springfield",,1,10,58,"Springfield",FALSE,"Wayt,Kaleb kickoff 30 yards to the SPR35 Perezcastaneda,Desmond return 7 yards to the SPR42 (Davis,Wyatt).","No Huddle Green,James rush left for 1 yard gain to the SPR43 (Bourdo,Carson; Seibert,Will)."
"20251129_zeoo",131,4,"pass_intercepted","Springfield",43,1,10,65,"Johns Hopkins",FALSE,"No Huddle Heenan,Drew pass intercepted by Schondelmayer,Jack at JHU28 Schondelmayer,Jack return 7 yards to the JHU35 (George,Mekhi).","Kneel down by Harvey,Bay at JHU34 for loss of 1 yard."
"20251206_u8yr",1,1,"kickoff","Salisbury",,1,10,69,"Salisbury",FALSE,"Wayt,Kaleb kickoff 56 yards to the SAL09 Fisher,Mason return 22 yards to the SAL31 (Zwicker,Nick).","No Huddle-Shotgun McGowan,SyRus pass complete deep middle to Brubaker,Micah caught at JHU35, for 69 yards to the JHU00 TOUCHDOWN, clock 14:45, 1ST DOWN."
"20251206_u8yr",2,1,"pass_complete","Salisbury",69,,,,"Johns Hopkins",TRUE,"No Huddle-Shotgun McGowan,SyRus pass complete deep middle to Brubaker,Micah caught at JHU35, for 69 yards to the JHU00 TOUCHDOWN, clock 14:45, 1ST DOWN.","No Huddle-Shotgun Harvey,Bay pass complete short left to Crotty,Cole caught at JHU32, for 10 yards to the JHU32, End Of Play, 1ST DOWN."
"20251206_u8yr",4,1,"kickoff","Johns Hopkins",,1,10,78,"Johns Hopkins",FALSE,"Smack,Tucker kickoff 60 yards to the JHU05 Moore,Josh return 17 yards to the JHU22 (Gary,Jayson).","No Huddle-Shotgun Harvey,Bay pass complete short left to Crotty,Cole caught at JHU32, for 10 yards to the JHU32, End Of Play, 1ST DOWN."
"20251206_u8yr",15,1,"rush","Johns Hopkins",3,,,,"Salisbury",TRUE,"No Huddle-Shotgun Harvey,Bay rush middle for 3 yards gain to the SAL00 TOUCHDOWN, clock 07:49.","Belizaire,Dario rush left for 4 yards gain to the SAL29 (Trainer,Browning)."
"20251206_u8yr",17,1,"kickoff","Salisbury",,1,10,75,"Salisbury",FALSE,"Wayt,Kaleb kickoff 65 yards to the SAL00, Touchback.","Belizaire,Dario rush left for 4 yards gain to the SAL29 (Trainer,Browning)."
"20251206_u8yr",32,1,"rush","Salisbury",3,1,10,98,"Johns Hopkins",FALSE,"Belizaire,Dario rush left for 1 yard gain to the JHU02 (Schondelmayer,Jack), TURNOVER ON DOWNS.","No Huddle-Shotgun Harvey,Bay rush right for 14 yards gain to the JHU16 (Scipio,Jordan), 1ST DOWN."
"20251206_u8yr",42,2,"rush","Johns Hopkins",26,,,,"Salisbury",TRUE,"No Huddle-Shotgun Harvey,Bay rush right for 26 yards gain to the SAL00 TOUCHDOWN, clock 09:23, 1ST DOWN.","Fisher,Mason rush right for 57 yards gain to the JHU17 (Bourdo,Carson), 1ST DOWN."
"20251206_u8yr",44,2,"kickoff","Salisbury",,1,10,74,"Salisbury",FALSE,"Wayt,Kaleb kickoff 57 yards to the SAL08 Fisher,Mason return 18 yards to the SAL26 (Dasilva,Tyler).","Fisher,Mason rush right for 57 yards gain to the JHU17 (Bourdo,Carson), 1ST DOWN."
"20251206_u8yr",51,2,"field_goal_good","Salisbury",2,,,,"Johns Hopkins",TRUE,"Smack,Tucker field goal attempt from 20 yards GOOD (H: Ayers,Zach, LS: Choy,Ephram), clock 06:13.","No Huddle-Shotgun Schroeder,Geoff rush middle for 4 yards gain to the JHU29 (Mack,Kilo)."
"20251206_u8yr",52,2,"kickoff","Johns Hopkins",,1,10,75,"Johns Hopkins",FALSE,"Smack,Tucker kickoff 65 yards to the JHU00, Touchback.","No Huddle-Shotgun Schroeder,Geoff rush middle for 4 yards gain to the JHU29 (Mack,Kilo)."
"20251206_u8yr",60,2,"pass_complete","Johns Hopkins",26,,,,"Salisbury",TRUE,"No Huddle-Shotgun Harvey,Bay pass complete deep middle to Crotty,Cole caught at SAL02, for 26 yards to the SAL00 TOUCHDOWN, clock 01:54, 1ST DOWN.","McGowan,SyRus pass incomplete deep left to Brubaker,Micah thrown to SAL50 PENALTY JHU Pass Interference (Olah,Kevin) 15 yards from SAL24 to SAL39, 1ST DOWN. NO PLAY."
"20251206_u8yr",62,2,"kickoff","Salisbury",,1,10,76,"Salisbury",FALSE,"Wayt,Kaleb kickoff 54 yards to the SAL11 Belizaire,Dario return 13 yards to the SAL24 (Bechtle,John).","McGowan,SyRus pass incomplete deep left to Brubaker,Micah thrown to SAL50 PENALTY JHU Pass Interference (Olah,Kevin) 15 yards from SAL24 to SAL39, 1ST DOWN. NO PLAY."
"20251206_u8yr",70,2,"field_goal_good","Salisbury",3,,,,"Johns Hopkins",TRUE,"Smack,Tucker field goal attempt from 20 yards GOOD (H: Ayers,Zach, LS: Choy,Ephram), clock 00:50.","No Huddle-Shotgun Harvey,Bay rush middle for 20 yards gain to the JHU45 (Scipio,Jordan), 1ST DOWN."
"20251206_u8yr",71,2,"kickoff","Johns Hopkins",,1,10,75,"Johns Hopkins",FALSE,"Smack,Tucker kickoff 65 yards to the JHU00, Touchback.","No Huddle-Shotgun Harvey,Bay rush middle for 20 yards gain to the JHU45 (Scipio,Jordan), 1ST DOWN."
"20251206_u8yr",79,3,"kickoff","Johns Hopkins",,1,10,83,"Johns Hopkins",FALSE,"Smack,Tucker kickoff 48 yards to the JHU17 fair catch by Orecchio,Alex at JHU17.","No Huddle-Shotgun Schroeder,Geoff rush middle for 3 yards gain to the JHU20 (Edwards,Amiri; Lomax,Chase)."
"20251206_u8yr",83,3,"punt_with_return","Johns Hopkins",77,1,10,50,"Salisbury",FALSE,"Alley,Chase punt 41 yards to the SAL36 Thomas,Jadyn return 14 yards to the JHU50 (Pugliano,Ty; Zwicker,Nick).","McGowan,SyRus rush left for 11 yards gain to the JHU39 (Bourdo,Carson), 1ST DOWN."
"20251206_u8yr",89,3,"pass_incomplete","Salisbury",21,1,10,79,"Johns Hopkins",FALSE,"McGowan,SyRus pass incomplete deep middle to Belizaire,Dario thrown to JHU00, TURNOVER ON DOWNS.","No Huddle-Shotgun Harvey,Bay pass incomplete short right to Enright,Robby thrown to JHU33."
"20251206_u8yr",96,3,"punt_no_return","Johns Hopkins",49,1,10,98,"Salisbury",FALSE,"Alley,Chase punt 47 yards to the SAL02.","McGowan,SyRus rush middle for 2 yards gain to the SAL04 (Trainer,Browning)."
"20251206_u8yr",100,3,"punt_with_return","Salisbury",96,1,10,27,"Johns Hopkins",FALSE,"Christenson,Noah punt 40 yards to the SAL44 Enright,Robby return 17 yards to the SAL27 (Cheairs,Clarke).","No Huddle-Shotgun Schroeder,Geoff rush middle for 11 yards gain to the SAL16 (Mack,Kilo; Gioia,Andrew), 1ST DOWN."
"20251206_u8yr",105,3,"field_goal_missed","Johns Hopkins",14,1,10,80,"Salisbury",FALSE,"Wayt,Kaleb field goal attempt from 32 yards NO GOOD (H: Lollar,Ethan, LS: Strnad,Claude), clock 06:24, End Of Play.","McGowan,SyRus rush left for 9 yards loss to the SAL11 fumbled by McGowan,SyRus at SAL15 recovered by SAL Belizaire,Dario at SAL11, End Of Play."
"20251206_u8yr",109,3,"punt_no_return","Salisbury",75,1,10,73,"Johns Hopkins",FALSE,"Christenson,Noah punt 38 yards to the JHU37, out of bounds at JHU37 PENALTY JHU Holding (Dasilva,Tyler) 10 yards from JHU37 to JHU27.","No Huddle-Shotgun Harvey,Bay rush middle for 11 yards gain to the JHU38 (Sheil,Patrick), 1ST DOWN."
"20251206_u8yr",116,3,"rush","Johns Hopkins",2,,,,"Salisbury",TRUE,"No Huddle-Shotgun Schroeder,Geoff rush left for 2 yards gain to the SAL00 TOUCHDOWN, clock 01:57.","Walter,Darrell rush middle for 13 yards gain to the SAL38 (Bourdo,Carson; Urquidi,Isaac), 1ST DOWN."
"20251206_u8yr",118,3,"kickoff","Salisbury",,1,10,75,"Salisbury",FALSE,"Wayt,Kaleb kickoff 65 yards to the SAL00, Touchback.","Walter,Darrell rush middle for 13 yards gain to the SAL38 (Bourdo,Carson; Urquidi,Isaac), 1ST DOWN."
"20251206_u8yr",120,3,"pass_intercepted","Salisbury",62,1,10,19,"Johns Hopkins",FALSE,"Sims,Matthew pass intercepted by Bourdo,Carson at JHU38 Bourdo,Carson return 28 yards to the SAL34 (Clark,Daniel) PENALTY SAL UNS: Unsportsmanlike Conduct (Pearch,Ben) 15 yards from SAL34 to SAL19, 1ST DOWN.","No Huddle-Shotgun Harvey,Bay pass incomplete short right to Crotty,Cole thrown to SAL00."
"20251206_u8yr",124,4,"rush","Johns Hopkins",10,1,10,90,"Salisbury",FALSE,"No Huddle-Shotgun Harvey,Bay rush middle for 0 yards to the SAL10 (Sheil,Patrick), TURNOVER ON DOWNS.","Fisher,Mason rush right for 3 yards gain to the SAL13 (Hogg,Carter)."
"20251206_u8yr",127,4,"pass_intercepted","Salisbury",67,1,10,44,"Johns Hopkins",FALSE,"Sims,Matthew pass intercepted by Bourdo,Carson at JHU40 Bourdo,Carson return 16 yards to the SAL44 (Clark,Daniel).","No Huddle-Shotgun Schroeder,Geoff rush middle for 16 yards gain to the SAL28 (Mack,Kilo), 1ST DOWN."
"20251206_u8yr",130,4,"pass_complete","Johns Hopkins",28,,,,"Salisbury",TRUE,"No Huddle-Shotgun Harvey,Bay pass complete short left to Moore,Josh caught at SAL31, for 28 yards to the SAL00 TOUCHDOWN, clock 11:53, 1ST DOWN.","Walter,Darrell rush left for 4 yards gain to the SAL30 (Bourdo,Carson)."
"20251206_u8yr",132,4,"kickoff","Salisbury",,1,10,74,"Salisbury",FALSE,"Wayt,Kaleb kickoff 55 yards to the SAL10 Fisher,Mason return 16 yards to the SAL26 (Stup,Cole; Moustakas,Atticus).","Walter,Darrell rush left for 4 yards gain to the SAL30 (Bourdo,Carson)."
"20251206_u8yr",138,4,"punt_no_return","Salisbury",70,1,10,83,"Johns Hopkins",FALSE,"Christenson,Noah punt 53 yards to the JHU17.","No Huddle-Shotgun Pugliano,Ty rush left for 32 yards gain to the JHU49 (Mack,Kilo), 1ST DOWN."
"20251206_u8yr",153,4,"kickoff","Salisbury",,,,,,FALSE,"Wayt,Kaleb kickoff 40 yards to the SAL25 Dokes,Malachi return 11 yards to the SAL36 (Ilunga-Reed,Tayo; Davis,Wyatt).",
"20251213_862g",1,1,"kickoff","Johns Hopkins",,1,10,91,"Johns Hopkins",FALSE,"Bourgeois,Dominic kickoff 60 yards to the JHU05 Moore,Josh return 4 yards to the JHU09 (Raniero,Vin).","No Huddle-Shotgun Harvey,Bay pass incomplete deep left to Enright,Robby thrown to JHU40."
"20251213_862g",13,1,"pass_complete","Johns Hopkins",28,,,,"Susquehanna",TRUE,"No Huddle-Shotgun Crotty,Cole pass complete deep right to Enright,Robby caught at SUS00, for 28 yards to the SUS00 TOUCHDOWN, clock 08:51, 1ST DOWN.","No Huddle-Shotgun Ehrlich,Josh pass complete short right to Angelo,Aaron caught at SUS34, for 5 yards to the SUS34 (Trainer,Browning)."
"20251213_862g",15,1,"kickoff","Susquehanna",,1,10,71,"Susquehanna",FALSE,"Wayt,Kaleb kickoff 62 yards to the SUS03 Angelo,Aaron return 26 yards to the SUS29 (Pion,Jacob).","No Huddle-Shotgun Ehrlich,Josh pass complete short right to Angelo,Aaron caught at SUS34, for 5 yards to the SUS34 (Trainer,Browning)."
"20251213_862g",26,1,"field_goal_good","Susquehanna",18,,,,"Johns Hopkins",TRUE,"Bourgeois,Dominic field goal attempt from 35 yards GOOD (H: Bloss,Nick, LS: Pollock, Jr.,PJ), clock 02:38.","No Huddle-Shotgun Harvey,Bay pass incomplete deep right to Crotty,Cole thrown to SUS35."
"20251213_862g",27,1,"kickoff","Johns Hopkins",,1,10,82,"Johns Hopkins",FALSE,"Bourgeois,Dominic kickoff 63 yards to the JHU02 Moore,Josh return 16 yards to the JHU18 (Raniero,Vin; Hutchins,Drew).","No Huddle-Shotgun Harvey,Bay pass incomplete deep right to Crotty,Cole thrown to SUS35."
"20251213_862g",35,2,"punt_no_return","Johns Hopkins",76,1,10,68,"Susquehanna",FALSE,"Alley,Chase punt 44 yards to the SUS32.","No Huddle-Shotgun La Mons,Rahshan rush middle for 4 yards gain to the SUS36 (Smith,Jackson)."
"20251213_862g",39,2,"punt_no_return","Susquehanna",65,1,10,70,"Johns Hopkins",FALSE,"Bourgeois,Dominic punt 35 yards to the JHU30 fair catch by Orecchio,Alex at JHU30.","No Huddle-Shotgun Schroeder,Geoff rush middle for 5 yards gain to the JHU35 (Seibert,Steven)."
"20251213_862g",47,2,"punt_with_return","Johns Hopkins",59,1,10,74,"Susquehanna",FALSE,"Alley,Chase punt 36 yards to the SUS23 Daly,Connor return 3 yards to the SUS26 (Stone,Zack).","No Huddle-Shotgun Ehrlich,Josh pass incomplete deep middle to Growney,Daniel thrown to JHU45 broken up by Olah,Kevin."
"20251213_862g",50,2,"sack","Susquehanna",70,1,10,11,"Johns Hopkins",FALSE,"No Huddle-Shotgun Ehrlich,Josh sacked for loss of 3 yards to the SUS27 (Hodge,Graham), fumble by Ehrlich,Josh recovered by JHU Smith,Jackson at SUS27 Smith,Jackson return 4 yards to the SUS23 (Main,Connor) PENALTY SUS Personal Foul (Klinetob,Colby) 12 yards from SUS23 to SUS11, 1ST DOWN.","No Huddle-Shotgun Moore,Josh rush right for 3 yards gain to the SUS08 (Hughes,Luke) PENALTY JHU Holding (Pearson,Charlie) 10 yards from SUS11 to SUS21. NO PLAY."
"20251213_862g",56,2,"rush","Johns Hopkins",1,,,,"Susquehanna",TRUE,"No Huddle Harvey,Bay rush middle for 1 yard gain to the SUS00 TOUCHDOWN, clock 05:52.","No Huddle-Shotgun La Mons,Rahshan rush middle for 6 yards gain to the SUS21 (Hodge,Graham; Bourdo,Carson)."
"20251213_862g",58,2,"kickoff","Susquehanna",,1,10,85,"Susquehanna",FALSE,"Wayt,Kaleb kickoff 60 yards to the SUS05 Angelo,Aaron return 10 yards to the SUS15 (Stup,Cole).","No Huddle-Shotgun La Mons,Rahshan rush middle for 6 yards gain to the SUS21 (Hodge,Graham; Bourdo,Carson)."
"20251213_862g",62,2,"punt_no_return","Susquehanna",79,1,10,48,"Johns Hopkins",FALSE,"Bourgeois,Dominic punt 27 yards to the SUS48, out of bounds at SUS48.","No Huddle-Shotgun Harvey,Bay rush left for 4 yards gain to the SUS44 (Fleming,Ben), out of bounds."
"20251213_862g",65,2,"rush","Johns Hopkins",39,,,,"Susquehanna",TRUE,"No Huddle-Shotgun Schroeder,Geoff rush middle for 39 yards gain to the SUS00 TOUCHDOWN, clock 03:06, 1ST DOWN.","No Huddle-Shotgun La Mons,Rahshan rush right for 11 yards gain to the JHU45 (Hogg,Carter), out of bounds, 1ST DOWN."
"20251213_862g",67,2,"kickoff","Susquehanna",,1,10,56,"Susquehanna",FALSE,"Wayt,Kaleb kickoff 61 yards to the SUS04 Angelo,Aaron return 40 yards to the SUS44 (Scully,Justin).","No Huddle-Shotgun La Mons,Rahshan rush right for 11 yards gain to the JHU45 (Hogg,Carter), out of bounds, 1ST DOWN."
"20251213_862g",72,2,"punt_no_return","Susquehanna",53,1,10,81,"Johns Hopkins",FALSE,"Bourgeois,Dominic punt 34 yards to the JHU19 fair catch by Enright,Robby at JHU19.","No Huddle-Shotgun Schroeder,Geoff rush middle for 5 yards gain to the JHU24 (Pherson Jr.,Tim)."
"20251213_862g",76,2,"pass_incomplete","Johns Hopkins",73,,,,,FALSE,"No Huddle-Shotgun Harvey,Bay pass incomplete deep left to Enright,Robby thrown to SUS30, TURNOVER ON DOWNS.",
"20251213_862g",77,3,"kickoff","Susquehanna",,1,10,70,"Susquehanna",FALSE,"Wayt,Kaleb kickoff 50 yards to the SUS15 Angelo,Aaron return 15 yards to the SUS30 (Stup,Cole).","No Huddle-Shotgun Ehrlich,Josh rush middle for 4 yards gain to the SUS34 (Trainer,Browning)."
"20251213_862g",86,3,"pass_complete","Susquehanna",36,1,10,68,"Johns Hopkins",FALSE,"No Huddle-Shotgun Ehrlich,Josh pass complete short right to Robbins,Michael caught at JHU34, for 4 yards to the JHU32 (Ilunga-Reed,Tayo; Bourdo,Carson), TURNOVER ON DOWNS.","No Huddle-Shotgun Harvey,Bay pass complete short right to Schroeder,Geoff caught at JHU34, for 11 yards to the JHU43 (Ruisch,Jesse), 1ST DOWN."
"20251213_862g",90,3,"pass_complete","Johns Hopkins",43,,,,"Susquehanna",TRUE,"No Huddle-Shotgun Harvey,Bay pass complete deep middle to Enright,Robby caught at SUS04, for 43 yards to the SUS00 TOUCHDOWN, clock 08:27, 1ST DOWN.","No Huddle-Shotgun Ehrlich,Josh rush left for 7 yards gain to the SUS32 (Smith,Jackson)."
"20251213_862g",93,3,"kickoff","Susquehanna",,1,10,75,"Susquehanna",FALSE,"Wayt,Kaleb kickoff 58 yards to the SUS07 Growney,Daniel return 18 yards to the SUS25 (Bechtle,John).","No Huddle-Shotgun Ehrlich,Josh rush left for 7 yards gain to the SUS32 (Smith,Jackson)."
"20251213_862g",104,3,"rush","Susquehanna",23,,,,"Johns Hopkins",TRUE,"No Huddle-Shotgun La Mons,Rahshan rush middle for 23 yards gain to the JHU00 TOUCHDOWN, clock 03:23, 1ST DOWN.","No Huddle-Shotgun Harvey,Bay rush middle for 3 yards gain to the JHU31 (Hughes,Luke)."
"20251213_862g",106,3,"kickoff","Johns Hopkins",,1,10,72,"Johns Hopkins",FALSE,"Bourgeois,Dominic kickoff 52 yards to the JHU13 Orecchio,Alex return 15 yards to the JHU28 (Daly,Connor).","No Huddle-Shotgun Harvey,Bay rush middle for 3 yards gain to the JHU31 (Hughes,Luke)."
"20251213_862g",110,3,"punt_no_return","Johns Hopkins",66,1,10,68,"Susquehanna",FALSE,"Alley,Chase punt 34 yards to the SUS32.","No Huddle-Shotgun Ehrlich,Josh pass complete short middle to Stolfa,Robert caught at SUS35, for 20 yards to the JHU48 (Hallal,David), 1ST DOWN."
"20251213_862g",117,4,"rush","Susquehanna",15,1,10,86,"Johns Hopkins",FALSE,"No Huddle-Shotgun La Mons,Rahshan rush right for 1 yard gain to the JHU14 (Seibert,Will), TURNOVER ON DOWNS.","No Huddle-Shotgun Moore,Josh rush left for 23 yards gain to the JHU37 (Fleming,Ben), out of bounds, 1ST DOWN."
"20251213_862g",122,4,"rush","Johns Hopkins",7,,,,"Susquehanna",TRUE,"No Huddle-Shotgun Harvey,Bay rush middle for 7 yards gain to the SUS00 TOUCHDOWN, clock 09:21, 1ST DOWN.","No Huddle-Shotgun Ehrlich,Josh pass complete short left to Morgenroth,Hunter caught at SUS44, for 15 yards to the SUS46 (Hogg,Carter), out of bounds, 1ST DOWN."
"20251213_862g",124,4,"kickoff","Susquehanna",,1,10,69,"Susquehanna",FALSE,"Wayt,Kaleb kickoff 62 yards to the SUS03 Angelo,Aaron return 28 yards to the SUS31 (Kramer,Spencer).","No Huddle-Shotgun Ehrlich,Josh pass complete short left to Morgenroth,Hunter caught at SUS44, for 15 yards to the SUS46 (Hogg,Carter), out of bounds, 1ST DOWN."
"20251213_862g",130,4,"punt_no_return","Susquehanna",59,1,10,58,"Johns Hopkins",FALSE,"Bourgeois,Dominic punt 32 yards to the JHU27 fair catch by Orecchio,Alex at JHU27 PENALTY SUS Personal Foul (Mroz,Frankie) 15 yards from JHU27 to JHU42, 1ST DOWN.","No Huddle-Shotgun Schroeder,Geoff rush right for 0 yards to the JHU42 (Cofield,Omari; Seibert,Steven)."
"20251213_862g",138,4,"pass_complete","Johns Hopkins",24,,,,"Susquehanna",TRUE,"No Huddle-Shotgun Harvey,Bay pass complete deep left to Martini,Chad caught at SUS01, for 24 yards to the SUS00 TOUCHDOWN, clock 02:05, 1ST DOWN.","No Huddle-Shotgun Grabowski,Tommy rush middle for 2 yards gain to the SUS34 (Olson,Sawyer)."
"20251213_862g",140,4,"kickoff","Susquehanna",,1,10,68,"Susquehanna",FALSE,"Wayt,Kaleb kickoff 50 yards to the SUS15 Angelo,Aaron return 17 yards to the SUS32 (Moustakas,Atticus).","No Huddle-Shotgun Grabowski,Tommy rush middle for 2 yards gain to the SUS34 (Olson,Sawyer)."
"20251220_vlfc",1,1,"kickoff","UW-River Falls",,1,10,45,"UW-River Falls",FALSE,"Wayt,Kaleb kickoff 35 yards to the UWRF30 Schultz,Jared return 25 yards to the JHU45 (Kramer,Spencer).","No Huddle-Shotgun Blaha,Kaleb pass complete short middle to Rush,Austin caught at JHU45, for 5 yards to the JHU40 (Hallal,David)."
"20251220_vlfc",6,1,"rush","UW-River Falls",4,,,,"Johns Hopkins",TRUE,"No Huddle-Shotgun Blaha,Kaleb rush left for 4 yards gain to the JHU00 TOUCHDOWN, clock 13:26.","No Huddle-Shotgun Harvey,Bay pass incomplete short right to Moore,Josh thrown to JHU37."
"20251220_vlfc",8,1,"kickoff","Johns Hopkins",,1,10,63,"Johns Hopkins",FALSE,"Scheberl,Justin kickoff 45 yards to the JHU20 Orecchio,Alex return 17 yards to the JHU37 (Sussner,Taylor).","No Huddle-Shotgun Harvey,Bay pass incomplete short right to Moore,Josh thrown to JHU37."
"20251220_vlfc",13,1,"rush","Johns Hopkins",43,,,,"UW-River Falls",TRUE,"No Huddle-Shotgun Schroeder,Geoff rush middle for 43 yards gain to the UWRF00 TOUCHDOWN, clock 11:48, 1ST DOWN.","No Huddle-Shotgun Blaha,Kaleb rush middle for 9 yards gain to the UWRF29, out of bounds at UWRF29 PENALTY UWRF Holding (Reed,Jaylen) 3 yards from UWRF20 to UWRF17. NO PLAY."
"20251220_vlfc",15,1,"kickoff","UW-River Falls",,1,10,80,"UW-River Falls",FALSE,"Wayt,Kaleb kickoff 46 yards to the UWRF19 Reed,Jaylen return 1 yard to the UWRF20 (Pion,Jacob).","No Huddle-Shotgun Blaha,Kaleb rush middle for 9 yards gain to the UWRF29, out of bounds at UWRF29 PENALTY UWRF Holding (Reed,Jaylen) 3 yards from UWRF20 to UWRF17. NO PLAY."
"20251220_vlfc",23,1,"punt_with_return","UW-River Falls",68,1,10,25,"Johns Hopkins",FALSE,"Freund,Jeffrey punt 33 yards to the JHU35 Orecchio,Alex return 40 yards to the UWRF25 (Wesolowski,Ben).","No Huddle-Shotgun Schroeder,Geoff rush middle for 5 yards gain to the UWRF20 (Timm,Gage)."
"20251220_vlfc",26,1,"rush","Johns Hopkins",11,,,,"UW-River Falls",TRUE,"No Huddle-Shotgun Harvey,Bay rush middle for 11 yards gain to the UWRF00 TOUCHDOWN, clock 07:50, 1ST DOWN.","No Huddle-Shotgun Blaha,Kaleb pass incomplete short right thrown to UWRF24."
"20251220_vlfc",28,1,"kickoff","UW-River Falls",,1,10,76,"UW-River Falls",FALSE,"Wayt,Kaleb kickoff 52 yards to the UWRF13 Reed,Jaylen return 11 yards to the UWRF24 (Hogg,Carter).","No Huddle-Shotgun Blaha,Kaleb pass incomplete short right thrown to UWRF24."
"20251220_vlfc",32,1,"punt_no_return","UW-River Falls",76,1,10,64,"Johns Hopkins",FALSE,"Freund,Jeffrey punt 40 yards to the JHU36 fair catch by Orecchio,Alex at JHU36.","No Huddle-Shotgun Harvey,Bay pass incomplete short left to Moore,Josh thrown to JHU36 broken up by Ladu,Peter."
"20251220_vlfc",36,1,"punt_no_return","Johns Hopkins",61,1,10,77,"UW-River Falls",FALSE,"Alley,Chase punt 38 yards to the UWRF23.","No Huddle-Shotgun Blaha,Kaleb pass incomplete short left to Reifenberger,Stephen thrown to UWRF23."
"20251220_vlfc",48,1,"rush","UW-River Falls",12,,,,"Johns Hopkins",TRUE,"No Huddle-Shotgun Reed,Jaylen rush right for 12 yards gain to the JHU00 TOUCHDOWN, clock 02:29, 1ST DOWN.","No Huddle-Shotgun Schroeder,Geoff rush middle for 2 yards gain to the JHU32 (Sussner,Taylor; McKenzie,Connor)."
"20251220_vlfc",50,1,"kickoff","Johns Hopkins",,1,10,70,"Johns Hopkins",FALSE,"Scheberl,Justin kickoff 63 yards to the JHU02 Moore,Josh return 28 yards to the JHU30 (Arndorfer,Bradley).","No Huddle-Shotgun Schroeder,Geoff rush middle for 2 yards gain to the JHU32 (Sussner,Taylor; McKenzie,Connor)."
"20251220_vlfc",54,1,"punt_no_return","Johns Hopkins",69,1,10,73,"UW-River Falls",FALSE,"Alley,Chase punt 42 yards to the UWRF27.","No Huddle-Shotgun Blaha,Kaleb pass complete short right to Mallberg,Jonah caught at UWRF27, for 3 yards to the UWRF30 (Bourdo,Carson)."
"20251220_vlfc",58,1,"punt_no_return","UW-River Falls",70,1,10,75,"Johns Hopkins",FALSE,"Freund,Jeffrey punt 45 yards to the JHU25.","No Huddle-Shotgun Harvey,Bay pass complete short right to Crotty,Cole caught at JHU25, for 43 yards to the UWRF32 (Hall,Andre), 1ST DOWN, PENALTY UWRF Offside declined."
"20251220_vlfc",64,2,"field_goal_missed","Johns Hopkins",21,1,10,79,"UW-River Falls",FALSE,"Wayt,Kaleb field goal attempt from 39 yards NO GOOD (H: Lollar,Ethan, LS: Strnad,Claude), clock 11:47.","No Huddle-Shotgun Blaha,Kaleb rush left for 5 yards loss to the UWRF16, out of bounds at UWRF16."
"20251220_vlfc",68,2,"punt_no_return","UW-River Falls",79,1,10,66,"Johns Hopkins",FALSE,"Freund,Jeffrey punt 45 yards to the JHU34.","No Huddle-Shotgun Schroeder,Geoff rush left for 5 yards gain to the JHU39 (Timm,Gage; Olson,Jack)."
"20251220_vlfc",72,2,"punt_with_return","Johns Hopkins",60,1,10,72,"UW-River Falls",FALSE,"Alley,Chase punt 40 yards to the UWRF20 Reed,Jaylen return 8 yards to the UWRF28 (Scully,Justin).","No Huddle-Shotgun Blaha,Kaleb pass complete short middle to Reed,Jaylen caught at UWRF28, for 72 yards to the JHU00 TOUCHDOWN, clock 08:06, 1ST DOWN."
"20251220_vlfc",73,2,"pass_complete","UW-River Falls",72,,,,"Johns Hopkins",TRUE,"No Huddle-Shotgun Blaha,Kaleb pass complete short middle to Reed,Jaylen caught at UWRF28, for 72 yards to the JHU00 TOUCHDOWN, clock 08:06, 1ST DOWN.","No Huddle-Shotgun Harvey,Bay pass incomplete short left to Crotty,Cole thrown to JHU28."
"20251220_vlfc",75,2,"kickoff","Johns Hopkins",,1,10,72,"Johns Hopkins",FALSE,"Scheberl,Justin kickoff 44 yards to the JHU21 Moore,Josh return 7 yards to the JHU28 (Timm,Gage).","No Huddle-Shotgun Harvey,Bay pass incomplete short left to Crotty,Cole thrown to JHU28."
"20251220_vlfc",80,2,"pass_complete","Johns Hopkins",33,,,,"UW-River Falls",TRUE,"No Huddle-Shotgun Harvey,Bay pass complete short right to Bechtle,John caught at UWRF33, for 33 yards to the UWRF00 TOUCHDOWN, clock 06:50, 1ST DOWN.","No Huddle-Shotgun Blaha,Kaleb rush middle for 7 yards gain to the UWRF32 (Trainer,Browning)."
"20251220_vlfc",82,2,"kickoff","UW-River Falls",,1,10,75,"UW-River Falls",FALSE,"Wayt,Kaleb kickoff 65 yards to the UWRF00, Touchback.","No Huddle-Shotgun Blaha,Kaleb rush middle for 7 yards gain to the UWRF32 (Trainer,Browning)."
"20251220_vlfc",86,2,"punt_no_return","UW-River Falls",69,1,10,65,"Johns Hopkins",FALSE,"Freund,Jeffrey punt 34 yards to the JHU35 fair catch by Orecchio,Alex at JHU35.","No Huddle-Shotgun Schroeder,Geoff rush middle for 1 yard loss to the JHU34 (Olson,Jack)."
"20251220_vlfc",90,2,"punt_no_return","Johns Hopkins",65,1,10,87,"UW-River Falls",FALSE,"Alley,Chase punt 52 yards to the UWRF13, out of bounds at UWRF13.","No Huddle-Shotgun Blaha,Kaleb pass complete short right to Reifenberger,Stephen caught at UWRF13, for 21 yards to the UWRF34 (Olah,Kevin), 1ST DOWN."
"20251220_vlfc",95,2,"pass_complete","UW-River Falls",58,1,10,42,"Johns Hopkins",FALSE,"No Huddle-Shotgun Blaha,Kaleb pass complete short left to Reed,Jaylen caught at UWRF42, for 0 yards to the UWRF42 (Hallal,David), TURNOVER ON DOWNS.","No Huddle-Shotgun Harvey,Bay pass incomplete short right to Crotty,Cole thrown to UWRF42 PENALTY UWRF Pass Interference (Cherry,Trent) 15 yards from UWRF42 to UWRF27, 1ST DOWN. NO PLAY."
"20251220_vlfc",104,2,"rush","Johns Hopkins",2,,,,"UW-River Falls",TRUE,"No Huddle-Shotgun Harvey,Bay rush middle for 2 yards gain to the UWRF00 TOUCHDOWN, clock 00:13.","No Huddle-Shotgun Blaha,Kaleb pass intercepted by Hogg,Carter at UWRF21, End Of Play."
"20251220_vlfc",106,2,"kickoff","UW-River Falls",,1,10,84,"UW-River Falls",FALSE,"Wayt,Kaleb kickoff 62 yards to the UWRF03 Reed,Jaylen return 13 yards to the UWRF16 (Bechtle,John; Pion,Jacob).","No Huddle-Shotgun Blaha,Kaleb pass intercepted by Hogg,Carter at UWRF21, End Of Play."
"20251220_vlfc",107,2,"pass_intercepted","UW-River Falls",84,1,10,21,"Johns Hopkins",FALSE,"No Huddle-Shotgun Blaha,Kaleb pass intercepted by Hogg,Carter at UWRF21, End Of Play.","Wayt,Kaleb field goal attempt from 39 yards NO GOOD (H: Lollar,Ethan, LS: Strnad,Claude), clock 00:00."
"20251220_vlfc",108,2,"field_goal_missed","Johns Hopkins",21,,,,,FALSE,"Wayt,Kaleb field goal attempt from 39 yards NO GOOD (H: Lollar,Ethan, LS: Strnad,Claude), clock 00:00.",
"20251220_vlfc",109,3,"kickoff","Johns Hopkins",,1,10,71,"Johns Hopkins",FALSE,"Scheberl,Justin kickoff 54 yards to the JHU11 Moore,Josh return 18 yards to the JHU29 (Timm,Gage).","No Huddle-Shotgun Schroeder,Geoff rush middle for 1 yard gain to the JHU30 (Olson,Jack)."
"20251220_vlfc",113,3,"punt_no_return","Johns Hopkins",70,1,10,63,"UW-River Falls",FALSE,"Alley,Chase punt 33 yards to the UWRF37, out of bounds at UWRF37.","No Huddle-Shotgun Blaha,Kaleb pass complete short left to Rohrer,Blake caught at UWRF37, for 37 yards to the JHU26 (Hogg,Carter), 1ST DOWN."
"20251220_vlfc",116,3,"pass_complete","UW-River Falls",20,,,,"Johns Hopkins",TRUE,"No Huddle-Shotgun Blaha,Kaleb pass complete short right to Rohrer,Blake caught at JHU20, for 20 yards to the JHU00 TOUCHDOWN, clock 12:56, 1ST DOWN.","No Huddle-Shotgun Harvey,Bay pass complete short left to Enright,Robby caught at JHU35, for 13 yards to the JHU48, out of bounds at JHU48, 1ST DOWN."
"20251220_vlfc",118,3,"kickoff","Johns Hopkins",,1,10,65,"Johns Hopkins",FALSE,"Scheberl,Justin kickoff 52 yards to the JHU13, out of bounds at JHU13.","No Huddle-Shotgun Harvey,Bay pass complete short left to Enright,Robby caught at JHU35, for 13 yards to the JHU48, out of bounds at JHU48, 1ST DOWN."
"20251220_vlfc",123,3,"pass_complete","Johns Hopkins",6,,,,"UW-River Falls",TRUE,"No Huddle-Shotgun Harvey,Bay pass complete short right to Crotty,Cole caught at UWRF06, for 6 yards to the UWRF00 TOUCHDOWN, clock 10:46.","No Huddle-Shotgun Blaha,Kaleb pass incomplete short left to Hilton,Jake thrown to UWRF01."
"20251220_vlfc",125,3,"kickoff","UW-River Falls",,1,10,99,"UW-River Falls",FALSE,"Wayt,Kaleb kickoff 64 yards to the UWRF01 Reed,Jaylen return 0 yards to the UWRF01 (Dasilva,Tyler).","No Huddle-Shotgun Blaha,Kaleb pass incomplete short left to Hilton,Jake thrown to UWRF01."
"20251220_vlfc",137,3,"pass_complete","UW-River Falls",15,,,,"Johns Hopkins",TRUE,"No Huddle-Shotgun Blaha,Kaleb pass complete short left to Hilton,Jake caught at JHU15, for 15 yards to the JHU00 TOUCHDOWN, clock 07:48, 1ST DOWN, PENALTY UWRF UNS: Unsportsmanlike Conduct (Hilton,Jake) 15 yards from JHU00 to JHU18.","No Huddle-Shotgun Harvey,Bay rush middle for 4 yards gain to the JHU35 (Sussner,Taylor)."
"20251220_vlfc",139,3,"kickoff","Johns Hopkins",,1,10,69,"Johns Hopkins",FALSE,"Scheberl,Justin kickoff 59 yards to the JHU06 Moore,Josh return 25 yards to the JHU31 (Schultz,Jared; Ashburn,Riley).","No Huddle-Shotgun Harvey,Bay rush middle for 4 yards gain to the JHU35 (Sussner,Taylor)."
"20251220_vlfc",143,3,"punt_no_return","Johns Hopkins",65,1,10,70,"UW-River Falls",FALSE,"Alley,Chase punt 35 yards to the UWRF30.","No Huddle-Shotgun Blaha,Kaleb pass complete short middle to Rohrer,Blake caught at UWRF30, for 23 yards to the JHU47 (Hogg,Carter), 1ST DOWN."
"20251220_vlfc",146,3,"pass_complete","UW-River Falls",25,,,,"Johns Hopkins",TRUE,"No Huddle-Shotgun Blaha,Kaleb pass complete short left to Rohrer,Blake caught at JHU25, for 25 yards to the JHU00 TOUCHDOWN, clock 05:31, 1ST DOWN, PENALTY JHU Offside declined.","No Huddle-Shotgun Harvey,Bay rush middle for 4 yards gain to the JHU10 (Timm,Gage)."
"20251220_vlfc",148,3,"kickoff","Johns Hopkins",,1,10,94,"Johns Hopkins",FALSE,"Scheberl,Justin kickoff 59 yards to the JHU06 Moore,Josh return 14 yards to the JHU20 (Ashburn,Riley) PENALTY JHU Holding (Doherty,Brian) 6 yards from JHU12 to JHU06.","No Huddle-Shotgun Harvey,Bay rush middle for 4 yards gain to the JHU10 (Timm,Gage)."
"20251220_vlfc",161,4,"rush","Johns Hopkins",2,,,,"UW-River Falls",TRUE,"No Huddle-Shotgun Pugliano,Ty rush middle for 2 yards gain to the UWRF00 TOUCHDOWN, clock 14:23.","No Huddle-Shotgun Blaha,Kaleb pass complete short middle to Reifenberger,Stephen caught at UWRF16, for 11 yards to the UWRF27 (Hogg,Carter), 1ST DOWN."
"20251220_vlfc",163,4,"kickoff","UW-River Falls",,1,10,84,"UW-River Falls",FALSE,"Wayt,Kaleb kickoff 65 yards to the UWRF00 Reed,Jaylen return 16 yards to the UWRF16 (Ilunga-Reed,Tayo).","No Huddle-Shotgun Blaha,Kaleb pass complete short middle to Reifenberger,Stephen caught at UWRF16, for 11 yards to the UWRF27 (Hogg,Carter), 1ST DOWN."
"20251220_vlfc",174,4,"punt_no_return","UW-River Falls",43,1,10,88,"Johns Hopkins",FALSE,"Freund,Jeffrey punt 31 yards to the JHU12.","No Huddle-Shotgun Schroeder,Geoff rush middle for 1 yard gain to the JHU13 (Quam,Carter; Sussner,Taylor)."
"20251220_vlfc",186,4,"pass_incomplete","Johns Hopkins",27,1,10,73,"UW-River Falls",FALSE,"No Huddle-Shotgun Harvey,Bay pass incomplete short right to Martini,Chad thrown to UWRF27, TURNOVER ON DOWNS.","No Huddle-Shotgun Blaha,Kaleb rush middle for 5 yards gain to the UWRF32 (Trainer,Browning; Urquidi,Isaac)."
"20251220_vlfc",193,4,"rush","UW-River Falls",51,1,10,58,"Johns Hopkins",FALSE,"No Huddle-Shotgun Blaha,Kaleb rush left for 9 yards gain to the JHU42 (Schondelmayer,Jack; Bourdo,Carson), TURNOVER ON DOWNS.","No Huddle-Shotgun Schroeder,Geoff rush middle for 3 yards gain to the JHU45 (Sussner,Taylor)."
"20251220_vlfc",197,4,"punt_no_return","Johns Hopkins",53,1,10,96,"UW-River Falls",FALSE,"Alley,Chase punt 49 yards to the UWRF04, out of bounds at UWRF04.","No Huddle-Shotgun Blaha,Kaleb pass complete short right to Wesolowski,Ben caught at UWRF04, for 9 yards to the UWRF13 (Olah,Kevin)."
"20251220_vlfc",202,4,"pass_complete","UW-River Falls",79,,,,"Johns Hopkins",TRUE,"No Huddle-Shotgun Blaha,Kaleb pass complete short left to Rohrer,Blake caught at UWRF21, for 79 yards to the JHU00 TOUCHDOWN, clock 00:45, 1ST DOWN.","No Huddle-Shotgun Harvey,Bay pass intercepted by Block,Brady at JHU40 Block,Brady return 5 yards to the JHU35 (Brophy,Garrett)."
"20251220_vlfc",204,4,"kickoff","Johns Hopkins",,1,10,63,"Johns Hopkins",FALSE,"Scheberl,Justin kickoff 35 yards to the JHU30 Bechtle,John return 7 yards to the JHU37 (Schultz,Jared).","No Huddle-Shotgun Harvey,Bay pass intercepted by Block,Brady at JHU40 Block,Brady return 5 yards to the JHU35 (Brophy,Garrett)."
"20251220_vlfc",205,4,"pass_intercepted","Johns Hopkins",63,1,10,35,"UW-River Falls",FALSE,"No Huddle-Shotgun Harvey,Bay pass intercepted by Block,Brady at JHU40 Block,Brady return 5 yards to the JHU35 (Brophy,Garrett).","Kneel down by Blaha,Kaleb at JHU40 for loss of 5 yards."
