"game_id","play_index","period","kicking_team","receiving_team","rule","header_team","context_kicker","context_source","recovered_by","kicker_recovered","disagreement","play_text"
"20250904_2g4w",1,1,"Brockport","Buffalo State","header","Buffalo State","Brockport","coin toss",,FALSE,,"McGowan,Zach kickoff 64 yards to the BSU01, out of bounds at BSU01."
"20250904_2g4w",21,1,"Brockport","Buffalo State","header","Buffalo State","Brockport","after score",,FALSE,,"McGowan,Zach kickoff 55 yards to the BSU10 Johnson,Mikai return 14 yards to the BSU24 (Otoo,Jonathan; Ware,Chamarr)."
"20250904_2g4w",39,2,"Brockport","Buffalo State","header","Buffalo State","Brockport","after score",,FALSE,,"McGowan,Zach kickoff 65 yards to the BSU00, Touchback."
"20250904_2g4w",59,2,"Brockport","Buffalo State","header","Buffalo State","Brockport","after score",,FALSE,,"McGowan,Zach kickoff 60 yards to the BSU05 Johnson,Mikai return 17 yards to the BSU22 (Gollnitz,Austyn; Matthew,John)."
"20250904_2g4w",72,3,"Buffalo State","Brockport","header","Brockport","Buffalo State","coin toss",,FALSE,,"Massetta,Steven kickoff 55 yards to the BPT10 Weller,Sal return 15 yards to the BPT25 (Bradt,Nicholas)."
"20250904_2g4w",78,3,"Brockport","Buffalo State","header","Buffalo State","Brockport","after score",,FALSE,,"McGowan,Zach kickoff 65 yards to the BSU00, Touchback."
"20250904_2g4w",107,3,"Brockport","Buffalo State","header","Buffalo State","Brockport","after score",,FALSE,,"McGowan,Zach kickoff 55 yards to the BSU10 Higdon,Jeadi return 40 yards to the BSU50, out of bounds at BSU50."
"20250904_2g4w",131,4,"Brockport","Buffalo State","header","Buffalo State","Brockport","after score",,FALSE,,"McGowan,Zach kickoff 62 yards to the BSU03 Higdon,Jeadi return 18 yards to the BSU21 (Harry,Micah)."
"20250904_d231",1,1,"Carroll","UW-Eau Claire","header","UW-Eau Claire","Carroll","coin toss",,FALSE,,"(15:00) Swink,Matthew kickoff 62 yards to the UWEC03 Chuol,Yaach return 17 yards to the UWEC20 (Hankinson,Michael)."
"20250904_d231",20,1,"UW-Eau Claire","Carroll","header","Carroll","UW-Eau Claire","after score",,FALSE,,"(05:16) Perry,Reece kickoff 63 yards to the CUP02 White,Daniel return 18 yards to the CUP20 (Sager,Deshaun)."
"20250904_d231",48,2,"UW-Eau Claire","Carroll","header","Carroll","UW-Eau Claire","after score",,FALSE,,"(07:51) Perry,Reece kickoff 65 yards to the CUP00, Touchback."
"20250904_d231",60,2,"UW-Eau Claire","Carroll","header","Carroll","UW-Eau Claire","after score",,FALSE,,"(02:57) Perry,Reece kickoff 60 yards to the CUP05 White,Daniel return 32 yards to the CUP37, out of bounds at CUP37."
"20250904_d231",75,3,"UW-Eau Claire","Carroll","header","Carroll","UW-Eau Claire","coin toss",,FALSE,,"(15:00) Perry,Reece kickoff 55 yards to the CUP10 White,Daniel return 0 yards to the CUP10 (Terlizzi,LJ) PENALTY CUP Holding (Curtin,Braedon) 10 yards from CUP25 to CUP15."
"20250904_d231",89,3,"UW-Eau Claire","Carroll","header","Carroll","UW-Eau Claire","after score",,FALSE,,"Perry,Reece kickoff 65 yards to the CUP00, Touchback."
"20250904_d231",106,3,"UW-Eau Claire","Carroll","header","Carroll","UW-Eau Claire","after score",,FALSE,,"(01:46) Perry,Reece kickoff 63 yards to the CUP02 White,Daniel return 25 yards to the CUP27 (Sager,Deshaun)."
"20250904_d231",122,4,"UW-Eau Claire","Carroll","header","Carroll","UW-Eau Claire","after score",,FALSE,,"(11:36) Perry,Reece kickoff 58 yards to the CUP07 White,Daniel return 26 yards to the CUP33 (Gregorio,Jake)."
"20250904_d231",131,4,"Carroll","UW-Eau Claire","fallback",,"Carroll","after score",,FALSE,,"Swink,Matthew onside kickoff 0 yards to the CUP35 PENALTY CUP Offside 5 yards from CUP35 to CUP30. NO PLAY."
"20250904_d231",132,4,"Carroll","UW-Eau Claire","header","UW-Eau Claire","Carroll","re-kick",,FALSE,,"Swink,Matthew kickoff 42 yards to the UWEC28 Mercado,NaKiye return 0 yards to the UWEC28, End Of Play."
"20250904_e307",1,1,"Augsburg","Valley City State","kicker","Augsburg",,,"Augsburg",TRUE,"kicker N Wangensteen is AUGSBURG UNIVERSITY; was header (kicking VALLEY CITY STATE)","N Wangensteen kickoff 50 yards to the VCSU15, Exav. Westbrook return 14 yards to the VCSU29, fumble forced by Javan Harvey, fumble by Exav. Westbrook recovered by AUG Javan Harvey at VCSU31."
"20250904_e307",22,1,"Valley City State","Augsburg","header","Augsburg","Valley City State","after score",,FALSE,,"Walker Brondos kickoff 65 yards to the AUG0, out-of-bounds, AUG ball on AUG35."
"20250904_e307",63,2,"Valley City State","Augsburg","override","Valley City State","Valley City State","after score","Valley City State",TRUE,,"Walker Brondos kickoff 30 yards to the AUG35, on-side kick, recovered by VCSU TEAM on AUG35."
"20250904_e307",72,2,"Valley City State","Augsburg","header","Augsburg","Valley City State","after score",,FALSE,,"Walker Brondos kickoff 45 yards to the AUG20, Ralph Naimah return 14 yards to the AUG34 (Lorenzo Luchi)."
"20250904_e307",77,3,"Valley City State","Augsburg","header","Augsburg","Augsburg","second half: first-half receiver kicks",,FALSE,"header says AUGSBURG UNIVERSITY receives; context (second half: first-half receiver kicks) says AUGSBURG UNIVERSITY kicks","Walker Brondos kickoff 65 yards to the AUG0, touchback."
"20250904_e307",106,3,"Valley City State","Augsburg","header","Augsburg","Valley City State","after score",,FALSE,,"Walker Brondos kickoff 59 yards to the AUG6, downed."
"20250904_e307",111,3,"Augsburg","Valley City State","header","Valley City State","Augsburg","after safety",,FALSE,,"N Wangensteen kickoff 25 yards to the AUG45, fair catch by Caleb Torke."
"20250904_hjux",1,1,"Hiram","Heidelberg","header","Heidelberg","Hiram","coin toss",,FALSE,,"Lavigne,Nathan kickoff 47 yards to the HEID18 Clerveau,Tyreese return 24 yards to the HEID42 (Scott,Kade)."
"20250904_hjux",12,1,"Heidelberg","Hiram","header","Hiram","Heidelberg","after score",,FALSE,,"LaRoche,Nate kickoff 62 yards to the HIRAM03 Stapleton,Jordan return 19 yards to the HIRAM22 (Chery,Zion)."
"20250904_hjux",18,1,"Heidelberg","Hiram","header","Hiram","Heidelberg","after score",,FALSE,,"LaRoche,Nate kickoff 63 yards to the HIRAM02 Stapleton,Jordan return 16 yards to the HIRAM18 (Sandoval,Solomon)."
"20250904_hjux",33,1,"Heidelberg","Hiram","header","Hiram","Heidelberg","after score",,FALSE,,"LaRoche,Nate kickoff 61 yards to the HIRAM04 Tufts,Devin return 13 yards to the HIRAM17 (Dings,Camden)."
"20250904_hjux",54,2,"Heidelberg","Hiram","header","Hiram","Heidelberg","after score",,FALSE,,"LaRoche,Nate kickoff 56 yards to the HIRAM09 fair catch by Tufts,Devin at HIRAM09 PENALTY HIRAM UNR: Unnecessary Roughness (Livingstone,Isaiah) 12 yards from HIRAM25 to HIRAM13."
"20250904_hjux",72,2,"Heidelberg","Hiram","header","Hiram","Heidelberg","after score",,FALSE,,"LaRoche,Nate kickoff 58 yards to the HIRAM07 fair catch by Tufts,Devin at HIRAM07."
"20250904_hjux",84,2,"Hiram","Heidelberg","header","Heidelberg","Hiram","after score",,FALSE,,"Lavigne,Nathan kickoff 41 yards to the HEID24 Clerveau,Tyreese return 23 yards to the HEID47 (Tarary,Kole)."
"20250904_hjux",97,3,"Heidelberg","Hiram","header","Hiram","Heidelberg","coin toss",,FALSE,,"LaRoche,Nate kickoff 56 yards to the HIRAM09 return 0 yards to the HIRAM09, End Of Play."
"20250904_hjux",108,3,"Heidelberg","Hiram","header","Hiram","Heidelberg","after score",,FALSE,,"LaRoche,Nate kickoff 58 yards to the HIRAM07 fair catch by Stapleton,Jordan at HIRAM07."
"20250904_hjux",125,3,"Heidelberg","Hiram","header","Hiram","Heidelberg","after score",,FALSE,,"LaRoche,Nate kickoff 59 yards to the HIRAM06 fair catch by Jimenez,Ricardo at HIRAM06."
"20250904_hjux",148,3,"Hiram","Heidelberg","header","Heidelberg","Hiram","after score",,FALSE,,"Lavigne,Nathan kickoff 43 yards to the HEID22 Clerveau,Tyreese return 19 yards to the HEID41 (Cevera-Aguado,Peyton)."
"20250904_hjux",160,4,"Heidelberg","Hiram","header","Hiram","Heidelberg","after score",,FALSE,,"LaRoche,Nate kickoff 56 yards to the HIRAM09 Dycks,Kevin return 13 yards to the HIRAM22 (Mossbarger,Mason)."
"20250904_hjux",176,4,"Heidelberg","Hiram","header","Hiram","Heidelberg","after score",,FALSE,,"LaRoche,Nate kickoff 56 yards to the HIRAM09 fair catch by Stapleton,Jordan at HIRAM09."
"20250904_hjux",181,4,"Hiram","Heidelberg","fallback",,"Hiram","after score",,FALSE,,"Lavigne,Nathan kickoff 34 yards to the HEID31 Clerveau,Tyreese return 69 yards to the HIRAM00 TOUCHDOWN, clock 03:12."
"20250904_hjux",183,4,"Heidelberg","Hiram","header","Hiram","Hiram","after score",,FALSE,"header says Hiram receives; context (after score) says Hiram kicks","LaRoche,Nate kickoff 55 yards to the HIRAM10 fair catch by Tufts,Devin at HIRAM10."
"20250904_hjux",187,4,"Hiram","Heidelberg","header","Heidelberg",,"after score",,FALSE,,"Lavigne,Nathan kickoff 41 yards to the HEID24 Haley,Korbyn return 11 yards to the HEID35 (Southern,Abram) PENALTY HIRAM UNS: Unsportsmanlike Conduct (Owens,Kendal) 15 yards from HEID35 to HEID50."
"20250904_hz19",1,1,"Franklin and Marshall","Lebanon Valley","header","Lebanon Valley","Franklin and Marshall","coin toss",,FALSE,,"Harlamov,Ivan kickoff 53 yards to the LVC12 Donlin,James return 12 yards to the LVC24, End Of Play."
"20250904_hz19",9,1,"Lebanon Valley","Franklin and Marshall","header","Franklin and Marshall","Lebanon Valley","after score",,FALSE,,"Dym,Brian kickoff 54 yards to the FMC11, out of bounds at FMC11."
"20250904_hz19",25,1,"Franklin and Marshall","Lebanon Valley","header","Lebanon Valley","Franklin and Marshall","after score",,FALSE,,"Harlamov,Ivan kickoff 65 yards to the LVC00, Touchback."
"20250904_hz19",42,2,"Franklin and Marshall","Lebanon Valley","header","Lebanon Valley","Franklin and Marshall","after score",,FALSE,,"Harlamov,Ivan kickoff 54 yards to the LVC11 Cooper,Makih return 22 yards to the LVC33 (Wertz,Matt), out of bounds."
"20250904_hz19",77,2,"Lebanon Valley","Franklin and Marshall","header","Franklin and Marshall","Lebanon Valley","after score",,FALSE,,"Dym,Brian kickoff 60 yards to the FMC05 Lewis,Gary return 5 yards to the FMC10 (Calabretta,Tony; Cosme,Nahseem)."
"20250904_hz19",86,3,"Lebanon Valley","Franklin and Marshall","header","Franklin and Marshall","Lebanon Valley","coin toss",,FALSE,,"Dym,Brian kickoff 47 yards to the FMC18, out of bounds at FMC18."
"20250904_hz19",123,3,"Franklin and Marshall","Lebanon Valley","header","Lebanon Valley","Franklin and Marshall","after score",,FALSE,,"Harlamov,Ivan kickoff 65 yards to the LVC00, Touchback."
"20250904_hz19",143,4,"Franklin and Marshall","Lebanon Valley","header","Lebanon Valley","Franklin and Marshall","after score",,FALSE,,"Harlamov,Ivan kickoff 65 yards to the LVC00, Touchback."
"20250904_hz19",155,4,"Lebanon Valley","Franklin and Marshall","header","Franklin and Marshall","Lebanon Valley","after score",,FALSE,,"Hazel,Connor onside kickoff 12 yards to the FMC38, End Of Play."
"20250904_ndb9",1,1,"Illinois College","Greenville","header","Greenville","Illinois College","coin toss",,FALSE,,"McTamney,Toby kickoff 55 yards to the Greenv10 Williams,LaShawn return 35 yards to the Greenv45 (Evans,Mauriece; Rakers,Carson)."
"20250904_ndb9",24,1,"Illinois College","Greenville","header","Greenville","Illinois College","after score",,FALSE,,"McTamney,Toby kickoff 57 yards to the Greenv08 Williams,LaShawn return 17 yards to the Greenv25 (Guzevich,Daniel; Rakers,Carson)."
"20250904_ndb9",56,2,"Greenville","Illinois College","header","Illinois College","Greenville","after score",,FALSE,,"De Haan,Derek kickoff 50 yards to the IC15 Kato,Timo return 18 yards to the IC15 fumbled by Kato,Timo at IC15, out of bounds at IC33."
"20250904_ndb9",69,2,"Illinois College","Greenville","header","Greenville","Illinois College","after score",,FALSE,,"McTamney,Toby kickoff 51 yards to the Greenv14 Williams,LaShawn return 17 yards to the Greenv31 (Hendrix,Jamie), out of bounds."
"20250904_ndb9",72,3,"Greenville","Illinois College","header","Illinois College","Greenville","coin toss",,FALSE,,"De Haan,Derek kickoff 50 yards to the IC15 Kato,Timo return 13 yards to the IC28 (Morales,Jaden)."
"20250904_ndb9",83,3,"Illinois College","Greenville","header","Greenville","Illinois College","after score",,FALSE,,"McTamney,Toby kickoff 55 yards to the Greenv10 Williams,LaShawn return 15 yards to the Greenv25 (Dinardo,Clayton)."
"20250904_ndb9",123,4,"Illinois College","Greenville","header","Greenville","Illinois College","after score",,FALSE,,"McTamney,Toby kickoff 56 yards to the Greenv09 Williams,LaShawn return 9 yards to the Greenv18 (Johnson,Jaylen)."
"20250904_ndb9",131,4,"Greenville","Illinois College","header","Illinois College","Greenville","after score",,FALSE,,"Paixao,Pedro kickoff 11 yards to the Greenv46 Byndom,Malik return 0 yards to the Greenv46, End Of Play."
"20250904_x3up",1,1,"Averett","N.C. Wesleyan","header","N.C. Wesleyan","Averett","coin toss",,FALSE,,"(15:00) Markulic,Michael kickoff 51 yards to the NWC14 Jackson,Isaiah return 11 yards to the NWC25 (Poff,Tyler), out of bounds."
"20250904_x3up",4,1,"N.C. Wesleyan","Averett","header","Averett","N.C. Wesleyan","after score",,FALSE,,"(14:37) Green,Braxtyn kickoff 62 yards to the AU03 Jackson,Kayden return 19 yards to the AU22 (Young,Solomon; Rodgers,Ahmad)."
"20250904_x3up",13,1,"Averett","N.C. Wesleyan","header","N.C. Wesleyan","Averett","after score",,FALSE,,"(12:18) Markulic,Michael kickoff 50 yards to the NWC15 Littlejohn,Micah return 30 yards to the NWC45 (Tarpley,Nick)."
"20250904_x3up",28,1,"N.C. Wesleyan","Averett","header","Averett","N.C. Wesleyan","after score",,FALSE,,"(05:00) Green,Braxtyn kickoff 62 yards to the AU03 Jackson,Kayden return 9 yards to the AU12 (Young,Solomon; Kassnove,Gabriel) (Kassnove,Gabriel; Young,Solomon)."
"20250904_x3up",34,1,"Averett","N.C. Wesleyan","header","N.C. Wesleyan","Averett","after safety",,FALSE,,"(03:20) Markulic,Michael kickoff 66 yards to the NWC14 Jackson,Isaiah return 8 yards to the NWC22 (Easley,Nicholas; Hamilton,Isaac)."
"20250904_x3up",38,1,"N.C. Wesleyan","Averett","header","Averett","N.C. Wesleyan","after score",,FALSE,,"(02:29) Green,Braxtyn kickoff 49 yards to the AU16 Lumpkins,Jamarrie return 23 yards to the AU39 (Barnett,Tremonte)."
"20250904_x3up",57,2,"N.C. Wesleyan","Averett","header","Averett","N.C. Wesleyan","after score",,FALSE,,"Green,Braxtyn kickoff 65 yards to the AU00, Touchback."
"20250904_x3up",67,2,"N.C. Wesleyan","Averett","header","Averett","N.C. Wesleyan","after score",,FALSE,,"Green,Braxtyn kickoff 63 yards to the AU02 Lumpkins,Jamarrie return 21 yards to the AU23 (McKnight,Marti)."
"20250904_x3up",84,2,"N.C. Wesleyan","Averett","header","Averett","N.C. Wesleyan","after score",,FALSE,,"Green,Braxtyn kickoff 65 yards to the AU00, Touchback."
"20250904_x3up",94,3,"N.C. Wesleyan","Averett","header","Averett","N.C. Wesleyan","coin toss",,FALSE,,"Green,Braxtyn kickoff 65 yards to the AU00, Touchback."
"20250904_x3up",101,3,"N.C. Wesleyan","Averett","header","Averett","N.C. Wesleyan","after score",,FALSE,,"(11:27) Green,Braxtyn kickoff 61 yards to the AU04 Joplin,Xavier return 26 yards to the AU30 (Kassnove,Gabriel), out of bounds."
"20250904_x3up",114,3,"Averett","N.C. Wesleyan","header","N.C. Wesleyan","Averett","after score",,FALSE,,"Markulic,Michael kickoff 56 yards to the NWC09 Littlejohn,Micah return 7 yards to the NWC16, out of bounds at NWC16 PENALTY NWC Holding 8 yards from NWC16 to NWC08."
"20250904_x3up",123,3,"N.C. Wesleyan","Averett","header","Averett","N.C. Wesleyan","after score",,FALSE,,"Green,Braxtyn kickoff 65 yards to the AU00, Touchback."
"20250904_x3up",144,4,"N.C. Wesleyan","Averett","header","Averett","N.C. Wesleyan","after score",,FALSE,,"Green,Braxtyn kickoff 65 yards to the AU00, Touchback."
"20250904_x4o2",1,1,"Belhaven","Millsaps","header","Millsaps","Belhaven","coin toss",,FALSE,,"Norris,Kyle kickoff 61 yards to the MIL04 Patterson,Tam return 21 yards to the MIL25 (Craven,John Ross; Hardy,Miles)."
"20250904_x4o2",8,1,"Millsaps","Belhaven","header","Belhaven","Millsaps","after score",,FALSE,,"Babin,Connor kickoff 60 yards to the BEL05 Gray,Dee return 23 yards to the BEL28 (DeGeorge,Jackson)."
"20250904_x4o2",26,1,"Belhaven","Millsaps","header","Millsaps","Belhaven","after score",,FALSE,,"Norris,Kyle kickoff 62 yards to the MIL03 Wilkerson,Bryce return 25 yards to the MIL28 (Oliver,Jessie; Craven,John Ross) PENALTY MIL Illegal Block in Back (Smith,Justin) 8 yards from MIL16 to MIL08."
"20250904_x4o2",43,2,"Belhaven","Millsaps","header","Millsaps","Belhaven","after score","Millsaps",FALSE,,"Norris,Kyle kickoff 63 yards to the MIL02 muffed by Patterson,Tam at MIL02 recovered by MIL Dare,Davis at MIL02 Dare,Davis return 1 yard to the MIL03 (Thomas,Avery)."
"20250904_x4o2",58,2,"Belhaven","Millsaps","header","Millsaps","Belhaven","after score",,FALSE,,"Norris,Kyle kickoff 57 yards to the MIL08 fair catch by Dare,Davis at MIL08."
"20250904_x4o2",76,2,"Millsaps","Belhaven","header","Belhaven","Millsaps","after score","Belhaven",FALSE,,"Babin,Connor kickoff 45 yards to the BEL20 muffed by Bell,Reggie at BEL20 recovered by BEL Hammett,Justin at BEL19, End Of Play."
"20250904_x4o2",92,3,"Millsaps","Belhaven","header","Belhaven","Millsaps","coin toss",,FALSE,,"Babin,Connor kickoff 65 yards to the BEL00, Touchback."
"20250904_x4o2",109,3,"Belhaven","Millsaps","header","Millsaps","Belhaven","after score",,FALSE,,"Norris,Kyle kickoff 65 yards to the MIL00, Touchback."
"20250904_x4o2",124,3,"Belhaven","Millsaps","header","Millsaps","Belhaven","after score",,FALSE,,"Norris,Kyle kickoff 63 yards to the MIL02 Wilkerson,Bryce return 31 yards to the MIL33 (Oliver,Jessie)."
"20250904_x4o2",143,4,"Belhaven","Millsaps","header","Millsaps","Belhaven","after score",,FALSE,,"Norris,Kyle kickoff 39 yards to the MIL26 Wyers,Sean return 0 yards to the MIL26, End Of Play."
"20250904_x4o2",161,4,"Millsaps","Belhaven","header","Belhaven","Millsaps","after score",,FALSE,,"Babin,Connor kickoff 62 yards to the BEL03 fair catch by Gray,Dee at BEL03 PENALTY MIL Offside (Ross,Keiron) 5 yards from BEL25 to BEL30."
"20250904_x4o2",167,4,"Belhaven","Millsaps","header","Millsaps","Belhaven","after score",,FALSE,,"Norris,Kyle kickoff 35 yards to the MIL30 fair catch by Lee,Dertavious at MIL30."
"20250904_x9dy",1,1,"Howard Payne","Pacific","header","Pacific","Howard Payne","coin toss",,FALSE,,"Cobos,Elijah kickoff 51 yards to the PAC14 Bantolina,Brody return 34 yards to the PAC48 (Brown,Michael)."
"20250904_x9dy",26,1,"Howard Payne","Pacific","header","Pacific","Howard Payne","after score",,FALSE,,"Cobos,Elijah kickoff 56 yards to the PAC09 Tanioka,Avin return 29 yards to the PAC38 (Dillard,Elijah; Erilus,Jha'Mauri)."
"20250904_x9dy",46,2,"Pacific","Howard Payne","header","Howard Payne","Pacific","after score",,FALSE,,"Ahmed,Isaac kickoff 60 yards to the HPU05 Toney-Black,Jamel return 17 yards to the HPU22 (Vasquez,Byson; Camarillo,Riley)."
"20250904_x9dy",51,2,"Howard Payne","Pacific","header","Pacific","Howard Payne","after score",,FALSE,,"Cobos,Elijah kickoff 65 yards to the PAC00 Chaffin,Josiah return 24 yards to the PAC24 (Mendoza,Jesus; Parker,Hezekiah)."
"20250904_x9dy",69,3,"Pacific","Howard Payne","header","Howard Payne","Pacific","coin toss",,FALSE,,"Ahmed,Isaac kickoff 64 yards to the HPU01 Toney-Black,Jamel return 16 yards to the HPU17 (Aki,Kilinahe)."
"20250904_x9dy",84,3,"Pacific","Howard Payne","header","Howard Payne","Pacific","after score",,FALSE,,"Ahmed,Isaac kickoff 63 yards to the HPU02 Myers,Ellis return 21 yards to the HPU23 (Vasquez,Byson) PENALTY HPU Personal Foul 11 yard from HPU23 to HPU12."
"20250904_x9dy",114,4,"Howard Payne","Pacific","header","Pacific","Howard Payne","after score",,FALSE,,"Cobos,Elijah kickoff 57 yards to the PAC08 Chaffin,Josiah return 17 yards to the PAC25 (Brown,Michael)."
"20250904_x9dy",124,4,"Pacific","Howard Payne","header","Howard Payne","Pacific","after score",,FALSE,,"Ahmed,Isaac kickoff 65 yards to the HPU00, Touchback."
"20250904_xvn8",1,1,"Cornell","Coe","header","Coe","Cornell","coin toss",,FALSE,,"Frahm,Mitchell kickoff 60 yards to the COE05 Johnson,CJ return 23 yards to the COE28 (Jordan,Zavion)."
"20250904_xvn8",8,1,"Coe","Cornell","header","Cornell","Coe","after score",,FALSE,,"Collett,Jake kickoff 60 yards to the COR05 Pinner,Rommel return 25 yards to the COR30 (Elizondo,Randy; Baethke,Jackson)."
"20250904_xvn8",26,1,"Coe","Cornell","header","Cornell","Coe","after score",,FALSE,,"Collett,Jake kickoff 57 yards to the COR08, out of bounds at COR08."
"20250904_xvn8",38,1,"Coe","Cornell","header","Cornell","Coe","after score",,FALSE,,"Garcia Ayala,Julian kickoff 57 yards to the COR08 Pinner,Rommel return 17 yards to the COR25 (Charters,Leighton; Johnson,CJ), out of bounds."
"20250904_xvn8",48,2,"Coe","Cornell","header","Cornell","Coe","after score",,FALSE,,"Garcia Ayala,Julian kickoff 58 yards to the COR07 Pinner,Rommel return 4 yards to the COR11 (Ryan,Henry)."
"20250904_xvn8",60,2,"Coe","Cornell","header","Cornell","Coe","after score",,FALSE,,"Collett,Jake kickoff 59 yards to the COR06 Pinner,Rommel return 26 yards to the COR32 (McNutt,Reed)."
"20250904_xvn8",82,2,"Coe","Cornell","header","Cornell","Coe","after score",,FALSE,,"Garcia Ayala,Julian kickoff 49 yards to the COR16 Pinner,Rommel return 21 yards to the COR37 (Elizondo,Randy)."
"20250904_xvn8",85,3,"Coe","Cornell","header","Cornell","Coe","coin toss",,FALSE,,"Garcia Ayala,Julian kickoff 62 yards to the COR03 Pinner,Rommel return 17 yards to the COR20 (Dengler,Ryker)."
"20250904_xvn8",109,3,"Cornell","Coe","header","Coe","Cornell","after score",,FALSE,,"Frahm,Mitchell kickoff 49 yards to the COE16 Mitchell,MJ return 13 yards to the COE29 (Perez,Savian)."
"20250904_xvn8",117,3,"Coe","Cornell","header","Cornell","Coe","after score",,FALSE,,"Collett,Jake kickoff 60 yards to the COR05 Pinner,Rommel return 21 yards to the COR26 (Dusenberry,Jordan) PENALTY COR Holding 9 yards from COR26 to COR17."
"20250904_xvn8",130,4,"Coe","Cornell","header","Cornell","Coe","after score",,FALSE,,"Lindsay,Katie kickoff 47 yards to the COR18 Pinner,Rommel return 10 yards to the COR28 (Wiles,Conner)."
"20250904_xvn8",149,4,"Coe","Cornell","header","Cornell","Coe","after score",,FALSE,,"Lindsay,Katie kickoff 65 yards to the COR25 Randolph,Tim return 2 yards to the COR27 (Williams,Jordan) PENALTY COR Holding 10 yards from COR27 to COR17."
"20250904_zbay",1,1,"Westminster (Pa.)","Marietta","header","Marietta","Westminster (Pa.)","coin toss",,FALSE,,"Caranna,Andrew kickoff 54 yards to the MAR11 Hodges,Vante' return 12 yards to the MAR23 (Sullivan,Jaden; Wilden,Dayne)."
"20250904_zbay",44,2,"Marietta","Westminster (Pa.)","header","Westminster (Pa.)","Marietta","after score",,FALSE,,"Sheets,Quentin kickoff 63 yards to the WES02 Cannon,Brite return 0 yards to the WES02 (Barclay,Blade) PENALTY MAR Personal Foul 15 yards from WES02 to WES17."
"20250904_zbay",79,3,"Marietta","Westminster (Pa.)","header","Westminster (Pa.)","Marietta","coin toss",,FALSE,,"Sheets,Quentin kickoff 58 yards to the WES07 Cannon,Brite return 60 yards to the MAR33 (Sheets,Quentin), out of bounds."
"20250904_zbay",84,3,"Westminster (Pa.)","Marietta","header","Marietta","Westminster (Pa.)","after score",,FALSE,,"Caranna,Andrew kickoff 61 yards to the MAR04 Hodges,Vante' return 23 yards to the MAR27 (Fletcher,Aiden; Bible,Jack)."
"20250904_zbay",98,3,"Marietta","Westminster (Pa.)","header","Westminster (Pa.)","Marietta","after score",,FALSE,,"Sheets,Quentin kickoff 42 yards to the WES23 White,De'Mere return 0 yards to the WES23 (Grandizio,Leo)."
"20250904_zik0",1,1,"Texas Lutheran","Trinity (Texas)","fallback",,"Texas Lutheran","coin toss",,FALSE,,"(15:00) Augustine,A'Jean kickoff 55 yards to the TU10, out of bounds at TU10."
"20250904_zik0",2,1,"Texas Lutheran","Trinity (Texas)","header","Trinity (Texas)","Texas Lutheran","re-kick",,FALSE,,"(15:00) Augustine,A'Jean kickoff 70 yards to the TU00, Touchback."
"20250904_zik0",10,1,"Trinity (Texas)","Texas Lutheran","header","Texas Lutheran","Trinity (Texas)","after score",,FALSE,,"(12:15) Rhoades,Hayden kickoff 64 yards to the TLU01 Camarillo,Caleb return 20 yards to the TLU21 (Davila,Diego; Powell,Jaden)."
"20250904_zik0",51,2,"Texas Lutheran","Trinity (Texas)","header","Trinity (Texas)","Texas Lutheran","after score",,FALSE,,"(11:37) Schuetze,Caleb kickoff 70 yards to the TU10 Sams,Luke return 53 yards to the TLU37 (Schuetze,Caleb), out of bounds."
"20250904_zik0",54,2,"Trinity (Texas)","Texas Lutheran","header","Texas Lutheran","Trinity (Texas)","after score",,FALSE,,"(11:19) Rhoades,Hayden kickoff 60 yards to the TLU05 Henry,Lavonta return 11 yards to the TLU16 (Powell,Jaden; Morin,Lukas)."
"20250904_zik0",70,2,"Texas Lutheran","Trinity (Texas)","header","Trinity (Texas)","Texas Lutheran","after safety",,FALSE,,"(06:31) Augustine,A'Jean kickoff 62 yards to the TU18 Nickleberry,Lamont return 23 yards to the TU41 (Johnson,Malik), out of bounds."
"20250904_zik0",75,2,"Trinity (Texas)","Texas Lutheran","header","Texas Lutheran","Trinity (Texas)","after score",,FALSE,,"(04:54) Rhoades,Hayden kickoff 60 yards to the TLU05 Camarillo,Caleb return 10 yards to the TLU15 (Kuhl,Evan), out of bounds."
"20250904_zik0",79,2,"Texas Lutheran","Trinity (Texas)","header","Trinity (Texas)","Texas Lutheran","after score",,FALSE,,"(04:04) Augustine,A'Jean kickoff 43 yards to the TU22 Altrudo,Bryce return 10 yards to the TU32 (Pari,Nicola)."
"20250904_zik0",89,2,"Trinity (Texas)","Texas Lutheran","header","Texas Lutheran","Trinity (Texas)","after score",,FALSE,,"(00:08) Rhoades,Hayden kickoff 65 yards to the TLU00, Touchback."
"20250904_zik0",91,3,"Trinity (Texas)","Texas Lutheran","header","Texas Lutheran","Trinity (Texas)","coin toss",,FALSE,,"Rhoades,Hayden kickoff 55 yards to the TLU10 Henry,Lavonta return 10 yards to the TLU20 (Brown,Jeffrey)."
"20250905_0otb",1,1,"Bridgewater State","Curry","header","Curry",,,,FALSE,,"Mason Veits kickoff 60 yards to the CURRY05, Dennis Glidden return 0 yards to the CURRY05 (TEAM), out-of-bounds."
"20250905_0otb",29,1,"Curry","Bridgewater State","header","Bridgewater State","Curry","after score",,FALSE,,"Omar Aboutoui kickoff 65 yards to the BRIDGEWA00, touchback."
"20250905_0otb",77,3,"Curry","Bridgewater State","header","Bridgewater State","Curry","second half: first-half receiver kicks",,FALSE,,"Omar Aboutoui kickoff 65 yards to the BRIDGEWA00, touchback."
"20250905_0otb",82,3,"Bridgewater State","Curry","header","Curry","Bridgewater State","after score",,FALSE,,"Mason Veits kickoff 65 yards to the CURRY00, touchback."
"20250905_0otb",105,3,"Bridgewater State","Curry","header","Curry","Bridgewater State","after score",,FALSE,,"Mason Veits kickoff 63 yards to the CURRY02, Kareem Chaplin return 33 yards to the CURRY35 (Dallas Murphy)."
"20250905_0otb",120,4,"Curry","Bridgewater State","header","Bridgewater State","Curry","after score",,FALSE,,"Omar Aboutoui kickoff 65 yards to the BRIDGEWA00, touchback."
"20250905_0otb",131,4,"Curry","Bridgewater State","header","Bridgewater State","Curry","after score",,FALSE,,"Omar Aboutoui kickoff 65 yards to the BRIDGEWA00, touchback."
"20250905_0otb",145,4,"Curry","Bridgewater State","header","Bridgewater State","Curry","after score",,FALSE,,"Omar Aboutoui kickoff 65 yards to the BRIDGEWA00, touchback."
"20250905_0otb",157,4,"Bridgewater State","Curry","header","Curry","Bridgewater State","after score","Curry",FALSE,,"Mason Veits kickoff 10 yards to the BRIDGEWA30, on-side kick, recovered by CURRY on BRIDGEWA30, PENALTY BRIDGEWA face mask 15 yards to the BRIDGEWA15."
"20250905_0otb",162,4,"Curry","Bridgewater State","header","Bridgewater State","Curry","after score",,FALSE,,"Omar Aboutoui kickoff 65 yards to the BRIDGEWA00, touchback."
"20250905_0otb",172,4,"Bridgewater State","Curry","header","Curry","Bridgewater State","after score","Curry",FALSE,,"Mason Veits kickoff 10 yards to the BRIDGEWA45, on-side kick, recovered by CURRY on BRIDGEWA45, PENALTY BRIDGEWA illegal touching 1 yards to the BRIDGEWA44."
"20250905_2ic2",1,1,"Alfred","Hobart","header","Hobart",,,,FALSE,,"Owen Bishop kickoff 64 yards to the HOBART01, Kieran Cotter return 16 yards to the HOBART17 (Thomas Welch)."
"20250905_2ic2",15,1,"Alfred","Hobart","header","Hobart","Alfred","after score",,FALSE,,"Owen Bishop kickoff 65 yards to the HOBART00, touchback."
"20250905_2ic2",39,1,"Hobart","Alfred","header","Alfred","Hobart","after score",,FALSE,,"Gavin Harvey kickoff 64 yards to the ALFRED01, Tommy Nyquist return 23 yards to the ALFRED24 (Juah-Siblay Kol), out-of-bounds, PENALTY HOBART unnecessary roughness (Mike McGhee) 15 yards to the ALFRED39."
"20250905_2ic2",61,2,"Hobart","Alfred","header","Alfred","Hobart","after score",,FALSE,,"Gavin Harvey kickoff 65 yards to the ALFRED00, Tommy Nyquist return 21 yards to the ALFRED21 (Sean Meyers)."
"20250905_2ic2",83,3,"Hobart","Alfred","header","Alfred","Hobart","second half: first-half receiver kicks",,FALSE,,"Gavin Harvey kickoff 60 yards to the ALFRED05, Tommy Nyquist return 18 yards to the ALFRED23 (Mike McGhee)."
"20250905_2ic2",97,3,"Alfred","Hobart","header","Hobart","Alfred","after score",,FALSE,,"Owen Bishop kickoff 58 yards to the HOBART07, Kieran Cotter return 38 yards to the HOBART45 (Owen Bishop)."
"20250905_2ic2",113,3,"Alfred","Hobart","header","Hobart","Alfred","after score",,FALSE,,"Owen Bishop kickoff 60 yards to the HOBART05, Kieran Cotter return 35 yards to the HOBART40 (Steven Bidwell; Owen Bishop), out-of-bounds."
"20250905_2ic2",125,4,"Alfred","Hobart","header","Hobart","Alfred","after score",,FALSE,,"Owen Bishop kickoff 65 yards to the HOBART00, touchback."
"20250905_2ic2",136,4,"Hobart","Alfred","header","Alfred","Hobart","after score",,FALSE,,"Gavin Harvey kickoff 51 yards to the ALFRED14, Re'Mir Ratchfor return 7 yards to the ALFRED21 (Mike McGhee)."
"20250905_2ic2",155,4,"Hobart","Alfred","header","Alfred","Hobart","after score","Alfred",FALSE,,"Collin Goff kickoff 15 yards to the 50 yardline, on-side kick, recovered by ALFRED on 50 yardline."
"20250905_5sfv",1,1,"Norwich","St. Lawrence","header","St. Lawrence","Norwich","coin toss",,FALSE,,"Cohen,Allen kickoff 41 yards to the SLU24 Ciesielski,Matt return 10 yards to the SLU34 (Botelho,Brady)."
"20250905_5sfv",25,1,"Norwich","St. Lawrence","header","St. Lawrence","Norwich","after score",,FALSE,,"Cohen,Allen kickoff 50 yards to the SLU15 Ciesielski,Matt return 20 yards to the SLU35 (Daley,Jack)."
"20250905_5sfv",35,2,"St. Lawrence","Norwich","header","Norwich","St. Lawrence","after score",,FALSE,,"Fogler,Clayton kickoff 53 yards to the NOR12, out of bounds at NOR12."
"20250905_5sfv",60,2,"St. Lawrence","Norwich","header","Norwich","St. Lawrence","after score",,FALSE,,"Fogler,Clayton kickoff 59 yards to the NOR06 Garcia,Joel return 19 yards to the NOR25 (Proia,Thomas) PENALTY SLU Offside 5 yards from NOR25 to NOR30."
"20250905_5sfv",80,3,"St. Lawrence","Norwich","header","Norwich","St. Lawrence","coin toss",,FALSE,,"Fogler,Clayton kickoff 62 yards to the NOR03 Garcia,Joel return 13 yards to the NOR16 (Twombly,Brennan; Bridges,Shemmy)."
"20250905_5sfv",99,3,"Norwich","St. Lawrence","header","St. Lawrence","Norwich","after safety",,FALSE,,"Laisch,Caleb kickoff 47 yards to the SLU33 Goodwin,Shea return 26 yards to the NOR41 (Daley,Jack)."
"20250905_5sfv",105,3,"St. Lawrence","Norwich","header","Norwich","St. Lawrence","after score",,FALSE,,"Fogler,Clayton kickoff 59 yards to the NOR06 Garcia,Joel return 29 yards to the NOR35 (Proia,Thomas)."
"20250905_8wt2",1,1,"Muhlenberg","Moravian","header","Moravian","Muhlenberg","coin toss",,FALSE,,"Nicholas D'Amic kickoff 65 yards to the MOR00, touchback."
"20250905_8wt2",5,1,"Muhlenberg","Moravian","header","Moravian","Muhlenberg","after score",,FALSE,,"Nicholas D'Amic kickoff 65 yards to the MOR00, touchback."
"20250905_8wt2",33,1,"Muhlenberg","Moravian","header","Moravian","Muhlenberg","after score",,FALSE,,"Nicholas D'Amic kickoff 56 yards to the MOR09, Josh Ludlow return 61 yards to the MUHL30 (Jake Saus), out-of-bounds."
"20250905_8wt2",41,1,"Moravian","Muhlenberg","header","Muhlenberg","Moravian","after score",,FALSE,,"Jack Corrigan kickoff 61 yards to the MUHL04, Christopher Sho return 20 yards to the MUHL24 (Malachi McNeil-; Aidan Lane)."
"20250905_8wt2",58,2,"Muhlenberg","Moravian","header","Moravian","Muhlenberg","after score",,FALSE,,"Nicholas D'Amic kickoff 56 yards to the MOR09, Dorian Thomas return 26 yards to the MOR35 (Leo Dauberman), PENALTY MOR unsportmanlike conduct off-setting, PENALTY MUHL unsportmanlike conduct off-setting."
"20250905_8wt2",67,2,"Moravian","Muhlenberg","header","Muhlenberg","Moravian","after score",,FALSE,,"Jack Corrigan kickoff 61 yards to the MUHL04, Christopher Sho return 23 yards to the MUHL27, PENALTY MUHL holding (Joseph Papa) 10 yards to the MUHL17."
"20250905_8wt2",89,3,"Moravian","Muhlenberg","header","Muhlenberg","Moravian","second half: first-half receiver kicks",,FALSE,,"Jack Corrigan kickoff 65 yards to the MUHL00, Christopher Sho return 35 yards to the MUHL35 (Chris Cacace), out-of-bounds, PENALTY MUHL personal foul (Triston McNeal) 15 yards to the 50 yardline."
"20250905_8wt2",96,3,"Muhlenberg","Moravian","header","Moravian","Muhlenberg","after score",,FALSE,,"Nicholas D'Amic kickoff 44 yards to the MOR21, fair catch by Declan Coors."
"20250905_8wt2",111,3,"Moravian","Muhlenberg","header","Muhlenberg","Moravian","after score",,FALSE,,"Jack Corrigan kickoff 65 yards to the MUHL00, Christopher Sho return 17 yards to the MUHL17 (Camron Tinajero)."
"20250905_8wt2",124,3,"Muhlenberg","Moravian","header","Moravian","Muhlenberg","after score",,FALSE,,"Nicholas D'Amic kickoff 26 yards to the MOR39, fair catch by Declan Coors."
"20250905_8wt2",151,4,"Muhlenberg","Moravian","header","Moravian","Muhlenberg","after score",,FALSE,,"Nicholas D'Amic kickoff 51 yards to the MOR14, Dorian Thomas return 17 yards to the MOR31 (Thomas Cerruti)."
"20250905_9lhe",1,1,"Thiel","Concordia (Wis.)","header","Concordia (Wis.)","Thiel","coin toss",,FALSE,,"Dunbar,Riley kickoff 60 yards to the CUW05 Pierre,Kam'Ron return 35 yards to the CUW40 (Butcher,Basiaka) PENALTY CUW Illegal Block in Back (Weikel,Kaleb) 10 yards from CUW35 to CUW25."
"20250905_9lhe",43,2,"Concordia (Wis.)","Thiel","header","Thiel","Concordia (Wis.)","after score",,FALSE,,"Klein,Nick kickoff 65 yards to the THI00, Touchback."
"20250905_9lhe",63,2,"Concordia (Wis.)","Thiel","header","Thiel","Concordia (Wis.)","after score",,FALSE,,"Klein,Nick kickoff 56 yards to the THI09 Kershaw,CK return 23 yards to the THI32, End Of Play."
"20250905_9lhe",83,2,"Concordia (Wis.)","Thiel","header","Thiel","Concordia (Wis.)","after score",,FALSE,,"Klein,Nick kickoff 54 yards to the THI11 White,Jayveerh return 23 yards to the THI34 (Nowotarski,Brody)."
"20250905_9lhe",91,3,"Concordia (Wis.)","Thiel","header","Thiel","Concordia (Wis.)","coin toss",,FALSE,,"Klein,Nick kickoff 54 yards to the THI11 White,Jayveerh return 17 yards to the THI28 (Nowotarski,Brody)."
"20250905_9lhe",101,3,"Concordia (Wis.)","Thiel","header","Thiel","Concordia (Wis.)","after score",,FALSE,,"Klein,Nick kickoff 58 yards to the THI07 White,Jayveerh return 23 yards to the THI30 (White,Bayer)."
"20250905_9lhe",149,4,"Concordia (Wis.)","Thiel","header","Thiel","Concordia (Wis.)","after score",,FALSE,,"Klein,Nick kickoff 59 yards to the THI06 White,Jayveerh return 38 yards to the THI44 (Klein,Nick; Roseman,Brock)."
"20250905_9lhe",160,4,"Thiel","Concordia (Wis.)","header","Concordia (Wis.)","Thiel","after score",,FALSE,,"Fell,Joseph kickoff 26 yards to the CUW39 Crowell,Nick return 0 yards to the CUW39, End Of Play."
"20250905_9opj",1,1,"Catholic","McDaniel","header","McDaniel","Catholic","coin toss",,FALSE,,"Brenner,Kieran kickoff 62 yards to the MCD03 Smith,David return 25 yards to the MCD28 (Comstock,Kyle)."
"20250905_9opj",23,1,"Catholic","McDaniel","header","McDaniel","Catholic","after score",,FALSE,,"Brenner,Kieran kickoff 59 yards to the MCD06 Smith,David return 23 yards to the MCD29 (Brenner,Kieran; Donnelly,Tyler)."
"20250905_9opj",71,3,"McDaniel","Catholic","header","Catholic","McDaniel","coin toss",,FALSE,,"Fritz,Braden kickoff 44 yards to the CATHU21 Smith,Chris return 14 yards to the CATHU35 (Bolden,Bernard; Evans,Donte)."
"20250905_9opj",89,3,"McDaniel","Catholic","header","Catholic","McDaniel","after score",,FALSE,,"Fritz,Braden kickoff 58 yards to the CATHU07 Smith,Chris return 23 yards to the CATHU30 (Wheeler,Ryan; Smith,David)."
"20250905_9opj",141,4,"Catholic","McDaniel","fallback",,"Catholic","after score",,FALSE,,"Brenner,Kieran kickoff 45 yards to the MCD20 Homer,Christian return for loss of 7 yards to the MCD13 lateral to Harper,Jordan for 0 yards to the MCD13 (Donnelly,Tyler)."
"20250905_j032",1,1,"Alvernia","Ursinus","header","Ursinus","Alvernia","coin toss",,FALSE,,"Thomas,Gage kickoff 65 yards to the Bears00, Touchback."
"20250905_j032",11,1,"Ursinus","Alvernia","header","Alvernia","Ursinus","after score",,FALSE,,"Carr,Jordan kickoff 65 yards to the Wolves00 Smullen,Zakai return 15 yards to the Wolves15 (Lawson,Tim; Ratcliffe,Will)."
"20250905_j032",23,1,"Ursinus","Alvernia","header","Alvernia","Ursinus","after score",,FALSE,,"Carr,Jordan kickoff 61 yards to the Wolves04, out of bounds at Wolves04."
"20250905_j032",32,1,"Ursinus","Alvernia","header","Alvernia","Ursinus","after score",,FALSE,,"Carr,Jordan kickoff 65 yards to the Wolves00 Smullen,Zakai return 32 yards to the Wolves32 (Clarke,D.J.; McAuliffe,Tavian), out of bounds."
"20250905_j032",43,2,"Alvernia","Ursinus","header","Ursinus","Alvernia","after score",,FALSE,,"Thomas,Gage kickoff 63 yards to the Bears02 Barnes,Keigan return 28 yards to the Bears30 (Thomas,Gage), out of bounds."
"20250905_j032",52,2,"Ursinus","Alvernia","header","Alvernia","Ursinus","after score",,FALSE,,"Carr,Jordan kickoff 63 yards to the Wolves02 Smullen,Zakai return 18 yards to the Wolves20 (Zigbuo,Andy)."
"20250905_j032",62,2,"Ursinus","Alvernia","header","Alvernia","Ursinus","after score",,FALSE,,"Carr,Jordan kickoff 64 yards to the Wolves01 Manigo,Zacai return 27 yards to the Wolves28 (Rankins,Ky'iere; Carr,Jordan)."
"20250905_j032",91,2,"Alvernia","Ursinus","fallback",,"Alvernia","after score",,FALSE,,"Thomas,Gage kickoff 64 yards to the Bears01 Barnes,Keigan return 32 yards to the Bears33 (Young,Chase), out of bounds."
"20250905_j032",92,3,"Ursinus","Alvernia","header","Alvernia","Ursinus","coin toss",,FALSE,,"Carr,Jordan kickoff 64 yards to the Wolves01 Davis,David return 24 yards to the Wolves25 (Ratcliffe,Will) PENALTY Wolves Holding 10 yards from Wolves25 to Wolves15."
"20250905_j032",108,3,"Ursinus","Alvernia","header","Alvernia","Ursinus","after score",,FALSE,,"Carr,Jordan kickoff 65 yards to the Wolves00 Davis,David return 15 yards to the Wolves15 (Lawson,Tim; Megee,Taylor)."
"20250905_j032",132,3,"Alvernia","Ursinus","header","Ursinus","Alvernia","after score",,FALSE,,"Thomas,Gage kickoff 57 yards to the Bears08 Barnes,Keigan return 25 yards to the Bears33 (Furman,Nassire), out of bounds."
"20250905_jdn4",1,1,,,"fallback",,,,,FALSE,"could not determine kicking team","Dickinson wins toss and will kickoff; RMC will defend South end-zone."
"20250905_jdn4",2,1,"Dickinson","Randolph-Macon","header","Randolph-Macon",,"re-kick",,FALSE,,"Nahon,Eliott kickoff 57 yards to the RMCFB08 Ross,Gracyn return 21 yards to the RMCFB29 (Boyer,Kellen)."
"20250905_jdn4",49,2,"Randolph-Macon","Dickinson","header","Dickinson","Randolph-Macon","after score",,FALSE,,"Graham,Tyler kickoff 60 yards to the DCFB05 Campbell,Keesean return 22 yards to the DCFB27 (Biddle,Alex)."
"20250905_jdn4",53,2,"Randolph-Macon","Dickinson","header","Dickinson","Randolph-Macon","after score",,FALSE,,"Graham,Tyler kickoff 50 yards to the DCFB15 Campbell,Keesean return 12 yards to the DCFB27 (Currie,Jackson), out of bounds."
"20250905_jdn4",64,2,"Dickinson","Randolph-Macon","header","Randolph-Macon","Dickinson","after score",,FALSE,,"Nahon,Eliott kickoff 63 yards to the RMCFB02 Ross,Gracyn return 71 yards to the DCFB27 (Pedall,Patrick)."
"20250905_jdn4",70,2,"Randolph-Macon","Dickinson","header","Dickinson","Randolph-Macon","after score",,FALSE,,"Graham,Tyler kickoff 63 yards to the DCFB02 Campbell,Keesean return 25 yards to the DCFB27 (Biddle,Alex)."
"20250905_jdn4",81,2,"Randolph-Macon","Dickinson","header","Dickinson","Randolph-Macon","after score",,FALSE,,"Graham,Tyler kickoff 49 yards to the DCFB16 Campbell,Keesean return 38 yards to the RMCFB46 (Graham,Tyler), out of bounds."
"20250905_jdn4",86,3,"Randolph-Macon","Dickinson","fallback",,"Randolph-Macon","second half: first-half receiver kicks",,FALSE,,"RMC will kickoff; DCC will defend North end-zone."
"20250905_jdn4",87,3,"Randolph-Macon","Dickinson","header","Dickinson","Randolph-Macon","re-kick",,FALSE,,"Graham,Tyler kickoff 60 yards to the DCFB05 Schmidt,Kevin return 39 yards to the DCFB44 (Ryman,Andrew)."
"20250905_jdn4",104,3,"Randolph-Macon","Dickinson","header","Dickinson","Randolph-Macon","after score",,FALSE,,"Graham,Tyler kickoff 55 yards to the DCFB10, out of bounds at DCFB10."
"20250905_jdn4",107,3,"Dickinson","Randolph-Macon","header","Randolph-Macon","Dickinson","after score",,FALSE,,"Nahon,Eliott kickoff 61 yards to the RMCFB04 Ross,Gracyn return 14 yards to the RMCFB18 (Ryan,Will)."
"20250905_jdn4",119,3,"Randolph-Macon","Dickinson","header","Dickinson","Randolph-Macon","after score",,FALSE,,"Graham,Tyler kickoff 61 yards to the DCFB04 Campbell,Keesean return 16 yards to the DCFB20 (Kyger,Jacob) PENALTY DCFB Holding (Mulholland,Jimmy) 10 yards from DCFB20 to DCFB10."
"20250905_jdn4",126,4,"Dickinson","Randolph-Macon","header","Randolph-Macon","Dickinson","after score",,FALSE,,"Nahon,Eliott kickoff 61 yards to the RMCFB04 Ross,Gracyn return 23 yards to the RMCFB27 (Mulholland,Jimmy) PENALTY RMCFB Holding (Kyger,Jacob) 10 yards from RMCFB27 to RMCFB17."
"20250905_jdn4",136,4,"Dickinson","Randolph-Macon","header","Randolph-Macon","Dickinson","after score",,FALSE,,"Nahon,Eliott kickoff 57 yards to the RMCFB08 Ross,Gracyn return 20 yards to the RMCFB28 (Genilello,Jason; Garcia,Juan Pablo)."
"20250905_jdn4",146,4,"Randolph-Macon","Dickinson","header","Dickinson","Randolph-Macon","after score",,FALSE,,"Luther,Trevor kickoff 60 yards to the DCFB05 Schmidt,Kevin return 20 yards to the DCFB25 (Arruza,Will; Edmunds,Dex)."
"20250905_jdn4",155,4,"Dickinson","Randolph-Macon","header","Randolph-Macon","Dickinson","after score",,FALSE,,"Worobel,Justin onside kickoff 10 yards to the DCFB45 Farriss,Landon return 0 yards to the DCFB32 (Friebel,Leon)."
"20250905_jir1",1,1,"Fitchburg State","Dean","header","Dean",,,,FALSE,,"Hunter Sands kickoff 59 yards to the DEAN06, Jayden Gaines return 11 yards to the DEAN17 (Patrick Cates)."
"20250905_jir1",17,1,"Fitchburg State","Dean","header","Dean","Fitchburg State","after score",,FALSE,,"Hunter Sands kickoff 65 yards to the DEAN00, touchback."
"20250905_jir1",39,2,"Fitchburg State","Dean","kicker","Fitchburg State",,,"Fitchburg State",TRUE,"kicker Hunter Sands is Fitchburg St.; was header (kicking Dean)","Hunter Sands kickoff 41 yards to the DEAN24, TEAM return 1 yards to the DEAN25, fumble by TEAM recovered by FITCHBUR Richard Santana at DEAN25."
"20250905_jir1",42,2,"Fitchburg State","Dean","header","Dean","Fitchburg State","after score",,FALSE,,"Hunter Sands kickoff 55 yards to the DEAN10, Nico Gilmore return 17 yards to the DEAN27 (Emmanuel Cano)."
"20250905_jir1",60,2,"Fitchburg State","Dean","header","Dean","Fitchburg State","after score",,FALSE,,"Hunter Sands kickoff 46 yards to the DEAN19, Steven Torchon return 0 yards to the DEAN19, out-of-bounds."
"20250905_jir1",71,2,"Dean","Fitchburg State","header","Fitchburg State","Fitchburg State","after score",,FALSE,"header says Fitchburg St. receives; context (after score) says Fitchburg St. kicks","Pato Flores kickoff 55 yards to the FITCHBUR10, Jacey Ham return 20 yards to the FITCHBUR30 (F. Donalson jr.)."
"20250905_jir1",84,3,"Dean","Fitchburg State","header","Fitchburg State","Dean","second half: first-half receiver kicks",,FALSE,,"Pato Flores kickoff 51 yards to the FITCHBUR14, Jacey Ham return 21 yards to the FITCHBUR35 (F. Donalson jr.; Sincere Wright)."
"20250905_jir1",104,3,"Fitchburg State","Dean","kicker","Dean","Dean","after score","Dean",TRUE,"kicker Hunter Sands is Fitchburg St.; was override (kicking Dean)","Hunter Sands kickoff 50 yards to the DEAN15, F. Donalson jr. return 5 yards to the DEAN20, fumble forced by Patrick Cates, fumble by F. Donalson jr. recovered by DEAN F. Donalson jr. at DEAN20."
"20250905_jir1",110,3,"Fitchburg State","Dean","header","Dean","Fitchburg State","after score",,FALSE,,"Hunter Sands kickoff 60 yards to the DEAN05, Sincere Wright return 66 yards to the FITCHBUR29 (Elijah Zaire Mc)."
"20250905_jir1",126,3,"Fitchburg State","Dean","header","Dean","Fitchburg State","after score",,FALSE,,"Hunter Sands kickoff 52 yards to the DEAN28, Sincere Wright return 8 yards to the DEAN36 (Emmanuel Cano)."
"20250905_jir1",161,4,"Dean","Fitchburg State","header","Fitchburg State","Fitchburg State","after score",,FALSE,"header says Fitchburg St. receives; context (after score) says Fitchburg St. kicks","Pato Flores kickoff 51 yards to the FITCHBUR14, fair catch by Elijah Zaire Mc."
"20250905_p2em",1,1,"Gallaudet","Albright","header","Albright",,,,FALSE,,"Adem Mahassini kickoff 51 yards to the ALBFB14, James Evans return 19 yards to the ALBFB33 (K. Williams)."
"20250905_p2em",36,2,"Albright","Gallaudet","header","Gallaudet","Albright","after score",,FALSE,,"A. Vasquez kickoff 65 yards to the GAL00, Andrae Green return 23 yards to the GAL23 (Evan Bryfogle; Jaylan Atkinson)."
"20250905_p2em",47,2,"Gallaudet","Albright","header","Albright","Gallaudet","after score",,FALSE,,"Adem Mahassini kickoff 26 yards to the ALBFB39, out-of-bounds, ALBFB ball on ALBFB44."
"20250905_p2em",75,3,"Albright","Gallaudet","header","Gallaudet","Albright","second half: first-half receiver kicks",,FALSE,,"A. Vasquez kickoff 57 yards to the GAL08, Andrae Green return 24 yards to the GAL32 (Matthew Creeger), PENALTY GAL holding 10 yards to the GAL22, 1st and 10, GAL ball on GAL22."
"20250905_p2em",98,3,"Albright","Gallaudet","header","Gallaudet","Albright","after score",,FALSE,,"A. Vasquez kickoff 55 yards to the GAL10, Jaylen Johnson return 15 yards to the GAL25 (Jaylan Atkinson)."
"20250905_qsmw",1,1,"Merchant Marine","Montclair State","header","Montclair State",,,,FALSE,,"Karson Bye kickoff 53 yards to the MSU12, Coleman, Vincen return 9 yards to the MSU21 (Jack Taddy)."
"20250905_qsmw",25,1,"Merchant Marine","Montclair State","header","Montclair State","Merchant Marine","after score",,FALSE,,"Karson Bye kickoff 63 yards to the MSU2, out-of-bounds, MSU ball on MSU25, PENALTY USMMA illegal procedure (Karson Bye) 10 yards to the MSU35, 1st and 10, MSU ball on MSU35."
"20250905_qsmw",37,1,"Montclair State","Merchant Marine","header","Merchant Marine","Montclair State","after score",,FALSE,,"Rubinetti, Roge kickoff 27 yards to the USMMA38, fair catch by Lane Duett."
"20250905_qsmw",71,2,"Merchant Marine","Montclair State","header","Montclair State","Merchant Marine","after score",,FALSE,,"Karson Bye kickoff 50 yards to the MSU15, Coleman, Vincen return 24 yards to the MSU39 (Cooper Havenar;Brooks Rohe)."
"20250905_qsmw",83,2,"Merchant Marine","Montclair State","override","Merchant Marine","Merchant Marine","after safety","Merchant Marine",TRUE,,"Karson Bye kickoff 37 yards to the MSU43, on-side kick, recovered by USMMA Brooks Rohe on MSU44."
"20250905_qsmw",93,3,"Montclair State","Merchant Marine","header","Merchant Marine","Montclair State","second half: first-half receiver kicks","Merchant Marine",FALSE,,"Rubinetti, Roge kickoff 43 yards to the USMMA22, Jake Kenney return 1 yards to the USMMA23, fumble by Jake Kenney recovered by USMMA Jake Kenney at USMMA27."
"20250905_qsmw",116,3,"Merchant Marine","Montclair State","header","Montclair State","Merchant Marine","after score",,FALSE,,"Karson Bye kickoff 47 yards to the MSU18, Wilson, Diante return 7 yards to the MSU25 (Jaronn Saulsber), PENALTY MSU illegal block (Hernandez, Jaid) 12 yards to the MSU13, 1st and 10, MSU ball on MSU13."
"20250905_qsmw",132,3,"Montclair State","Merchant Marine","header","Merchant Marine","Montclair State","after score",,FALSE,,"Rubinetti, Roge kickoff 44 yards to the USMMA21, Chase Shavey return 20 yards to the USMMA41 (Smith II, Shaun)."
"20250905_qsmw",155,4,"Merchant Marine","Montclair State","header","Montclair State","Merchant Marine","after score",,FALSE,,"Karson Bye kickoff 50 yards to the MSU15, Kachala, TJ return 25 yards to the MSU40, out-of-bounds (Brooks Rohe), PENALTY USMMA personal foul (Brooks Rohe) 15 yards to the USMMA45, 1st and 10, MSU ball on USMMA45."
"20250905_rgw0",1,1,"Massachusetts Maritime","SUNY-Maritime","header","SUNY-Maritime",,,,FALSE,,"Grayson Smith kickoff 40 yards to the MARITIME25, fair catch by Nick Spista."
"20250905_rgw0",9,1,"SUNY-Maritime","Massachusetts Maritime","header","Massachusetts Maritime","SUNY-Maritime","after score",,FALSE,,"Gianni D'Agnese kickoff 40 yards to the MASS. MA25, Brennan Keefe return 22 yards to the MASS. MA47 (Brendan O'Sulli)."
"20250905_rgw0",55,2,"SUNY-Maritime","Massachusetts Maritime","header","Massachusetts Maritime","SUNY-Maritime","after score",,FALSE,,"Gianni D'Agnese kickoff 31 yards to the MASS. MA49, John Dickinson return 2 yards to the MARITIME49, out-of-bounds."
"20250905_rgw0",70,2,"Massachusetts Maritime","SUNY-Maritime","header","SUNY-Maritime","Massachusetts Maritime","after score",,FALSE,,"Grayson Smith kickoff 41 yards to the MARITIME24, downed."
"20250905_rgw0",79,3,"SUNY-Maritime","Massachusetts Maritime","header","Massachusetts Maritime","SUNY-Maritime","second half: first-half receiver kicks",,FALSE,,"Gianni D'Agnese kickoff 46 yards to the MASS. MA19, Brennan Keefe return 8 yards to the MASS. MA27 (John McLaughlin)."
"20250905_rgw0",109,3,"SUNY-Maritime","Massachusetts Maritime","header","Massachusetts Maritime","SUNY-Maritime","after score",,FALSE,,"Gianni D'Agnese kickoff 43 yards to the MASS. MA22, Brennan Keefe return 40 yards to the MARITIME38 (Danny Latimer)."
"20250905_rgw0",116,3,"Massachusetts Maritime","SUNY-Maritime","header","SUNY-Maritime","Massachusetts Maritime","after score",,FALSE,,"Grayson Smith kickoff 58 yards to the MARITIME07, touchback."
"20250905_wr9m",1,1,"Juniata","Gettysburg","header","Gettysburg","Juniata","coin toss",,FALSE,,"Mullin,Alex kickoff 45 yards to the GC20 Sabol,Scott return 16 yards to the GC36 (Clevenger,Riley)."
"20250905_wr9m",27,1,"Gettysburg","Juniata","header","Juniata","Gettysburg","after score",,FALSE,,"Kruse,Nolan kickoff 56 yards to the JUN09 Martinez,Damiyr return 16 yards to the JUN25 (Bendowski,Mike)."
"20250905_wr9m",44,1,"Juniata","Gettysburg","header","Gettysburg","Juniata","after score",,FALSE,,"Mullin,Alex kickoff 48 yards to the GC17 Denison,Luke return 31 yards to the GC48 (Boles,Brandon; Mullin,Alex)."
"20250905_wr9m",57,2,"Juniata","Gettysburg","header","Gettysburg","Juniata","after score",,FALSE,,"Mullin,Alex kickoff 58 yards to the GC07 Denison,Luke return 15 yards to the GC22 (Lowery,Tucker)."
"20250905_wr9m",75,2,"Gettysburg","Juniata","header","Juniata","Gettysburg","after score",,FALSE,,"Kruse,Nolan kickoff 58 yards to the JUN07 Martinez,Damiyr return 21 yards to the JUN28 (Weems,Ryan)."
"20250905_wr9m",93,2,"Juniata","Gettysburg","header","Gettysburg","Juniata","after score",,FALSE,,"Mullin,Alex kickoff 36 yards to the GC29 Harwigsson,Walle return 9 yards to the GC38 (Vos,Carter; Cachara,Spencer)."
"20250905_wr9m",107,3,"Gettysburg","Juniata","header","Juniata","Gettysburg","coin toss",,FALSE,,"Kruse,Nolan kickoff 65 yards to the JUN00, Touchback."
"20250905_wr9m",122,3,"Gettysburg","Juniata","header","Juniata","Gettysburg","after score",,FALSE,,"Kruse,Nolan kickoff 62 yards to the JUN03 Wheeler,Dalvin return 0 yards to the JUN03, out of bounds at JUN03."
"20250905_wr9m",135,3,"Gettysburg","Juniata","header","Juniata","Gettysburg","after score",,FALSE,,"Kruse,Nolan kickoff 65 yards to the JUN00, Touchback."
"20250905_wr9m",153,4,"Juniata","Gettysburg","header","Gettysburg","Juniata","after score",,FALSE,,"Mullin,Alex kickoff 55 yards to the GC10 Diaz,Gabriel return 33 yards to the GC43 (Cachara,Spencer)."
"20250905_wr9m",165,4,"Gettysburg","Juniata","header","Juniata","Gettysburg","after score",,FALSE,,"Kruse,Nolan kickoff 50 yards to the JUN15 fair catch by Vos,Carter at JUN15."
"20250905_wr9m",175,4,"Juniata","Gettysburg","header","Gettysburg","Juniata","after score",,FALSE,,"Mullin,Alex kickoff 60 yards to the GC05 Diaz,Gabriel return 25 yards to the GC30 (Lemus,Alex; Williams,Logan) PENALTY JUN Holding (Vos,Carter) 10 yards from GC30 to GC40."
"20250906_034w",1,1,"Austin","Kalamazoo","header","Kalamazoo",,,,FALSE,,"Caleb Balderas kickoff 48 yards to the KC17, out-of-bounds, KC ball on KC35, clock 15:00."
"20250906_034w",16,1,"Austin","Kalamazoo","header","Kalamazoo","Austin","after score",,FALSE,,"Caleb Balderas kickoff 63 yards to the KC02, Lucas Hanifan return 17 yards to the KC19 (Sebastian Lored)."
"20250906_034w",28,1,"Austin","Kalamazoo","header","Kalamazoo","Austin","after score",,FALSE,,"Caleb Balderas kickoff 65 yards to the KC00, touchback."
"20250906_034w",53,2,"Kalamazoo","Austin","header","Austin","Kalamazoo","after score",,FALSE,,"Eddie Langton kickoff 55 yards to the AC10, Jermiah Johnson return 18 yards to the AC28 (Raymond Cargill)."
"20250906_034w",90,3,"Kalamazoo","Austin","header","Austin","Kalamazoo","second half: first-half receiver kicks",,FALSE,,"Eddie Langton kickoff 60 yards to the AC05, Jermiah Johnson return 19 yards to the AC24 (Raymond Cargill; Zach Sykes)."
"20250906_034w",110,3,"Kalamazoo","Austin","header","Austin","Kalamazoo","after score",,FALSE,,"Eddie Langton kickoff 54 yards to the AC11, Jermiah Johnson return 20 yards to the AC31 (Jermaine Callow)."
"20250906_09bx",1,1,"Wheaton (Ill.)","Mount Union","header","Mount Union","Wheaton (Ill.)","coin toss",,FALSE,,"Jesch,Mateo kickoff 59 yards to the MTU06 fair catch by Weaver,Lucas at MTU06."
"20250906_09bx",8,1,"Mount Union","Wheaton (Ill.)","header","Wheaton (Ill.)","Mount Union","after score",,FALSE,,"Rafferty,Connell kickoff 65 yards to the WHE00, Touchback."
"20250906_09bx",24,1,"Mount Union","Wheaton (Ill.)","header","Wheaton (Ill.)","Mount Union","after score",,FALSE,,"Rafferty,Connell kickoff 54 yards to the WHE11 Reeves,Eli return 38 yards to the WHE49 (Liebler,Zack)."
"20250906_09bx",30,1,"Wheaton (Ill.)","Mount Union","header","Mount Union","Wheaton (Ill.)","after score",,FALSE,,"Jesch,Mateo kickoff 65 yards to the MTU00, Touchback."
"20250906_09bx",40,1,"Mount Union","Wheaton (Ill.)","header","Wheaton (Ill.)","Mount Union","after score",,FALSE,,"Rafferty,Connell kickoff 60 yards to the WHE05 Reeves,Eli return 22 yards to the WHE27 (Krivosh,Timmy)."
"20250906_09bx",57,2,"Mount Union","Wheaton (Ill.)","header","Wheaton (Ill.)","Mount Union","after score",,FALSE,,"Rafferty,Connell kickoff 65 yards to the WHE00, Touchback."
"20250906_09bx",88,3,"Mount Union","Wheaton (Ill.)","header","Wheaton (Ill.)","Mount Union","coin toss",,FALSE,,"Maric,Ivan kickoff 64 yards to the WHE01 Reeves,Eli return 17 yards to the WHE18 (Adelman,Connor)."
"20250906_09bx",101,3,"Mount Union","Wheaton (Ill.)","header","Wheaton (Ill.)","Mount Union","after score",,FALSE,,"Maric,Ivan kickoff 63 yards to the WHE02 Reeves,Eli return 13 yards to the WHE15 (Krivosh,Timmy)."
"20250906_09bx",107,3,"Mount Union","Wheaton (Ill.)","header","Wheaton (Ill.)","Mount Union","after score",,FALSE,,"Rafferty,Connell kickoff 62 yards to the WHE03 Reeves,Eli return 22 yards to the WHE25 (Merchant,Jerry)."
"20250906_09bx",134,4,"Wheaton (Ill.)","Mount Union","header","Mount Union","Wheaton (Ill.)","after score",,FALSE,,"Jesch,Mateo kickoff 64 yards to the MTU01, out of bounds at MTU01."
"20250906_09bx",153,4,"Wheaton (Ill.)","Mount Union","kicker","Wheaton (Ill.)","Wheaton (Ill.)","after score",,TRUE,"kicker Jesch,Mateo is Wheaton (IL); was header (kicking Mount Union)","Jesch,Mateo onside kickoff 12 yards to the WHE47."
"20250906_09bx",161,4,"Wheaton (Ill.)","Mount Union","header","Mount Union","Wheaton (Ill.)","after score",,FALSE,,"Jesch,Mateo kickoff 57 yards to the MTU08 fair catch by Williams,Darnell at MTU08."
"20250906_10mp",1,1,"Beloit","Rockford","header","Rockford","Beloit","coin toss",,FALSE,,"Ladd,Ian kickoff 54 yards to the RU11 Key,William return 18 yards to the RU29 (Henderson,Elijah)."
"20250906_10mp",31,1,"Rockford","Beloit","header","Beloit","Rockford","after safety",,FALSE,,"Finnestad,Kaden kickoff 45 yards to the BC35 Floyd,Amani return 11 yards to the BC46 (Harris,Joshua; Hill,Matthew)."
"20250906_10mp",54,2,"Beloit","Rockford","header","Rockford","Beloit","after score",,FALSE,,"Ladd,Ian kickoff 50 yards to the RU15 Key,William return 17 yards to the RU32 (Guillaume,Jimmy), out of bounds."
"20250906_10mp",62,2,"Rockford","Beloit","header","Beloit","Rockford","after score",,FALSE,,"(05:03) Finnestad,Kaden kickoff 54 yards to the BC11 Floyd,Amani return 16 yards to the BC27 (Hernandez,Serge)."
"20250906_10mp",81,3,"Rockford","Beloit","header","Beloit","Rockford","coin toss",,FALSE,,"Finnestad,Kaden kickoff 59 yards to the BC06 Floyd,Amani return 63 yards to the RU31 (Graves,Isaiah)."
"20250906_10mp",89,3,"Beloit","Rockford","header","Rockford","Beloit","after score",,FALSE,,"Ladd,Ian kickoff 54 yards to the RU11 Key,William return 16 yards to the RU27 (Henderson,Elijah)."
"20250906_10mp",107,3,"Rockford","Beloit","header","Beloit","Rockford","after score",,FALSE,,"Finnestad,Kaden kickoff 41 yards to the BC24 Floyd,Amani return 0 yards to the BC24."
"20250906_10mp",157,4,"Beloit","Rockford","header","Rockford","Beloit","after score",,FALSE,,"Ladd,Ian kickoff 30 yards to the RU35, out of bounds at RU35."
"20250906_10mp",169,4,"Rockford","Beloit","header","Beloit","Rockford","after score","Beloit",FALSE,,"Finnestad,Kaden kickoff 55 yards to the BC10 Gist,Jayden return 16 yards to the BC26 fumbled by Gist,Jayden at BC26 forced by Moore,Zyion recovered by BC Gist,Jayden at BC26, End Of Play."
"20250906_1c8m",1,1,"William Paterson","Western Connecticut","header","Western Connecticut","William Paterson","coin toss",,FALSE,,"Davidson,Matt kickoff 43 yards to the WCONN22 Rouse,Tyler return 0 yards to the WCONN22."
"20250906_1c8m",18,1,"Western Connecticut","William Paterson","header","William Paterson","Western Connecticut","after score",,FALSE,,"Damboise,Gavin kickoff 57 yards to the WPI08 Epps,Nolan return 9 yards to the WPI17 (Johnson,Aarion)."
"20250906_1c8m",61,2,"Western Connecticut","William Paterson","header","William Paterson","Western Connecticut","after score",,FALSE,,"Damboise,Gavin kickoff 60 yards to the WPI05 Epps,Nolan return 45 yards to the WCONN50 (Damboise,Gavin)."
"20250906_1c8m",84,2,"William Paterson","Western Connecticut","header","Western Connecticut","William Paterson","after score",,FALSE,,"Davidson,Matt kickoff 39 yards to the WCONN26 Rouse,Tyler return 0 yards to the WCONN26, End Of Play."
"20250906_1c8m",88,3,"Western Connecticut","William Paterson","header","William Paterson","Western Connecticut","coin toss",,FALSE,,"Damboise,Gavin kickoff 65 yards to the WPI00, Touchback."
"20250906_1c8m",124,3,"William Paterson","Western Connecticut","header","Western Connecticut","William Paterson","after score",,FALSE,,"Davidson,Matt kickoff 35 yards to the WCONN30 Lagardere,Serge return for loss of 5 yards to the WCONN25 (Williams,Jordan)."
"20250906_1c8m",141,4,"Western Connecticut","William Paterson","header","William Paterson","Western Connecticut","after score",,FALSE,,"Damboise,Gavin kickoff 65 yards to the WPI00, Touchback."
"20250906_1c8m",180,4,"William Paterson","Western Connecticut","header","Western Connecticut","William Paterson","after score",,FALSE,,"Davidson,Matt onside kickoff 12 yards to the WPI47, End Of Play."
"20250906_1qeq",1,1,"Macalester","Grinnell","header","Grinnell","Macalester","coin toss",,FALSE,,"Wetherill,Andrew kickoff 53 yards to the GRN12 Johanson,Matthew return 15 yards to the GRN27, out of bounds at GRN27 PENALTY MAC Personal Foul 15 yards from GRN27 to GRN42."
"20250906_1qeq",23,1,"Macalester","Grinnell","header","Grinnell","Macalester","after score",,FALSE,,"Wetherill,Andrew kickoff 51 yards to the GRN14 Johanson,Matthew return 19 yards to the GRN33 (Jeppe,Dylan)."
"20250906_1qeq",55,2,"Macalester","Grinnell","header","Grinnell","Macalester","after safety",,FALSE,,"Wetherill,Andrew kickoff 51 yards to the GRN29 Johanson,Matthew return 10 yards to the GRN39 (Frechette,Andrew)."
"20250906_1qeq",84,3,"Grinnell","Macalester","header","Macalester","Grinnell","coin toss",,FALSE,,"Bortel,Ben kickoff 25 yards to the MAC40, out of bounds at MAC40."
"20250906_1qeq",94,3,"Macalester","Grinnell","header","Grinnell","Macalester","after score",,FALSE,,"Wetherill,Andrew kickoff 40 yards to the GRN25 Johanson,Matthew return 0 yards to the GRN25, End Of Play."
"20250906_1qeq",114,3,"Macalester","Grinnell","header","Grinnell","Macalester","after score",,FALSE,,"Wetherill,Andrew kickoff 40 yards to the GRN10 fair catch by Shen,Vincent at GRN10."
"20250906_1qeq",152,4,"Grinnell","Macalester","header","Macalester","Grinnell","after score",,FALSE,,"Bortel,Ben onside kickoff 14 yards to the GRN49, End Of Play."
"20250906_1qeq",157,4,"Grinnell","Macalester","header","Macalester","Grinnell","after score",,FALSE,,"Bortel,Ben kickoff 58 yards to the MAC07 Green,Jay return 42 yards to the MAC49 (Warren,Jake)."
"20250906_1qqy",1,1,"Eastern","Anna Maria","header","Anna Maria","Eastern","coin toss",,FALSE,,"Nolek,John kickoff 56 yards to the ANNA09 Phillipo,Anthony return 14 yards to the ANNA23 (Smith,Noriano)."
"20250906_1qqy",12,1,"Eastern","Anna Maria","header","Anna Maria","Eastern","after score",,FALSE,,"Nolek,John kickoff 55 yards to the ANNA10 Phillipo,Anthony return 0 yards to the ANNA10."
"20250906_1qqy",18,1,"Eastern","Anna Maria","header","Anna Maria","Eastern","after score",,FALSE,,"Nolek,John kickoff 57 yards to the ANNA08 Phillipo,Anthony return 25 yards to the ANNA33 (Campbell,Andrew)."
"20250906_1qqy",35,1,"Eastern","Anna Maria","header","Anna Maria","Eastern","after score",,FALSE,,"Nolek,John kickoff 64 yards to the ANNA01 Phillipo,Anthony return 22 yards to the ANNA23 (Jordan,Walka; Moody,Gashawn)."
"20250906_1qqy",56,2,"Eastern","Anna Maria","header","Anna Maria","Eastern","after score",,FALSE,,"Nolek,John kickoff 64 yards to the ANNA01 Thomas,Ka'Marion return 20 yards to the ANNA21 (Woodhouse,De'Shawn)."
"20250906_1qqy",83,3,"Anna Maria","Eastern","header","Eastern","Anna Maria","coin toss",,FALSE,,"Bangura,Abdul kickoff 61 yards to the EAST04 Rivera,Chris return 43 yards to the EAST47 (Arroyo,Brendan) PENALTY EAST Holding (Smith,Noriano) 10 yards from EAST39 to EAST29."
"20250906_1qqy",106,3,"Eastern","Anna Maria","header","Anna Maria","Eastern","after score",,FALSE,,"Nolek,John kickoff 60 yards to the ANNA05 Phillipo,Anthony return 20 yards to the ANNA25 (Woodhouse,De'Shawn; Wilson,Eric)."
"20250906_1qqy",123,3,"Eastern","Anna Maria","header","Anna Maria","Eastern","after score",,FALSE,,"Nolek,John kickoff 60 yards to the ANNA05 Reese,Adrian return 25 yards to the ANNA30 (Smith,Noriano)."
"20250906_1qqy",139,4,"Anna Maria","Eastern","header","Eastern","Anna Maria","after score",,FALSE,,"Bangura,Abdul kickoff 55 yards to the EAST10 Rivera,Chris return 38 yards to the EAST48 (Martin,Jacob)."
"20250906_1qqy",148,4,"Eastern","Anna Maria","header","Anna Maria","Eastern","after score",,FALSE,,"Nolek,John kickoff 55 yards to the ANNA10 Lee,Devin return 13 yards to the ANNA23 (Jordan,Walka; Jackson-Alston,Tahjere)."
"20250906_26ks",1,1,"Hampden-Sydney","Delaware Valley","header","Delaware Valley","Hampden-Sydney","coin toss",,FALSE,,"Webb,Hank kickoff 64 yards to the DVU01, out of bounds at DVU01."
"20250906_26ks",14,1,"Hampden-Sydney","Delaware Valley","header","Delaware Valley","Hampden-Sydney","after score",,FALSE,,"Webb,Hank kickoff 65 yards to the DVU00, Touchback."
"20250906_26ks",23,1,"Hampden-Sydney","Delaware Valley","header","Delaware Valley","Hampden-Sydney","after score",,FALSE,,"Webb,Hank kickoff 65 yards to the DVU00, Touchback."
"20250906_26ks",44,2,"Hampden-Sydney","Delaware Valley","header","Delaware Valley","Hampden-Sydney","after score",,FALSE,,"Webb,Hank kickoff 52 yards to the DVU13 Thompson,Kahir return 17 yards to the DVU30 (Bidou,Max), out of bounds."
"20250906_26ks",56,2,"Delaware Valley","Hampden-Sydney","header","Hampden-Sydney","Delaware Valley","after score",,FALSE,,"(08:54) Zinkevich,Tyler kickoff 30 yards to the HSC35, out of bounds at HSC35."
"20250906_26ks",67,2,"Delaware Valley","Hampden-Sydney","header","Hampden-Sydney","Delaware Valley","after score",,FALSE,,"(05:45) Zinkevich,Tyler kickoff 54 yards to the HSC11 Gonzalez,Joseph return 35 yards to the HSC46 (Zinkevich,Tyler), out of bounds."
"20250906_26ks",90,3,"Delaware Valley","Hampden-Sydney","fallback",,"Delaware Valley","coin toss",,FALSE,,"Zinkevich,Tyler kickoff 30 yards to the HSC35, out of bounds at HSC35."
"20250906_26ks",91,3,"Delaware Valley","Hampden-Sydney","header","Hampden-Sydney","Delaware Valley","re-kick",,FALSE,,"Zinkevich,Tyler kickoff 53 yards to the HSC17 Gonzalez,Joseph return 23 yards to the HSC40 (Webb,Tanner; Rodgers Jr.,Adam)."
"20250906_26ks",121,3,"Hampden-Sydney","Delaware Valley","header","Delaware Valley","Hampden-Sydney","after score",,FALSE,,"Webb,Hank kickoff 62 yards to the DVU03 Rufe,Alex return 25 yards to the DVU28 (Graves-Franklin,Markevus)."
"20250906_26ks",135,3,"Hampden-Sydney","Delaware Valley","override","Hampden-Sydney","Hampden-Sydney","after score","Hampden-Sydney",TRUE,,"(00:33) Webb,Hank kickoff 59 yards to the DVU06 Johnson,Jahaire return 31 yards to the DVU35 fumbled by Johnson,Jahaire at DVU35 recovered by HSC Ladamus,Mitch at DVU37, End Of Play."
"20250906_26ks",164,4,"Hampden-Sydney","Delaware Valley","header","Delaware Valley","Hampden-Sydney","after score",,FALSE,,"Webb,Hank kickoff 65 yards to the DVU00, Touchback."
"20250906_29l4",1,1,"East Texas Baptist","Lyon","header","Lyon","East Texas Baptist","coin toss",,FALSE,,"White,Mitchell kickoff 60 yards to the LC05 Williams,Javarion return 18 yards to the LC23 (White,Mitchell)."
"20250906_29l4",20,1,"Lyon","East Texas Baptist","header","East Texas Baptist","Lyon","after score",,FALSE,,"Romero-Castillo,Jesus kickoff 60 yards to the ETBU05, out of bounds at ETBU05."
"20250906_29l4",31,1,"East Texas Baptist","Lyon","header","Lyon","East Texas Baptist","after score",,FALSE,,"White,Mitchell kickoff 63 yards to the LC02 Calhoun,Louis return 18 yards to the LC20 (Crain,Cullen)."
"20250906_29l4",51,2,"East Texas Baptist","Lyon","header","Lyon","East Texas Baptist","after score",,FALSE,,"White,Mitchell kickoff 61 yards to the LC04 Calhoun,Louis return 17 yards to the LC21 (Bouldwin,Davion)."
"20250906_29l4",65,2,"East Texas Baptist","Lyon","fallback",,"East Texas Baptist","after score",,FALSE,,"White,Mitchell kickoff 65 yards to the LC00, Touchback PENALTY ETBU UNS: Unsportsmanlike Conduct offsetting LC UNS: Unsportsmanlike Conduct offsetting. NO PLAY."
"20250906_29l4",66,2,"East Texas Baptist","Lyon","header","Lyon","East Texas Baptist","re-kick",,FALSE,,"White,Mitchell kickoff 65 yards to the LC00, Touchback."
"20250906_29l4",88,2,"East Texas Baptist","Lyon","header","Lyon","East Texas Baptist","after score",,FALSE,,"White,Mitchell kickoff 62 yards to the LC03 Williams,Javarion return 23 yards to the LC26 (Morrow,Kylevon)."
"20250906_29l4",90,3,"Lyon","East Texas Baptist","header","East Texas Baptist","Lyon","coin toss",,FALSE,,"Romero-Castillo,Jesus kickoff 65 yards to the ETBU00 Qualls,Justin return 27 yards to the ETBU27 (Romero-Castillo,Jesus)."
"20250906_29l4",98,3,"East Texas Baptist","Lyon","header","Lyon","East Texas Baptist","after score",,FALSE,,"White,Mitchell kickoff 60 yards to the LC05 Williams,Javarion return 13 yards to the LC18 (Corbin,Kyree)."
"20250906_29l4",115,3,"East Texas Baptist","Lyon","header","Lyon","East Texas Baptist","after score",,FALSE,,"Hernandez,Aidan kickoff 52 yards to the LC13 Williams,Javarion return 12 yards to the LC25 (Bouldwin,Davion)."
"20250906_29l4",128,3,"East Texas Baptist","Lyon","header","Lyon","East Texas Baptist","after score",,FALSE,,"White,Mitchell kickoff 62 yards to the LC03 fair catch by Calhoun,Louis at LC03."
"20250906_29l4",164,4,"East Texas Baptist","Lyon","header","Lyon","East Texas Baptist","after score",,FALSE,,"Hernandez,Aidan kickoff 53 yards to the LC12 Herring,Kingston return 4 yards to the LC16 (Morrow,Kylevon)."
"20250906_2lhd",1,1,"Mount St. Joseph","Muskingum","header","Muskingum","Mount St. Joseph","coin toss",,FALSE,,"Spencer,Maxwell kickoff 33 yards to the Musk32 Gore,Christopher return 0 yards to the Musk32 (Decker,Logan; James,Zion)."
"20250906_2lhd",20,1,"Muskingum","Mount St. Joseph","header","Mount St. Joseph","Muskingum","after score",,FALSE,,"Ortega,Aaron kickoff 65 yards to the MSJ00, Touchback."
"20250906_2lhd",38,1,"Mount St. Joseph","Muskingum","header","Muskingum","Mount St. Joseph","after score",,FALSE,,"Spencer,Maxwell kickoff 58 yards to the Musk07 Gore,Christopher return 26 yards to the Musk33 (James,Zion)."
"20250906_2lhd",47,2,"Muskingum","Mount St. Joseph","header","Mount St. Joseph","Muskingum","after score",,FALSE,,"Ortega,Aaron kickoff 63 yards to the MSJ02 Aston,Eli return 34 yards to the MSJ36 (Vecchiarelli,Luciano)."
"20250906_2lhd",55,2,"Mount St. Joseph","Muskingum","header","Muskingum","Mount St. Joseph","after score",,FALSE,,"Spencer,Maxwell kickoff 53 yards to the Musk12 Gore,Christopher return 38 yards to the Musk50 (Pierce,Brady)."
"20250906_2lhd",70,2,"Mount St. Joseph","Muskingum","header","Muskingum","Mount St. Joseph","after score",,FALSE,,"Spencer,Maxwell kickoff 58 yards to the Musk07 Gore,Christopher return 18 yards to the Musk25 (Hoskins,DaShaun)."
"20250906_2lhd",89,2,"Mount St. Joseph","Muskingum","fallback",,"Mount St. Joseph","after score",,FALSE,,"Spencer,Maxwell kickoff 46 yards to the Musk19 Gore,Christopher return 18 yards to the Musk37 (Fortkamp,Luke) PENALTY Musk Illegal Block in Back declined."
"20250906_2lhd",90,3,"Muskingum","Mount St. Joseph","header","Mount St. Joseph","Muskingum","coin toss",,FALSE,,"Ortega,Aaron kickoff 60 yards to the MSJ05 Hunkus,Michael return 22 yards to the MSJ27 (Pegram,Malik)."
"20250906_2lhd",112,3,"Mount St. Joseph","Muskingum","header","Muskingum","Mount St. Joseph","after score",,FALSE,,"Spencer,Maxwell kickoff 60 yards to the Musk05 Gore,Christopher return 18 yards to the Musk23 (Napier,Steven)."
"20250906_2lhd",129,3,"Muskingum","Mount St. Joseph","header","Mount St. Joseph","Muskingum","after score",,FALSE,,"Ortega,Aaron kickoff 60 yards to the MSJ05 Hunkus,Michael return 23 yards to the MSJ28 (Lofland,Asante)."
"20250906_2lhd",145,4,"Mount St. Joseph","Muskingum","header","Muskingum","Mount St. Joseph","after score",,FALSE,,"Spencer,Maxwell kickoff 56 yards to the Musk09 Singleton,Christopher return 12 yards to the Musk21 (Paff,Luke)."
"20250906_2lhd",164,4,"Muskingum","Mount St. Joseph","header","Mount St. Joseph","Muskingum","after score",,FALSE,,"Ortega,Aaron kickoff 57 yards to the MSJ08, out of bounds at MSJ08."
"20250906_2q6t",1,1,"Maryville (Tenn.)","Hendrix","header","Hendrix","Maryville (Tenn.)","coin toss",,FALSE,,"Pinkston,Luke kickoff 55 yards to the HDX10 Brown,Zylan return 26 yards to the HDX36 (Berven,Jacob), out of bounds."
"20250906_2q6t",15,1,"Hendrix","Maryville (Tenn.)","header","Maryville (Tenn.)","Hendrix","after score",,FALSE,,"Gil,Joshua kickoff 60 yards to the MCS05 Abner,Jermaine return 33 yards to the MCS38 (Baker,Marcus)."
"20250906_2q6t",24,1,"Maryville (Tenn.)","Hendrix","header","Hendrix","Maryville (Tenn.)","after score",,FALSE,,"Pinkston,Luke kickoff 60 yards to the HDX05 Brown,Zylan return 19 yards to the HDX24 (Ferguson,Tyler)."
"20250906_2q6t",64,2,"Maryville (Tenn.)","Hendrix","header","Hendrix","Maryville (Tenn.)","after score",,FALSE,,"Pinkston,Luke kickoff 62 yards to the HDX03, out of bounds at HDX03."
"20250906_2q6t",80,3,"Hendrix","Maryville (Tenn.)","header","Maryville (Tenn.)","Hendrix","coin toss",,FALSE,,"Gil,Joshua kickoff 41 yards to the MCS24 McCullough,Jalen return 6 yards to the MCS30 (Smith,Wesley)."
"20250906_2q6t",89,3,"Maryville (Tenn.)","Hendrix","header","Hendrix","Maryville (Tenn.)","after score",,FALSE,,"Pinkston,Luke kickoff 59 yards to the HDX06 Brown,Zylan return 19 yards to the HDX25 (Covert,Matthew)."
"20250906_2q6t",98,3,"Hendrix","Maryville (Tenn.)","header","Maryville (Tenn.)","Hendrix","after score",,FALSE,,"Gil,Joshua kickoff 41 yards to the MCS24 McCullough,Jalen return 1 yard to the MCS25 (Maxwell,Ryan)."
"20250906_2q6t",106,3,"Maryville (Tenn.)","Hendrix","header","Hendrix","Maryville (Tenn.)","after score",,FALSE,,"Pinkston,Luke kickoff 65 yards to the HDX00, Touchback."
"20250906_2q6t",123,4,"Maryville (Tenn.)","Hendrix","header","Hendrix","Maryville (Tenn.)","after score",,FALSE,,"Pinkston,Luke kickoff 62 yards to the HDX03 Kim,Jaedin return 10 yards to the HDX13 (Ferguson,Tyler)."
"20250906_2q6t",130,4,"Maryville (Tenn.)","Hendrix","header","Hendrix","Maryville (Tenn.)","after score",,FALSE,,"Pinkston,Luke kickoff 55 yards to the HDX10 Brown,Zylan return 17 yards to the HDX27 (Berven,Jacob)."
"20250906_2yy3",1,1,"Apprentice","Southern Virginia","header","Southern Virginia","Apprentice","coin toss",,FALSE,,"Eastman,Logan kickoff 59 yards to the SVU06 Leo,Steven return 33 yards to the SVU39 (Messe,Colby)."
"20250906_2yy3",10,1,"Southern Virginia","Apprentice","fallback",,"Southern Virginia","after score",,FALSE,,"(12:13) DuPaix,Scott kickoff 0 yards to the SVU35 PENALTY SVU Delay Of Game (DuPaix,Scott) 5 yards from SVU35 to SVU30. NO PLAY."
"20250906_2yy3",11,1,"Southern Virginia","Apprentice","header","Apprentice","Southern Virginia","re-kick",,FALSE,,"DuPaix,Scott kickoff 55 yards to the APP15 Green,Baker return 17 yards to the APP32 (Hanson,Cade)."
"20250906_2yy3",52,2,"Apprentice","Southern Virginia","header","Southern Virginia","Apprentice","after score",,FALSE,,"Eastman,Logan kickoff 63 yards to the SVU02 Leo,Steven return 46 yards to the SVU48 (Burse,Jerrell)."
"20250906_2yy3",60,2,"Southern Virginia","Apprentice","header","Apprentice","Southern Virginia","after score",,FALSE,,"DuPaix,Scott kickoff 57 yards to the APP08 Green,Baker return 9 yards to the APP17 (Kroeger,Joseph; Pese,Scott)."
"20250906_2yy3",85,3,"Southern Virginia","Apprentice","header","Apprentice","Southern Virginia","coin toss",,FALSE,,"DuPaix,Scott kickoff 54 yards to the APP11 Green,Baker return 13 yards to the APP24 (Talley,Tyrek)."
"20250906_2yy3",106,3,"Southern Virginia","Apprentice","header","Apprentice","Southern Virginia","after score",,FALSE,,"DuPaix,Scott kickoff 58 yards to the APP07 Green,Baker return 22 yards to the APP29 (Pese,Scott)."
"20250906_2yy3",120,3,"Southern Virginia","Apprentice","header","Apprentice","Southern Virginia","after score",,FALSE,,"(01:46) DuPaix,Scott kickoff 56 yards to the APP09 Hicks,Alvin return 42 yards to the SVU49 (DuPaix,Scott) PENALTY SVU UNR: Unnecessary Roughness (Bosco,Dominic) 15 yards from SVU49 to SVU34."
"20250906_35p9",1,1,"Loras","Hope","header","Hope","Loras","coin toss",,FALSE,,"Muntz,Ephram kickoff 41 yards to the HC 24 Goldie,Jack return 12 yards to the HC 36 (Simpson,Charlie; Rodriguez,Brian)."
"20250906_35p9",9,1,"Hope","Loras","header","Loras","Hope","after score",,FALSE,,"Balkon,Caden kickoff 47 yards to the LOR18 Oster,Isaac return 16 yards to the LOR34 (Clinger,Caleb; Debri,Bryce)."
"20250906_35p9",33,1,"Hope","Loras","header","Loras","Hope","after score",,FALSE,,"Balkon,Caden kickoff 47 yards to the LOR18 Broshous,Ian return 7 yards to the LOR25 (Vis,Nolan)."
"20250906_35p9",43,1,"Hope","Loras","header","Loras","Hope","after score",,FALSE,,"Balkon,Caden kickoff 65 yards to the LOR00, Touchback."
"20250906_35p9",68,2,"Hope","Loras","header","Loras","Hope","after score",,FALSE,,"Balkon,Caden kickoff 61 yards to the LOR04 Oster,Isaac return 20 yards to the LOR24 (Vis,Nolan)."
"20250906_35p9",81,2,"Hope","Loras","header","Loras","Hope","after score",,FALSE,,"Balkon,Caden kickoff 56 yards to the LOR09 Oster,Isaac return 22 yards to the LOR31 (Gougis,Mason; Phipps,Easton)."
"20250906_35p9",90,2,"Hope","Loras","fallback",,"Hope","after score",,FALSE,,"Balkon,Caden kickoff 55 yards to the LOR10 Oster,Isaac return 30 yards to the LOR40 (Clinger,Caleb), out of bounds."
"20250906_35p9",91,3,"Hope","Loras","header","Loras","Hope","coin toss",,FALSE,,"Balkon,Caden kickoff 58 yards to the LOR07 Oster,Isaac return 22 yards to the LOR29 (Zbytowski,Gavin) PENALTY LOR Holding (Mullens,Parker) 10 yards from LOR29 to LOR19."
"20250906_35p9",132,3,"Hope","Loras","header","Loras","Hope","after score",,FALSE,,"Balkon,Caden kickoff 65 yards to the LOR00 Oster,Isaac return 18 yards to the LOR18 (Phipps,Easton)."
"20250906_35p9",142,3,"Hope","Loras","header","Loras","Hope","after score",,FALSE,,"Balkon,Caden kickoff 62 yards to the LOR03 Oster,Isaac return 47 yards to the HC 50 (Clinger,Caleb)."
"20250906_35p9",175,4,"Hope","Loras","header","Loras","Hope","after score",,FALSE,,"Klein,Daniel kickoff 55 yards to the LOR10 Broshous,Ian return 18 yards to the LOR28 (Gougis,Mason)."
"20250906_3f7l",1,1,"Mary Hardin-Baylor","Bethel (Tenn.)","header","Bethel (Tenn.)","Mary Hardin-Baylor","coin toss",,FALSE,,"Granger,Gibson kickoff 59 yards to the BETHEL06 Pressey,Jayden return 18 yards to the BETHEL24 (Battle III,Dominick)."
"20250906_3f7l",14,1,"Bethel (Tenn.)","Mary Hardin-Baylor","header","Mary Hardin-Baylor","Bethel (Tenn.)","after score",,FALSE,,"Roditis,Stafford kickoff 45 yards to the UMHB20 Woods,Tyler return 17 yards to the UMHB37 (Gibson,Jakobe)."
"20250906_3f7l",51,2,"Bethel (Tenn.)","Mary Hardin-Baylor","header","Mary Hardin-Baylor",,"after score",,FALSE,,"Roditis,Stafford kickoff 58 yards to the UMHB07 fair catch by Stewart,BJ at UMHB07."
"20250906_3f7l",60,2,"Mary Hardin-Baylor","Bethel (Tenn.)","header","Bethel (Tenn.)","Mary Hardin-Baylor","after score",,FALSE,,"Gardner,Caleb kickoff 59 yards to the BETHEL06 Pressey,Jayden return 49 yards to the UMHB45 (Drinkard,Deion)."
"20250906_3f7l",66,2,"Mary Hardin-Baylor","Bethel (Tenn.)","header","Bethel (Tenn.)","Mary Hardin-Baylor","after score",,FALSE,,"Gardner,Caleb kickoff 49 yards to the BETHEL16 Pressey,Jayden return 13 yards to the BETHEL29 (Drinkard,Deion), out of bounds PENALTY BETHEL Holding (Powell,Clay) 10 yards from BETHEL26 to BETHEL16."
"20250906_3f7l",81,2,"Bethel (Tenn.)","Mary Hardin-Baylor","header","Mary Hardin-Baylor","Bethel (Tenn.)","after score",,FALSE,,"Roditis,Stafford kickoff 58 yards to the UMHB07 Stewart,BJ return 40 yards to the UMHB47 (Russell,Alonzo; Roditis,Stafford), out of bounds."
"20250906_3f7l",93,3,"Bethel (Tenn.)","Mary Hardin-Baylor","header","Mary Hardin-Baylor","Bethel (Tenn.)","coin toss",,FALSE,,"Clutch,Zachary kickoff 55 yards to the UMHB10 Vidal,Luke return 20 yards to the UMHB30 (Butler,Nick)."
"20250906_3f7l",96,3,"Mary Hardin-Baylor","Bethel (Tenn.)","header","Bethel (Tenn.)","Mary Hardin-Baylor","after score",,FALSE,,"Gardner,Caleb kickoff 55 yards to the BETHEL10 Smith,Skylan return 18 yards to the BETHEL28 (Carter,Scooby)."
"20250906_3f7l",112,3,"Mary Hardin-Baylor","Bethel (Tenn.)","header","Bethel (Tenn.)","Mary Hardin-Baylor","after score","Bethel (Tenn.)",FALSE,,"Gardner,Caleb kickoff 56 yards to the BETHEL09 Smith,Skylan return 7 yards to the BETHEL09 fumbled by Smith,Skylan at BETHEL09 recovered by BETHEL Pressey,Jayden at BETHEL16 (Carter,Scooby)."
"20250906_3f7l",172,4,"Bethel (Tenn.)","Mary Hardin-Baylor","header","Mary Hardin-Baylor","Bethel (Tenn.)","after score",,FALSE,,"Clutch,Zachary kickoff 58 yards to the UMHB07 fair catch by Stewart,BJ at UMHB07."
"20250906_3hu1",1,1,,,"fallback",,,,,FALSE,"could not determine kicking team","FDU-Florham wins toss and will kickoff; SJF will defend East end-zone."
"20250906_3hu1",2,1,"FDU-Florham","St. John Fisher","header","St. John Fisher",,"re-kick",,FALSE,,"Poole-Morgan,Ian kickoff 30 yards to the SJF35, out of bounds at SJF35."
"20250906_3hu1",52,2,"St. John Fisher","FDU-Florham","header","FDU-Florham","St. John Fisher","after score",,FALSE,,"Warner,Cooper kickoff 55 yards to the FDU10 Tavares,Elijah return 20 yards to the FDU30 (Miller,Alex; Parliament,Nate)."
"20250906_3hu1",73,2,"St. John Fisher","FDU-Florham","fallback",,"St. John Fisher","after score",,FALSE,,"Warner,Cooper kickoff 0 yards to the SJF35 PENALTY FDU Illegal Substitution declined."
"20250906_3hu1",74,2,"St. John Fisher","FDU-Florham","header","FDU-Florham","St. John Fisher","re-kick",,FALSE,,"Warner,Cooper kickoff 54 yards to the FDU11 Tavares,Elijah return 16 yards to the FDU27 (Ross,Ryan)."
"20250906_3hu1",77,2,"St. John Fisher","FDU-Florham","header","FDU-Florham","St. John Fisher","after score",,FALSE,,"Warner,Cooper kickoff 63 yards to the FDU02 Tavares,Elijah return 30 yards to the FDU32 (Miller,Alex)."
"20250906_3hu1",89,3,"St. John Fisher","FDU-Florham","fallback",,"St. John Fisher","second half: first-half receiver kicks",,FALSE,,"SJF will kickoff; FDU will defend West end-zone."
"20250906_3hu1",90,3,"St. John Fisher","FDU-Florham","header","FDU-Florham","St. John Fisher","re-kick",,FALSE,,"Warner,Cooper kickoff 54 yards to the FDU11 Tavares,Elijah return 15 yards to the FDU26 (Conger,Garrett)."
"20250906_41ka",1,1,"Linfield","UW-Oshkosh","header","UW-Oshkosh",,,,FALSE,,"Shields, Kooper kickoff 65 yards to the UWO0, touchback."
"20250906_41ka",20,1,"UW-Oshkosh","Linfield","header","Linfield","UW-Oshkosh","after score",,FALSE,,"Borges,Dominic kickoff 58 yards to the LIN7, Crenshaw, Brady return 27 yards to the LIN34, out-of-bounds (Goff,Jonathan)."
"20250906_41ka",39,1,"UW-Oshkosh","Linfield","header","Linfield","UW-Oshkosh","after score",,FALSE,,"Borges,Dominic kickoff 55 yards to the LIN10, Bareng, Jayce return 27 yards to the LIN37 (Murry,Javon;Brooks,Kaleb)."
"20250906_41ka",52,2,"Linfield","UW-Oshkosh","header","UW-Oshkosh","Linfield","after score",,FALSE,,"Livingston kickoff 58 yards to the UWO7, Little,Londyn return 24 yards to the UWO31 (Thompson,J.J.)."
"20250906_41ka",63,2,"UW-Oshkosh","Linfield","header","Linfield","UW-Oshkosh","after score",,FALSE,,"Borges,Dominic kickoff 50 yards to the LIN15, Bareng, Jayce return 12 yards to the LIN27, out-of-bounds (Curry,Eli)."
"20250906_41ka",85,2,"UW-Oshkosh","Linfield","header","Linfield","UW-Oshkosh","after score",,FALSE,,"Borges,Dominic kickoff 39 yards to the LIN26, Gray, Reid return 2 yards to the LIN28, out-of-bounds."
"20250906_41ka",87,3,"UW-Oshkosh","Linfield","header","Linfield","UW-Oshkosh","second half: first-half receiver kicks",,FALSE,,"Borges,Dominic kickoff 45 yards to the LIN20, Lambkin, Shavar return 11 yards to the LIN31 (Brooks,Kaleb)."
"20250906_41ka",109,3,"UW-Oshkosh","Linfield","header","Linfield","UW-Oshkosh","after score",,FALSE,,"Borges,Dominic kickoff 52 yards to the LIN13, Lambkin, Shavar return 33 yards to the LIN46, out-of-bounds."
"20250906_41ka",140,4,"Linfield","UW-Oshkosh","header","UW-Oshkosh","Linfield","after score",,FALSE,,"Livingston kickoff 7 yards to the LIN42."
"20250906_41ka",151,4,"UW-Oshkosh","Linfield","header","Linfield","UW-Oshkosh","after score",,FALSE,,"Borges,Dominic kickoff 57 yards to the LIN8, Lambkin, Shavar return 30 yards to the LIN38 (Goff,Jonathan;Manders,Bryce)."
"20250906_45l3",1,1,"Hilbert","St. Vincent","header","St. Vincent",,,,FALSE,,"Hunter Covingto kickoff 30 yards to the SVC35, downed."
"20250906_45l3",21,1,"St. Vincent","Hilbert","header","Hilbert","St. Vincent","after score",,FALSE,,"Justin Emeigh kickoff 49 yards to the HIL16, Jareese Gaines return 10 yards to the HIL26 (Jake Hostetler; Jaydon Fischer)."
"20250906_45l3",42,2,"St. Vincent","Hilbert","header","Hilbert","St. Vincent","after score",,FALSE,,"Justin Emeigh kickoff 49 yards to the HIL16, Jareese Gaines return 24 yards to the HIL40 (Isaiah Sosak)."
"20250906_45l3",57,2,"Hilbert","St. Vincent","header","St. Vincent","Hilbert","after score",,FALSE,,"Hunter Covingto kickoff 48 yards to the SVC17, Kyle Murray return 12 yards to the SVC29 (Damonte Malone; Kooper Aiken)."
"20250906_45l3",81,3,"St. Vincent","Hilbert","header","Hilbert","St. Vincent","second half: first-half receiver kicks",,FALSE,,"Justin Emeigh kickoff 50 yards to the HIL15, Jareese Gaines return 21 yards to the HIL36 (Devon Dean-Cole; Jonathan Puddie)."
"20250906_45l3",113,3,"St. Vincent","Hilbert","header","Hilbert","St. Vincent","after score",,FALSE,,"Justin Emeigh kickoff 56 yards to the HIL09, Jareese Gaines return 15 yards to the HIL24 (Robbie Labuda)."
"20250906_45l3",124,4,"St. Vincent","Hilbert","header","Hilbert","St. Vincent","after score",,FALSE,,"Justin Emeigh kickoff 58 yards to the HIL07, Jareese Gaines return 17 yards to the HIL24 (Isaiah Sosak)."
"20250906_5qby",1,1,"Johns Hopkins","Ithaca","header","Ithaca","Johns Hopkins","coin toss",,FALSE,,"Wayt,Kaleb kickoff 65 yards to the ITH00 Mestre,Anthony return 18 yards to the ITH18 (Hallal,David)."
"20250906_5qby",23,1,"Johns Hopkins","Ithaca","header","Ithaca","Johns Hopkins","after score",,FALSE,,"Wayt,Kaleb kickoff 58 yards to the ITH07 Mestre,Anthony return 18 yards to the ITH25 (Olson,Sawyer; Bechtle,John)."
"20250906_5qby",39,2,"Johns Hopkins","Ithaca","header","Ithaca","Johns Hopkins","after score",,FALSE,,"Wayt,Kaleb kickoff 49 yards to the ITH01 Mestre,Anthony return 21 yards to the ITH22 (Stone,Zack)."
"20250906_5qby",53,2,"Johns Hopkins","Ithaca","header","Ithaca","Johns Hopkins","after score",,FALSE,,"Wayt,Kaleb kickoff 57 yards to the ITH08 Mestre,Anthony return 26 yards to the ITH34 (Dasilva,Tyler)."
"20250906_5qby",70,2,"Johns Hopkins","Ithaca","header","Ithaca","Johns Hopkins","after score",,FALSE,,"Wayt,Kaleb kickoff 63 yards to the ITH02 Mestre,Anthony return 25 yards to the ITH27 (Bojorquez,Brock; Moustakas,Atticus)."
"20250906_5qby",81,3,"Ithaca","Johns Hopkins","header","Johns Hopkins","Ithaca","coin toss",,FALSE,,"Savino,Luke kickoff 65 yards to the JHU00 Moore,Josh return 20 yards to the JHU20 (Green,Jake; Scordato,Will)."
"20250906_5qby",98,3,"Johns Hopkins","Ithaca","header","Ithaca","Johns Hopkins","after score",,FALSE,,"Wayt,Kaleb kickoff 53 yards to the ITH12 Taylor,Ahmad return 13 yards to the ITH25 (Scully,Justin)."
"20250906_5qby",114,3,"Ithaca","Johns Hopkins","header","Johns Hopkins","Ithaca","after score",,FALSE,,"Savino,Luke kickoff 64 yards to the JHU01 Moore,Josh return 15 yards to the JHU16 (Tobia,Pierson; Scordato,Will)."
"20250906_5qby",132,4,"Johns Hopkins","Ithaca","header","Ithaca","Johns Hopkins","after score",,FALSE,,"Wayt,Kaleb kickoff 65 yards to the ITH00 Mestre,Anthony return 21 yards to the ITH21 (Pion,Jacob; Moustakas,Atticus)."
"20250906_5qby",151,4,"Ithaca","Johns Hopkins","header","Johns Hopkins","Ithaca","after score",,FALSE,,"Savino,Luke kickoff 61 yards to the JHU04 fair catch by Moore,Josh at JHU04."
"20250906_5t3v",1,1,"Wooster","Wilmington","header","Wilmington","Wooster","coin toss",,FALSE,,"Hendricks,Nolan kickoff 50 yards to the WILM15 Sanon,De'Anta return 17 yards to the WILM32 (Stewart,Elijah)."
"20250906_5t3v",30,1,"Wilmington","Wooster","header","Wooster","Wilmington","after score",,FALSE,,"Marx,Camden kickoff 65 yards to the WOOSTE00 Cunningham,Damion return 39 yards to the WOOSTE39 (Marx,Camden)."
"20250906_5t3v",48,2,"Wilmington","Wooster","header","Wooster","Wilmington","after score",,FALSE,,"Marx,Camden kickoff 59 yards to the WOOSTE06 Lindsay,Louie return 23 yards to the WOOSTE29 (Williams,Ethan; Gregory,Tyler)."
"20250906_5t3v",58,2,"Wilmington","Wooster","header","Wooster","Wilmington","after score",,FALSE,,"Marx,Camden kickoff 42 yards to the WOOSTE23 Parker,David return 18 yards to the WOOSTE41 (Nemeth,Nathan)."
"20250906_5t3v",71,2,"Wilmington","Wooster","header","Wooster","Wilmington","after score",,FALSE,,"Marx,Camden kickoff 55 yards to the WOOSTE10 Green,Ryker return 24 yards to the WOOSTE34 (Gregory,Tyler; Hamm,Ethan)."
"20250906_5t3v",74,2,"Wooster","Wilmington","header","Wilmington","Wooster","after score",,FALSE,,"Hendricks,Nolan kickoff 57 yards to the WILM08 Sanon,De'Anta return 60 yards to the WOOSTE32 (Cunningham,Damion), out of bounds."
"20250906_5t3v",80,2,"Wilmington","Wooster","header","Wooster","Wilmington","after score",,FALSE,,"Marx,Camden kickoff 62 yards to the WOOSTE03, out of bounds at WOOSTE03."
"20250906_5t3v",89,2,"Wooster","Wilmington","fallback",,"Wooster","after score",,FALSE,,"Hendricks,Nolan kickoff 42 yards to the WILM23 Story,Darryl return 77 yards to the WOOSTE00 TOUCHDOWN, clock 00:30."
"20250906_5t3v",91,2,"Wilmington","Wooster","header","Wooster","Wooster","after score",,FALSE,"header says Wooster receives; context (after score) says Wooster kicks","Marx,Camden kickoff 44 yards to the WOOSTE21 Parker,David return 27 yards to the WOOSTE48 (Nemeth,Nathan; Morrow,Nick), out of bounds PENALTY WILM Illegal Motion declined."
"20250906_5t3v",98,3,"Wilmington","Wooster","header","Wooster","Wilmington","coin toss",,FALSE,,"Marx,Camden kickoff 36 yards to the WOOSTE29 Green,Ryker return 1 yard to the WOOSTE30, out of bounds at WOOSTE30."
"20250906_5t3v",105,3,"Wooster","Wilmington","header","Wilmington","Wooster","after score",,FALSE,,"Hendricks,Nolan kickoff 55 yards to the WILM10 Smith,Kai return 20 yards to the WILM30 (McDonald,Trey) PENALTY WILM Personal Foul (Nemeth,Nathan) 7 yards from WILM14 to WILM07."
"20250906_5t3v",124,3,"Wilmington","Wooster","header","Wooster","Wilmington","after score",,FALSE,,"Marx,Camden kickoff 61 yards to the WOOSTE04 Bennett,Chance return 22 yards to the WOOSTE26 (Stout,Bryce)."
"20250906_5t3v",144,4,"Wilmington","Wooster","fallback",,"Wilmington","after score",,FALSE,,"Marx,Camden kickoff 37 yards to the WOOSTE28, out of bounds at WOOSTE28."
"20250906_5t3v",145,4,"Wilmington","Wooster","header","Wooster","Wilmington","re-kick",,FALSE,,"Marx,Camden kickoff 37 yards to the WOOSTE33 Cunningham,Damion return 17 yards to the WILM50, out of bounds at WILM50."
"20250906_5t3v",150,4,"Wooster","Wilmington","header","Wilmington","Wooster","after score",,FALSE,,"Hendricks,Nolan kickoff 51 yards to the WILM14 Logan,Xander return 16 yards to the WILM30 (Zelaya,Manny; Hicks Jr.,William)."
"20250906_5t3v",163,4,"Wilmington","Wooster","header","Wooster","Wilmington","after score",,FALSE,,"Marx,Camden kickoff 60 yards to the WOOSTE05 Cunningham,Damion return 17 yards to the WOOSTE22 (Nemeth,Nathan)."
"20250906_5u5q",1,1,"Waynesburg","John Carroll","header","John Carroll","Waynesburg","coin toss",,FALSE,,"Pinkerton,Drew kickoff 57 yards to the JCU08 Jones,Josh return 22 yards to the JCU30 (Stewart,Mutwali)."
"20250906_5u5q",12,1,"John Carroll","Waynesburg","header","Waynesburg","John Carroll","after score",,FALSE,,"Schuler,Colin kickoff 65 yards to the WAY00, Touchback."
"20250906_5u5q",30,1,"John Carroll","Waynesburg","header","Waynesburg","John Carroll","after score",,FALSE,,"Schuler,Colin kickoff 65 yards to the WAY00 Trout,Isaac return 34 yards to the WAY34 (LaCarte,Adam) PENALTY WAY Personal Foul offsetting JCU UNS: Unsportsmanlike Conduct offsetting."
"20250906_5u5q",45,2,"John Carroll","Waynesburg","header","Waynesburg","John Carroll","after score",,FALSE,,"Schuler,Colin kickoff 65 yards to the WAY00 Trout,Isaac return 17 yards to the WAY17 (Beiersdorf,Michael; Jenkins,Nemo)."
"20250906_5u5q",50,2,"Waynesburg","John Carroll","header","John Carroll","Waynesburg","after safety",,FALSE,,"Pinkerton,Drew kickoff 48 yards to the JCU32 Quimba,Javi return 19 yards to the WAY49 (Molter,Payton)."
"20250906_5u5q",59,2,"John Carroll","Waynesburg","header","Waynesburg","John Carroll","after score",,FALSE,,"Schuler,Colin kickoff 65 yards to the WAY00, Touchback."
"20250906_5u5q",65,2,"Waynesburg","John Carroll","header","John Carroll","Waynesburg","after safety","John Carroll",FALSE,,"Pinkerton,Drew kickoff 53 yards to the JCU27 Jones,Josh return 9 yards to the JCU39 fumbled by Jones,Josh at JCU39 forced by Polynice,Joanes recovered by JCU Jones,Josh at JCU36, End Of Play."
"20250906_5u5q",74,2,"John Carroll","Waynesburg","header","Waynesburg","John Carroll","after score",,FALSE,,"Schuler,Colin kickoff 65 yards to the WAY00, Touchback."
"20250906_5u5q",76,3,"John Carroll","Waynesburg","header","Waynesburg","John Carroll","coin toss",,FALSE,,"Schuler,Colin kickoff 65 yards to the WAY00, Touchback."
"20250906_5u5q",89,3,"Waynesburg","John Carroll","header","John Carroll","Waynesburg","after score",,FALSE,,"Pinkerton,Drew kickoff 56 yards to the JCU09 Jones,Josh return 13 yards to the JCU22 (Shriver,Carson; Cawley,Landon)."
"20250906_5u5q",102,3,"John Carroll","Waynesburg","header","Waynesburg","John Carroll","after score",,FALSE,,"Schuler,Colin kickoff 65 yards to the WAY00 Trout,Isaac return 19 yards to the WAY19 (Montgomery,Tyren; Quimba,Javi)."
"20250906_5u5q",119,4,"John Carroll","Waynesburg","header","Waynesburg","John Carroll","after score",,FALSE,,"Schuler,Colin kickoff 52 yards to the WAY13 Trout,Isaac return 14 yards to the WAY27 (Bates,Will)."
"20250906_5u5q",134,4,"Waynesburg","John Carroll","header","John Carroll","Waynesburg","after score",,FALSE,,"Pinkerton,Drew kickoff 63 yards to the JCU02 Jones,Josh return 18 yards to the JCU20 (Stewart,Mutwali; Jinyemiema,Precious)."
"20250906_616y",1,1,"Endicott","Misericordia","header","Misericordia","Endicott","coin toss",,FALSE,,"Stones,Garoid kickoff 53 yards to the MIS12 Whittaker,Jassan return 16 yards to the MIS28 (Silveria,Danny; Shannon,Will)."
"20250906_616y",17,1,"Endicott","Misericordia","header","Misericordia","Endicott","after score",,FALSE,,"Stones,Garoid kickoff 51 yards to the MIS14 Whittaker,Jassan return 16 yards to the MIS30 (Metayer,Bryan)."
"20250906_616y",56,2,"Endicott","Misericordia","header","Misericordia","Endicott","after score",,FALSE,,"Stones,Garoid kickoff 51 yards to the MIS14 Whittaker,Jassan return 9 yards to the MIS23 (Carrara,Joe)."
"20250906_616y",74,2,"Endicott","Misericordia","header","Misericordia","Endicott","after score",,FALSE,,"Stones,Garoid kickoff 61 yards to the MIS04 Whittaker,Jassan return 20 yards to the MIS24 (Carrara,Joe)."
"20250906_616y",82,3,"Misericordia","Endicott","header","Endicott","Misericordia","coin toss",,FALSE,,"McLaughlin,Connor kickoff 59 yards to the END06, out of bounds at END06."
"20250906_616y",87,3,"Endicott","Misericordia","header","Misericordia","Endicott","after score",,FALSE,,"Stones,Garoid kickoff 49 yards to the MIS16 Alston,Jordan return 16 yards to the MIS32 (Silveria,Danny; O'Brien,Michael)."
"20250906_616y",95,3,"Misericordia","Endicott","header","Endicott","Misericordia","after score",,FALSE,,"McLaughlin,Connor kickoff 65 yards to the END00, Touchback."
"20250906_616y",138,4,"Misericordia","Endicott","header","Endicott","Misericordia","after score",,FALSE,,"McLaughlin,Connor onside kickoff 10 yards to the MIS45, End Of Play."
"20250906_616y",147,4,"Endicott","Misericordia","header","Misericordia","Endicott","after score",,FALSE,,"Stones,Garoid kickoff 56 yards to the MIS09 Whittaker,Jassan return 19 yards to the MIS28 (Bachry,Mason; O'Driscoll,Finn)."
"20250906_616y",153,4,"Misericordia","Endicott","header","Endicott","Misericordia","after score",,FALSE,,"McLaughlin,Connor onside kickoff 10 yards to the MIS45, End Of Play."
"20250906_6mvd",1,1,"Carthage","Lakeland","header","Lakeland","Carthage","coin toss",,FALSE,,"Anderson,Jack kickoff 40 yards to the LAK25 Davis,Jayden return 16 yards to the LAK41 (Zuiderveen,William)."
"20250906_6mvd",9,1,"Lakeland","Carthage","header","Carthage","Lakeland","after score",,FALSE,,"Peliotes,Nathaniel kickoff 53 yards to the CAR12 Hill,Amarie return 28 yards to the CAR40 (Holombo,Cade)."
"20250906_6mvd",22,1,"Carthage","Lakeland","header","Lakeland","Carthage","after score",,FALSE,,"Anderson,Jack kickoff 61 yards to the LAK04 Banks,Zelmarious return 23 yards to the LAK27 (Anderson,Jack)."
"20250906_6mvd",26,1,"Lakeland","Carthage","header","Carthage","Lakeland","after score",,FALSE,,"Peliotes,Nathaniel kickoff 49 yards to the CAR16 Petrucci,Anthony return 15 yards to the CAR31 (Heitzmann,Zach)."
"20250906_6mvd",31,1,"Lakeland","Carthage","header","Carthage","Lakeland","after score",,FALSE,,"Peliotes,Nathaniel kickoff 46 yards to the CAR19 Hayes,Davion return 18 yards to the CAR37 (Grady,Thomas)."
"20250906_6mvd",59,2,"Carthage","Lakeland","header","Lakeland","Carthage","after score",,FALSE,,"Anderson,Jack kickoff 49 yards to the LAK16 Banks,Zelmarious return 0 yards to the LAK16 (Anderson,Jack), out of bounds."
"20250906_6mvd",64,2,"Lakeland","Carthage","header","Carthage","Lakeland","after safety",,FALSE,,"Peliotes,Nathaniel kickoff 50 yards to the CAR30 Hayes,Davion return 10 yards to the CAR40 (Heitzmann,Zach) PENALTY CAR Holding 10 yards from CAR40 to CAR30."
"20250906_6mvd",75,2,"Carthage","Lakeland","header","Lakeland","Carthage","after score",,FALSE,,"Anderson,Jack kickoff 55 yards to the LAK10 Rivers,Hassan return 22 yards to the LAK32 (Talamantez,Mariano), out of bounds."
"20250906_6mvd",88,3,"Lakeland","Carthage","header","Carthage","Lakeland","coin toss",,FALSE,,"Peliotes,Nathaniel kickoff 50 yards to the CAR15 Hayes,Davion return 24 yards to the CAR39 (Comer,Jakari)."
"20250906_6mvd",105,3,"Carthage","Lakeland","header","Lakeland","Carthage","after score",,FALSE,,"Anderson,Jack kickoff 53 yards to the LAK12 Rivers,Hassan return 18 yards to the LAK30 (Barnes,Jy'Lique)."
"20250906_6mvd",114,3,"Carthage","Lakeland","header","Lakeland","Carthage","after score",,FALSE,,"Anderson,Jack kickoff 54 yards to the LAK11 Banks,Zelmarious return 19 yards to the LAK30 (Barnes,Jy'Lique)."
"20250906_6mvd",123,3,"Carthage","Lakeland","header","Lakeland","Carthage","after score",,FALSE,,"(04:49) Anderson,Jack kickoff 56 yards to the LAK09 Banks,Zelmarious return 23 yards to the LAK32, out of bounds at LAK32."
"20250906_6mvd",144,4,"Lakeland","Carthage","header","Carthage","Lakeland","after score",,FALSE,,"(13:21) Peliotes,Nathaniel kickoff 50 yards to the CAR15 Hunter,Mark return 14 yards to the CAR29 (McKelton,Isaiah)."
"20250906_6mvd",156,4,"Carthage","Lakeland","header","Lakeland","Carthage","after score",,FALSE,,"Anderson,Jack kickoff 50 yards to the LAK15 Banks,Zelmarious return 22 yards to the LAK37 (Alexander,Austin)."
"20250906_6mvd",183,4,"Lakeland","Carthage","header","Carthage","Lakeland","after score",,FALSE,,"Peliotes,Nathaniel kickoff 23 yards to the LAK43 Betts,Gavin return 0 yards to the LAK43."
"20250906_70fv",1,1,"Coast Guard","University of New England","header","University of New England","Coast Guard","coin toss",,FALSE,,"Bates,Connor kickoff 60 yards to the UNE05 fair catch by Germano,John at UNE05."
"20250906_70fv",14,1,"University of New England","Coast Guard","header","Coast Guard","University of New England","after score",,FALSE,,"Niland,Jack kickoff 55 yards to the CGA10 Desta,Broock return 24 yards to the CGA34 (Franzini,Jeremy), out of bounds."
"20250906_70fv",25,1,"Coast Guard","University of New England","header","University of New England","Coast Guard","after score",,FALSE,,"Bates,Connor kickoff 54 yards to the UNE11 Germano,John return 18 yards to the UNE29 (Cumming,Ethan)."
"20250906_70fv",33,1,"Coast Guard","University of New England","header","University of New England","Coast Guard","after score",,FALSE,,"Bates,Connor kickoff 65 yards to the UNE00, Touchback."
"20250906_70fv",55,2,"University of New England","Coast Guard","header","Coast Guard","University of New England","after score",,FALSE,,"Niland,Jack kickoff 39 yards to the CGA26, out of bounds at CGA26."
"20250906_70fv",80,2,"Coast Guard","University of New England","header","University of New England","Coast Guard","after score",,FALSE,,"Bates,Connor kickoff 43 yards to the UNE22 Germano,John return 23 yards to the UNE45 (Kieser,Matthias)."
"20250906_70fv",101,2,"Coast Guard","University of New England","header","University of New England","Coast Guard","after score",,FALSE,,"Bates,Connor kickoff 60 yards to the UNE05 Jones,Damien return 23 yards to the UNE28 (Mixon,Preston)."
"20250906_70fv",109,2,"University of New England","Coast Guard","header","Coast Guard","University of New England","after score",,FALSE,,"Niland,Jack kickoff 65 yards to the CGA00, Touchback."
"20250906_70fv",118,3,"University of New England","Coast Guard","header","Coast Guard","University of New England","coin toss",,FALSE,,"Niland,Jack kickoff 65 yards to the CGA00, Touchback."
"20250906_70fv",142,3,"University of New England","Coast Guard","header","Coast Guard","University of New England","after score",,FALSE,,"Niland,Jack kickoff 65 yards to the CGA00, Touchback."
"20250906_70fv",147,3,"Coast Guard","University of New England","header","University of New England","Coast Guard","after score",,FALSE,,"Bates,Connor kickoff 54 yards to the UNE11 Germano,John return 31 yards to the UNE42 (James,Brody)."
"20250906_70fv",163,3,"University of New England","Coast Guard","header","Coast Guard","University of New England","after score",,FALSE,,"Niland,Jack kickoff 65 yards to the CGA00, Touchback."
"20250906_70fv",193,4,"Coast Guard","University of New England","header","University of New England","Coast Guard","after score",,FALSE,,"Bates,Connor kickoff 53 yards to the UNE12 Jones,Damien return 16 yards to the UNE28 (LaMar,Tyler) PENALTY UNE UNS: Unsportsmanlike Conduct (Hayes,Aaron) 14 yards from UNE28 to UNE14."
"20250906_70fv",204,4,"University of New England","Coast Guard","header","Coast Guard","University of New England","after score",,FALSE,,"Niland,Jack kickoff 54 yards to the CGA11 Baadani,Amr return 10 yards to the CGA21 (Sullivan,Michael; McGuire,Tommy) PENALTY UNE UNR: Unnecessary Roughness (McGuire,Tommy) 20 yards from CGA21 to CGA41."
"20250906_70fv",210,4,"Coast Guard","University of New England","header","University of New England","Coast Guard","after score",,FALSE,,"Bates,Connor kickoff 34 yards to the UNE31 McGuire,Tommy return 1 yard to the UNE32 (Cheslock,Griffin)."
"20250906_70fv",226,4,"University of New England","Coast Guard","header","Coast Guard","University of New England","after score",,FALSE,,"Niland,Jack kickoff 56 yards to the CGA09 Baadani,Amr return 25 yards to the CGA34 (Sullivan,Michael)."
"20250906_71s2",1,1,"Wittenberg","Baldwin Wallace","header","Baldwin Wallace","Wittenberg","coin toss",,FALSE,,"Dossman,Drew kickoff 65 yards to the BWU00 Gardner,Seandelle return 24 yards to the BWU24 (Shuler,Isaiah)."
"20250906_71s2",11,1,"Baldwin Wallace","Wittenberg","header","Wittenberg","Baldwin Wallace","after score",,FALSE,,"Feamster, Jr.,Robert kickoff 57 yards to the WIT08 Ray,Kade return 19 yards to the WIT27 (St. Clair,Cade)."
"20250906_71s2",25,1,"Baldwin Wallace","Wittenberg","header","Wittenberg","Baldwin Wallace","after score",,FALSE,,"Feamster, Jr.,Robert kickoff 61 yards to the WIT04 Ray,Kade return 17 yards to the WIT21 (Rapini,Kross)."
"20250906_71s2",60,2,"Baldwin Wallace","Wittenberg","header","Wittenberg","Baldwin Wallace","after score","Wittenberg",FALSE,,"Feamster, Jr.,Robert kickoff 55 yards to the WIT10 muffed by Ray,Kade at WIT10 recovered by WIT Ray,Kade at WIT09, End Of Play."
"20250906_71s2",80,2,"Baldwin Wallace","Wittenberg","header","Wittenberg","Baldwin Wallace","after score","Wittenberg",FALSE,,"Feamster, Jr.,Robert kickoff 34 yards to the WIT31 muffed by Holloway,Omar at recovered by WIT Lauterbach,Stephen at WIT31, End Of Play."
"20250906_71s2",88,3,"Baldwin Wallace","Wittenberg","header","Wittenberg","Baldwin Wallace","coin toss",,FALSE,,"Feamster, Jr.,Robert kickoff 59 yards to the WIT06 Ray,Kade return 12 yards to the WIT18 (Rapini,Kross)."
"20250906_71s2",106,3,"Wittenberg","Baldwin Wallace","header","Baldwin Wallace","Wittenberg","after score",,FALSE,,"Dossman,Drew kickoff 59 yards to the BWU06 Quinlan,Colin return 22 yards to the BWU28 (Carter,Trenton)."
"20250906_71s2",120,3,"Baldwin Wallace","Wittenberg","header","Wittenberg","Baldwin Wallace","after score",,FALSE,,"Feamster, Jr.,Robert kickoff 59 yards to the WIT06 Ray,Kade return 26 yards to the WIT32 (Crouse,JD)."
"20250906_71s2",161,4,"Wittenberg","Baldwin Wallace","header","Baldwin Wallace","Wittenberg","after score",,FALSE,,"Dossman,Drew kickoff 30 yards to the BWU35, out of bounds at BWU35."
"20250906_806w",1,1,"Wabash","St. Norbert","header","St. Norbert","Wabash","coin toss",,FALSE,,"Rucker,Brody kickoff 60 yards to the SNC05 Poetzl,Zack return 23 yards to the SNC28 (Flatt,Tony)."
"20250906_806w",11,1,"Wabash","St. Norbert","fallback",,"Wabash","after score",,FALSE,,"Church,Tyler onside kickoff 13 yards to the WAB48 PENALTY WAB Offside 5 yards from WAB35 to WAB30. NO PLAY."
"20250906_806w",12,1,"Wabash","St. Norbert","header","St. Norbert","Wabash","re-kick",,FALSE,,"Rucker,Brody kickoff 62 yards to the SNC08 Poetzl,Zack return 17 yards to the SNC25 (Foxen,Carson; Crouch,Tanner)."
"20250906_806w",33,1,"St. Norbert","Wabash","header","Wabash","St. Norbert","after score",,FALSE,,"Schaefer,Brandon kickoff 65 yards to the WAB00, Touchback."
"20250906_806w",39,1,"Wabash","St. Norbert","header","St. Norbert","Wabash","after score",,FALSE,,"Rucker,Brody kickoff 61 yards to the SNC04 Poetzl,Zack return 26 yards to the SNC30 (Keeting,Ryan)."
"20250906_806w",50,2,"St. Norbert","Wabash","header","Wabash","St. Norbert","after score",,FALSE,,"Schaefer,Brandon kickoff 58 yards to the WAB07 Grimes,Conner return 19 yards to the WAB26 (Poetzl,Zack)."
"20250906_806w",57,2,"Wabash","St. Norbert","header","St. Norbert","Wabash","after score",,FALSE,,"Rucker,Brody kickoff 60 yards to the SNC05 Poetzl,Zack return 19 yards to the SNC24 (Johnson,Carac)."
"20250906_806w",76,2,"Wabash","St. Norbert","header","St. Norbert","Wabash","after score",,FALSE,,"Rucker,Brody kickoff 65 yards to the SNC00 Poetzl,Zack return 23 yards to the SNC23 (Foxen,Carson; Flatt,Tony)."
"20250906_806w",90,2,"Wabash","St. Norbert","header","St. Norbert","Wabash","after score",,FALSE,,"Rucker,Brody kickoff 65 yards to the SNC00, Touchback."
"20250906_806w",92,3,"St. Norbert","Wabash","header","Wabash","St. Norbert","coin toss",,FALSE,,"Schaefer,Brandon kickoff 57 yards to the WAB08 Ringer,Samuel return 32 yards to the WAB40 (Meneguzzo,Michael)."
"20250906_806w",119,3,"Wabash","St. Norbert","header","St. Norbert","Wabash","after score",,FALSE,,"Rucker,Brody kickoff 65 yards to the SNC00, Touchback."
"20250906_806w",128,3,"Wabash","St. Norbert","header","St. Norbert","Wabash","after score",,FALSE,,"Church,Tyler kickoff 57 yards to the SNC08 McVane,Jacob return 17 yards to the SNC25 (Crouch,Tanner)."
"20250906_806w",139,4,"Wabash","St. Norbert","header","St. Norbert","Wabash","after score",,FALSE,,"Church,Tyler kickoff 57 yards to the SNC08 Nabong,Christian return 12 yards to the SNC20 (Purichia,Luke)."
"20250906_806w",154,4,"St. Norbert","Wabash","header","Wabash","St. Norbert","after score",,FALSE,,"Schaefer,Brandon kickoff 60 yards to the WAB05 fair catch by Grimes,Conner at WAB05."
"20250906_806w",164,4,"Wabash","St. Norbert","header","St. Norbert","Wabash","after score",,FALSE,,"Church,Tyler kickoff 61 yards to the SNC04 Nabong,Christian return 19 yards to the SNC23 (Singer,Camden)."
"20250906_85f2",1,1,"Utica","Washington and Jefferson","header","Washington and Jefferson","Utica","coin toss",,FALSE,,"Duarte,Nico kickoff 58 yards to the WJC07 DeSabato,Joey return 63 yards to the UTICA30 (Lewis,Ronaldo)."
"20250906_85f2",11,1,"Washington and Jefferson","Utica","header","Utica","Washington and Jefferson","after score",,FALSE,,"Campbell,Liam kickoff 50 yards to the UTICA00, Touchback."
"20250906_85f2",26,1,"Utica","Washington and Jefferson","header","Washington and Jefferson","Utica","after score",,FALSE,,"Duarte,Nico kickoff 62 yards to the WJC03 DeSabato,Joey return 32 yards to the WJC35 (Rivera-Leal,Javier)."
"20250906_85f2",41,1,"Utica","Washington and Jefferson","header","Washington and Jefferson","Utica","after score",,FALSE,,"Duarte,Nico kickoff 30 yards to the WJC35 fair catch by Volomino,Angelo at WJC35."
"20250906_85f2",71,2,"Washington and Jefferson","Utica","header","Utica","Washington and Jefferson","after score",,FALSE,,"Campbell,Liam kickoff 63 yards to the UTICA02 Zawolo,Gabriel return 26 yards to the UTICA28 (Broxie,Jalen; Morris,Evan)."
"20250906_85f2",92,2,"Utica","Washington and Jefferson","header","Washington and Jefferson","Utica","after score",,FALSE,,"Duarte,Nico kickoff 55 yards to the WJC10 DeSabato,Joey return 20 yards to the WJC30, out of bounds at WJC30."
"20250906_85f2",102,2,"Washington and Jefferson","Utica","fallback",,"Washington and Jefferson","after score",,FALSE,,"Campbell,Liam kickoff 45 yards to the UTICA20 Zawolo,Gabriel return 10 yards to the UTICA30, out of bounds at UTICA30."
"20250906_85f2",103,3,"Washington and Jefferson","Utica","header","Utica","Washington and Jefferson","coin toss",,FALSE,,"Campbell,Liam kickoff 50 yards to the UTICA15 Zawolo,Gabriel return 7 yards to the UTICA22 (Lacey,Joey)."
"20250906_85f2",123,3,"Utica","Washington and Jefferson","header","Washington and Jefferson","Utica","after score",,FALSE,,"Duarte,Nico kickoff 49 yards to the WJC16 Edwards,Luke return 16 yards to the WJC32 (Higgins,Aidan)."
"20250906_85f2",136,3,"Utica","Washington and Jefferson","header","Washington and Jefferson","Utica","after score",,FALSE,,"Duarte,Nico kickoff 43 yards to the WJC22 Edwards,Luke return 0 yards to the WJC22 (Velez,Lorenzo)."
"20250906_85f2",146,3,"Utica","Washington and Jefferson","header","Washington and Jefferson","Utica","after score",,FALSE,,"Duarte,Nico kickoff 55 yards to the WJC10 DeSabato,Joey return 19 yards to the WJC29 (Bailey,Mekhi)."
"20250906_85f2",155,4,"Washington and Jefferson","Utica","header","Utica","Washington and Jefferson","after score",,FALSE,,"Campbell,Liam kickoff 53 yards to the UTICA12 Zawolo,Gabriel return 11 yards to the UTICA23 (Morris,Rudy)."
"20250906_85f2",174,4,"Washington and Jefferson","Utica","header","Utica","Washington and Jefferson","after score",,FALSE,,"Campbell,Liam kickoff 59 yards to the UTICA06 Zawolo,Gabriel return 21 yards to the UTICA27 (Schry,Preston)."
"20250906_85f2",190,4,"Utica","Washington and Jefferson","header","Washington and Jefferson","Utica","after score",,FALSE,,"Duarte,Nico kickoff 33 yards to the WJC32 Keith,Ben return 0 yards to the WJC32."
"20250906_8da1",1,1,,,"fallback",,,,,FALSE,"could not determine kicking team","Alfred St. wins toss and will kickoff; AND will defend North end-zone."
"20250906_8da1",2,1,"Alfred State","Anderson","header","Anderson",,"re-kick",,FALSE,,"Watterson,Avery kickoff 60 yards to the AU05 O'Brien,Justice return 20 yards to the AU25 (Ellis,Aaron)."
"20250906_8da1",79,3,"Anderson","Alfred State","fallback",,"Anderson","second half: first-half receiver kicks",,FALSE,,"AND will kickoff; ASU will defend South end-zone."
"20250906_8da1",80,3,"Anderson","Alfred State","header","Alfred State","Anderson","re-kick",,FALSE,,"Layton,Corey kickoff 55 yards to the ASU10 Georges,Elijah return 22 yards to the ASU32 (Clemons,Brehdyn)."
"20250906_8da1",107,3,"Anderson","Alfred State","header","Alfred State","Anderson","after score",,FALSE,,"Layton,Corey kickoff 63 yards to the ASU02, out of bounds at ASU02."
"20250906_8da1",141,4,"Alfred State","Anderson","header","Anderson","Alfred State","after score",,FALSE,,"Watterson,Avery onside kickoff 2 yards to the ASU33."
"20250906_8hxj",1,1,"Kenyon","Bluffton","header","Bluffton",,,,FALSE,,"Tyler Bell kickoff 55 yards to the BLUFFTON10, Jamarrion Banks return 14 yards to the BLUFFTON24 (Michael Kerr; Andrew Pohlman)."
"20250906_8hxj",25,1,"Kenyon","Bluffton","header","Bluffton","Kenyon","after score",,FALSE,,"Tyler Bell kickoff 59 yards to the BLUFFTON06, Jamarrion Banks return 15 yards to the BLUFFTON21 (Anthony Lara)."
"20250906_8hxj",42,2,"Kenyon","Bluffton","header","Bluffton","Kenyon","after score",,FALSE,,"Tyler Bell kickoff 50 yards to the BLUFFTON00, touchback."
"20250906_8hxj",50,2,"Bluffton","Kenyon","header","Kenyon","Bluffton","after score",,FALSE,,"Colton Yugovich kickoff 50 yards to the KENYON15, Tyler Gladden return 15 yards to the KENYON30 (Gabriel Cavazos)."
"20250906_8hxj",63,2,"Kenyon","Bluffton","header","Bluffton","Kenyon","after score",,FALSE,,"Tyler Bell kickoff 55 yards to the BLUFFTON10, Jamarrion Banks return 10 yards to the BLUFFTON20 (Trey Blazevich)."
"20250906_8hxj",74,3,"Bluffton","Kenyon","header","Kenyon","Bluffton","second half: first-half receiver kicks",,FALSE,,"Colton Yugovich kickoff 44 yards to the KENYON21, Brendan Comerfo return 0 yards to the KENYON21."
"20250906_8hxj",89,3,"Bluffton","Kenyon","override","Bluffton","Bluffton","after score","Bluffton",TRUE,,"Colton Yugovich kickoff 30 yards to the KENYON35, on-side kick, recovered by BLUFFTON on KENYON35."
"20250906_8hxj",98,3,"Bluffton","Kenyon","header","Kenyon","Bluffton","after score",,FALSE,,"Colton Yugovich kickoff 30 yards to the KENYON35, fair catch by Luca Rumberg."
"20250906_8hxj",153,4,"Bluffton","Kenyon","header","Kenyon","Bluffton","after score","Kenyon",FALSE,,"Colton Yugovich kickoff 57 yards to the KENYON08, Tyler Gladden return 12 yards to the KENYON20, fumble forced by Travion Curry, fumble by Tyler Gladden recovered by KENYON Trey Blazevich at KENYON19."
"20250906_8o5p",1,1,"Albion","UW-Stevens Point","header","UW-Stevens Point","Albion","coin toss",,FALSE,,"Grwinski,Logan kickoff 54 yards to the UWSP11, out of bounds at UWSP11."
"20250906_8o5p",15,1,"UW-Stevens Point","Albion","header","Albion","UW-Stevens Point","after score",,FALSE,,"Voegtline,Gannon kickoff 63 yards to the Albion17 Johnson,Jaylan return 25 yards to the Albion42 (Morrissey,Brandon)."
"20250906_8o5p",39,1,"UW-Stevens Point","Albion","header","Albion","UW-Stevens Point","after score",,FALSE,,"Voegtline,Gannon kickoff 53 yards to the Albion12 Johnson,Jaylan return 27 yards to the Albion39 (Morris,Paul)."
"20250906_8o5p",90,3,"UW-Stevens Point","Albion","header","Albion","UW-Stevens Point","coin toss",,FALSE,,"Voegtline,Gannon kickoff 56 yards to the Albion09 Johnson,Jaylan return 17 yards to the Albion26 (Morris,Paul; Beck,Cam)."
"20250906_8o5p",101,3,"UW-Stevens Point","Albion","header","Albion","UW-Stevens Point","after score",,FALSE,,"Voegtline,Gannon kickoff 55 yards to the Albion10 Johnson,Jaylan return 14 yards to the Albion24 (Birrenkott,Brock; Adams,Gavin)."
"20250906_8o5p",135,4,"Albion","UW-Stevens Point","header","UW-Stevens Point","Albion","after score",,FALSE,,"Grwinski,Logan kickoff 63 yards to the UWSP02, out of bounds at UWSP02."
"20250906_8o5p",161,4,"Albion","UW-Stevens Point","fallback",,"Albion","after score",,FALSE,,"Grwinski,Logan kickoff 54 yards to the UWSP11 Cashin,Brycen return 89 yards to the Albion00 TOUCHDOWN nullified by penalty, clock 04:37 PENALTY UWSP Illegal Block in Back offsetting Albion Personal Foul offsetting. NO PLAY."
"20250906_8o5p",162,4,"Albion","UW-Stevens Point","header","UW-Stevens Point","Albion","re-kick",,FALSE,,"Grwinski,Logan kickoff 65 yards to the UWSP00, Touchback."
"20250906_8o5p",178,4,"Albion","UW-Stevens Point","header","UW-Stevens Point","Albion","after score",,FALSE,,"Grwinski,Logan kickoff 45 yards to the UWSP20 Berens,Joe return 20 yards to the UWSP40 (Wilson,Kaaden)."
"20250906_8xam",1,1,"Point","LaGrange","header","LaGrange",,,,FALSE,,"Harold Maloof kickoff 64 yards to the LAGRANGE01, Jaylon Teagle return 22 yards to the LAGRANGE23 (Selah Clemons)."
"20250906_8xam",5,1,"LaGrange","Point","header","Point","LaGrange","after score",,FALSE,,"Carson Odom kickoff 55 yards to the POINT10, Messiah Wilson return 90 yards to the LAGRANGE00, TOUCHDOWN, clock 14:22."
"20250906_8xam",7,1,"Point","LaGrange","header","LaGrange","Point","after score",,FALSE,,"Harold Maloof kickoff 69 yards to the LAGRANGE11, Jaylon Teagle return 23 yards to the LAGRANGE34 (Kaleb Porter)."
"20250906_8xam",26,1,"LaGrange","Point","header","Point","LaGrange","after score",,FALSE,,"Carson Odom kickoff 59 yards to the POINT06, Messiah Wilson return 10 yards to the POINT16 (Timaja Gate)."
"20250906_8xam",40,1,"LaGrange","Point","header","Point","LaGrange","after score",,FALSE,,"Carson Odom kickoff 53 yards to the POINT12, Messiah Wilson return 14 yards to the POINT26 (TEAM)."
"20250906_8xam",51,2,"LaGrange","Point","header","Point","LaGrange","after score",,FALSE,,"Carson Odom kickoff 59 yards to the POINT06, Messiah Wilson return 15 yards to the POINT21 (TEAM)."
"20250906_8xam",81,2,"LaGrange","Point","header","Point","LaGrange","after score",,FALSE,,"Carson Odom kickoff 59 yards to the POINT06, Keymond Maze return 21 yards to the POINT27 (Timaja Gate)."
"20250906_8xam",95,2,"Point","LaGrange","header","LaGrange","Point","after score",,FALSE,,"Harold Maloof kickoff 64 yards to the LAGRANGE01, Michael Hays return 38 yards to the LAGRANGE39 (Cortez Thomas)."
"20250906_8xam",99,3,"LaGrange","Point","header","Point","LaGrange","second half: first-half receiver kicks",,FALSE,,"Carson Odom kickoff 64 yards to the POINT01, Messiah Wilson return 19 yards to the POINT20 (Aidan Johnson), PENALTY POINT holding 10 yards to the POINT10."
"20250906_8xam",134,3,"LaGrange","Point","header","Point","LaGrange","after score",,FALSE,,"Carson Odom kickoff 64 yards to the POINT01, Messiah Wilson return 13 yards to the POINT14 (Aidan Johnson), PENALTY POINT illegal block 7 yards to the POINT07."
"20250906_91x0",1,1,"Geneva","Widener","header","Widener","Geneva","coin toss",,FALSE,,"Reitler,Ryan kickoff 62 yards to the WIDU03 Turner,Michael return 26 yards to the WIDU29 (Pierce,Dayntae)."
"20250906_91x0",13,1,"Widener","Geneva","override","Widener","Widener","after score","Widener",TRUE,,"Adler,Fred kickoff 65 yards to the GENE00 Martin,Christian return 25 yards to the GENE23 fumbled by Martin,Christian at GENE23 forced by McMillan,Asa recovered by WIDU Cintron,Alexander at GENE25, End Of Play."
"20250906_91x0",17,1,"Widener","Geneva","header","Geneva","Widener","after score",,FALSE,,"Adler,Fred kickoff 63 yards to the GENE02 Lacks,Damien return 21 yards to the GENE23 (Miceli,Anthony)."
"20250906_91x0",29,1,"Widener","Geneva","header","Geneva","Widener","after score",,FALSE,,"Adler,Fred kickoff 65 yards to the GENE00, Touchback."
"20250906_91x0",36,1,"Widener","Geneva","header","Geneva","Widener","after score",,FALSE,,"Adler,Fred kickoff 63 yards to the GENE02 Patterson,Cody return 22 yards to the GENE24 (Funke,Cole)."
"20250906_91x0",50,2,"Widener","Geneva","header","Geneva","Widener","after score",,FALSE,,"Adler,Fred kickoff 58 yards to the GENE07 fair catch by Patterson,Cody at GENE07."
"20250906_91x0",63,2,"Widener","Geneva","header","Geneva","Widener","after score",,FALSE,,"Adler,Fred kickoff 60 yards to the GENE05 fair catch by Lacks,Damien at GENE05."
"20250906_91x0",79,2,"Geneva","Widener","header","Widener","Geneva","after score",,FALSE,,"Reitler,Ryan kickoff 63 yards to the WIDU02 muffed by Turner,Michael at WIDU02, out of bounds at WIDU02."
"20250906_91x0",89,2,"Geneva","Widener","header","Widener","Geneva","after score",,FALSE,,"Reitler,Ryan kickoff 52 yards to the WIDU13 Perry,Marquell return 30 yards to the WIDU43 (Johnson,Ry'Shaun)."
"20250906_91x0",97,2,"Widener","Geneva","header","Geneva","Widener","after score",,FALSE,,"Adler,Fred kickoff 65 yards to the GENE00 Patterson,Cody return 24 yards to the GENE24 (McMillan,Asa)."
"20250906_91x0",103,3,"Widener","Geneva","header","Geneva","Widener","coin toss",,FALSE,,"Adler,Fred kickoff 52 yards to the GENE13 Patterson,Cody return 17 yards to the GENE30 (Funke,Cole)."
"20250906_91x0",114,3,"Geneva","Widener","header","Widener","Geneva","after score",,FALSE,,"Reitler,Ryan kickoff 61 yards to the WIDU04 Herr,Dean return 4 yards to the WIDU08 (Mastoris,Alex; Howard,Jay) PENALTY WIDU Illegal Block in Back (Wickel,Dalton)."
"20250906_91x0",145,4,"Widener","Geneva","header","Geneva","Widener","after score",,FALSE,,"Adler,Fred kickoff 65 yards to the GENE00, Touchback."
"20250906_ao7f",1,1,"Mayville St.","Concordia-Moorhead","header","Concordia-Moorhead",,,,FALSE,,"Azure,Kelby kickoff 63 yards to the CC2, out-of-bounds, PENALTY MSU false start (Azure,Kelby) 38 yards to the CC40."
"20250906_ao7f",50,2,"Mayville St.","Concordia-Moorhead","header","Concordia-Moorhead","Mayville St.","after score",,FALSE,,"Azure,Kelby kickoff 59 yards to the CC6, Eric Cockhill return 30 yards to the CC36, out-of-bounds (Azure,Kelby)."
"20250906_ao7f",73,3,"Concordia-Moorhead","Mayville St.","header","Mayville St.","Concordia-Moorhead","second half: first-half receiver kicks",,FALSE,,"Mitchell Druley kickoff 58 yards to the MSU7, Azure,Kelby return 8 yards to the MSU15, out-of-bounds (Kyan Lynk), PENALTY MSU illegal block (Azure,Kelby) 7 yards to the MSU8."
"20250906_ao7f",90,3,"Concordia-Moorhead","Mayville St.","header","Mayville St.","Concordia-Moorhead","after score",,FALSE,,"Mitchell Druley kickoff 65 yards to the MSU0, touchback."
"20250906_ao7f",102,3,"Mayville St.","Concordia-Moorhead","header","Concordia-Moorhead","Mayville St.","after score",,FALSE,,"Azure,Kelby kickoff 37 yards to the CC28, Grant Mages return 9 yards to the CC37 (Azure,Kelby;Azure,Kelby)."
"20250906_ao7f",111,4,"Concordia-Moorhead","Mayville St.","header","Mayville St.","Concordia-Moorhead","after score","Mayville St.",FALSE,,"Mitchell Druley kickoff 59 yards to the MSU6, Azure,Kelby for 6 yards to the MSU12, fumble forced by Layton Doslak, fumble by Azure,Kelby recovered by MSU Azure,Kelby at MSU24 (Layton Doslak)."
"20250906_ao7f",130,4,"Concordia-Moorhead","Mayville St.","fallback",,"Concordia-Moorhead","after score",,FALSE,,"Mitchell Druley kickoff 0 yards to the CC35, PENALTY CC offside defense (Mitchell Druley) 5 yards to the CC30, NO PLAY."
"20250906_ao7f",131,4,"Concordia-Moorhead","Mayville St.","header","Mayville St.","Concordia-Moorhead","re-kick",,FALSE,,"Mitchell Druley kickoff 63 yards to the MSU7, Azure,Kelby return 23 yards to the MSU30 (Jake Merseth)."
"20250906_c11m",1,1,"Springfield","Western New England","header","Western New England","Springfield","coin toss",,FALSE,,"Wernik,Ian kickoff 53 yards to the WNE12 Hill,Jova'n return 16 yards to the WNE28 (Mendicino,Mike; Williams,Jack)."
"20250906_c11m",29,1,"Western New England","Springfield","header","Springfield","Western New England","after score",,FALSE,,"LoGrasso,Max kickoff 61 yards to the SPR04 Evans,Avian return 46 yards to the SPR50 (Delgado,Christian)."
"20250906_c11m",48,2,"Springfield","Western New England","header","Western New England","Springfield","after score",,FALSE,,"Wernik,Ian kickoff 65 yards to the WNE00, Touchback."
"20250906_c11m",61,2,"Western New England","Springfield","header","Springfield","Western New England","after score",,FALSE,,"LoGrasso,Max kickoff 40 yards to the SPR25 Mendicino,Mike return 27 yards to the WNE48 (Caulfield,Ben; Watts,Logan)."
"20250906_c11m",69,2,"Springfield","Western New England","header","Western New England","Springfield","after score",,FALSE,,"Wernik,Ian kickoff 65 yards to the WNE00, Touchback PENALTY WNE UNR: Unnecessary Roughness (Caron,Sam) 13 yards from WNE25 to WNE12."
"20250906_c11m",77,3,"Western New England","Springfield","header","Springfield","Western New England","coin toss",,FALSE,,"LoGrasso,Max kickoff 53 yards to the SPR12 Evans,Avian return 16 yards to the SPR28 (Rodrigues,Henry; Caramanica,Jackson)."
"20250906_c11m",99,3,"Western New England","Springfield","header","Springfield","Western New England","after score",,FALSE,,"LoGrasso,Max kickoff 58 yards to the SPR07 Evans,Avian return 21 yards to the SPR28 (Maggs,Joel)."
"20250906_c11m",134,4,"Springfield","Western New England","header","Western New England","Springfield","after score",,FALSE,,"Wernik,Ian kickoff 0 yards to the SPR35, out of bounds at SPR35."
"20250906_c11m",153,4,"Western New England","Springfield","fallback",,"Western New England","after score",,FALSE,,"LoGrasso,Max kickoff 43 yards to the SPR22 Evans,Avian return 5 yards to the SPR27 (Caulfield,Ben)."
"20250906_d0ep",1,1,"Ohio Northern","Franklin","header","Franklin","Ohio Northern","coin toss",,FALSE,,"Kennedy,Braylen kickoff 57 yards to the FRA08 Wilkins,Brayden return 8 yards to the FRA16 (Higgins,Garrison; Singara,Nate)."
"20250906_d0ep",4,1,"Franklin","Ohio Northern","header","Ohio Northern","Franklin","after score",,FALSE,,"Williamson,Ian kickoff 55 yards to the ONU10 Pettaway,Jordan return 34 yards to the ONU44 (Brooks,Jared)."
"20250906_d0ep",33,1,"Franklin","Ohio Northern","header","Ohio Northern","Franklin","after score",,FALSE,,"Williamson,Ian kickoff 31 yards to the ONU34 Olechnowicz,Zach return 10 yards to the ONU44 (Servies,Drew)."
"20250906_d0ep",45,1,"Ohio Northern","Franklin","header","Franklin","Ohio Northern","after score",,FALSE,,"Kennedy,Braylen kickoff 64 yards to the FRA01 Wilkins,Brayden return 20 yards to the FRA21 (Reineke,Gavin)."
"20250906_d0ep",60,2,"Franklin","Ohio Northern","header","Ohio Northern","Franklin","after score",,FALSE,,"Williamson,Ian kickoff 46 yards to the ONU19 Brown,Mikey return 31 yards to the FRA50 (Servies,Drew)."
"20250906_d0ep",98,3,"Franklin","Ohio Northern","header","Ohio Northern","Franklin","coin toss",,FALSE,,"Williamson,Ian kickoff 37 yards to the ONU28 Iorio,Antonio return 7 yards to the ONU35 (Fonda,Jordan; Servies,Drew)."
"20250906_d0ep",133,3,"Ohio Northern","Franklin","header","Franklin","Ohio Northern","after score",,FALSE,,"Kennedy,Braylen kickoff 65 yards to the FRA00, Touchback."
"20250906_d0ep",137,3,"Franklin","Ohio Northern","header","Ohio Northern","Franklin","after score",,FALSE,,"Williamson,Ian kickoff 37 yards to the ONU28 Iorio,Antonio return 7 yards to the ONU35 (Gittings,Shamari; Johnson,Levi)."
"20250906_d0ep",143,3,"Ohio Northern","Franklin","header","Franklin","Ohio Northern","after score",,FALSE,,"Kennedy,Braylen kickoff 60 yards to the FRA05 Wilkins,Brayden return 11 yards to the FRA16 (Campbell,Dre; Olechnowicz,Zach)."
"20250906_d0ep",161,4,"Ohio Northern","Franklin","header","Franklin","Ohio Northern","after score",,FALSE,,"Kennedy,Braylen kickoff 28 yards to the ONU07, out of bounds at ONU07."
"20250906_d1ph",1,1,"Crown","Hamline","header","Hamline","Crown","coin toss",,FALSE,,"Hoekstra,Reichen kickoff 22 yards to the HAM43 Arca,Jace return 0 yards to the HAM43 (Tovar,Chabon)."
"20250906_d1ph",21,1,"Crown","Hamline","header","Hamline","Crown","after score",,FALSE,,"Hoekstra,Reichen kickoff 47 yards to the HAM18 Wynn,Malik return 18 yards to the HAM36 (Lloyd,Christian)."
"20250906_d1ph",32,1,"Hamline","Crown","header","Crown","Hamline","after score",,FALSE,,"Barrientos,Kieran kickoff 65 yards to the CCP00, Touchback."
"20250906_d1ph",47,2,"Crown","Hamline","header","Hamline","Crown","after score",,FALSE,,"Hoekstra,Reichen kickoff 28 yards to the CCP48 Arca,Jace return 0 yards to the CCP48 (Amune Jr.,Brian)."
"20250906_d1ph",50,2,"Hamline","Crown","header","Crown","Hamline","after score",,FALSE,,"Barrientos,Kieran kickoff 50 yards to the CCP15 Criner,Rudy return 28 yards to the CCP43 (Clemens,Jonah)."
"20250906_d1ph",59,2,"Crown","Hamline","header","Hamline","Crown","after score",,FALSE,,"Hoekstra,Reichen kickoff 54 yards to the HAM11 Adams,D'Nari return 22 yards to the HAM33 (Hallowanger,Eddie)."
"20250906_d1ph",86,2,"Hamline","Crown","header","Crown","Hamline","after score",,FALSE,,"Barrientos,Kieran kickoff 35 yards to the CCP30 Andry,Patrick return 0 yards to the CCP30 (Simmons,Elijah)."
"20250906_d1ph",88,3,"Hamline","Crown","fallback",,"Hamline","coin toss",,FALSE,,"Barrientos,Kieran kickoff 57 yards to the CCP08 Gordon,Carteyae return 0 yards to the (Walker,Allen) PENALTY CCP Illegal Block in Back (Soloman,Donovan) HAM UNS: Unsportsmanlike Conduct (Osio Morales,Esteban) 25 yards from HAM35 to HAM30. NO PLAY."
"20250906_d1ph",89,3,"Hamline","Crown","header","Crown","Hamline","re-kick",,FALSE,,"Barrientos,Kieran kickoff 58 yards to the CCP12 Soloman,Donovan return 0 yards to the CCP12 (Osio Morales,Esteban)."
"20250906_d1ph",110,3,"Hamline","Crown","header","Crown","Hamline","after score",,FALSE,,"Barrientos,Kieran kickoff 58 yards to the CCP07 Hunnecook,Jakari return 33 yards to the CCP40 (Warren,Amere)."
"20250906_dcg5",1,1,"Nebraska Wesleyan","Dakota St.","header","Dakota St.",,,,FALSE,,"Brody Parks kickoff 64 yards to the DAKOTA S01, Trajan Davis return 23 yards to the DAKOTA S24 (Diego Juarez)."
"20250906_dcg5",35,2,"Dakota St.","Nebraska Wesleyan","header","Nebraska Wesleyan",,,,FALSE,,"Adrian Villanue kickoff 65 yards to the NEBRASKA00, touchback."
"20250906_dcg5",42,2,"Dakota St.","Nebraska Wesleyan","header","Nebraska Wesleyan","Dakota St.","after score",,FALSE,,"Adrian Villanue kickoff 65 yards to the NEBRASKA00, touchback."
"20250906_dcg5",54,2,"Dakota St.","Nebraska Wesleyan","header","Nebraska Wesleyan","Dakota St.","after score",,FALSE,,"Adrian Villanue kickoff 48 yards to the NEBRASKA17, Maleik Bradford return 11 yards to the NEBRASKA28 (Lucas Chamberli)."
"20250906_dcg5",83,3,"Dakota St.","Nebraska Wesleyan","header","Nebraska Wesleyan","Dakota St.","second half: first-half receiver kicks",,FALSE,,"Adrian Villanue kickoff 65 yards to the NEBRASKA00, touchback."
"20250906_dcg5",99,3,"Dakota St.","Nebraska Wesleyan","header","Nebraska Wesleyan","Dakota St.","after score",,FALSE,,"Adrian Villanue kickoff 35 yards to the NEBRASKA15, Darrius Paige return 7 yards to the NEBRASKA22 (Cole Paulson), PENALTY NEBRASKA blind side block 11 yards to the NEBRASKA11."
"20250906_dcg5",126,4,"Dakota St.","Nebraska Wesleyan","header","Nebraska Wesleyan",,,,FALSE,,"Adrian Villanue kickoff 65 yards to the NEBRASKA00, touchback."
"20250906_dcg5",138,4,"Dakota St.","Nebraska Wesleyan","header","Nebraska Wesleyan","Dakota St.","after score",,FALSE,,"Adrian Villanue kickoff 55 yards to the NEBRASKA10, Maleik Bradford return 9 yards to the NEBRASKA19 (Lucas Chamberli; Talon George)."
"20250906_due6",1,1,"TCNJ","Lycoming","header","Lycoming","TCNJ","coin toss",,FALSE,,"Ware,Jake kickoff 61 yards to the LYCO04 Zimmerman,Jared return 23 yards to the LYCO27 (Edwards,Anthony)."
"20250906_due6",16,1,"TCNJ","Lycoming","header","Lycoming","TCNJ","after score",,FALSE,,"Ware,Jake kickoff 50 yards to the LYCO15 Barlett,Aiden return 16 yards to the LYCO31 (Ozokpor,Chimmy; Reyes,Aden)."
"20250906_due6",20,1,"TCNJ","Lycoming","header","Lycoming","TCNJ","after score",,FALSE,,"Ware,Jake kickoff 55 yards to the LYCO10 Zimmerman,Jared return 21 yards to the LYCO31 (Westerby,Bill)."
"20250906_due6",29,1,"Lycoming","TCNJ","header","TCNJ","Lycoming","after score",,FALSE,,"Granitto,Vasco kickoff 60 yards to the TCNJ05 D'Alessandro III,Albert return 18 yards to the TCNJ23 (Trolinger,Matt; Jordan,Brady)."
"20250906_due6",55,2,"Lycoming","TCNJ","header","TCNJ","Lycoming","after safety",,FALSE,,"Granitto,Vasco kickoff 49 yards to the TCNJ31 Harrison,Isaiah return 37 yards to the LYCO32 (Trolinger,Matt), out of bounds."
"20250906_due6",63,2,"TCNJ","Lycoming","header","Lycoming","TCNJ","after score","Lycoming",FALSE,,"Ware,Jake kickoff 52 yards to the LYCO13 Barlett,Aiden return 32 yards to the LYCO44 fumbled by Barlett,Aiden at LYCO44 forced by Westerby,Bill recovered by LYCO Zimmerman,Jared at LYCO45 (Ware,Jake), out of bounds."
"20250906_due6",73,2,"Lycoming","TCNJ","header","TCNJ","Lycoming","after score",,FALSE,,"Granitto,Vasco kickoff 50 yards to the TCNJ00, Touchback."
"20250906_due6",87,3,"Lycoming","TCNJ","header","TCNJ","Lycoming","coin toss",,FALSE,,"Granitto,Vasco kickoff 59 yards to the TCNJ06 D'Alessandro III,Albert return 19 yards to the TCNJ25 (Tolbert,Cam; Ferguson,Spencer)."
"20250906_due6",116,3,"Lycoming","TCNJ","header","TCNJ","Lycoming","after score",,FALSE,,"Granitto,Vasco kickoff 62 yards to the TCNJ03 D'Alessandro III,Albert return 20 yards to the TCNJ23 (Ferguson,Spencer)."
"20250906_due6",147,4,"Lycoming","TCNJ","header","TCNJ","Lycoming","after score",,FALSE,,"Granitto,Vasco kickoff 0 yards to the LYCO35, out of bounds at LYCO35."
"20250906_due6",156,4,"TCNJ","Lycoming","header","Lycoming","TCNJ","after score",,FALSE,,"Ware,Jake kickoff 60 yards to the LYCO05 Zimmerman,Jared return 16 yards to the LYCO21 (Feniello,Remy; Edwards,Anthony)."
"20250906_e064",1,1,"Carnegie Mellon","Chicago","header","Chicago","Carnegie Mellon","coin toss",,FALSE,,"Norell,John kickoff 50 yards to the UCHI15 fair catch by Minton,Josh at UCHI15."
"20250906_e064",15,1,"Carnegie Mellon","Chicago","header","Chicago","Carnegie Mellon","after score",,FALSE,,"Norell,John kickoff 65 yards to the UCHI00, Touchback."
"20250906_e064",44,2,"Carnegie Mellon","Chicago","header","Chicago","Carnegie Mellon","after score",,FALSE,,"Norell,John kickoff 65 yards to the UCHI00, Touchback."
"20250906_e064",59,2,"Carnegie Mellon","Chicago","header","Chicago","Carnegie Mellon","after score",,FALSE,,"Bisazza,Lucas kickoff 65 yards to the UCHI00, Touchback."
"20250906_e064",93,3,"Chicago","Carnegie Mellon","header","Carnegie Mellon","Chicago","coin toss",,FALSE,,"Kim,Nathaniel kickoff 63 yards to the CMU02 Johnson,DJ return 29 yards to the CMU31 (Nittoli,Anthony)."
"20250906_e064",149,4,"Carnegie Mellon","Chicago","header","Chicago","Carnegie Mellon","after score",,FALSE,,"Norell,John kickoff 60 yards to the UCHI05 Giggetts,Morrison return 16 yards to the UCHI21 (Sturges,Robert)."
"20250906_eq8n",1,1,"Roanoke","Virginia-Lynchburg","header","Virginia-Lynchburg","Roanoke","coin toss",,FALSE,,"Cyr,Ethan kickoff 62 yards to the VUL03 Gibson,Wesley return 20 yards to the VUL23 (Smith,Tandom)."
"20250906_eq8n",7,1,"Roanoke","Virginia-Lynchburg","header","Virginia-Lynchburg","Roanoke","after score",,FALSE,,"Cyr,Ethan kickoff 51 yards to the VUL14 Gibson,Wesley return 18 yards to the VUL32 (Smith,Tandom) PENALTY RC UNS: Unsportsmanlike Conduct (Mapstone,Ethan) 15 yards from VUL32 to VUL47."
"20250906_eq8n",11,1,"Virginia-Lynchburg","Roanoke","header","Roanoke","Virginia-Lynchburg","after score",,FALSE,,"Briggeman,Jacob kickoff 58 yards to the RC 07 Bromley,Marcus return 8 yards to the RC 15 (Rainey,Ronald)."
"20250906_eq8n",28,1,"Roanoke","Virginia-Lynchburg","header","Virginia-Lynchburg","Roanoke","after score",,FALSE,,"Cyr,Ethan kickoff 57 yards to the VUL08 Gibson,Wesley return 13 yards to the VUL21 (Andrews,Brayden)."
"20250906_eq8n",66,2,"Roanoke","Virginia-Lynchburg","header","Virginia-Lynchburg","Roanoke","after score",,FALSE,,"Cyr,Ethan kickoff 65 yards to the VUL00 Gibson,Wesley return 22 yards to the VUL22 (Moyer,Josiah)."
"20250906_eq8n",80,3,"Virginia-Lynchburg","Roanoke","header","Roanoke","Virginia-Lynchburg","coin toss",,FALSE,,"Briggeman,Jacob kickoff 52 yards to the RC 13 Swanson,Jackson return 24 yards to the RC 37 (Bartlett,Justyn)."
"20250906_eq8n",100,3,"Virginia-Lynchburg","Roanoke","header","Roanoke","Virginia-Lynchburg","after safety",,FALSE,,"Briggeman,Jacob kickoff 46 yards to the RC 34 Swanson,Jackson return 36 yards to the VUL30 (Bartlett,Justyn)."
"20250906_ex14",1,1,"Knox","Eureka","header","Eureka","Knox","coin toss",,FALSE,,"Torres,Fernando kickoff 53 yards to the EUR12 Isom,DeVayne return 63 yards to the KNO25 (Torres,Fernando)."
"20250906_ex14",20,1,"Knox","Eureka","header","Eureka","Knox","after score",,FALSE,,"Torres,Fernando kickoff 56 yards to the EUR09 Isom,DeVayne return 19 yards to the EUR28 (Hawes,Izayiah)."
"20250906_ex14",60,2,"Knox","Eureka","header","Eureka","Knox","after score",,FALSE,,"Torres,Fernando kickoff 60 yards to the EUR20 Isom,DeVayne return 8 yards to the EUR28 (Lucas,Chase)."
"20250906_ex14",81,2,"Knox","Eureka","fallback",,"Knox","after score",,FALSE,,"(00:01) Torres,Fernando kickoff 29 yards to the EUR36 Pitzer,Lane return 0 yards to the EUR36 (McAdams,Taylor)."
"20250906_ex14",82,3,"Eureka","Knox","header","Knox","Eureka","coin toss",,FALSE,,"Almuswey,Ali kickoff 45 yards to the KNO20 Lucas,Chase return 23 yards to the KNO43 (Burns,Brian)."
"20250906_ex14",104,3,"Eureka","Knox","header","Knox","Eureka","after score",,FALSE,,"Almuswey,Ali kickoff 45 yards to the KNO20 Lucas,Chase return 21 yards to the KNO41 (Crowder,Jayden; Evans,Jawan)."
"20250906_ex14",148,4,"Eureka","Knox","header","Knox","Eureka","after score",,FALSE,,"Almuswey,Ali kickoff 35 yards to the KNO30 Byrd,Mario return 9 yards to the KNO39 (Boyer,Braylon)."
"20250906_f4wr",1,1,"UW-Whitewater","Carleton","header","Carleton","UW-Whitewater","coin toss",,FALSE,,"Liszka,Hunter kickoff 53 yards to the CC12 Dimond,Tyler return 12 yards to the CC24 (Robinson,Malik; Hill,Darrick)."
"20250906_f4wr",21,1,"UW-Whitewater","Carleton","header","Carleton","UW-Whitewater","after score",,FALSE,,"Tackett,Dylan kickoff 59 yards to the CC06 Dimond,Tyler return 16 yards to the CC22 (Lambert,Josh; Hill,Darrick)."
"20250906_f4wr",42,2,"UW-Whitewater","Carleton","header","Carleton","UW-Whitewater","after score",,FALSE,,"Liszka,Hunter kickoff 61 yards to the CC04 Dimond,Tyler return 12 yards to the CC16 (Fowler,Jayden)."
"20250906_f4wr",58,2,"Carleton","UW-Whitewater","fallback",,"Carleton","after score",,FALSE,,"Merkelbach,Marcus kickoff 56 yards to the UWW09 Vasey,Tyler return 91 yards to the CC00 TOUCHDOWN, clock 06:32."
"20250906_f4wr",60,2,"UW-Whitewater","Carleton","header","Carleton","Carleton","after score",,FALSE,"header says Carleton receives; context (after score) says Carleton kicks","Tackett,Dylan kickoff 65 yards to the CC00, Touchback."
"20250906_f4wr",82,2,"UW-Whitewater","Carleton","header","Carleton","UW-Whitewater","after score",,FALSE,,"Liszka,Hunter kickoff 63 yards to the CC02 fair catch by Dimond,Tyler at CC02."
"20250906_f4wr",84,3,"Carleton","UW-Whitewater","header","UW-Whitewater","Carleton","coin toss",,FALSE,,"Merkelbach,Marcus kickoff 59 yards to the UWW06 Vasey,Tyler return 25 yards to the UWW31 (Asgarian,Dylan)."
"20250906_f4wr",113,3,"UW-Whitewater","Carleton","header","Carleton","UW-Whitewater","after score",,FALSE,,"Tackett,Dylan kickoff 51 yards to the CC14 Dimond,Tyler return 27 yards to the CC41 (Porter,Tristan)."
"20250906_f4wr",122,3,"UW-Whitewater","Carleton","header","Carleton","UW-Whitewater","after score",,FALSE,,"Liszka,Hunter kickoff 64 yards to the CC01 fair catch by Watson,Jaxon at CC01."
"20250906_f4wr",138,4,"UW-Whitewater","Carleton","header","Carleton","UW-Whitewater","after score",,FALSE,,"Tackett,Dylan kickoff 49 yards to the CC16 Watson,Jaxon return 18 yards to the CC34 (Boram,Brett)."
"20250906_f4wr",156,4,"Carleton","UW-Whitewater","header","UW-Whitewater","Carleton","after score",,FALSE,,"Merkelbach,Marcus kickoff 60 yards to the UWW05 fair catch by Vasey,Tyler at UWW05."
"20250906_fm5a",1,1,"Plymouth State","New England College","header","New England College","Plymouth State","coin toss",,FALSE,,"Ross,Seamus kickoff 31 yards to the NEC34 Auger,Gavin return 0 yards to the NEC34 (Ross,Seamus; Engel,Robbie)."
"20250906_fm5a",10,1,"New England College","Plymouth State","header","Plymouth State","New England College","after score",,FALSE,,"Andrade,Vanilson kickoff 48 yards to the PSU17 Fontano,Joe return 28 yards to the PSU45 (Philbrook,Gavin), out of bounds."
"20250906_fm5a",19,1,"Plymouth State","New England College","header","New England College","Plymouth State","after score",,FALSE,,"Ross,Seamus kickoff 30 yards to the NEC35, out of bounds at NEC35."
"20250906_fm5a",22,1,"New England College","Plymouth State","header","Plymouth State","New England College","after score",,FALSE,,"Andrade,Vanilson kickoff 47 yards to the PSU18 Fontano,Joe return 25 yards to the PSU43 (Madison,Kaevryel; Philbrook,Gavin)."
"20250906_fm5a",28,1,"Plymouth State","New England College","header","New England College","Plymouth State","after score",,FALSE,,"Ross,Seamus kickoff 53 yards to the NEC12 Auger,Gavin return 15 yards to the NEC27 (Ryder,Tyrese)."
"20250906_fm5a",36,1,"Plymouth State","New England College","header","New England College","Plymouth State","after score",,FALSE,,"Ross,Seamus kickoff 59 yards to the NEC06 White,Dontrell return 21 yards to the NEC27 (Berthiaume,Greg; Fleming,Ryan)."
"20250906_fm5a",50,2,"Plymouth State","New England College","header","New England College","Plymouth State","after score",,FALSE,,"Ross,Seamus kickoff 55 yards to the NEC10 Philbrook,Gavin return 18 yards to the NEC28 (Fritz,Aidan)."
"20250906_fm5a",80,3,"New England College","Plymouth State","header","Plymouth State","New England College","coin toss",,FALSE,,"Andrade,Vanilson kickoff 40 yards to the PSU25 Graham,Jayden return 20 yards to the PSU45 (Taylor,CJ), out of bounds."
"20250906_fm5a",91,3,"Plymouth State","New England College","header","New England College","Plymouth State","after score",,FALSE,,"Ross,Seamus kickoff 55 yards to the NEC10 Philbrook,Gavin return 15 yards to the NEC25 (Ryder,Tyrese)."
"20250906_fm5a",110,4,"Plymouth State","New England College","header","New England College","Plymouth State","after score",,FALSE,,"Ross,Seamus kickoff 57 yards to the NEC08 White,Dontrell return 22 yards to the NEC30 (Fritz,Aidan) PENALTY PSU Face Mask (Ryder,Tyrese) 15 yards from NEC30 to NEC45."
"20250906_fm5a",122,4,"New England College","Plymouth State","header","Plymouth State","New England College","after score",,FALSE,,"Andrade,Vanilson kickoff 46 yards to the PSU19 Fontano,Joe return 25 yards to the PSU44 (Draper,Justin; Madison,Levi)."
"20250906_fm5a",134,4,"Plymouth State","New England College","header","New England College","Plymouth State","after score",,FALSE,,"Ross,Seamus kickoff 58 yards to the NEC07 White,Dontrell return 8 yards to the NEC15 (Costine,Nehemiah)."
"20250906_fw2w",1,1,"St. Olaf","Northwestern (Minn.)","header","Northwestern (Minn.)","St. Olaf","coin toss",,FALSE,,"(15:00) Hess,Ethan kickoff 59 yards to the UNW06 Ulmer,Trey return 18 yards to the UNW24 (Frenzel,Bryce), out of bounds."
"20250906_fw2w",18,1,"St. Olaf","Northwestern (Minn.)","header","Northwestern (Minn.)","St. Olaf","after score",,FALSE,,"(09:54) Hess,Ethan kickoff 63 yards to the UNW02 fair catch by Ulmer,Trey at UNW02."
"20250906_fw2w",40,1,"Northwestern (Minn.)","St. Olaf","header","St. Olaf","Northwestern (Minn.)","after score",,FALSE,,"(00:19) Cruver,Gideon kickoff 40 yards to the STO25 Butcher,Riley return 6 yards to the STO31 (Fee,Clay)."
"20250906_fw2w",53,2,"Northwestern (Minn.)","St. Olaf","header","St. Olaf","Northwestern (Minn.)","after safety",,FALSE,,"(09:37) Cruver,Gideon kickoff 51 yards to the STO29 Mahoney,Alec return 26 yards to the UNW45 (Cruver,Gideon)."
"20250906_fw2w",84,2,"St. Olaf","Northwestern (Minn.)","fallback",,"St. Olaf","after score",,FALSE,,"(00:03) Hess,Ethan kickoff 45 yards to the UNW20 Ulmer,Trey return 12 yards to the UNW32 (Collins,Jack)."
"20250906_fw2w",85,3,"Northwestern (Minn.)","St. Olaf","header","St. Olaf","Northwestern (Minn.)","coin toss",,FALSE,,"(15:00) Cruver,Gideon kickoff 43 yards to the STO22, out of bounds at STO22."
"20250906_fw2w",92,3,"St. Olaf","Northwestern (Minn.)","header","Northwestern (Minn.)","St. Olaf","after score",,FALSE,,"(14:00) Hess,Ethan kickoff 60 yards to the UNW05 fair catch by Ulmer,Trey at UNW05."
"20250906_fw2w",105,3,"St. Olaf","Northwestern (Minn.)","header","Northwestern (Minn.)","St. Olaf","after score",,FALSE,,"(09:29) Hess,Ethan kickoff 53 yards to the UNW12 fair catch by Ulmer,Trey at UNW12."
"20250906_fw2w",145,4,"St. Olaf","Northwestern (Minn.)","header","Northwestern (Minn.)","St. Olaf","after score",,FALSE,,"(07:16) Hess,Ethan kickoff 65 yards to the UNW00, Touchback."
"20250906_fw2w",156,4,"St. Olaf","Northwestern (Minn.)","header","Northwestern (Minn.)","St. Olaf","after score",,FALSE,,"(02:45) Hess,Ethan kickoff 60 yards to the UNW05 Ulmer,Trey return 21 yards to the UNW26 (Frenzel,Bryce)."
"20250906_glc4",1,1,"UW-Stout","Dubuque","header","Dubuque","UW-Stout","coin toss",,FALSE,,"Jackman,Garrison kickoff 65 yards to the UD00, Touchback."
"20250906_glc4",13,1,"Dubuque","UW-Stout","header","UW-Stout","Dubuque","after score",,FALSE,,"McCormick,Alex kickoff 56 yards to the STOUT09 Evans,Davonte return 25 yards to the STOUT34 (James,KeiJhuan)."
"20250906_glc4",33,1,"UW-Stout","Dubuque","header","Dubuque","UW-Stout","after score",,FALSE,,"Jackman,Garrison kickoff 65 yards to the UD00 Matthews Jr.,David return 16 yards to the UD16 (Saenger,Cole; Hatlestad,Grady), out of bounds PENALTY UD Holding (Goveia,Danny) 8 yards from UD16 to UD08."
"20250906_glc4",57,2,"UW-Stout","Dubuque","header","Dubuque","UW-Stout","after score",,FALSE,,"Jackman,Garrison kickoff 32 yards to the UD33 Martinez,Isaiah return 0 yards to the UD33 (Saenger,Cole)."
"20250906_glc4",66,2,"UW-Stout","Dubuque","header","Dubuque","UW-Stout","after score",,FALSE,,"Jackman,Garrison kickoff 57 yards to the UD08, out of bounds at UD08 PENALTY STOUT UNS: Unsportsmanlike Conduct (Schuman,Ryan) 15 yards from UD35 to UD50."
"20250906_glc4",72,2,"Dubuque","UW-Stout","fallback",,"Dubuque","after score",,FALSE,,"McCormick,Alex kickoff 61 yards to the STOUT04 James,Jojo return 96 yards to the UD00 TOUCHDOWN, clock 07:03."
"20250906_glc4",74,2,"UW-Stout","Dubuque","header","Dubuque","Dubuque","after score",,FALSE,"header says Dubuque receives; context (after score) says Dubuque kicks","Jackman,Garrison kickoff 30 yards to the UD35 James,KeiJhuan return 0 yards to the UD35 (Saenger,Cole) PENALTY STOUT Offside (McGuire,Connor) 5 yards from UD35 to UD40."
"20250906_glc4",100,2,"Dubuque","UW-Stout","header","UW-Stout",,"after score",,FALSE,,"McCormick,Alex kickoff 32 yards to the STOUT33 Lamb,Kael return 8 yards to the STOUT41 (Matthews Jr.,David)."
"20250906_glc4",102,3,"Dubuque","UW-Stout","header","UW-Stout","Dubuque","coin toss",,FALSE,,"McCormick,Alex kickoff 43 yards to the STOUT22 Evans,Davonte return 29 yards to the UD49 (James,KeiJhuan)."
"20250906_glc4",115,3,"UW-Stout","Dubuque","header","Dubuque","UW-Stout","after score",,FALSE,,"Jackman,Garrison kickoff 58 yards to the UD07 fair catch by Rush,Jay at UD07."
"20250906_glc4",128,3,"Dubuque","UW-Stout","header","UW-Stout","Dubuque","after score",,FALSE,,"McCormick,Alex kickoff 29 yards to the STOUT36 Dvorak,McCabe return 7 yards to the STOUT43 (Goveia,Danny)."
"20250906_glc4",131,3,"Dubuque","UW-Stout","header","UW-Stout","Dubuque","after score",,FALSE,,"McCormick,Alex kickoff 45 yards to the STOUT20 Evans,Davonte return 10 yards to the STOUT30 (Olejniczak,Tyler)."
"20250906_glc4",162,4,"UW-Stout","Dubuque","header","Dubuque","UW-Stout","after score",,FALSE,,"Jackman,Garrison kickoff 60 yards to the UD05 fair catch by Rush,Jay at UD05."
"20250906_hbla",1,1,"Case Western Reserve","Rowan","header","Rowan","Case Western Reserve","coin toss",,FALSE,,"Petrozzi,Gabriel kickoff 62 yards to the ROW03 Jean-Baptiste,Isaac return 16 yards to the ROW19 (LaVerde,Phil)."
"20250906_hbla",5,1,"Rowan","Case Western Reserve","header","Case Western Reserve","Rowan","after score",,FALSE,,"Franchi,Josh kickoff 63 yards to the CWR02 Kavcic,Jake return 24 yards to the CWR26 (Reason-Dallas,Amir)."
"20250906_hbla",15,1,"Case Western Reserve","Rowan","header","Rowan","Case Western Reserve","after score",,FALSE,,"Petrozzi,Gabriel kickoff 63 yards to the ROW02 Jean-Baptiste,Isaac return 15 yards to the ROW17 (Hack,Vinny)."
"20250906_hbla",46,1,"Case Western Reserve","Rowan","header","Rowan","Case Western Reserve","after score",,FALSE,,"Petrozzi,Gabriel kickoff 56 yards to the ROW09 Jean-Baptiste,Isaac return 6 yards to the ROW15 (Morrison,Charlie)."
"20250906_hbla",86,3,"Rowan","Case Western Reserve","header","Case Western Reserve","Rowan","coin toss",,FALSE,,"Franchi,Josh kickoff 65 yards to the CWR00 Kavcic,Jake return 28 yards to the CWR28 (McBride,Xavier)."
"20250906_hbla",106,3,"Rowan","Case Western Reserve","header","Case Western Reserve","Rowan","after score",,FALSE,,"Franchi,Josh kickoff 65 yards to the CWR00 Kavcic,Jake return 23 yards to the CWR23 (Simpson,A'Meire)."
"20250906_hbla",117,3,"Rowan","Case Western Reserve","header","Case Western Reserve","Rowan","after score",,FALSE,,"Franchi,Josh kickoff 59 yards to the CWR06 Kavcic,Jake return 14 yards to the CWR20 (Helmick,Trey) PENALTY CWR Illegal Block in Back (Kapapi,Bidinga) 10 yards from CWR20 to CWR10."
"20250906_ipvv",1,1,"DePauw","Rose-Hulman","header","Rose-Hulman","DePauw","coin toss",,FALSE,,"Gomez,Ben kickoff 60 yards to the RHIT05 Alexion,Joseph return 13 yards to the RHIT18 (Roland,Joey)."
"20250906_ipvv",17,1,"DePauw","Rose-Hulman","header","Rose-Hulman","DePauw","after score",,FALSE,,"Gomez,Ben kickoff 60 yards to the RHIT05 Alexion,Joseph return 19 yards to the RHIT24 (Creed,Nathan; McCoy,Danny)."
"20250906_ipvv",33,1,"DePauw","Rose-Hulman","header","Rose-Hulman","DePauw","after score",,FALSE,,"Gomez,Ben kickoff 62 yards to the RHIT03 Alexion,Joseph return 20 yards to the RHIT23 (Gastineau,Shane; Beaupre,Ethan)."
"20250906_ipvv",58,2,"DePauw","Rose-Hulman","header","Rose-Hulman","DePauw","after score",,FALSE,,"Gomez,Ben kickoff 60 yards to the RHIT05 Alexion,Joseph return 15 yards to the RHIT20 (Gastineau,Shane)."
"20250906_ipvv",68,2,"DePauw","Rose-Hulman","header","Rose-Hulman","DePauw","after score",,FALSE,,"Gomez,Ben kickoff 59 yards to the RHIT06 Alexion,Joseph return 16 yards to the RHIT22 (Gastineau,Shane; Miller,Jeremiah)."
"20250906_ipvv",80,3,"Rose-Hulman","DePauw","header","DePauw","Rose-Hulman","coin toss",,FALSE,,"Tanksley,Brendan kickoff 40 yards to the DPU 25 fair catch by Whitehead,Caden at DPU 25."
"20250906_ipvv",103,3,"DePauw","Rose-Hulman","header","Rose-Hulman","DePauw","after score",,FALSE,,"Gomez,Ben kickoff 57 yards to the RHIT08 Alexion,Joseph return 24 yards to the RHIT32 (Pasinato,Robert; Gastineau,Shane)."
"20250906_ipvv",125,4,"DePauw","Rose-Hulman","header","Rose-Hulman","DePauw","after score",,FALSE,,"Gomez,Ben kickoff 60 yards to the RHIT05 Alexion,Joseph return 15 yards to the RHIT20 (Beaupre,Ethan) PENALTY DPU Offside (Mencer,Seth) 4 yards from RHIT20 to RHIT24."
"20250906_ipvv",140,4,"DePauw","Rose-Hulman","header","Rose-Hulman","DePauw","after score",,FALSE,,"Gibbs,Alex kickoff 50 yards to the RHIT15 Porter,Austin return 16 yards to the RHIT31 (Dibble,Carson; Pasinato,Robert)."
"20250906_j3h2",1,1,"Union","Susquehanna","header","Susquehanna","Union","coin toss",,FALSE,,"Pileggi,Francesco kickoff 50 yards to the SUSQU15 Growney,Daniel return 17 yards to the SUSQU32 (Robbins,Tyler), out of bounds."
"20250906_j3h2",14,1,"Susquehanna","Union","header","Union","Susquehanna","after score",,FALSE,,"Bourgeois,Dominic kickoff 65 yards to the UNION00, Touchback."
"20250906_j3h2",27,1,"Union","Susquehanna","header","Susquehanna","Union","after score",,FALSE,,"Pileggi,Francesco kickoff 55 yards to the SUSQU10 Growney,Daniel return 22 yards to the SUSQU32 (Harris,Ty; Coleman,Lucas)."
"20250906_j3h2",41,2,"Susquehanna","Union","header","Union","Susquehanna","after score",,FALSE,,"Bourgeois,Dominic kickoff 58 yards to the UNION07 Gore,Kaden return 20 yards to the UNION27 (Waters,Kayvon)."
"20250906_j3h2",55,2,"Susquehanna","Union","header","Union","Susquehanna","after score",,FALSE,,"Bourgeois,Dominic kickoff 60 yards to the UNION05 Curran,Joe return 14 yards to the UNION19 (Raniero,Vin; Daly,Connor)."
"20250906_j3h2",82,3,"Susquehanna","Union","header","Union","Susquehanna","coin toss",,FALSE,,"Bourgeois,Dominic kickoff 62 yards to the UNION03 Gore,Kaden return 15 yards to the UNION18 (Nolan,Brayden; Seibert,Steven)."
"20250906_j3h2",98,3,"Susquehanna","Union","header","Union","Susquehanna","after score",,FALSE,,"Bourgeois,Dominic kickoff 65 yards to the UNION00 Gore,Kaden return 18 yards to the UNION18 (Wagner,Berkeley; Raniero,Vin) PENALTY UNION Holding (Coleman,Lucas) 9 yards from UNION18 to UNION09."
"20250906_j3h2",123,4,"Susquehanna","Union","header","Union","Susquehanna","after score",,FALSE,,"Bourgeois,Dominic kickoff 65 yards to the UNION00, Touchback."
"20250906_j3h2",127,4,"Susquehanna","Union","header","Union","Susquehanna","after score",,FALSE,,"Bourgeois,Dominic kickoff 64 yards to the UNION01 fair catch by Kakos,Chris at UNION01."
"20250906_j3h2",143,4,"Union","Susquehanna","header","Susquehanna","Union","after score",,FALSE,,"Pileggi,Francesco kickoff 65 yards to the SUSQU00, Touchback."
"20250906_j5s3",1,1,"Sewanee","Bethany","header","Bethany","Sewanee","coin toss",,FALSE,,"Dorsey,Levi kickoff 55 yards to the BET10 Colson,Devan return 23 yards to the BET33 (Garden,Trevon) PENALTY BET UNR: Unnecessary Roughness 15 yards from BET33 to BET18."
"20250906_j5s3",21,1,"Sewanee","Bethany","header","Bethany","Sewanee","after score",,FALSE,,"Dorsey,Levi kickoff 55 yards to the BET10 Colson,Devan return 15 yards to the BET25 (Mixon,Barton)."
"20250906_j5s3",39,2,"Bethany","Sewanee","header","Sewanee","Bethany","after score",,FALSE,,"Langley,Caden kickoff 60 yards to the SEW05 McLemore,AJ return 46 yards to the BET49 (Burns,Jacob)."
"20250906_j5s3",48,2,"Sewanee","Bethany","header","Bethany","Sewanee","after score",,FALSE,,"Dorsey,Levi kickoff 60 yards to the BET05 Colson,Devan return 23 yards to the BET28 (Rendessy,Balint)."
"20250906_j5s3",79,3,"Bethany","Sewanee","header","Sewanee","Bethany","coin toss",,FALSE,,"Langley,Caden kickoff 30 yards to the SEW35 fair catch by Rogers,Cecil at SEW35."
"20250906_j5s3",102,3,"Sewanee","Bethany","header","Bethany","Sewanee","after score",,FALSE,,"Dorsey,Levi kickoff 65 yards to the BET00, Touchback."
"20250906_j5s3",123,3,"Sewanee","Bethany","override","Sewanee","Sewanee","after score","Sewanee",TRUE,,"Dorsey,Levi kickoff 61 yards to the BET04 Beersingh,Jermain return 21 yards to the BET25 fumbled by Beersingh,Jermain at BET25 forced by Clark,Albert recovered by SEW McGinnis,Logan at BET25, End Of Play."
"20250906_j5s3",126,3,"Sewanee","Bethany","header","Bethany","Sewanee","after score",,FALSE,,"Dorsey,Levi kickoff 32 yards to the BET33 fair catch by DiSaia,Charlie at BET33."
"20250906_j5s3",148,4,"Sewanee","Bethany","header","Bethany","Sewanee","after score",,FALSE,,"Dorsey,Levi kickoff 57 yards to the BET08 fair catch by Colson,Devan at BET08."
"20250906_jdae",1,1,"Rochester","Olivet","header","Olivet","Rochester","coin toss",,FALSE,,"Brainard,Kyle kickoff 55 yards to the OLIVET10 Jones,Javorian return 13 yards to the OLIVET23 (Lehigh,Nathan; Brainard,Kyle)."
"20250906_jdae",8,1,"Rochester","Olivet","header","Olivet","Rochester","after score",,FALSE,,"Brainard,Kyle kickoff 50 yards to the OLIVET15 Jones,Javorian return 10 yards to the OLIVET25 (Felsinger,Braydon)."
"20250906_jdae",18,1,"Rochester","Olivet","header","Olivet","Rochester","after score",,FALSE,,"Brainard,Kyle kickoff 57 yards to the OLIVET08 Crawford,Herbert return 1 yard to the OLIVET09, out of bounds at OLIVET09."
"20250906_jdae",42,2,"Rochester","Olivet","header","Olivet","Rochester","after score",,FALSE,,"Brainard,Kyle kickoff 65 yards to the OLIVET00, Touchback."
"20250906_jdae",66,2,"Olivet","Rochester","header","Rochester","Olivet","after score",,FALSE,,"Pfeiffer,Owen kickoff 25 yards to the ROC40 Diggins,Jack return 0 yards to the ROC40."
"20250906_jdae",75,2,"Rochester","Olivet","override","Rochester","Rochester","after score","Rochester",TRUE,,"Brainard,Kyle kickoff 64 yards to the OLIVET01 Crawford,Herbert return 17 yards to the OLIVET16 fumbled by Crawford,Herbert at OLIVET16 forced by Felsinger,Braydon recovered by ROC Strollo,Drew at OLIVET18, End Of Play."
"20250906_jdae",79,3,"Olivet","Rochester","header","Rochester","Olivet","coin toss",,FALSE,,"Potter,Angel kickoff 62 yards to the ROC03 Genovese,Jett return 22 yards to the ROC25 (Johnson,Damareyus; Brown,RJ)."
"20250906_jdae",86,3,"Olivet","Rochester","header","Rochester","Olivet","after score",,FALSE,,"Potter,Angel kickoff 60 yards to the ROC05, out of bounds at ROC05."
"20250906_jdae",116,4,"Olivet","Rochester","header","Rochester","Olivet","after score",,FALSE,,"Potter,Angel kickoff 60 yards to the ROC05 Genovese,Jett return 23 yards to the ROC28 (Brown,RJ)."
"20250906_jdae",129,4,"Rochester","Olivet","header","Olivet","Rochester","after score",,FALSE,,"Brainard,Kyle kickoff 55 yards to the OLIVET10 McMillan,Christian return 13 yards to the OLIVET23 (Strollo,Drew; Thomas,Judah)."
"20250906_jdae",143,4,"Rochester","Olivet","header","Olivet","Rochester","after score",,FALSE,,"Brainard,Kyle kickoff 56 yards to the OLIVET09 McMillan,Christian return 17 yards to the OLIVET26 (Sarzana,Leo; Lehigh,Nathan) PENALTY OLIVET Personal Foul (Robinson,Marquan) 13 yards from OLIVET26 to OLIVET13."
"20250906_k8vz",1,1,"Westminster (Mo.)","Manchester","header","Manchester","Westminster (Mo.)","coin toss",,FALSE,,"Thompson,Cooper kickoff 54 yards to the MAN11 Ingram,Zalin return 22 yards to the MAN33 (Wright,Daronne)."
"20250906_k8vz",16,1,"Manchester","Westminster (Mo.)","header","Westminster (Mo.)","Manchester","after score",,FALSE,,"Ridgway,Grant kickoff 51 yards to the WMC14 Hicks,Campton return 34 yards to the WMC48 (Lee,Jason; Williams,Marquez)."
"20250906_k8vz",25,1,"Westminster (Mo.)","Manchester","header","Manchester","Westminster (Mo.)","after score",,FALSE,,"Thompson,Cooper kickoff 53 yards to the MAN12 Ingram,Zalin return 21 yards to the MAN33 (Hamilton,Nehemiah)."
"20250906_k8vz",45,1,"Manchester","Westminster (Mo.)","header","Westminster (Mo.)","Manchester","after score",,FALSE,,"Ridgway,Grant kickoff 41 yards to the WMC24 Olson,Kaden return 9 yards to the WMC33 (Swihart,Xander; Ingram,Zalin)."
"20250906_k8vz",95,2,"Westminster (Mo.)","Manchester","fallback",,"Westminster (Mo.)","after score",,FALSE,,"Thompson,Cooper kickoff 46 yards to the MAN19, out of bounds at MAN19."
"20250906_k8vz",96,2,"Westminster (Mo.)","Manchester","fallback",,"Westminster (Mo.)","re-kick",,FALSE,,"Thompson,Cooper kickoff 50 yards to the MAN20 Berkley,Jaydon return 39 yards to the WMC41, out of bounds at WMC41."
"20250906_k8vz",97,3,"Manchester","Westminster (Mo.)","fallback",,"Manchester","coin toss",,FALSE,,"Ridgway,Grant kickoff 38 yards to the WMC27, out of bounds at WMC27."
"20250906_k8vz",98,3,"Manchester","Westminster (Mo.)","header","Westminster (Mo.)","Manchester","re-kick",,FALSE,,"Ridgway,Grant kickoff 52 yards to the WMC18 Hicks,Campton return 39 yards to the MAN43 (Williams,Marquez)."
"20250906_k8vz",109,3,"Westminster (Mo.)","Manchester","header","Manchester","Westminster (Mo.)","after score",,FALSE,,"Thompson,Cooper kickoff 50 yards to the MAN15 Berkley,Jaydon return 8 yards to the MAN23 (Martin,Andrew)."
"20250906_k8vz",125,3,"Westminster (Mo.)","Manchester","fallback",,"Westminster (Mo.)","after score",,FALSE,,"Thompson,Cooper kickoff 61 yards to the MAN04, out of bounds at MAN04."
"20250906_k8vz",126,3,"Westminster (Mo.)","Manchester","header","Manchester","Westminster (Mo.)","re-kick",,FALSE,,"Thompson,Cooper kickoff 51 yards to the MAN19 Berkley,Jaydon return 16 yards to the MAN35 (Delagarza,Mason)."
"20250906_k8vz",167,4,"Westminster (Mo.)","Manchester","header","Manchester","Westminster (Mo.)","after score",,FALSE,,"Thompson,Cooper kickoff 50 yards to the MAN15 Ingram,Zalin return 12 yards to the MAN27 (Delagarza,Mason)."
"20250906_kbs4",1,1,"Minnesota-Morris","Concordia-Chicago","header","Concordia-Chicago","Minnesota-Morris","coin toss",,FALSE,,"Davis,Christian kickoff 51 yards to the CUC14 Henson,Blake return 21 yards to the CUC35, out of bounds at CUC35."
"20250906_kbs4",54,2,"Minnesota-Morris","Concordia-Chicago","header","Concordia-Chicago","Minnesota-Morris","after score",,FALSE,,"Davis,Christian kickoff 44 yards to the CUC21 Lugo,Josiah return 12 yards to the CUC33 (Wilmes,Jacob)."
"20250906_kbs4",65,2,"Concordia-Chicago","Minnesota-Morris","header","Minnesota-Morris","Concordia-Chicago","after score",,FALSE,,"Pagenkopf,Vincent kickoff 53 yards to the UMM12 Garza,Juan ""JT"" return 22 yards to the UMM34 (Mays,Darrius; Green,Eric)."
"20250906_kbs4",79,3,"Concordia-Chicago","Minnesota-Morris","header","Minnesota-Morris","Concordia-Chicago","coin toss",,FALSE,,"Pagenkopf,Vincent kickoff 50 yards to the UMM15 Guy,Manny return 22 yards to the UMM37 (Wascher,Hagan)."
"20250906_kbs4",110,3,"Concordia-Chicago","Minnesota-Morris","header","Minnesota-Morris","Concordia-Chicago","after score",,FALSE,,"Pagenkopf,Vincent kickoff 30 yards to the UMM35, out of bounds at UMM35."
"20250906_kbs4",123,4,"Minnesota-Morris","Concordia-Chicago","header","Concordia-Chicago","Minnesota-Morris","after score",,FALSE,,"Davis,Christian kickoff 64 yards to the CUC01 Henson,Blake return 13 yards to the CUC14 (Wilmes,Jacob; Hoglin,Derek)."
"20250906_kbs4",146,4,"Minnesota-Morris","Concordia-Chicago","header","Concordia-Chicago","Minnesota-Morris","after score",,FALSE,,"Davis,Christian kickoff 51 yards to the CUC14 Lawson,Kevon return 24 yards to the CUC38 (Davis,Christian; Steele,Ethan), out of bounds."
"20250906_kbs4",152,4,"Concordia-Chicago","Minnesota-Morris","fallback",,"Concordia-Chicago","after score",,FALSE,,"Pagenkopf,Vincent kickoff 0 yards to the CUC35, out of bounds at CUC35."
"20250906_kbs4",153,4,"Concordia-Chicago","Minnesota-Morris","header","Minnesota-Morris","Concordia-Chicago","re-kick",,FALSE,,"Pagenkopf,Vincent kickoff 55 yards to the UMM15 Garza,Juan ""JT"" return 27 yards to the UMM42 (Shipp,Brandon; Wascher,Hagan)."
"20250906_kd8h",1,1,"MIT","Nichols","header","Nichols","MIT","coin toss",,FALSE,,"Bulhof,Nico kickoff 55 yards to the NIC10 Fuoroli Jr.,Kevin return 27 yards to the NIC37 (Tang,Joshua; Alford,Wyatt)."
"20250906_kd8h",13,1,"Nichols","MIT","header","MIT","Nichols","after score",,FALSE,,"Foynes,Nick kickoff 50 yards to the MIT15 Hess,Dominic return 23 yards to the MIT38 (Clay,DJ)."
"20250906_kd8h",18,1,"MIT","Nichols","header","Nichols","MIT","after score",,FALSE,,"Bulhof,Nico kickoff 43 yards to the NIC22, out of bounds at NIC22."
"20250906_kd8h",29,1,"MIT","Nichols","header","Nichols","MIT","after score",,FALSE,,"Bulhof,Nico kickoff 53 yards to the NIC12 Calverley,Alec return 22 yards to the NIC34 (Gehrs,Nate)."
"20250906_kd8h",46,2,"MIT","Nichols","header","Nichols","MIT","after score",,FALSE,,"Bulhof,Nico kickoff 63 yards to the NIC02 Calverley,Alec return 25 yards to the NIC27, out of bounds at NIC27."
"20250906_kd8h",63,2,"MIT","Nichols","header","Nichols","MIT","after score",,FALSE,,"Bulhof,Nico kickoff 65 yards to the NIC00, Touchback."
"20250906_kd8h",86,2,"MIT","Nichols","header","Nichols","MIT","after score",,FALSE,,"Bulhof,Nico kickoff 65 yards to the NIC00, Touchback."
"20250906_kd8h",88,3,"Nichols","MIT","header","MIT","Nichols","coin toss",,FALSE,,"Foynes,Nick kickoff 0 yards to the NIC35, out of bounds at NIC35."
"20250906_kd8h",112,3,"MIT","Nichols","header","Nichols","MIT","after score",,FALSE,,"Bulhof,Nico kickoff 41 yards to the NIC24 Orvil,Mike return 9 yards to the NIC33 (Trainer,James)."
"20250906_kd8h",144,4,"Nichols","MIT","header","MIT",,"after score",,FALSE,,"(04:45) Foynes,Nick kickoff 50 yards to the MIT15 McHale,Connor return 13 yards to the MIT28 (McClean,Malachi; Bresnahan,JT)."
"20250906_kd8h",155,4,"MIT","Nichols","header","Nichols","MIT","after score",,FALSE,,"Bulhof,Nico kickoff 50 yards to the NIC15 Fuoroli Jr.,Kevin return 23 yards to the NIC38 (Trainer,James; Baisch,Marco)."
"20250906_khao",1,1,"Kean","Morrisville State","header","Morrisville State","Kean","coin toss",,FALSE,,"Lopez,Anthony kickoff 60 yards to the Morris05 Gaines,Xavier return 17 yards to the Morris22 (Brown,Nahshon; Mammeri,Noah)."
"20250906_khao",45,1,"Morrisville State","Kean","header","Kean","Morrisville State","after score",,FALSE,,"Fish,Ryan kickoff 49 yards to the Kean16 Marzouk,Aly return 20 yards to the Kean36 (Howard,Scotty; Anacreon,Jonathan)."
"20250906_khao",81,2,"Kean","Morrisville State","header","Morrisville State","Kean","after score",,FALSE,,"Lopez,Anthony kickoff 55 yards to the Morris10 Lester,Bran'Dale return 36 yards to the Morris46 (Thomas,De'Jhon; King,Walter)."
"20250906_khao",98,3,"Morrisville State","Kean","header","Kean","Morrisville State","coin toss",,FALSE,,"Fish,Ryan kickoff 50 yards to the Kean15 Marzouk,Aly return 24 yards to the Kean39 (Parker,Marquis; Augustin,Xavier)."
"20250906_khao",109,3,"Morrisville State","Kean","header","Kean","Morrisville State","after score",,FALSE,,"Fish,Ryan kickoff 59 yards to the Kean06 Amos,Chris return 19 yards to the Kean25 (Duncan,Lawrence)."
"20250906_khao",128,3,"Kean","Morrisville State","header","Morrisville State","Kean","after score",,FALSE,,"Lopez,Anthony kickoff 46 yards to the Morris19 Gaines,Xavier return 26 yards to the Morris45 (Gomm,Michael) PENALTY Morris Block Below Waist 6 yards from Morris19 to Morris13."
"20250906_km6t",1,1,"UW-Platteville","Aurora","header","Aurora","UW-Platteville","coin toss",,FALSE,,"Mobley,Brady kickoff 63 yards to the Aurora02 Urwiler,Trey return 27 yards to the Aurora29 (Contreras,Carter)."
"20250906_km6t",14,1,"UW-Platteville","Aurora","header","Aurora","UW-Platteville","after score",,FALSE,,"Mobley,Brady kickoff 56 yards to the Aurora09 Urwiler,Trey return 17 yards to the Aurora26 (Muhammad,Sahir; Zuehlke,David)."
"20250906_km6t",29,1,"UW-Platteville","Aurora","header","Aurora","UW-Platteville","after score",,FALSE,,"Mobley,Brady kickoff 61 yards to the Aurora04 Ramsey,TJ return 32 yards to the Aurora36 (Warren,Dylan; Zuehlke,David) PENALTY Aurora Holding (Dones,Lucious) 10 yards from Aurora30 to Aurora20."
"20250906_km6t",41,1,"UW-Platteville","Aurora","header","Aurora","UW-Platteville","after score",,FALSE,,"Mobley,Brady kickoff 58 yards to the Aurora07 Ramsey,TJ return 23 yards to the Aurora30 (Parent,Andrew)."
"20250906_km6t",73,2,"UW-Platteville","Aurora","header","Aurora","UW-Platteville","after score",,FALSE,,"Mobley,Brady kickoff 65 yards to the Aurora00, Touchback."
"20250906_km6t",83,2,"UW-Platteville","Aurora","header","Aurora","UW-Platteville","after score",,FALSE,,"Mobley,Brady kickoff 63 yards to the Aurora02 Ramsey,TJ return 25 yards to the Aurora27 (Parent,Andrew)."
"20250906_km6t",89,3,"Aurora","UW-Platteville","header","UW-Platteville","Aurora","coin toss",,FALSE,,"Money,Brett kickoff 65 yards to the UWP00, Touchback."
"20250906_km6t",109,3,"UW-Platteville","Aurora","header","Aurora","UW-Platteville","after score",,FALSE,,"Mobley,Brady kickoff 65 yards to the Aurora00 Ramsey,TJ return 24 yards to the Aurora24 (Contreras,Carter)."
"20250906_kuih",1,1,"Wisconsin Lutheran","St. Scholastica","header","St. Scholastica","Wisconsin Lutheran","coin toss",,FALSE,,"Loehr,Devin kickoff 61 yards to the CSS04 Burgess,Andrew return 20 yards to the CSS24 (Gordon,Malik)."
"20250906_kuih",18,1,"St. Scholastica","Wisconsin Lutheran","header","Wisconsin Lutheran","St. Scholastica","after score",,FALSE,,"Andrews,Jacob kickoff 53 yards to the WLC12 Martin,Connor return 18 yards to the WLC30 (Graske,Charlie)."
"20250906_kuih",46,2,"St. Scholastica","Wisconsin Lutheran","header","Wisconsin Lutheran","St. Scholastica","after score",,FALSE,,"Bloom,Carter kickoff 40 yards to the WLC25, out of bounds at WLC25."
"20250906_kuih",55,2,"St. Scholastica","Wisconsin Lutheran","header","Wisconsin Lutheran","St. Scholastica","after score",,FALSE,,"Andrews,Jacob kickoff 21 yards to the WLC44 fair catch by Bryant,Landon at WLC44."
"20250906_kuih",64,2,"Wisconsin Lutheran","St. Scholastica","header","St. Scholastica","Wisconsin Lutheran","after score",,FALSE,,"Loehr,Devin kickoff 57 yards to the CSS08 Williams,Jevon return 23 yards to the CSS31 (Perera,Jalen)."
"20250906_kuih",83,2,"Wisconsin Lutheran","St. Scholastica","header","St. Scholastica","Wisconsin Lutheran","after score",,FALSE,,"Loehr,Devin kickoff 45 yards to the CSS20 Richardson,William return 10 yards to the CSS30 (Salas,Noah)."
"20250906_kuih",85,3,"St. Scholastica","Wisconsin Lutheran","header","Wisconsin Lutheran","St. Scholastica","coin toss",,FALSE,,"Andrews,Jacob kickoff 31 yards to the WLC34 Perera,Jalen return 6 yards to the WLC40 (Farwenel,Moses)."
"20250906_kuih",99,3,"St. Scholastica","Wisconsin Lutheran","header","Wisconsin Lutheran","St. Scholastica","after score",,FALSE,,"Andrews,Jacob kickoff 53 yards to the WLC12 Martin,Connor return 29 yards to the WLC41 (Farwenel,Moses)."
"20250906_kuih",112,3,"Wisconsin Lutheran","St. Scholastica","header","St. Scholastica","Wisconsin Lutheran","after score",,FALSE,,"Loehr,Devin kickoff 59 yards to the CSS06 Burgess,Andrew return 28 yards to the CSS34 (Lewis,Damarius)."
"20250906_kuih",124,4,"St. Scholastica","Wisconsin Lutheran","header","Wisconsin Lutheran","St. Scholastica","after score",,FALSE,,"Andrews,Jacob kickoff 55 yards to the WLC10 Martin,Connor return 17 yards to the WLC27 (Journet,Lyntreall) PENALTY CSS UNS: Unsportsmanlike Conduct (Jackson,Stephan) 15 yards from WLC27 to WLC42."
"20250906_kuih",135,4,"Wisconsin Lutheran","St. Scholastica","header","St. Scholastica","Wisconsin Lutheran","after score",,FALSE,,"Loehr,Devin kickoff 55 yards to the CSS10 Williams,Jevon return 15 yards to the CSS25 (Vetch,Tyler)."
"20250906_kuih",156,4,"St. Scholastica","Wisconsin Lutheran","header","Wisconsin Lutheran","St. Scholastica","after score",,FALSE,,"Andrews,Jacob kickoff 58 yards to the WLC07 Wells,DeShawn return 17 yards to the WLC24 (Jackson,Stephan)."
"20250913_6i95",1,1,"Carnegie Mellon","UW-La Crosse","header","UW-La Crosse","Carnegie Mellon","coin toss",,FALSE,,"Noah Godhard kickoff 65 yards to the UWL00, touchback."
"20250913_6i95",14,1,"UW-La Crosse","Carnegie Mellon","header","Carnegie Mellon","UW-La Crosse","after score",,FALSE,,"Michael Stack kickoff 65 yards to the CMU00, touchback."
"20250913_6i95",64,2,"Carnegie Mellon","UW-La Crosse","header","UW-La Crosse","Carnegie Mellon","after score",,FALSE,,"Noah Godhard kickoff 65 yards to the UWL00, touchback."
"20250913_6i95",77,2,"UW-La Crosse","Carnegie Mellon","header","Carnegie Mellon","UW-La Crosse","after score",,FALSE,,"Michael Stack kickoff 63 yards to the CMU02, Nick McCullough return 27 yards to the CMU29 (Steven Piontek; Colin O'Neil)."
"20250913_6i95",82,3,"UW-La Crosse","Carnegie Mellon","header","Carnegie Mellon","UW-La Crosse","second half: first-half receiver kicks",,FALSE,,"Michael Stack kickoff 61 yards to the CMU04, Nick McCullough return 28 yards to the CMU32 (Calahan Miles)."
"20250913_6i95",101,3,"UW-La Crosse","Carnegie Mellon","header","Carnegie Mellon","UW-La Crosse","after score",,FALSE,,"Michael Stack kickoff 48 yards to the CMU17, Nick McCullough return 5 yards to the CMU22 (Kyle Lynch)."
"20250913_6i95",107,3,"UW-La Crosse","Carnegie Mellon","header","Carnegie Mellon","UW-La Crosse","after score",,FALSE,,"Michael Stack kickoff 50 yards to the CMU00, touchback."
"20250913_6i95",127,4,"UW-La Crosse","Carnegie Mellon","header","Carnegie Mellon","UW-La Crosse","after score",,FALSE,,"Michael Stack kickoff 65 yards to the CMU00, touchback."
"20250913_6i95",150,4,"Carnegie Mellon","UW-La Crosse","header","UW-La Crosse","Carnegie Mellon","after score",,FALSE,,"Noah Godhard kickoff 63 yards to the UWL02, fair catch by Braedon Ott."
"20250913_6i95",162,4,"UW-La Crosse","Carnegie Mellon","header","Carnegie Mellon","UW-La Crosse","after score",,FALSE,,"Michael Stack kickoff 60 yards to the CMU20, out-of-bounds, CMU ball on 50 yardline, clock 01:54."
"20250913_8770",1,1,"Johns Hopkins","John Carroll","header","John Carroll","Johns Hopkins","coin toss",,FALSE,,"Wayt,Kaleb kickoff 65 yards to the JCU00, Touchback."
"20250913_8770",10,1,"John Carroll","Johns Hopkins","header","Johns Hopkins","John Carroll","after score",,FALSE,,"Schuler,Colin kickoff 65 yards to the JHU00 Moore,Josh return 50 yards to the JHU50 (Jones,Josh), out of bounds."
"20250913_8770",16,1,"Johns Hopkins","John Carroll","header","John Carroll","Johns Hopkins","after score",,FALSE,,"Wayt,Kaleb kickoff 65 yards to the JCU00, Touchback."
"20250913_8770",31,1,"Johns Hopkins","John Carroll","header","John Carroll","Johns Hopkins","after score",,FALSE,,"Wayt,Kaleb kickoff 65 yards to the JCU00, Touchback."
"20250913_8770",56,2,"Johns Hopkins","John Carroll","header","John Carroll","Johns Hopkins","after score",,FALSE,,"Wayt,Kaleb kickoff 58 yards to the JCU07 Lindstrom,Shane return 25 yards to the JCU32 (Hogg,Carter; Kramer,Spencer)."
"20250913_8770",69,2,"John Carroll","Johns Hopkins","header","Johns Hopkins","John Carroll","after score",,FALSE,,"Schuler,Colin kickoff 65 yards to the JHU00 Moore,Josh return 33 yards to the JHU33 (Badley,Davon)."
"20250913_8770",82,3,"John Carroll","Johns Hopkins","header","Johns Hopkins","John Carroll","coin toss",,FALSE,,"Schuler,Colin kickoff 62 yards to the JHU03 Moore,Josh return 14 yards to the JHU17 (Bates,Will)."
"20250913_8770",134,4,"Johns Hopkins","John Carroll","header","John Carroll","Johns Hopkins","after score",,FALSE,,"Wayt,Kaleb kickoff 58 yards to the JCU07 Lindstrom,Shane return 9 yards to the JCU16 (Moustakas,Atticus), out of bounds PENALTY JCU Holding (Bova,Joe) 8 yards from JCU16 to JCU08."
"20250913_8770",144,4,"Johns Hopkins","John Carroll","header","John Carroll","Johns Hopkins","after score",,FALSE,,"Wayt,Kaleb kickoff 65 yards to the JCU00, Touchback."
"20250913_8wif",1,1,"Gettysburg","Christopher Newport","header","Christopher Newport","Gettysburg","coin toss",,FALSE,,"Kruse,Nolan kickoff 59 yards to the CNU06, Jordin Lennon return 34 yards to the CNU40 (Case,Edison), PENALTY CNU holding (Ajani Martin) 10 yards to the CNU30."
"20250913_8wif",11,1,"Christopher Newport","Gettysburg","header","Gettysburg","Christopher Newport","after score",,FALSE,,"Maxx Lawton kickoff 59 yards to the GC06, Denison,Luke return 22 yards to the GC28, Case,Edison for 6 yards to the GC34 (M. Brown-Porter)."
"20250913_8wif",34,1,"Christopher Newport","Gettysburg","header","Gettysburg","Christopher Newport","after score",,FALSE,,"Maxx Lawton kickoff 51 yards to the GC14, Denison,Luke return 7 yards to the GC21 (James Benedetto)."
"20250913_8wif",40,2,"Christopher Newport","Gettysburg","header","Gettysburg","Christopher Newport","after score",,FALSE,,"Maxx Lawton kickoff 57 yards to the GC08, Diaz,Gabriel return 14 yards to the GC22 (M. Brown-Porter; Trey Corbin)."
"20250913_8wif",52,2,"Gettysburg","Christopher Newport","header","Christopher Newport","Gettysburg","after score",,FALSE,,"Kruse,Nolan kickoff 51 yards to the CNU14, Jordin Lennon return 11 yards to the CNU25 (Weems,Ryan)."
"20250913_8wif",61,2,"Christopher Newport","Gettysburg","header","Gettysburg","Christopher Newport","after score",,FALSE,,"Maxx Lawton kickoff 65 yards to the GC00, touchback."
"20250913_8wif",79,2,"Christopher Newport","Gettysburg","header","Gettysburg","Christopher Newport","after score",,FALSE,,"Maxx Lawton kickoff 64 yards to the GC01, Harwigsson,Wall return 14 yards to the GC15 (James Benedetto)."
"20250913_8wif",92,2,"Christopher Newport","Gettysburg","header","Gettysburg","Christopher Newport","after score","Gettysburg",FALSE,,"Maxx Lawton kickoff 40 yards to the GC25, Donoghue,Shane return 0 yards to the GC25, fumble by Donoghue,Shane recovered by GC Case,Edison at GC30."
"20250913_8wif",94,3,"Christopher Newport","Gettysburg","header","Gettysburg","Christopher Newport","second half: first-half receiver kicks","Gettysburg",FALSE,,"Maxx Lawton kickoff 59 yards to the GC06, Harwigsson,Wall return 0 yards to the GC06, fumble by Harwigsson,Wall recovered by GC Harwigsson,Wall at GC17."
"20250913_8wif",107,3,"Christopher Newport","Gettysburg","header","Gettysburg","Christopher Newport","after score",,FALSE,,"Maxx Lawton kickoff 62 yards to the GC03, Harwigsson,Wall return 17 yards to the GC20 (Dai Fitzgerald)."
"20250913_8wif",122,3,"Gettysburg","Christopher Newport","header","Christopher Newport","Gettysburg","after score",,FALSE,,"Kruse,Nolan kickoff 65 yards to the CNU00, touchback."
"20250913_f947",1,1,"Waynesburg","Dickinson","header","Dickinson","Waynesburg","coin toss",,FALSE,,"Pinkerton,Drew kickoff 59 yards to the DSON06 Campbell,Keesean return 22 yards to the DSON28 (Stewart,Mutwali)."
"20250913_f947",16,1,"Dickinson","Waynesburg","header","Waynesburg","Dickinson","after score",,FALSE,,"Nahon,Eliott kickoff 59 yards to the WU06 Trout,Isaac return 19 yards to the WU25 (Garcia,Juan Pablo)."
"20250913_f947",42,2,"Dickinson","Waynesburg","header","Waynesburg","Dickinson","after score",,FALSE,,"Nahon,Eliott kickoff 60 yards to the WU20 Trout,Isaac return 21 yards to the WU41 (Miller,Noah) PENALTY WU Illegal Block in Back 10 yards from WU41 to WU31."
"20250913_f947",59,2,"Dickinson","Waynesburg","header","Waynesburg","Dickinson","after score",,FALSE,,"Nahon,Eliott kickoff 57 yards to the WU08 Trout,Isaac return 22 yards to the WU30 (Mulholland,Jimmy)."
"20250913_f947",72,2,"Waynesburg","Dickinson","header","Dickinson","Waynesburg","after score",,FALSE,,"Pinkerton,Drew kickoff 50 yards to the DSON15, out of bounds at DSON15."
"20250913_f947",79,2,"Dickinson","Waynesburg","header","Waynesburg","Dickinson","after score",,FALSE,,"Nahon,Eliott kickoff 50 yards to the WU15 Trout,Isaac return 22 yards to the WU37 (Garcia,Juan Pablo; Ryan,Will)."
"20250913_f947",84,3,"Dickinson","Waynesburg","header","Waynesburg","Dickinson","coin toss",,FALSE,,"Nahon,Eliott kickoff 58 yards to the WU07 Trout,Isaac return 23 yards to the WU30 (Mulholland,Jimmy)."
"20250913_f947",90,3,"Waynesburg","Dickinson","fallback",,"Waynesburg","after score",,FALSE,,"Pinkerton,Drew kickoff 59 yards to the DSON06 Campbell,Keesean return 94 yards to the WU00 TOUCHDOWN, clock 12:12."
"20250913_f947",92,3,"Dickinson","Waynesburg","header","Waynesburg","Waynesburg","after score",,FALSE,"header says Waynesburg receives; context (after score) says Waynesburg kicks","Nahon,Eliott kickoff 54 yards to the WU11 Trout,Isaac return 16 yards to the WU27 (Garcia,Juan Pablo)."
"20250913_f947",102,3,"Dickinson","Waynesburg","header","Waynesburg","Dickinson","after score",,FALSE,,"Nahon,Eliott kickoff 54 yards to the WU11 Trout,Isaac return 21 yards to the WU32 (Kaufman,Marco)."
"20250913_f947",111,3,"Dickinson","Waynesburg","header","Waynesburg","Dickinson","after score",,FALSE,,"Nahon,Eliott kickoff 59 yards to the WU06 Trout,Isaac return 22 yards to the WU28 (Echeverri,Dan)."
"20250913_f947",144,4,"Dickinson","Waynesburg","header","Waynesburg","Dickinson","after score",,FALSE,,"Nahon,Eliott kickoff 57 yards to the WU08 Trout,Isaac return 24 yards to the WU32 (Miller,Noah)."
"20250913_jqge",1,1,"Endicott","Muhlenberg","header","Muhlenberg","Endicott","coin toss",,FALSE,,"Stones,Garoid kickoff 53 yards to the MCM12, out of bounds at MCM12."
"20250913_jqge",8,1,"Muhlenberg","Endicott","header","Endicott","Muhlenberg","after score",,FALSE,,"D'Amico,Nicholas kickoff 65 yards to the END00, Touchback."
"20250913_jqge",28,1,"Endicott","Muhlenberg","header","Muhlenberg","Endicott","after score",,FALSE,,"Stones,Garoid kickoff 50 yards to the MCM15 Short,Christopher return 15 yards to the MCM30 (Greene,Mike)."
"20250913_jqge",38,1,"Muhlenberg","Endicott","header","Endicott","Muhlenberg","after score",,FALSE,,"D'Amico,Nicholas kickoff 64 yards to the END01 Charles,Kennedy return 17 yards to the END18 (Girard,Ben; Kalinauskas,Ethan)."
"20250913_jqge",50,2,"Muhlenberg","Endicott","header","Endicott","Muhlenberg","after score",,FALSE,,"D'Amico,Nicholas kickoff 54 yards to the END11 Charles,Kennedy return 20 yards to the END31 (Schaffer-Neitz,Isaac)."
"20250913_jqge",83,3,"Muhlenberg","Endicott","header","Endicott","Muhlenberg","coin toss",,FALSE,,"D'Amico,Nicholas kickoff 54 yards to the END11 Metayer,Bryan return 16 yards to the END27 (Lopez,Jeremy)."
"20250913_jqge",118,3,"Endicott","Muhlenberg","header","Muhlenberg","Endicott","after score",,FALSE,,"Stones,Garoid kickoff 58 yards to the MCM07, out of bounds at MCM07."
"20250913_jqge",126,4,"Muhlenberg","Endicott","header","Endicott","Muhlenberg","after score",,FALSE,,"D'Amico,Nicholas kickoff 65 yards to the END00, Touchback."
"20250913_jqge",141,4,"Endicott","Muhlenberg","header","Muhlenberg","Endicott","after score",,FALSE,,"Stones,Garoid kickoff 49 yards to the MCM16 Manning,Matthew return 18 yards to the MCM34 (Silveria,Danny; Farrelly,Jack)."
"20250913_mc0u",1,1,"Franklin and Marshall","Westminster (Pa.)","header","Westminster (Pa.)","Franklin and Marshall","coin toss",,FALSE,,"Harlamov,Ivan kickoff 37 yards to the WEST28 fair catch by Currie,Dante at WEST28."
"20250913_mc0u",34,2,"Westminster (Pa.)","Franklin and Marshall","header","Franklin and Marshall","Westminster (Pa.)","after score",,FALSE,,"Caranna,Andrew kickoff 65 yards to the F&M00, Touchback."
"20250913_mc0u",41,2,"Westminster (Pa.)","Franklin and Marshall","header","Franklin and Marshall","Westminster (Pa.)","after score",,FALSE,,"Caranna,Andrew kickoff 65 yards to the F&M00, Touchback."
"20250913_mc0u",55,2,"Westminster (Pa.)","Franklin and Marshall","header","Franklin and Marshall","Westminster (Pa.)","after score",,FALSE,,"Caranna,Andrew kickoff 62 yards to the F&M03 Kilpatrick,Eian return 20 yards to the F&M23 (Joseph,Jean Garry; Wilden,Dayne) PENALTY F&M Illegal Block in Back (Pembroke,Michael) 10 yards from F&M23 to F&M13."
"20250913_mc0u",72,3,"Westminster (Pa.)","Franklin and Marshall","header","Franklin and Marshall","Westminster (Pa.)","coin toss",,FALSE,,"Caranna,Andrew kickoff 57 yards to the F&M08 Kilpatrick,Eian return 39 yards to the F&M47 (Caranna,Andrew)."
"20250913_mc0u",84,3,"Westminster (Pa.)","Franklin and Marshall","header","Franklin and Marshall","Westminster (Pa.)","after score",,FALSE,,"Caranna,Andrew kickoff 31 yards to the F&M34 fair catch by Checchio,Kyle at F&M34."
"20250913_mc0u",103,3,"Westminster (Pa.)","Franklin and Marshall","header","Franklin and Marshall","Westminster (Pa.)","after score",,FALSE,,"Caranna,Andrew kickoff 51 yards to the F&M14 Marx,Oscar return 4 yards to the F&M18 (Nagy,Gaven; Bible,Jack)."
"20250913_mc0u",145,4,"Franklin and Marshall","Westminster (Pa.)","header","Westminster (Pa.)","Franklin and Marshall","after score",,FALSE,,"Harlamov,Ivan kickoff 35 yards to the WEST30 fair catch by Berfield,Nelson at WEST30."
"20250913_v6wh",1,1,"Kean","Ursinus","header","Ursinus","Kean","coin toss",,FALSE,,"Lopez,Anthony kickoff 61 yards to the UCB04 Ratcliffe,Will return 11 yards to the UCB15 (Thomas,De'Jhon), out of bounds PENALTY UCB Illegal Block in Back 7 yards from UCB15 to UCB08."
"20250913_v6wh",23,1,"Ursinus","Kean","header","Kean","Ursinus","after score",,FALSE,,"Carr,Jordan kickoff 60 yards to the KEA05 Amos,Chris return 17 yards to the KEA22 (Blessington,PJ; Carr,Jordan)."
"20250913_v6wh",43,2,"Ursinus","Kean","header","Kean","Ursinus","after score",,FALSE,,"Carr,Jordan kickoff 65 yards to the KEA00, Touchback."
"20250913_v6wh",61,2,"Ursinus","Kean","header","Kean","Ursinus","after score",,FALSE,,"Carr,Jordan kickoff 65 yards to the KEA00, Touchback."
"20250913_v6wh",66,2,"Ursinus","Kean","header","Kean","Ursinus","after score",,FALSE,,"Carr,Jordan kickoff 65 yards to the KEA00, Touchback."
"20250913_v6wh",91,2,"Ursinus","Kean","header","Kean","Ursinus","after score",,FALSE,,"Carr,Jordan kickoff 65 yards to the KEA00, Touchback."
"20250913_v6wh",101,3,"Ursinus","Kean","header","Kean","Ursinus","coin toss",,FALSE,,"Carr,Jordan kickoff 65 yards to the KEA00, Touchback."
"20250913_v6wh",120,3,"Kean","Ursinus","header","Ursinus","Kean","after score",,FALSE,,"Lopez,Anthony kickoff 59 yards to the UCB06 Barnes,Keigan return 21 yards to the UCB27 (Mammeri,Noah)."
"20250913_v6wh",142,4,"Ursinus","Kean","header","Kean","Ursinus","after score",,FALSE,,"Carr,Jordan kickoff 65 yards to the KEA00 Marzouk,Aly return 14 yards to the KEA14 (McAuliffe,Tavian; Meakim,Erik)."
"20250913_v6wh",164,4,"Kean","Ursinus","header","Ursinus","Kean","after score",,FALSE,,"Lopez,Anthony kickoff 58 yards to the UCB07 Barnes,Keigan return 18 yards to the UCB25 (Petgrave,Amari)."
"20250913_yo3z",1,1,"McDaniel","Salisbury","header","Salisbury","McDaniel","coin toss",,FALSE,,"Fritz,Braden kickoff 62 yards to the SAL03 Belizaire,Dario return 26 yards to the SAL29 (Homer,Christian), out of bounds."
"20250913_yo3z",14,1,"Salisbury","McDaniel","header","McDaniel","Salisbury","after score",,FALSE,,"Smack,Tucker kickoff 65 yards to the MCD00 Smith,David return 28 yards to the MCD28 (Kontosis,Taj) PENALTY MCD Holding 10 yards from MCD28 to MCD18."
"20250913_yo3z",31,1,"Salisbury","McDaniel","header","McDaniel","Salisbury","after score",,FALSE,,"Smack,Tucker kickoff 65 yards to the MCD00, Touchback."
"20250913_yo3z",47,2,"Salisbury","McDaniel","header","McDaniel","Salisbury","after score",,FALSE,,"Smack,Tucker kickoff 65 yards to the MCD00 Smith,David return 16 yards to the MCD16 (Song,Evan)."
"20250913_yo3z",68,2,"Salisbury","McDaniel","header","McDaniel","Salisbury","after score",,FALSE,,"Smack,Tucker kickoff 65 yards to the MCD00, Touchback."
"20250913_yo3z",80,2,"McDaniel","Salisbury","header","Salisbury","McDaniel","after score",,FALSE,,"Fritz,Braden kickoff 59 yards to the SAL06 Belizaire,Dario return 29 yards to the SAL35 (Stenger,Jimmy) PENALTY SAL Illegal Block in Back 7 yards from SAL15 to SAL08."
"20250913_yo3z",82,3,"Salisbury","McDaniel","header","McDaniel","Salisbury","coin toss",,FALSE,,"Samaha,Kollin kickoff 65 yards to the MCD00 Bolden,Bernard return 20 yards to the MCD20 (Smith,Philip)."
"20250913_yo3z",98,3,"Salisbury","McDaniel","header","McDaniel","Salisbury","after score",,FALSE,,"Samaha,Kollin kickoff 62 yards to the MCD03 Smith,David return 14 yards to the MCD17 (Cheairs,Clarke; Smith,Philip)."
"20250913_yo3z",111,3,"Salisbury","McDaniel","header","McDaniel","Salisbury","after score",,FALSE,,"Samaha,Kollin kickoff 65 yards to the MCD00, Touchback."
"20250913_yo3z",128,4,"Salisbury","McDaniel","header","McDaniel","Salisbury","after score",,FALSE,,"Samaha,Kollin kickoff 62 yards to the MCD03 Bolden,Bernard return 26 yards to the MCD29 (Gary,Jayson)."
"20250913_yo3z",139,4,"Salisbury","McDaniel","header","McDaniel","Salisbury","after score","McDaniel",FALSE,,"Samaha,Kollin kickoff 62 yards to the MCD03 muffed by Smith,David at MCD03 recovered by MCD Smith,David at MCD06 Smith,David return 9 yards to the MCD15 (Gary,Jayson)."
"20250913_yo3z",156,4,"Salisbury","McDaniel","header","McDaniel","Salisbury","after score",,FALSE,,"Samaha,Kollin kickoff 65 yards to the MCD00, Touchback."
"20250920_6638",1,1,"Wilkes","Muhlenberg","header","Muhlenberg","Wilkes","coin toss",,FALSE,,"Snyder,Brayden kickoff 30 yards to the MUH35 Curry,Blaze return 0 yards to the MUH35."
"20250920_6638",29,1,"Muhlenberg","Wilkes","header","Wilkes","Muhlenberg","after score",,FALSE,,"(04:18) D'Amico,Nicholas kickoff 52 yards to the WIL13 Pigga,Daniel return 25 yards to the WIL38 (Saus,Jake; Kalinauskas,Ethan)."
"20250920_6638",38,1,"Wilkes","Muhlenberg","header","Muhlenberg","Wilkes","after score",,FALSE,,"Snyder,Brayden kickoff 61 yards to the MUH04 Short,Christopher return 24 yards to the MUH28, out of bounds at MUH28."
"20250920_6638",60,2,"Muhlenberg","Wilkes","header","Wilkes","Muhlenberg","after score",,FALSE,,"D'Amico,Nicholas kickoff 65 yards to the WIL00, Touchback."
"20250920_6638",73,2,"Muhlenberg","Wilkes","header","Wilkes","Muhlenberg","after score",,FALSE,,"D'Amico,Nicholas kickoff 65 yards to the WIL00, Touchback."
"20250920_6638",86,3,"Muhlenberg","Wilkes","header","Wilkes","Muhlenberg","coin toss",,FALSE,,"D'Amico,Nicholas kickoff 55 yards to the WIL10 Pigga,Daniel return 30 yards to the WIL40 (D'Amico,Nicholas)."
"20250920_6638",97,3,"Wilkes","Muhlenberg","header","Muhlenberg","Wilkes","after score",,FALSE,,"Snyder,Brayden kickoff 65 yards to the MUH00, Touchback."
"20250920_6638",140,4,"Muhlenberg","Wilkes","header","Wilkes","Muhlenberg","after score",,FALSE,,"D'Amico,Nicholas onside kickoff 10 yards to the WIL25, End Of Play."
"20250920_6638",156,4,"Wilkes","Muhlenberg","header","Muhlenberg","Wilkes","after score",,FALSE,,"Snyder,Brayden kickoff 64 yards to the MUH01 Short,Christopher return 44 yards to the MUH45 (Snyder,Brayden; Prizer,Justin)."
"20250920_6c77",1,1,"Juniata","McDaniel","header","McDaniel","Juniata","coin toss",,FALSE,,"Sauer,Carter kickoff 55 yards to the MCD10 Bolden,Bernard return 21 yards to the MCD31 (Strayer,Robert; Woodland,Mikayle)."
"20250920_6c77",45,2,"McDaniel","Juniata","header","Juniata","McDaniel","after score",,FALSE,,"Fritz,Braden kickoff 52 yards to the JUN13, out of bounds at JUN13."
"20250920_6c77",70,2,"Juniata","McDaniel","header","McDaniel","Juniata","after score",,FALSE,,"Feinblatt,Brandon kickoff 42 yards to the MCD38 McCathran,Jamie return 15 yards to the JUN47 (Boles,Brandon)."
"20250920_6c77",79,3,"McDaniel","Juniata","header","Juniata","McDaniel","coin toss",,FALSE,,"Fritz,Braden kickoff 62 yards to the JUN03 Cuello,Jendy return 16 yards to the JUN19 (Bolden,Bernard)."
"20250920_6c77",91,3,"McDaniel","Juniata","header","Juniata","McDaniel","after score",,FALSE,,"Fritz,Braden kickoff 65 yards to the JUN00, Touchback."
"20250920_6c77",104,3,"McDaniel","Juniata","header","Juniata","McDaniel","after score",,FALSE,,"Fritz,Braden kickoff 56 yards to the JUN09 fair catch by Cuello,Jendy at JUN09."
"20250920_6c77",136,4,"McDaniel","Juniata","header","Juniata","McDaniel","after score",,FALSE,,"Fritz,Braden kickoff 59 yards to the JUN06 fair catch by Cuello,Jendy at JUN06."
"20250920_dyvl",1,1,,,"fallback",,,,,FALSE,"could not determine kicking team","Johns Hopkins wins toss and will kickoff; SUS will defend West end-zone."
"20250920_dyvl",2,1,"Johns Hopkins","Susquehanna","header","Susquehanna",,"re-kick",,FALSE,,"Wayt,Kaleb kickoff 61 yards to the SUSQU04 Winn,Dominic return 17 yards to the SUSQU21 (Bechtle,John)."
"20250920_dyvl",15,1,"Susquehanna","Johns Hopkins","header","Johns Hopkins","Susquehanna","after score",,FALSE,,"Bourgeois,Dominic kickoff 62 yards to the JHU18 Moore,Josh return 33 yards to the SUSQU49 (Rhoades,Logan)."
"20250920_dyvl",23,1,"Johns Hopkins","Susquehanna","header","Susquehanna","Johns Hopkins","after score",,FALSE,,"Wayt,Kaleb kickoff 58 yards to the SUSQU07 Winn,Dominic return 11 yards to the SUSQU18 (Dasilva,Tyler; Stup,Cole)."
"20250920_dyvl",41,2,"Johns Hopkins","Susquehanna","header","Susquehanna","Johns Hopkins","after score",,FALSE,,"Wayt,Kaleb kickoff 63 yards to the SUSQU02 Growney,Daniel return 18 yards to the SUSQU20 (Bechtle,John)."
"20250920_dyvl",51,2,"Johns Hopkins","Susquehanna","header","Susquehanna","Johns Hopkins","after score",,FALSE,,"Wayt,Kaleb kickoff 61 yards to the SUSQU04 Winn,Dominic return 14 yards to the SUSQU18 (Stone,Zack; Bechtle,John)."
"20250920_dyvl",83,3,"Susquehanna","Johns Hopkins","fallback",,"Susquehanna","second half: first-half receiver kicks",,FALSE,,"SUS will kickoff; JHU will defend East end-zone."
"20250920_dyvl",84,3,"Susquehanna","Johns Hopkins","header","Johns Hopkins","Susquehanna","re-kick",,FALSE,,"Bourgeois,Dominic kickoff 34 yards to the JHU31 Moustakas,Atticus return 0 yards to the JHU31, End Of Play."
"20250920_dyvl",91,3,"Johns Hopkins","Susquehanna","header","Susquehanna","Johns Hopkins","after score",,FALSE,,"Wayt,Kaleb kickoff 65 yards to the SUSQU00, Touchback PENALTY SUSQU UNR: Unnecessary Roughness (Miller,Brennen) 13 yards from SUSQU25 to SUSQU12."
"20250920_dyvl",106,3,"Susquehanna","Johns Hopkins","header","Johns Hopkins","Susquehanna","after safety",,FALSE,,"Bourgeois,Dominic kickoff 67 yards to the JHU13 Moore,Josh return 14 yards to the JHU27 (Wagner,Berkeley)."
"20250920_dyvl",116,3,"Johns Hopkins","Susquehanna","header","Susquehanna","Johns Hopkins","after score",,FALSE,,"Wayt,Kaleb kickoff 65 yards to the SUSQU00, Touchback."
"20250920_dyvl",142,4,"Susquehanna","Johns Hopkins","override","Susquehanna","Susquehanna","after score","Susquehanna",TRUE,,"Bourgeois,Dominic kickoff 50 yards to the JHU15 Semrad,Griffin return 9 yards to the JHU21 fumbled by Semrad,Griffin at JHU21 forced by Wagner,Berkeley recovered by SUSQU Godbolt,Maksim at JHU24, End Of Play."
"20250920_dyvl",147,4,"Susquehanna","Johns Hopkins","header","Johns Hopkins","Susquehanna","after score",,FALSE,,"Bourgeois,Dominic kickoff 44 yards to the JHU21 fair catch by Bechtle,John at JHU21."
"20250920_dyvl",156,4,"Johns Hopkins","Susquehanna","header","Susquehanna","Johns Hopkins","after score",,FALSE,,"Wayt,Kaleb kickoff 61 yards to the SUSQU04 Morgenroth,Hunter return 7 yards to the SUSQU11 lateral to Growney,Daniel for 10 yards gain to the SUSQU21 (Stone,Zack) PENALTY SUSQU Illegal Forward Pass (Morgenroth,Hunter) 14 yards from SUSQU21 to SUSQU07."
"20250920_ed92",1,1,"Gettysburg","Western Connecticut","header","Western Connecticut","Gettysburg","coin toss",,FALSE,,"Kruse,Nolan kickoff 55 yards to the WCONN10 Lagardere,Serge return 42 yards to the GC48 (Bendowski,Mike)."
"20250920_ed92",11,1,"Western Connecticut","Gettysburg","header","Gettysburg","Western Connecticut","after score",,FALSE,,"Do Amaral,Marciel kickoff 43 yards to the GC22 Denison,Luke return 1 yard to the GC23 (Thomas,Ju-Sean)."
"20250920_ed92",34,1,"Western Connecticut","Gettysburg","header","Gettysburg","Western Connecticut","after score",,FALSE,,"Do Amaral,Marciel kickoff 46 yards to the GC19 fair catch by Conroy,Pat at GC19."
"20250920_ed92",41,1,"Gettysburg","Western Connecticut","header","Western Connecticut","Gettysburg","after score",,FALSE,,"Kruse,Nolan kickoff 51 yards to the WCONN14 Lagardere,Serge return 19 yards to the WCONN33 (Breheney,Danny)."
"20250920_ed92",54,2,"Western Connecticut","Gettysburg","header","Gettysburg","Western Connecticut","after score",,FALSE,,"Do Amaral,Marciel kickoff 56 yards to the GC09 Brutus,Christian return 22 yards to the GC31 (Angioletti,Vincent)."
"20250920_ed92",68,2,"Western Connecticut","Gettysburg","header","Gettysburg","Western Connecticut","after score",,FALSE,,"Do Amaral,Marciel kickoff 62 yards to the GC03 Diaz,Gabriel return 28 yards to the GC31 (Martinson,Kevin)."
"20250920_ed92",88,2,"Western Connecticut","Gettysburg","header","Gettysburg","Western Connecticut","after score",,FALSE,,"Do Amaral,Marciel kickoff 52 yards to the GC13 Diaz,Gabriel return 23 yards to the GC36 (Caracter,Chris)."
"20250920_ed92",102,2,"Gettysburg","Western Connecticut","header","Western Connecticut","Gettysburg","after score",,FALSE,,"Kruse,Nolan kickoff 43 yards to the WCONN22 Lagardere,Serge return 18 yards to the WCONN40 (Burke,Josh)."
"20250920_ed92",104,3,"Western Connecticut","Gettysburg","header","Gettysburg","Western Connecticut","coin toss",,FALSE,,"Do Amaral,Marciel kickoff 45 yards to the GC20 Diaz,Gabriel return 18 yards to the GC38 (Angioletti,Vincent; Martinson,Kevin)."
"20250920_ed92",142,3,"Western Connecticut","Gettysburg","header","Gettysburg","Western Connecticut","after score",,FALSE,,"Do Amaral,Marciel kickoff 58 yards to the GC07, out of bounds at GC07."
"20250920_ed92",149,4,"Western Connecticut","Gettysburg","header","Gettysburg","Western Connecticut","after score",,FALSE,,"Do Amaral,Marciel kickoff 38 yards to the GC27, out of bounds at GC27."
"20250920_ed92",157,4,"Gettysburg","Western Connecticut","header","Western Connecticut","Gettysburg","after score",,FALSE,,"Kruse,Nolan kickoff 40 yards to the WCONN25 Perez Novas,Leibinson return 11 yards to the WCONN36 (Rhyne,Justin)."
"20250920_ed92",166,4,"Western Connecticut","Gettysburg","header","Gettysburg","Western Connecticut","after score",,FALSE,,"Do Amaral,Marciel kickoff 46 yards to the GC19 Lee,Jayden return 16 yards to the GC35 (Martinson,Kevin) PENALTY WCONN UNS: Unsportsmanlike Conduct 15 yards from GC35 to GC50."
"20250920_ed92",181,4,"Western Connecticut","Gettysburg","header","Gettysburg","Western Connecticut","after score",,FALSE,,"Berganza,Abel kickoff 50 yards to the GC15 Diaz,Gabriel return 23 yards to the GC38 (Howlett,Jaylen)."
"20250920_evn8",1,1,"Dickinson","Lycoming","header","Lycoming","Dickinson","coin toss",,FALSE,,"Nahon,Eliott kickoff 54 yards to the LYCO11 Zimmerman,Jared return 18 yards to the LYCO29 (Moses,Josh)."
"20250920_evn8",11,1,"Dickinson","Lycoming","header","Lycoming","Dickinson","after score",,FALSE,,"Nahon,Eliott kickoff 56 yards to the LYCO09, out of bounds at LYCO09."
"20250920_evn8",29,1,"Lycoming","Dickinson","fallback",,"Lycoming","after score",,FALSE,,"Granitto,Vasco kickoff 53 yards to the DIC12 Campbell,Keesean return 88 yards to the LYCO00 TOUCHDOWN, clock 05:36."
"20250920_evn8",31,1,"Dickinson","Lycoming","header","Lycoming","Lycoming","after score",,FALSE,"header says Lycoming receives; context (after score) says Lycoming kicks","Worobel,Justin kickoff 64 yards to the LYCO01 Zimmerman,Jared return 17 yards to the LYCO18 (Genilello,Jason)."
"20250920_evn8",40,1,"Lycoming","Dickinson","header","Dickinson",,"after score",,FALSE,,"Granitto,Vasco kickoff 57 yards to the DIC08 Sorensen,Dane return 0 yards to the DIC08."
"20250920_evn8",55,2,"Dickinson","Lycoming","header","Lycoming","Dickinson","after score",,FALSE,,"Worobel,Justin kickoff 64 yards to the LYCO01 Zimmerman,Jared return 45 yards to the LYCO46 (Couvertiere,Sean) PENALTY DIC False Start declined."
"20250920_evn8",71,2,"Dickinson","Lycoming","header","Lycoming","Dickinson","after score",,FALSE,,"Worobel,Justin kickoff 65 yards to the LYCO00, Touchback."
"20250920_evn8",97,2,"Dickinson","Lycoming","header","Lycoming","Dickinson","after score",,FALSE,,"Worobel,Justin kickoff 51 yards to the LYCO14 Zimmerman,Jared return 21 yards to the LYCO35 (Moses,Josh)."
"20250920_evn8",100,3,"Lycoming","Dickinson","header","Dickinson","Lycoming","coin toss",,FALSE,,"Granitto,Vasco kickoff 45 yards to the DIC20 Sorensen,Dane return 0 yards to the DIC20."
"20250920_evn8",127,3,"Dickinson","Lycoming","header","Lycoming","Dickinson","after score","Lycoming",FALSE,,"Worobel,Justin kickoff 60 yards to the LYCO05 Zimmerman,Jared return 11 yards to the LYCO05 fumbled by Zimmerman,Jared at LYCO05 recovered by LYCO VanHorn,Michael at LYCO16, End Of Play."
"20250920_evn8",147,4,"Lycoming","Dickinson","header","Dickinson","Lycoming","after score",,FALSE,,"Granitto,Vasco kickoff 51 yards to the DIC14 Campbell,Keesean return 18 yards to the DIC32 (Pentz,Ryan)."
"20250920_evn8",162,4,"Dickinson","Lycoming","header","Lycoming","Dickinson","after score",,FALSE,,"Worobel,Justin kickoff 57 yards to the LYCO08 Zimmerman,Jared return 57 yards to the DIC35 (Couvertiere,Sean), out of bounds."
"20250920_evn8",170,4,"Lycoming","Dickinson","header","Dickinson","Lycoming","after score",,FALSE,,"Granitto,Vasco kickoff 49 yards to the DIC16 Schmidt,Kevin return 14 yards to the DIC30 (Story,JayVon), out of bounds."
"20250920_evn8",178,4,"Dickinson","Lycoming","header","Lycoming","Dickinson","after score",,FALSE,,"Worobel,Justin kickoff 43 yards to the LYCO22 VanHorn,Michael return 16 yards to the LYCO38 (Couvertiere,Sean)."
"20250920_l58t",1,1,"Carnegie Mellon","Berry","header","Berry",,,,FALSE,,"Noah Godhard kickoff 65 yards to the BERRY00, touchback."
"20250920_l58t",19,1,"Carnegie Mellon","Berry","header","Berry","Carnegie Mellon","after score",,FALSE,,"Noah Godhard kickoff 65 yards to the BERRY00, touchback."
"20250920_l58t",34,2,"Berry","Carnegie Mellon","header","Carnegie Mellon","Berry","after score",,FALSE,,"Trey Richards kickoff 65 yards to the CMU00, Nick McCullough return 22 yards to the CMU22 (Zion Gervais)."
"20250920_l58t",58,2,"Carnegie Mellon","Berry","header","Berry","Carnegie Mellon","after score",,FALSE,,"Noah Godhard kickoff 65 yards to the BERRY00, touchback."
"20250920_l58t",77,3,"Berry","Carnegie Mellon","header","Carnegie Mellon","Berry","second half: first-half receiver kicks",,FALSE,,"Trey Richards kickoff 63 yards to the CMU02, Nick McCullough return 25 yards to the CMU27 (Zion Gervais; Gabe Bauman)."
"20250920_l58t",84,3,"Carnegie Mellon","Berry","header","Berry","Carnegie Mellon","after score",,FALSE,,"Noah Godhard kickoff 65 yards to the BERRY00, touchback."
"20250920_l58t",152,4,"Berry","Carnegie Mellon","header","Carnegie Mellon","Berry","after score",,FALSE,,"Trey Richards kickoff 14 yards to the BERRY49, Nick McCullough return 0 yards to the BERRY49."
"20250920_puiy",1,1,"Franklin and Marshall","Catholic","header","Catholic","Franklin and Marshall","coin toss",,FALSE,,"Harlamov,Ivan kickoff 60 yards to the CUA05 Tabor,Andrew return 12 yards to the CUA17 (Kilpatrick,Eian)."
"20250920_puiy",24,1,"Franklin and Marshall","Catholic","header","Catholic","Franklin and Marshall","after score",,FALSE,,"Harlamov,Ivan kickoff 50 yards to the CUA15 Tabor,Andrew return 17 yards to the CUA32 (Coscia,Dean)."
"20250920_puiy",32,1,"Franklin and Marshall","Catholic","header","Catholic","Franklin and Marshall","after score",,FALSE,,"Harlamov,Ivan kickoff 53 yards to the CUA12 Tabor,Andrew return 44 yards to the F&M44 (Kilpatrick,Eian)."
"20250920_puiy",52,2,"Franklin and Marshall","Catholic","header","Catholic","Franklin and Marshall","after score",,FALSE,,"Harlamov,Ivan onside kickoff 11 yards to the F&M46, End Of Play."
"20250920_puiy",79,2,"Franklin and Marshall","Catholic","header","Catholic","Franklin and Marshall","after score",,FALSE,,"Fleming,Michael kickoff 65 yards to the CUA00, Touchback."
"20250920_puiy",81,3,"Catholic","Franklin and Marshall","header","Franklin and Marshall","Catholic","coin toss",,FALSE,,"Brenner,Kieran kickoff 58 yards to the F&M07 Kilpatrick,Eian return 19 yards to the F&M26 (Creston,Ryan; Brown,John)."
"20250920_puiy",97,3,"Franklin and Marshall","Catholic","header","Catholic","Franklin and Marshall","after score",,FALSE,,"Fleming,Michael kickoff 34 yards to the CUA31 Mouton,Diego return 6 yards to the CUA37 (Kilpatrick,Eian; Coscia,Dean) PENALTY CUA Holding (Virsik,Carter) F&M UNS: Unsportsmanlike Conduct (Checchio,Kyle) 25 yards from CUA31 to CUA36."
"20250920_puiy",122,4,"Franklin and Marshall","Catholic","header","Catholic","Franklin and Marshall","after score",,FALSE,,"Fleming,Michael kickoff 65 yards to the CUA00, Touchback."
"20250920_puiy",143,4,"Catholic","Franklin and Marshall","header","Franklin and Marshall","Catholic","after score",,FALSE,,"Brenner,Kieran kickoff 59 yards to the F&M06 Marx,Oscar return 16 yards to the F&M22 (Creston,Ryan)."
"20250920_s44c",1,1,"Moravian","Ursinus","header","Ursinus",,,,FALSE,,"Jack Corrigan kickoff 61 yards to the BEARS4, Barnes,Keigan return 16 yards to the BEARS20 (Ethan O'Neill), PENALTY BEARS illegal block (Lawson,Tim) 10 yards to the BEARS10."
"20250920_s44c",20,1,"Ursinus","Moravian","header","Moravian","Ursinus","after score",,FALSE,,"Carr,Jordan kickoff 65 yards to the MOR0, touchback."
"20250920_s44c",46,2,"Ursinus","Moravian","header","Moravian","Ursinus","after score",,FALSE,,"Carr,Jordan kickoff 54 yards to the MOR11, Josh Ludlow return 19 yards to the MOR30 (Rankins,Ky'iere)."
"20250920_s44c",65,2,"Ursinus","Moravian","header","Moravian","Ursinus","after score",,FALSE,,"Carr,Jordan kickoff 65 yards to the MOR0, Dorian Thomas return 25 yards to the MOR25 (Blessington,PJ)."
"20250920_s44c",72,2,"Ursinus","Moravian","header","Moravian","Ursinus","after score",,FALSE,,"Carr,Jordan kickoff 62 yards to the MOR3, Dorian Thomas return 25 yards to the MOR28 (McAuliffe,Tavia;Lozada,Edwin)."
"20250920_s44c",78,3,"Ursinus","Moravian","header","Moravian","Ursinus","second half: first-half receiver kicks",,FALSE,,"Carr,Jordan kickoff 65 yards to the MOR0, touchback."
"20250920_s44c",114,4,"Ursinus","Moravian","header","Moravian","Ursinus","after score",,FALSE,,"Carr,Jordan kickoff 48 yards to the MOR17, Dorian Thomas return 0 yards to the MOR17, out-of-bounds."
"20250920_s44c",135,4,"Moravian","Ursinus","fallback",,"Moravian","after score",,FALSE,,"Jack Corrigan kickoff 0 yards to the MOR35, PENALTY MOR unsportsmanlike conduct (Dorian Thomas) 15 yards to the MOR20, NO PLAY."
"20250920_s44c",136,4,"Moravian","Ursinus","header","Ursinus","Moravian","re-kick",,FALSE,,"Jack Corrigan kickoff 67 yards to the BEARS13, Barnes,Keigan return 22 yards to the BEARS35 (McNeil-Harrison)."
"20251003_tcdm",1,1,"Johns Hopkins","Dickinson","header","Dickinson","Johns Hopkins","coin toss",,FALSE,,"Wayt,Kaleb kickoff 60 yards to the DSN05 Campbell,Keesean return 19 yards to the DSN24 (Arnold,Amir; Dasilva,Tyler)."
"20251003_tcdm",9,1,"Johns Hopkins","Dickinson","header","Dickinson","Johns Hopkins","after score",,FALSE,,"Wayt,Kaleb kickoff 59 yards to the DSN06 Campbell,Keesean return 19 yards to the DSN25 (Bechtle,John)."
"20251003_tcdm",23,1,"Johns Hopkins","Dickinson","header","Dickinson","Johns Hopkins","after score",,FALSE,,"Wayt,Kaleb kickoff 59 yards to the DSN06 Campbell,Keesean return 16 yards to the DSN22 (Kramer,Spencer; Wayt,Kaleb)."
"20251003_tcdm",30,1,"Johns Hopkins","Dickinson","header","Dickinson","Johns Hopkins","after score",,FALSE,,"Wayt,Kaleb kickoff 60 yards to the DSN05 Campbell,Keesean return 60 yards to the JHU35 (Kramer,Spencer), out of bounds PENALTY DSN Holding (Mulholland,Jimmy) 10 yards from DSN40 to DSN30."
"20251003_tcdm",45,2,"Johns Hopkins","Dickinson","header","Dickinson","Johns Hopkins","after score",,FALSE,,"Wayt,Kaleb kickoff 65 yards to the DSN00, Touchback."
"20251003_tcdm",55,2,"Johns Hopkins","Dickinson","header","Dickinson","Johns Hopkins","after score",,FALSE,,"Wayt,Kaleb kickoff 51 yards to the DSN14, out of bounds at DSN14."
"20251003_tcdm",77,2,"Johns Hopkins","Dickinson","header","Dickinson","Johns Hopkins","after score",,FALSE,,"Wayt,Kaleb kickoff 65 yards to the DSN00, Touchback."
"20251003_tcdm",80,3,"Dickinson","Johns Hopkins","header","Johns Hopkins","Dickinson","coin toss",,FALSE,,"Worobel,Justin kickoff 60 yards to the JHU05 Moore,Josh return 30 yards to the JHU35 (Moses,Josh; Ryan,Will)."
"20251003_tcdm",89,3,"Dickinson","Johns Hopkins","header","Johns Hopkins","Dickinson","after score",,FALSE,,"Worobel,Justin kickoff 60 yards to the JHU05 Moore,Josh return 25 yards to the JHU30 (Garcia,Juan Pablo)."
"20251003_tcdm",100,3,"Johns Hopkins","Dickinson","header","Dickinson","Johns Hopkins","after score",,FALSE,,"Wayt,Kaleb kickoff 58 yards to the DSN07 Campbell,Keesean return 28 yards to the DSN35 (Kramer,Spencer), out of bounds PENALTY DSN Holding (Heck,Gavin) 10 yards from DSN22 to DSN12."
"20251003_tcdm",119,3,"Johns Hopkins","Dickinson","header","Dickinson","Johns Hopkins","after score",,FALSE,,"Wayt,Kaleb kickoff 57 yards to the DSN08 Martin,Aiden return 4 yards to the DSN12 (Stup,Cole)."
"20251003_tcdm",133,4,"Dickinson","Johns Hopkins","header","Johns Hopkins","Dickinson","after score",,FALSE,,"Worobel,Justin kickoff 58 yards to the JHU07 Moore,Josh return 49 yards to the DSN44 (Friebel,Leon; Couvertiere,Sean)."
"20251003_tcdm",142,4,"Johns Hopkins","Dickinson","header","Dickinson","Johns Hopkins","after score",,FALSE,,"Wayt,Kaleb kickoff 54 yards to the DSN11 fair catch by Martin,Aiden at DSN11."
"20251004_gwn0",1,1,"Carnegie Mellon","McDaniel","header","McDaniel",,,,FALSE,,"Noah Godhard kickoff 65 yards to the MCD00, touchback."
"20251004_gwn0",28,1,"Carnegie Mellon","McDaniel","header","McDaniel","Carnegie Mellon","after score",,FALSE,,"Noah Godhard kickoff 65 yards to the MCD00, David Smith return 25 yards to the MCD25 (Avery Campbell; Barrett Schmitz)."
"20251004_gwn0",41,2,"Carnegie Mellon","McDaniel","header","McDaniel","Carnegie Mellon","after score",,FALSE,,"Noah Godhard kickoff 58 yards to the MCD07, Bernard Bolden return 12 yards to the MCD19 (Lucas Bishop)."
"20251004_gwn0",59,2,"Carnegie Mellon","McDaniel","header","McDaniel","Carnegie Mellon","after score",,FALSE,,"Noah Godhard kickoff 65 yards to the MCD00, touchback."
"20251004_gwn0",63,2,"Carnegie Mellon","McDaniel","override","Carnegie Mellon","Carnegie Mellon","after score","Carnegie Mellon",TRUE,,"Noah Godhard kickoff 11 yards to the CMU46, on-side kick, recovered by CMU on MCD46."
"20251004_gwn0",80,2,"Carnegie Mellon","McDaniel","header","McDaniel","Carnegie Mellon","after score",,FALSE,,"Noah Godhard kickoff 65 yards to the MCD00, touchback."
"20251004_gwn0",89,2,"Carnegie Mellon","McDaniel","header","McDaniel","Carnegie Mellon","after score",,FALSE,,"Noah Godhard kickoff 64 yards to the MCD01, Bernard Bolden return 24 yards to the MCD25 (John Dale; Dom Sirianni)."
"20251004_gwn0",92,3,"McDaniel","Carnegie Mellon","header","Carnegie Mellon","McDaniel","second half: first-half receiver kicks",,FALSE,,"Braden Fritz kickoff 58 yards to the CMU07, Nick McCullough return 73 yards to the MCD20 (Bernard Bolden)."
"20251004_gwn0",99,3,"Carnegie Mellon","McDaniel","header","McDaniel","Carnegie Mellon","after score",,FALSE,,"Noah Godhard kickoff 61 yards to the MCD04, David Smith return 16 yards to the MCD20 (Dom Sirianni; Cody Schuberg)."
"20251004_gwn0",102,3,"Carnegie Mellon","McDaniel","header","McDaniel","Carnegie Mellon","after score",,FALSE,,"Lucas Bisazza kickoff 49 yards to the MCD16, Bernard Bolden return 1 yards to the MCD17 (Cooper Rummel; Cody Schuberg)."
"20251004_gwn0",167,4,"McDaniel","Carnegie Mellon","header","Carnegie Mellon","McDaniel","after score",,FALSE,,"Tucker Auer kickoff 61 yards to the CMU04, Cooper Rummel return 23 yards to the CMU27 (Caleb Pompey)."
"20251004_k167",1,1,"Muhlenberg","Ursinus","header","Ursinus","Muhlenberg","coin toss","Ursinus",FALSE,,"Nicholas D'Amic kickoff 60 yards to the UC05, Keigan Barnes return 20 yards to the UC25, fumble forced by Ethan Kalinausk, fumble by Keigan Barnes recovered by UC Will Ratcliffe at UC22."
"20251004_k167",23,1,"Ursinus","Muhlenberg","header","Muhlenberg","Ursinus","after score",,FALSE,,"Jordan Carr kickoff 60 yards to the MUHL05, Christopher Sho return 22 yards to the MUHL27 (Loui Goin)."
"20251004_k167",49,2,"Ursinus","Muhlenberg","header","Muhlenberg","Ursinus","after score",,FALSE,,"Jordan Carr kickoff 59 yards to the MUHL06, Christopher Sho return 26 yards to the MUHL32 (Noah Parchinski)."
"20251004_k167",58,2,"Muhlenberg","Ursinus","header","Ursinus","Muhlenberg","after score",,FALSE,,"Nicholas D'Amic kickoff 65 yards to the UC00, touchback."
"20251004_k167",72,2,"Muhlenberg","Ursinus","header","Ursinus","Muhlenberg","after score",,FALSE,,"Nicholas D'Amic kickoff 56 yards to the UC09, Keigan Barnes return 14 yards to the UC23 (Justin Bernal)."
"20251004_k167",86,2,"Muhlenberg","Ursinus","header","Ursinus","Muhlenberg","after score",,FALSE,,"Nicholas D'Amic kickoff 33 yards to the UC32, JT Dwire return 0 yards to the UC32 (Leo Dauberman)."
"20251004_k167",89,3,"Ursinus","Muhlenberg","header","Muhlenberg","Ursinus","second half: first-half receiver kicks",,FALSE,,"Jordan Carr kickoff 65 yards to the MUHL00, touchback."
"20251004_k167",99,3,"Muhlenberg","Ursinus","header","Ursinus","Muhlenberg","after score",,FALSE,,"Nicholas D'Amic kickoff 60 yards to the UC05, Keigan Barnes return 16 yards to the UC21 (Peyton Elliott)."
"20251004_k167",111,3,"Ursinus","Muhlenberg","header","Muhlenberg","Ursinus","after score",,FALSE,,"Jordan Carr kickoff 55 yards to the MUHL10, Matthew Manning return 25 yards to the MUHL35 (Jordan Carr), out-of-bounds."
"20251004_k167",129,4,"Ursinus","Muhlenberg","header","Muhlenberg","Ursinus","after score",,FALSE,,"Jordan Carr kickoff 53 yards to the MUHL12, Christopher Sho return 27 yards to the MUHL39 (Jordan Carr), out-of-bounds."
"20251004_k167",151,4,"Ursinus","Muhlenberg","header","Muhlenberg","Ursinus","after score",,FALSE,,"Jordan Carr kickoff 65 yards to the MUHL00, Christopher Sho return 11 yards to the MUHL11 (Ky'Iere Rankins)."
"20251004_k167",163,4,"Muhlenberg","Ursinus","header","Ursinus","Muhlenberg","after score",,FALSE,,"Nicholas D'Amic kickoff 65 yards to the UC00, Keigan Barnes return 17 yards to the UC17 (Peyton Elliott)."
"20251004_k167",185,4,"Muhlenberg","Ursinus","header","Ursinus","Muhlenberg","after score",,FALSE,,"Nicholas D'Amic kickoff 65 yards to the UC00, touchback."
"20251004_s1ak",1,1,"Franklin and Marshall","Gettysburg","header","Gettysburg","Franklin and Marshall","coin toss",,FALSE,,"Harlamov,Ivan kickoff 64 yards to the GC01 Diaz,Gabriel return 28 yards to the GC29 (Paris,Louis; Aravides,Nick)."
"20251004_s1ak",18,1,"Gettysburg","Franklin and Marshall","header","Franklin and Marshall","Gettysburg","after score",,FALSE,,"Kruse,Nolan kickoff 50 yards to the FMC15 Marx,Oscar return 1 yard to the FMC16, out of bounds at FMC16."
"20251004_s1ak",25,1,"Franklin and Marshall","Gettysburg","header","Gettysburg","Franklin and Marshall","after score",,FALSE,,"Harlamov,Ivan kickoff 63 yards to the GC02 Diaz,Gabriel return 22 yards to the GC24 (Aravides,Nick)."
"20251004_s1ak",42,2,"Gettysburg","Franklin and Marshall","header","Franklin and Marshall","Gettysburg","after score",,FALSE,,"Kruse,Nolan kickoff 43 yards to the FMC22 Marx,Oscar return 10 yards to the FMC32 (Weiss,RJ) PENALTY GC Illegal Formation 5 yards from FMC32 to FMC37."
"20251004_s1ak",53,2,"Franklin and Marshall","Gettysburg","header","Gettysburg","Franklin and Marshall","after score",,FALSE,,"Harlamov,Ivan kickoff 55 yards to the GC10 Diaz,Gabriel return 37 yards to the GC47, out of bounds at GC47."
"20251004_s1ak",63,2,"Franklin and Marshall","Gettysburg","header","Gettysburg","Franklin and Marshall","after score",,FALSE,,"Harlamov,Ivan kickoff 37 yards to the GC28 fair catch by Stubbs,Art at GC28."
"20251004_s1ak",77,3,"Gettysburg","Franklin and Marshall","header","Franklin and Marshall","Gettysburg","coin toss",,FALSE,,"Kruse,Nolan kickoff 55 yards to the FMC10, out of bounds at FMC10."
"20251004_s1ak",85,3,"Gettysburg","Franklin and Marshall","header","Franklin and Marshall","Gettysburg","after score",,FALSE,,"Kruse,Nolan kickoff 65 yards to the FMC00, Touchback."
"20251004_s1ak",97,3,"Franklin and Marshall","Gettysburg","header","Gettysburg","Franklin and Marshall","after score",,FALSE,,"Harlamov,Ivan kickoff 38 yards to the GC27 fair catch by Stubbs,Art at GC27."
"20251004_s1ak",117,4,"Franklin and Marshall","Gettysburg","header","Gettysburg","Franklin and Marshall","after score",,FALSE,,"Harlamov,Ivan kickoff 35 yards to the GC30 fair catch by Stubbs,Art at GC30."
"20251004_s1ak",124,4,"Gettysburg","Franklin and Marshall","header","Franklin and Marshall","Gettysburg","after score",,FALSE,,"Kruse,Nolan kickoff 54 yards to the FMC26 Marx,Oscar return 18 yards to the FMC44 (Weiss,RJ; Regula,Kevin)."
"20251004_s1ak",135,4,"Franklin and Marshall","Gettysburg","header","Gettysburg","Franklin and Marshall","after score",,FALSE,,"Harlamov,Ivan kickoff 32 yards to the GC33 fair catch by Stubbs,Art at GC33 PENALTY GC UNS: Unsportsmanlike Conduct (Stubbs,Art) 15 yards from GC33 to GC18."
"20251011_98xu",1,1,"Dickinson","Gettysburg","header","Gettysburg","Dickinson","coin toss",,FALSE,,"Worobel,Justin kickoff 40 yards to the GET25 fair catch by Stubbs,Art at GET25 PENALTY DSON Offside (Genilello,Jason) 5 yards from GET25 to GET30."
"20251011_98xu",9,1,"Gettysburg","Dickinson","header","Dickinson","Gettysburg","after score",,FALSE,,"Kruse,Nolan kickoff 28 yards to the DSON37 Benning III,Cedric return 2 yards to the DSON39, out of bounds at DSON39."
"20251011_98xu",19,1,"Dickinson","Gettysburg","header","Gettysburg","Dickinson","after score",,FALSE,,"Worobel,Justin kickoff 64 yards to the GET01 Diaz,Gabriel return 14 yards to the GET15 (Kaufman,Marco)."
"20251011_98xu",31,1,"Gettysburg","Dickinson","header","Dickinson","Gettysburg","after score",,FALSE,,"Kruse,Nolan kickoff 32 yards to the DSON33 fair catch by Benning III,Cedric at DSON33."
"20251011_98xu",46,2,"Dickinson","Gettysburg","header","Gettysburg","Dickinson","after score",,FALSE,,"Worobel,Justin kickoff 65 yards to the GET00, Touchback."
"20251011_98xu",62,2,"Dickinson","Gettysburg","header","Gettysburg","Dickinson","after score",,FALSE,,"Worobel,Justin kickoff 65 yards to the GET00 Diaz,Gabriel return 41 yards to the GET41 (Moses,Josh)."
"20251011_98xu",72,2,"Gettysburg","Dickinson","header","Dickinson","Gettysburg","after score",,FALSE,,"Kruse,Nolan kickoff 41 yards to the DSON24 Sorensen,Dane return 13 yards to the DSON37 (Patterson,Allen)."
"20251011_98xu",83,2,"Dickinson","Gettysburg","header","Gettysburg","Dickinson","after score",,FALSE,,"Worobel,Justin kickoff 35 yards to the GET30 Stubbs,Art return 7 yards to the GET37 (Moses,Josh)."
"20251011_98xu",94,3,"Gettysburg","Dickinson","header","Dickinson","Gettysburg","coin toss",,FALSE,,"Kruse,Nolan kickoff 65 yards to the DSON00, Touchback."
"20251011_98xu",111,3,"Dickinson","Gettysburg","header","Gettysburg","Dickinson","after score","Gettysburg",FALSE,,"Worobel,Justin kickoff 57 yards to the GET08 muffed by Diaz,Gabriel at GET08 recovered by GET Diaz,Gabriel at GET08 Diaz,Gabriel return 15 yards to the GET23 (Friebel,Leon; Heck,Gavin)."
"20251011_98xu",125,3,"Gettysburg","Dickinson","header","Dickinson","Gettysburg","after score",,FALSE,,"Kruse,Nolan kickoff 49 yards to the DSON16 Sorensen,Dane return 19 yards to the DSON35 (Heagy,Wesley)."
"20251011_98xu",132,4,"Dickinson","Gettysburg","header","Gettysburg","Dickinson","after score",,FALSE,,"Worobel,Justin kickoff 59 yards to the GET06 Diaz,Gabriel return 25 yards to the GET31 (Friebel,Leon)."
"20251011_98xu",151,4,"Dickinson","Gettysburg","header","Gettysburg","Dickinson","after score",,FALSE,,"Worobel,Justin kickoff 66 yards to the GET14 Diaz,Gabriel return 15 yards to the GET29 (Heck,Gavin)."
"20251011_ew1x",1,1,"Ursinus","McDaniel","header","McDaniel","Ursinus","coin toss",,FALSE,,"Carr,Jordan kickoff 64 yards to the MCD01 Smith,David return 18 yards to the MCD19 (Dennis,Musyn)."
"20251011_ew1x",12,1,"Ursinus","McDaniel","header","McDaniel","Ursinus","after score",,FALSE,,"Carr,Jordan kickoff 60 yards to the MCD05 Smith,David return 25 yards to the MCD30 (Clarke,D.J.)."
"20251011_ew1x",27,1,"Ursinus","McDaniel","header","McDaniel","Ursinus","after score",,FALSE,,"Carr,Jordan kickoff 58 yards to the MCD07 Smith,David return 22 yards to the MCD29 (Carr,Jordan)."
"20251011_ew1x",43,2,"Ursinus","McDaniel","header","McDaniel","Ursinus","after score",,FALSE,,"Carr,Jordan kickoff 59 yards to the MCD06 Smith,David return 6 yards to the MCD12 (Rankins,Ky'iere; Mulhall,Jack) PENALTY MCD Illegal Block in Back 6 yards from MCD12 to MCD06."
"20251011_ew1x",65,2,"Ursinus","McDaniel","header","McDaniel","Ursinus","after score",,FALSE,,"Carr,Jordan kickoff 55 yards to the MCD10, out of bounds at MCD10."
"20251011_ew1x",87,3,"McDaniel","Ursinus","header","Ursinus","McDaniel","coin toss",,FALSE,,"Fritz,Braden kickoff 48 yards to the UCB17 Roselle,Aidan return 38 yards to the MCD45 (Fritz,Braden)."
"20251011_ew1x",95,3,"Ursinus","McDaniel","header","McDaniel","Ursinus","after score",,FALSE,,"Kiedrowski,Ben kickoff 64 yards to the MCD01 Smith,David return 21 yards to the MCD22 (Lawson,Tim; Ratcliffe,Will)."
"20251011_ew1x",118,3,"Ursinus","McDaniel","header","McDaniel","Ursinus","after score",,FALSE,,"Kiedrowski,Ben kickoff 60 yards to the MCD05 Wagner,Jacob return 18 yards to the MCD23 (Ratcliffe,Will; Lawson,Tim)."
"20251011_ew1x",125,4,"Ursinus","McDaniel","header","McDaniel","Ursinus","after score",,FALSE,,"Kiedrowski,Ben kickoff 65 yards to the MCD00, Touchback."
"20251011_ew1x",155,4,"Ursinus","McDaniel","header","McDaniel","Ursinus","after score",,FALSE,,"Kiedrowski,Ben kickoff 65 yards to the MCD00, Touchback."
"20251011_kqku",1,1,"Muhlenberg","Franklin and Marshall","header","Franklin and Marshall","Muhlenberg","coin toss",,FALSE,,"D'Amico,Nicholas kickoff 60 yards to the F&M05 Kilpatrick,Eian return 12 yards to the F&M17 (Papa,Joseph; Lopez,Jeremy)."
"20251011_kqku",18,1,"Franklin and Marshall","Muhlenberg","header","Muhlenberg","Franklin and Marshall","after score",,FALSE,,"Harlamov,Ivan kickoff 49 yards to the MUHL16 Manning,Matthew return 14 yards to the MUHL30 (Aravides,Nick; Coscia,Dean)."
"20251011_kqku",62,2,"Muhlenberg","Franklin and Marshall","header","Franklin and Marshall","Muhlenberg","after score",,FALSE,,"D'Amico,Nicholas kickoff 65 yards to the F&M00, Touchback."
"20251011_kqku",84,3,"Franklin and Marshall","Muhlenberg","header","Muhlenberg","Franklin and Marshall","coin toss",,FALSE,,"Harlamov,Ivan kickoff 37 yards to the MUHL28 Reph,Caden return 8 yards to the MUHL36 (Medlar,Nico)."
"20251011_kqku",98,3,"Muhlenberg","Franklin and Marshall","header","Franklin and Marshall","Muhlenberg","after score",,FALSE,,"D'Amico,Nicholas kickoff 65 yards to the F&M00, Touchback."
"20251011_kqku",110,3,"Franklin and Marshall","Muhlenberg","header","Muhlenberg","Franklin and Marshall","after score","Muhlenberg",FALSE,,"Harlamov,Ivan kickoff 60 yards to the MUHL20 Short,Christopher return for loss of 4 yards to the MUHL16 fumbled by Short,Christopher at MUHL16 recovered by MUHL Short,Christopher at MUHL16 (Aravides,Nick)."
"20251011_kqku",117,3,"Franklin and Marshall","Muhlenberg","header","Muhlenberg","Franklin and Marshall","after score",,FALSE,,"Harlamov,Ivan kickoff 48 yards to the MUHL17 Short,Christopher return 18 yards to the MUHL35 (Medlar,Nico)."
"20251011_kqku",130,4,"Muhlenberg","Franklin and Marshall","header","Franklin and Marshall","Muhlenberg","after score",,FALSE,,"D'Amico,Nicholas kickoff 32 yards to the MUHL03, out of bounds at MUHL03."
"20251011_kqku",139,4,"Franklin and Marshall","Muhlenberg","header","Muhlenberg","Franklin and Marshall","after score",,FALSE,,"Harlamov,Ivan kickoff 65 yards to the MUHL00, Touchback."
"20251011_kqku",174,4,"Muhlenberg","Franklin and Marshall","header","Franklin and Marshall","Muhlenberg","after score",,FALSE,,"D'Amico,Nicholas onside kickoff 10 yards to the MUHL45, End Of Play."
"20251011_t8bp",1,1,"Johns Hopkins","Carnegie Mellon","header","Carnegie Mellon","Johns Hopkins","coin toss",,FALSE,,"Wayt,Kaleb kickoff 60 yards to the CMU05 Johnson,DJ return 19 yards to the CMU24 (Hogg,Carter)."
"20251011_t8bp",14,1,"Carnegie Mellon","Johns Hopkins","header","Johns Hopkins","Carnegie Mellon","after score",,FALSE,,"Godhard,Noah kickoff 65 yards to the JHU00 Moore,Josh return 16 yards to the JHU16 (Bishop,Lucas)."
"20251011_t8bp",27,1,"Carnegie Mellon","Johns Hopkins","header","Johns Hopkins","Carnegie Mellon","after score",,FALSE,,"Godhard,Noah kickoff 62 yards to the JHU03 Moore,Josh return 33 yards to the JHU36 (Loureiro,Eric)."
"20251011_t8bp",54,2,"Carnegie Mellon","Johns Hopkins","header","Johns Hopkins","Carnegie Mellon","after score",,FALSE,,"Godhard,Noah kickoff 64 yards to the JHU01 Moore,Josh return 24 yards to the JHU25 (Russo,Chad; Sturges,Robert)."
"20251011_t8bp",66,2,"Johns Hopkins","Carnegie Mellon","header","Carnegie Mellon","Johns Hopkins","after score",,FALSE,,"Wayt,Kaleb kickoff 65 yards to the CMU00 McCullough,Nick return 28 yards to the CMU28 (Kramer,Spencer; Trainer,Browning)."
"20251011_t8bp",74,2,"Carnegie Mellon","Johns Hopkins","header","Johns Hopkins","Carnegie Mellon","after score",,FALSE,,"Godhard,Noah kickoff 65 yards to the JHU00 Semrad,Griffin return 25 yards to the JHU25 (Loureiro,Eric; Russo,Chad)."
"20251011_t8bp",87,3,"Carnegie Mellon","Johns Hopkins","header","Johns Hopkins","Carnegie Mellon","coin toss",,FALSE,,"Godhard,Noah kickoff 65 yards to the JHU00, Touchback."
"20251011_t8bp",99,3,"Johns Hopkins","Carnegie Mellon","header","Carnegie Mellon","Johns Hopkins","after score",,FALSE,,"Wayt,Kaleb kickoff 65 yards to the CMU00 McCullough,Nick return 25 yards to the CMU25 (Olson,Sawyer)."
"20251011_t8bp",115,3,"Carnegie Mellon","Johns Hopkins","header","Johns Hopkins","Carnegie Mellon","after score",,FALSE,,"Godhard,Noah kickoff 65 yards to the JHU00 Moore,Josh return 77 yards to the CMU23 (Bishop,Lucas), out of bounds."
"20251011_t8bp",137,4,"Johns Hopkins","Carnegie Mellon","header","Carnegie Mellon","Johns Hopkins","after score",,FALSE,,"Wayt,Kaleb kickoff 62 yards to the CMU03 McCullough,Nick return 28 yards to the CMU31 (Bechtle,John; Bojorquez,Brock)."
"20251011_t8bp",148,4,"Johns Hopkins","Carnegie Mellon","header","Carnegie Mellon","Johns Hopkins","after score",,FALSE,,"Wayt,Kaleb kickoff 53 yards to the CMU12 McCullough,Brendan return 21 yards to the CMU33 (Dasilva,Tyler; Kramer,Spencer)."
"20251018_mhk5",1,1,"McDaniel","Muhlenberg","header","Muhlenberg","McDaniel","coin toss",,FALSE,,"(14:58) Fritz,Braden kickoff 54 yards to the MUH11 Short,Christopher return 26 yards to the MUH37 (Irvin,Jonathan)."
"20251018_mhk5",15,1,"Muhlenberg","McDaniel","header","McDaniel","Muhlenberg","after score",,FALSE,,"(09:28) D'Amico,Nicholas kickoff 65 yards to the MCD00, Touchback."
"20251018_mhk5",27,1,"Muhlenberg","McDaniel","header","McDaniel","Muhlenberg","after score",,FALSE,,"(04:55) D'Amico,Nicholas kickoff 65 yards to the MCD00, Touchback."
"20251018_mhk5",33,1,"Muhlenberg","McDaniel","header","McDaniel","Muhlenberg","after score",,FALSE,,"(03:53) D'Amico,Nicholas kickoff 65 yards to the MCD00, Touchback."
"20251018_mhk5",45,2,"Muhlenberg","McDaniel","header","McDaniel","Muhlenberg","after score",,FALSE,,"(14:49) D'Amico,Nicholas kickoff 65 yards to the MCD00, Touchback."
"20251018_mhk5",53,2,"Muhlenberg","McDaniel","header","McDaniel","Muhlenberg","after score",,FALSE,,"(13:21) D'Amico,Nicholas kickoff 61 yards to the MCD04 Ivory,Mehari return 16 yards to the MCD20 (Lopez,Jeremy)."
"20251018_mhk5",68,2,"Muhlenberg","McDaniel","header","McDaniel","Muhlenberg","after score",,FALSE,,"(06:32) D'Amico,Nicholas kickoff 61 yards to the MCD04 Ivory,Mehari return 20 yards to the MCD24 (Schaffer-Neitz,Isaac; Kalinauskas,Ethan)."
"20251018_mhk5",86,3,"Muhlenberg","McDaniel","header","McDaniel","Muhlenberg","coin toss",,FALSE,,"(15:00) D'Amico,Nicholas kickoff 65 yards to the MCD00, Touchback."
"20251018_mhk5",98,3,"McDaniel","Muhlenberg","header","Muhlenberg","McDaniel","after score",,FALSE,,"(10:09) Fritz,Braden kickoff 58 yards to the MUH07 Short,Christopher return 61 yards to the MCD32 (Norfleet,Hebrew), out of bounds."
"20251018_mhk5",104,3,"Muhlenberg","McDaniel","header","McDaniel","Muhlenberg","after score",,FALSE,,"(08:36) Morris,Sam kickoff 60 yards to the MCD05 Ivory,Mehari return 26 yards to the MCD31 (Sutter,Eddie)."
"20251018_mhk5",123,4,"Muhlenberg","McDaniel","header","McDaniel","Muhlenberg","after score",,FALSE,,"(14:10) Morris,Sam kickoff 61 yards to the MCD04 Ivory,Mehari return 43 yards to the MCD47 (Foley,Luke)."
"20251018_q4jr",1,1,"Franklin and Marshall","Dickinson","header","Dickinson","Franklin and Marshall","coin toss",,FALSE,,"Harlamov,Ivan kickoff 65 yards to the DSON00, Touchback."
"20251018_q4jr",25,1,"Dickinson","Franklin and Marshall","header","Franklin and Marshall","Dickinson","after score",,FALSE,,"Worobel,Justin kickoff 64 yards to the F&M01 Kilpatrick,Eian return 11 yards to the F&M12 (Friebel,Leon)."
"20251018_q4jr",45,2,"Dickinson","Franklin and Marshall","header","Franklin and Marshall","Dickinson","after score",,FALSE,,"Worobel,Justin kickoff 60 yards to the F&M05 Kilpatrick,Eian return 17 yards to the F&M22 (Friebel,Leon)."
"20251018_q4jr",64,2,"Franklin and Marshall","Dickinson","header","Dickinson","Franklin and Marshall","after score",,FALSE,,"Harlamov,Ivan kickoff 58 yards to the DSON07 Sorensen,Dane return 23 yards to the DSON30 (Kilpatrick,Eian), out of bounds."
"20251018_q4jr",83,2,"Dickinson","Franklin and Marshall","header","Franklin and Marshall","Dickinson","after score",,FALSE,,"Worobel,Justin kickoff 65 yards to the F&M00, Touchback."
"20251018_q4jr",85,3,"Dickinson","Franklin and Marshall","header","Franklin and Marshall","Dickinson","coin toss",,FALSE,,"Worobel,Justin kickoff 60 yards to the F&M05 Kilpatrick,Eian return 21 yards to the F&M26 (Pedall,Patrick)."
"20251018_q4jr",107,3,"Franklin and Marshall","Dickinson","header","Dickinson","Franklin and Marshall","after score",,FALSE,,"Harlamov,Ivan kickoff 56 yards to the DSON09 Campbell,Keesean return 16 yards to the DSON25 (Aravides,Nick), out of bounds PENALTY DSON UNR: Unnecessary Roughness (Heck,Gavin) 13 yards from DSON25 to DSON12."
"20251018_q4jr",120,4,"Franklin and Marshall","Dickinson","header","Dickinson","Franklin and Marshall","after score",,FALSE,,"Harlamov,Ivan kickoff 65 yards to the DSON00, Touchback."
"20251018_q4jr",138,4,"Franklin and Marshall","Dickinson","header","Dickinson","Franklin and Marshall","after score",,FALSE,,"Harlamov,Ivan kickoff 65 yards to the DSON00, Touchback."
"20251018_q4jr",151,4,"Dickinson","Franklin and Marshall","header","Franklin and Marshall","Dickinson","after score",,FALSE,,"Worobel,Justin kickoff 60 yards to the F&M05 Kilpatrick,Eian return 16 yards to the F&M21 (Ryan,Will; Heck,Gavin)."
"20251018_q4jr",168,4,"Franklin and Marshall","Dickinson","fallback",,"Franklin and Marshall","after score",,FALSE,,"Harlamov,Ivan onside kickoff 12 yards to the F&M47, End Of Play."
"20251018_rd3r",1,1,"Ursinus","Johns Hopkins","header","Johns Hopkins","Ursinus","coin toss",,FALSE,,"Kiedrowski,Ben kickoff 58 yards to the JHU07 Moore,Josh return 17 yards to the JHU24 (Dennis,Musyn)."
"20251018_rd3r",4,1,"Johns Hopkins","Ursinus","header","Ursinus","Johns Hopkins","after score","Ursinus",FALSE,,"Wayt,Kaleb kickoff 63 yards to the URS02 Roselle,Aidan return 0 yards to the URS02 fumbled by Roselle,Aidan at URS02 recovered by URS Roselle,Aidan at URS02 (Scully,Justin; Stone,Zack)."
"20251018_rd3r",20,1,"Johns Hopkins","Ursinus","header","Ursinus","Johns Hopkins","after score",,FALSE,,"Wayt,Kaleb kickoff 65 yards to the URS00 Roselle,Aidan return 21 yards to the URS21 (Kramer,Spencer)."
"20251018_rd3r",41,1,"Johns Hopkins","Ursinus","override","Johns Hopkins","Johns Hopkins","after score","Johns Hopkins",TRUE,,"Wayt,Kaleb kickoff 63 yards to the URS02 Roselle,Aidan return 26 yards to the URS22 fumbled by Roselle,Aidan at URS22 forced by Scully,Justin recovered by JHU Bojorquez,Brock at URS28, End Of Play."
"20251018_rd3r",52,2,"Johns Hopkins","Ursinus","header","Ursinus","Johns Hopkins","after score",,FALSE,,"Wayt,Kaleb kickoff 59 yards to the URS06 Roselle,Aidan return 21 yards to the URS27 (Stup,Cole)."
"20251018_rd3r",71,2,"Johns Hopkins","Ursinus","header","Ursinus","Johns Hopkins","after score",,FALSE,,"Wayt,Kaleb kickoff 62 yards to the URS03 Roselle,Aidan return 17 yards to the URS20 (Scully,Justin)."
"20251018_rd3r",81,2,"Ursinus","Johns Hopkins","header","Johns Hopkins","Ursinus","after score",,FALSE,,"Kiedrowski,Ben kickoff 65 yards to the JHU00, Touchback."
"20251018_rd3r",90,2,"Johns Hopkins","Ursinus","header","Ursinus","Johns Hopkins","after score",,FALSE,,"Wayt,Kaleb kickoff 42 yards to the URS23 Saenz,Manny return 0 yards to the URS23."
"20251018_rd3r",92,3,"Johns Hopkins","Ursinus","header","Ursinus","Johns Hopkins","coin toss",,FALSE,,"Wayt,Kaleb kickoff 57 yards to the URS08 Roselle,Aidan return 17 yards to the URS25 (Stone,Zack), out of bounds."
"20251018_rd3r",101,3,"Ursinus","Johns Hopkins","header","Johns Hopkins","Ursinus","after score",,FALSE,,"Kiedrowski,Ben kickoff 65 yards to the JHU00 Moore,Josh return 22 yards to the JHU22 (Goin,Loui)."
"20251018_rd3r",120,3,"Johns Hopkins","Ursinus","header","Ursinus","Johns Hopkins","after score",,FALSE,,"Wayt,Kaleb kickoff 54 yards to the URS11 Roselle,Aidan return 14 yards to the URS25 (Anderson,Tyler)."
"20251018_rd3r",144,4,"Johns Hopkins","Ursinus","header","Ursinus","Johns Hopkins","after score",,FALSE,,"Wayt,Kaleb kickoff 65 yards to the URS00 Roselle,Aidan return 20 yards to the URS20 (Pion,Jacob) PENALTY JHU UNR: Unnecessary Roughness (Davis,Wyatt) 15 yards from URS20 to URS35."
"20251018_rd3r",156,4,"Ursinus","Johns Hopkins","header","Johns Hopkins","Ursinus","after score",,FALSE,,"Kiedrowski,Ben kickoff 60 yards to the JHU05 Arnold,Amir return 36 yards to the JHU41 (Turber-Ortiz,Ethan) PENALTY URS UNS: Unsportsmanlike Conduct (McAuliffe,Tavian) 15 yards from JHU41 to URS44."
"20251018_uxv5",1,1,"Gettysburg","Carnegie Mellon","header","Carnegie Mellon","Gettysburg","coin toss",,FALSE,,"Nolan Kruse kickoff 37 yards to the CMU28, Brendan McCullo return 5 yards to the CMU33 (Kevin Regula)."
"20251018_uxv5",15,1,"Carnegie Mellon","Gettysburg","header","Gettysburg","Carnegie Mellon","after score",,FALSE,,"Noah Godhard kickoff 55 yards to the GC10, Kevin Regula return 33 yards to the GC43 (Noah Godhard), out-of-bounds."
"20251018_uxv5",59,2,"Carnegie Mellon","Gettysburg","header","Gettysburg","Carnegie Mellon","after score",,FALSE,,"Noah Godhard kickoff 65 yards to the GC00, touchback."
"20251018_uxv5",68,2,"Carnegie Mellon","Gettysburg","header","Gettysburg","Carnegie Mellon","after score",,FALSE,,"Noah Godhard kickoff 65 yards to the GC00, touchback."
"20251018_uxv5",82,2,"Carnegie Mellon","Gettysburg","header","Gettysburg","Carnegie Mellon","after score",,FALSE,,"Noah Godhard kickoff 56 yards to the GC09, Kevin Regula return 7 yards to the GC16 (Josh Huffman), PENALTY GC holding (Jude Campbell) 8 yards to the GC08."
"20251018_uxv5",92,3,"Carnegie Mellon","Gettysburg","header","Gettysburg","Carnegie Mellon","second half: first-half receiver kicks",,FALSE,,"Noah Godhard kickoff 65 yards to the GC00, touchback."
"20251018_uxv5",116,3,"Carnegie Mellon","Gettysburg","header","Gettysburg","Carnegie Mellon","after score",,FALSE,,"Noah Godhard kickoff 65 yards to the GC00, touchback."
"20251018_uxv5",125,3,"Gettysburg","Carnegie Mellon","header","Carnegie Mellon","Gettysburg","after score",,FALSE,,"Nolan Kruse kickoff 58 yards to the CMU12, Nick McCullough return 23 yards to the CMU35 (Kevin Regula)."
"20251018_uxv5",135,3,"Carnegie Mellon","Gettysburg","header","Gettysburg","Carnegie Mellon","after score",,FALSE,,"Noah Godhard kickoff 65 yards to the GC00, touchback."
"20251018_uxv5",148,4,"Gettysburg","Carnegie Mellon","header","Carnegie Mellon","Gettysburg","after score",,FALSE,,"Nolan Kruse kickoff 43 yards to the CMU22, out-of-bounds, CMU ball on CMU35, clock 11:25."
"20251018_uxv5",161,4,"Carnegie Mellon","Gettysburg","header","Gettysburg","Carnegie Mellon","after score",,FALSE,,"John Norell kickoff 64 yards to the GC01, fair catch by Kevin Regula."
"20251018_uxv5",179,4,"Gettysburg","Carnegie Mellon","header","Carnegie Mellon","Gettysburg","after score","Carnegie Mellon",FALSE,,"Isa Parks-Gill kickoff 18 yards to the CMU47, on-side kick, recovered by CMU on CMU47."
"20251025_3c40",1,1,"Muhlenberg","Carnegie Mellon","header","Carnegie Mellon","Muhlenberg","coin toss",,FALSE,,"Nicholas D'Amic kickoff 65 yards to the CMU00, DJ Johnson return 23 yards to the CMU23 (Isaac Schaffer-; John Roeder)."
"20251025_3c40",26,1,"Carnegie Mellon","Muhlenberg","header","Muhlenberg","Carnegie Mellon","after score",,FALSE,,"Noah Godhard kickoff 65 yards to the MUHL00, touchback."
"20251025_3c40",51,2,"Muhlenberg","Carnegie Mellon","header","Carnegie Mellon","Muhlenberg","after score",,FALSE,,"Nicholas D'Amic kickoff 63 yards to the CMU02, Nick McCullough return 30 yards to the CMU32, PENALTY CMU illegal block 15 yards to the CMU17, PENALTY MUHL personal foul (Isaac Schaffer-) 15 yards to the CMU32."
"20251025_3c40",69,2,"Carnegie Mellon","Muhlenberg","header","Muhlenberg","Carnegie Mellon","after score",,FALSE,,"Noah Godhard kickoff 65 yards to the MUHL00, Christopher Sho return 17 yards to the MUHL17 (Cooper Rummel)."
"20251025_3c40",84,2,"Carnegie Mellon","Muhlenberg","header","Muhlenberg","Carnegie Mellon","after score","Muhlenberg",FALSE,,"Noah Godhard kickoff 65 yards to the MUHL00, Christopher Sho return 16 yards to the MUHL16, fumble forced by Dom Sirianni, fumble by Christopher Sho recovered by MUHL Christopher Sho at MUHL18."
"20251025_3c40",88,3,"Carnegie Mellon","Muhlenberg","header","Muhlenberg","Carnegie Mellon","second half: first-half receiver kicks",,FALSE,,"Noah Godhard kickoff 65 yards to the MUHL00, touchback."
"20251025_3c40",128,3,"Carnegie Mellon","Muhlenberg","header","Muhlenberg","Carnegie Mellon","after score",,FALSE,,"Noah Godhard kickoff 31 yards to the MUHL34, downed."
"20251025_3c40",136,4,"Muhlenberg","Carnegie Mellon","header","Carnegie Mellon","Muhlenberg","after score",,FALSE,,"Nicholas D'Amic kickoff 65 yards to the CMU00, Nick McCullough return 23 yards to the CMU23 (Leo Dauberman; Ethan Kalinausk)."
"20251025_3c40",152,4,"Muhlenberg","Carnegie Mellon","header","Carnegie Mellon","Muhlenberg","after score",,FALSE,,"Nicholas D'Amic kickoff 62 yards to the CMU03, Nick McCullough return 28 yards to the CMU31 (Isaac Schaffer-)."
"20251025_3c40",166,4,"Muhlenberg","Carnegie Mellon","header","Carnegie Mellon","Muhlenberg","after score",,FALSE,,"Nicholas D'Amic kickoff 65 yards to the CMU00, Nick McCullough return 21 yards to the CMU21 (Justin Bernal)."
"20251025_htre",1,1,"Franklin and Marshall","Ursinus","header","Ursinus","Franklin and Marshall","coin toss",,FALSE,,"Fleming,Michael kickoff 62 yards to the UCB03 Barnes,Keigan return 25 yards to the UCB28 (Kilpatrick,Eian)."
"20251025_htre",14,1,"Franklin and Marshall","Ursinus","header","Ursinus","Franklin and Marshall","after score",,FALSE,,"Fleming,Michael kickoff 65 yards to the UCB00, Touchback."
"20251025_htre",37,1,"Franklin and Marshall","Ursinus","header","Ursinus","Franklin and Marshall","after score",,FALSE,,"Fleming,Michael kickoff 64 yards to the UCB01 Barnes,Keigan return 13 yards to the UCB14 (Albero,Chris)."
"20251025_htre",55,2,"Franklin and Marshall","Ursinus","header","Ursinus","Franklin and Marshall","after score",,FALSE,,"Fleming,Michael kickoff 65 yards to the UCB00, Touchback."
"20251025_htre",63,2,"Ursinus","Franklin and Marshall","header","Franklin and Marshall","Ursinus","after score",,FALSE,,"Carr,Jordan kickoff 65 yards to the FMC00, Touchback."
"20251025_htre",80,2,"Franklin and Marshall","Ursinus","header","Ursinus","Franklin and Marshall","after score",,FALSE,,"Fleming,Michael kickoff 60 yards to the UCB05 Barnes,Keigan return 30 yards to the UCB35 (Hille,Connor; Wertz,Matt)."
"20251025_htre",82,3,"Ursinus","Franklin and Marshall","header","Franklin and Marshall","Ursinus","coin toss",,FALSE,,"Carr,Jordan kickoff 60 yards to the FMC05 Kilpatrick,Eian return 20 yards to the FMC25 (Dennis,Musyn; Rankins,Ky'iere)."
"20251025_htre",95,3,"Franklin and Marshall","Ursinus","header","Ursinus","Franklin and Marshall","after score",,FALSE,,"Fleming,Michael kickoff 64 yards to the UCB01 Barnes,Keigan return 16 yards to the UCB17 (Hille,Connor)."
"20251025_htre",126,4,"Franklin and Marshall","Ursinus","header","Ursinus","Franklin and Marshall","after score",,FALSE,,"Harlamov,Ivan kickoff 65 yards to the UCB00, Touchback PENALTY FMC False Start 5 yards from UCB25 to UCB30."
"20251025_htre",136,4,"Ursinus","Franklin and Marshall","fallback",,"Ursinus","after score",,FALSE,,"Carr,Jordan onside kickoff 10 yards to the UCB45 PENALTY UCB Offside (McAuliffe,Tavian) 5 yards from UCB35 to UCB30. NO PLAY."
"20251025_htre",137,4,"Ursinus","Franklin and Marshall","header","Franklin and Marshall","Ursinus","re-kick",,FALSE,,"Carr,Jordan kickoff 31 yards to the FMC39 Albero,Chris return 0 yards to the FMC39, End Of Play."
"20251025_htre",140,4,"Franklin and Marshall","Ursinus","header","Ursinus","Franklin and Marshall","after score",,FALSE,,"Harlamov,Ivan kickoff 63 yards to the UCB02 Barnes,Keigan return 23 yards to the UCB25, out of bounds at UCB25."
"20251025_htre",146,4,"Franklin and Marshall","Ursinus","header","Ursinus","Franklin and Marshall","after score",,FALSE,,"Harlamov,Ivan kickoff 56 yards to the UCB09 Barnes,Keigan return 24 yards to the UCB33 (Wertz,Matt)."
"20251025_htre",156,4,"Ursinus","Franklin and Marshall","header","Franklin and Marshall","Ursinus","after score",,FALSE,,"Kelly,Matt kickoff 41 yards to the FMC24 Marx,Oscar return 3 yards to the FMC27 (Strusowski,Nick), out of bounds."
"20251025_mepx",1,1,"Dickinson","McDaniel","header","McDaniel","Dickinson","coin toss",,FALSE,,"Worobel,Justin kickoff 58 yards to the MCD07 Ivory,Mehari return 23 yards to the MCD30 (Worobel,Justin)."
"20251025_mepx",21,1,"McDaniel","Dickinson","header","Dickinson","McDaniel","after score",,FALSE,,"(07:31) Fritz,Braden kickoff 58 yards to the DCF07, out of bounds at DCF07."
"20251025_mepx",49,2,"Dickinson","McDaniel","header","McDaniel","Dickinson","after score",,FALSE,,"(12:05) Worobel,Justin kickoff 61 yards to the MCD04 Ivory,Mehari return 26 yards to the MCD30 (Pedall,Patrick)."
"20251025_mepx",56,2,"McDaniel","Dickinson","header","Dickinson","McDaniel","after score",,FALSE,,"(09:59) Fritz,Braden kickoff 53 yards to the DCF12 Campbell,Keesean return 23 yards to the DCF35 (Fritz,Braden), out of bounds."
"20251025_mepx",92,3,"McDaniel","Dickinson","header","Dickinson","McDaniel","coin toss",,FALSE,,"(14:58) Fritz,Braden kickoff 57 yards to the DCF08 Campbell,Keesean return 44 yards to the MCD48 (Fritz,Braden), out of bounds."
"20251025_mepx",100,3,"Dickinson","McDaniel","header","McDaniel","Dickinson","after score",,FALSE,,"(13:37) Worobel,Justin kickoff 60 yards to the MCD05 Ivory,Mehari return 20 yards to the MCD25 (Pedall,Patrick)."
"20251025_mepx",120,3,"Dickinson","McDaniel","header","McDaniel","Dickinson","after score",,FALSE,,"(05:28) Worobel,Justin kickoff 56 yards to the MCD09 Ivory,Mehari return 24 yards to the MCD33 (Couvertiere,Sean)."
"20251025_mepx",128,3,"McDaniel","Dickinson","header","Dickinson","McDaniel","after safety",,FALSE,,"(03:01) Fritz,Braden kickoff 60 yards to the DCF20 Schmidt,Kevin return 23 yards to the DCF43 (Murphy,Malachi) PENALTY DCF Holding (Mulholland,Jimmy) 10 yards from DCF43 to DCF33."
"20251025_mepx",169,4,"McDaniel","Dickinson","header","Dickinson","McDaniel","after score",,FALSE,,"Fritz,Braden onside kickoff 22 yards to the DCF43, End Of Play PENALTY MCD Illegal Formation (Fritz,Braden) 5 yards from DCF43 to DCF48."
"20251025_yvrv",1,1,"Gettysburg","Johns Hopkins","header","Johns Hopkins","Gettysburg","coin toss",,FALSE,,"Kruse,Nolan kickoff 30 yards to the JHU35 fair catch by Linder,Larue at JHU35."
"20251025_yvrv",7,1,"Johns Hopkins","Gettysburg","header","Gettysburg","Johns Hopkins","after score",,FALSE,,"Wayt,Kaleb kickoff 65 yards to the GC00, Touchback."
"20251025_yvrv",22,1,"Johns Hopkins","Gettysburg","header","Gettysburg","Johns Hopkins","after score",,FALSE,,"Wayt,Kaleb kickoff 58 yards to the GC07 Regula,Kevin return 16 yards to the GC23 (Olson,Sawyer)."
"20251025_yvrv",53,2,"Johns Hopkins","Gettysburg","header","Gettysburg","Johns Hopkins","after score",,FALSE,,"Wayt,Kaleb kickoff 56 yards to the GC09 Diaz,Gabriel return 26 yards to the GC35 (Kramer,Spencer)."
"20251025_yvrv",75,2,"Johns Hopkins","Gettysburg","header","Gettysburg","Johns Hopkins","after score",,FALSE,,"Wayt,Kaleb kickoff 58 yards to the GC07 Diaz,Gabriel return 13 yards to the GC20 (Pion,Jacob; Davis,Wyatt)."
"20251025_yvrv",86,3,"Johns Hopkins","Gettysburg","header","Gettysburg","Johns Hopkins","coin toss",,FALSE,,"Wayt,Kaleb kickoff 64 yards to the GC01 Diaz,Gabriel return 29 yards to the GC30 (Scully,Justin)."
"20251025_yvrv",95,3,"Gettysburg","Johns Hopkins","header","Johns Hopkins","Gettysburg","after score",,FALSE,,"Kruse,Nolan kickoff 34 yards to the JHU31 fair catch by Bechtle,John at JHU31."
"20251025_yvrv",101,3,"Johns Hopkins","Gettysburg","header","Gettysburg","Johns Hopkins","after score",,FALSE,,"Wayt,Kaleb kickoff 57 yards to the GC08 Diaz,Gabriel return 21 yards to the GC29 (Davis,Wyatt; Stup,Cole)."
"20251025_yvrv",113,3,"Johns Hopkins","Gettysburg","header","Gettysburg","Johns Hopkins","after score",,FALSE,,"Wayt,Kaleb kickoff 61 yards to the GC04 Diaz,Gabriel return 25 yards to the GC29 (Davis,Wyatt; Stup,Cole)."
"20251025_yvrv",117,3,"Gettysburg","Johns Hopkins","header","Johns Hopkins","Gettysburg","after score",,FALSE,,"Kruse,Nolan kickoff 18 yards to the JHU47 fair catch by Kramer,Spencer at JHU47."
"20251025_yvrv",129,3,"Johns Hopkins","Gettysburg","header","Gettysburg","Johns Hopkins","after score",,FALSE,,"Wayt,Kaleb kickoff 41 yards to the GC09 Diaz,Gabriel return 24 yards to the GC33 (Zwicker,Nick)."
"20251025_yvrv",142,4,"Johns Hopkins","Gettysburg","header","Gettysburg","Johns Hopkins","after score",,FALSE,,"Wayt,Kaleb kickoff 63 yards to the GC02 Diaz,Gabriel return 22 yards to the GC24 (Davis,Wyatt; Pion,Jacob)."
"20251025_yvrv",153,4,"Gettysburg","Johns Hopkins","header","Johns Hopkins","Gettysburg","after score",,FALSE,,"Kruse,Nolan kickoff 35 yards to the JHU30 fair catch by Pion,Jacob at JHU30."
"20251101_bikc",1,1,"Muhlenberg","Johns Hopkins","header","Johns Hopkins","Muhlenberg","coin toss",,FALSE,,"Nicholas D'Amic kickoff 54 yards to the JHU11, Griffin Semrad return 8 yards to the JHU19 (Ben Girard)."
"20251101_bikc",13,1,"Johns Hopkins","Muhlenberg","header","Muhlenberg","Johns Hopkins","after score",,FALSE,,"Kaleb Wayt kickoff 44 yards to the MUHL21, Matthew Manning return 14 yards to the MUHL35 (Spencer Kramer; Tyler Dasilva)."
"20251101_bikc",26,1,"Johns Hopkins","Muhlenberg","header","Muhlenberg","Johns Hopkins","after score",,FALSE,,"Kaleb Wayt kickoff 64 yards to the MUHL01, Christopher Sho return 20 yards to the MUHL21 (Wyatt Davis; Cole Stup)."
"20251101_bikc",39,1,"Johns Hopkins","Muhlenberg","header","Muhlenberg","Johns Hopkins","after score",,FALSE,,"Kaleb Wayt kickoff 49 yards to the MUHL16, Christopher Sho return 14 yards to the MUHL30 (Cole Stup)."
"20251101_bikc",48,2,"Muhlenberg","Johns Hopkins","header","Johns Hopkins","Muhlenberg","after score",,FALSE,,"Nicholas D'Amic kickoff 50 yards to the JHU15, Amir Arnold return 17 yards to the JHU32 (Isaac Schaffer-; Jake Saus)."
"20251101_bikc",63,2,"Johns Hopkins","Muhlenberg","header","Muhlenberg","Johns Hopkins","after score",,FALSE,,"Kaleb Wayt kickoff 62 yards to the MUHL03, Christopher Sho return 37 yards to the MUHL40 (Spencer Kramer)."
"20251101_bikc",76,2,"Muhlenberg","Johns Hopkins","header","Johns Hopkins","Muhlenberg","after score",,FALSE,,"Nicholas D'Amic kickoff 59 yards to the JHU06, Amir Arnold return 11 yards to the JHU17 (Ethan Kalinausk; Isaac Schaffer-)."
"20251101_bikc",82,2,"Muhlenberg","Johns Hopkins","header","Johns Hopkins","Muhlenberg","after score",,FALSE,,"Nicholas D'Amic kickoff 38 yards to the JHU27, Griffin Semrad return 2 yards to the JHU29 (Isaac Schaffer-)."
"20251101_bikc",83,3,"Johns Hopkins","Muhlenberg","header","Muhlenberg","Johns Hopkins","second half: first-half receiver kicks","Muhlenberg",FALSE,,"Kaleb Wayt kickoff 65 yards to the MUHL00, Christopher Sho return 16 yards to the MUHL16, fumble forced by John Bechtle, fumble by Christopher Sho recovered by MUHL Caden Reph at MUHL19."
"20251101_bikc",106,3,"Johns Hopkins","Muhlenberg","header","Muhlenberg","Johns Hopkins","after score",,FALSE,,"Kaleb Wayt kickoff 65 yards to the MUHL00, touchback."
"20251101_bikc",118,3,"Muhlenberg","Johns Hopkins","header","Johns Hopkins","Muhlenberg","after score",,FALSE,,"Nicholas D'Amic kickoff 64 yards to the JHU01, Josh Moore return 38 yards to the JHU39 (Ethan Kalinausk; Nicholas D'Amic)."
"20251101_bikc",133,4,"Johns Hopkins","Muhlenberg","header","Muhlenberg","Johns Hopkins","after score",,FALSE,,"Kaleb Wayt kickoff 57 yards to the MUHL08, Christopher Sho return 15 yards to the MUHL23 (John Bechtle)."
"20251101_bikc",150,4,"Johns Hopkins","Muhlenberg","header","Muhlenberg","Johns Hopkins","after score",,FALSE,,"Kaleb Wayt kickoff 63 yards to the MUHL02, Christopher Sho return 28 yards to the MUHL30 (Justin Scully)."
"20251101_dlys",1,1,"Dickinson","Carnegie Mellon","header","Carnegie Mellon","Dickinson","coin toss",,FALSE,,"Worobel,Justin kickoff 60 yards to the CMU05, out of bounds at CMU05."
"20251101_dlys",14,1,"Carnegie Mellon","Dickinson","header","Dickinson","Carnegie Mellon","after score",,FALSE,,"Godhard,Noah kickoff 65 yards to the DSON00, Touchback."
"20251101_dlys",28,1,"Dickinson","Carnegie Mellon","header","Carnegie Mellon","Dickinson","after score",,FALSE,,"Worobel,Justin kickoff 57 yards to the CMU08 McCullough,Nick return 30 yards to the CMU38 (Heck,Gavin)."
"20251101_dlys",41,1,"Carnegie Mellon","Dickinson","header","Dickinson","Carnegie Mellon","after score",,FALSE,,"Godhard,Noah kickoff 65 yards to the DSON00, Touchback."
"20251101_dlys",60,2,"Carnegie Mellon","Dickinson","header","Dickinson","Carnegie Mellon","after score",,FALSE,,"Godhard,Noah kickoff 65 yards to the DSON00, Touchback."
"20251101_dlys",75,2,"Carnegie Mellon","Dickinson","header","Dickinson","Carnegie Mellon","after score",,FALSE,,"Godhard,Noah kickoff 65 yards to the DSON00, Touchback."
"20251101_dlys",86,2,"Dickinson","Carnegie Mellon","header","Carnegie Mellon","Dickinson","after score",,FALSE,,"Worobel,Justin kickoff 59 yards to the CMU06 McCullough,Nick return 16 yards to the CMU22 (Pedall,Patrick; Friebel,Leon)."
"20251101_dlys",98,2,"Carnegie Mellon","Dickinson","header","Dickinson","Carnegie Mellon","after score",,FALSE,,"Godhard,Noah kickoff 65 yards to the DSON00, Touchback."
"20251101_dlys",101,3,"Carnegie Mellon","Dickinson","header","Dickinson","Carnegie Mellon","coin toss",,FALSE,,"Godhard,Noah kickoff 65 yards to the DSON00, Touchback."
"20251101_dlys",108,3,"Dickinson","Carnegie Mellon","header","Carnegie Mellon","Dickinson","after score",,FALSE,,"Worobel,Justin kickoff 60 yards to the CMU05 McCullough,Nick return 19 yards to the CMU24 (Friebel,Leon)."
"20251101_dlys",125,3,"Carnegie Mellon","Dickinson","header","Dickinson","Carnegie Mellon","after score",,FALSE,,"Godhard,Noah kickoff 59 yards to the DSON06 Schmidt,Kevin return 32 yards to the DSON38 (Lawson,Jack; Tarke,Leighton)."
"20251101_dlys",144,3,"Carnegie Mellon","Dickinson","header","Dickinson","Carnegie Mellon","after score",,FALSE,,"Godhard,Noah kickoff 65 yards to the DSON00, Touchback."
"20251101_dlys",156,4,"Carnegie Mellon","Dickinson","header","Dickinson","Carnegie Mellon","after score",,FALSE,,"Godhard,Noah kickoff 57 yards to the DSON08 Sorensen,Dane return 42 yards to the CMU50 (Godhard,Noah), out of bounds."
"20251101_dlys",162,4,"Dickinson","Carnegie Mellon","header","Carnegie Mellon","Dickinson","after score",,FALSE,,"Worobel,Justin kickoff 48 yards to the CMU17 Johnson,DJ return 18 yards to the CMU35 (Friebel,Leon; Mulholland,Jimmy)."
"20251101_dlys",178,4,"Carnegie Mellon","Dickinson","header","Dickinson","Carnegie Mellon","after score",,FALSE,,"Godhard,Noah kickoff 65 yards to the DSON00, Touchback."
"20251101_dlys",191,4,"Carnegie Mellon","Dickinson","header","Dickinson","Carnegie Mellon","after score",,FALSE,,"Godhard,Noah kickoff 64 yards to the DSON01 Schmidt,Kevin return 29 yards to the DSON30 (Lawler,Archie) PENALTY DSON Holding (Morgan,CJ) 10 yards from DSON30 to DSON20."
"20251101_k2em",1,1,"McDaniel","Franklin and Marshall","header","Franklin and Marshall","McDaniel","coin toss",,FALSE,,"Fritz,Braden kickoff 59 yards to the F&M06 Marx,Oscar return 21 yards to the F&M27 (Wagner,Jacob)."
"20251101_k2em",11,1,"Franklin and Marshall","McDaniel","header","McDaniel","Franklin and Marshall","after score",,FALSE,,"Harlamov,Ivan kickoff 55 yards to the MCD10 Ivory,Mehari return 13 yards to the MCD23 (Aravides,Nick; Carner,Rafe)."
"20251101_k2em",48,2,"Franklin and Marshall","McDaniel","header","McDaniel","Franklin and Marshall","after score","McDaniel",FALSE,,"Harlamov,Ivan kickoff 60 yards to the MCD05 Ivory,Mehari return 2 yards to the MCD07 fumbled by Ivory,Mehari at MCD07 recovered by MCD Ivory,Mehari at MCD07 (Borzillo,Anthony)."
"20251101_k2em",71,2,"Franklin and Marshall","McDaniel","header","McDaniel","Franklin and Marshall","after score",,FALSE,,"Harlamov,Ivan kickoff 60 yards to the MCD05 Ivory,Mehari return 31 yards to the MCD36 (Hille,Connor)."
"20251101_k2em",73,3,"Franklin and Marshall","McDaniel","header","McDaniel","Franklin and Marshall","coin toss",,FALSE,,"Harlamov,Ivan kickoff 57 yards to the MCD08 Ivory,Mehari return 19 yards to the MCD27 (Carner,Rafe; Coscia,Dean)."
"20251101_k2em",90,3,"McDaniel","Franklin and Marshall","header","Franklin and Marshall","McDaniel","after score",,FALSE,,"Fritz,Braden kickoff 15 yards to the MCD20, out of bounds at MCD20."
"20251101_k2em",119,4,"Franklin and Marshall","McDaniel","header","McDaniel","Franklin and Marshall","after score",,FALSE,,"Harlamov,Ivan kickoff 63 yards to the MCD02 Ivory,Mehari return 12 yards to the MCD14 (Merino,Stefan)."
"20251101_l1ok",1,1,"Gettysburg","Ursinus","header","Ursinus",,,,FALSE,,"Nolan Kruse kickoff 65 yards to the URS0, touchback."
"20251101_l1ok",25,1,"Gettysburg","Ursinus","header","Ursinus","Gettysburg","after score",,FALSE,,"Nolan Kruse kickoff 54 yards to the URS11, Barnes,Keigan return 64 yards to the GC25 (Nolan Kruse)."
"20251101_l1ok",47,2,"Ursinus","Gettysburg","header","Gettysburg","Ursinus","after score",,FALSE,,"Kiedrowski,Ben kickoff 50 yards to the GC15, Kevin Regula return 15 yards to the GC30 (Clarke,D.J.)."
"20251101_l1ok",73,2,"Ursinus","Gettysburg","header","Gettysburg","Ursinus","after score",,FALSE,,"Kiedrowski,Ben kickoff 50 yards to the GC15, Kevin Regula return 10 yards to the GC25 (Goin,Loui)."
"20251101_l1ok",82,3,"Ursinus","Gettysburg","header","Gettysburg","Ursinus","second half: first-half receiver kicks",,FALSE,,"Kiedrowski,Ben kickoff 38 yards to the GC27, fair catch by Arthur Stubbs."
"20251101_l1ok",91,3,"Gettysburg","Ursinus","header","Ursinus","Gettysburg","after score",,FALSE,,"Nolan Kruse kickoff 51 yards to the URS14, Barnes,Keigan return 16 yards to the URS30 (RJ Weiss)."
"20251101_l1ok",107,3,"Ursinus","Gettysburg","header","Gettysburg","Ursinus","after score",,FALSE,,"Kiedrowski,Ben kickoff 35 yards to the GC30, Arthur Stubbs return 5 yards to the GC35 (McAuliffe,Tavia)."
"20251101_l1ok",115,3,"Gettysburg","Ursinus","header","Ursinus","Gettysburg","after score",,FALSE,,"Nolan Kruse kickoff 47 yards to the URS18, Moore,Sam return 5 yards to the URS23, out-of-bounds."
"20251101_l1ok",132,4,"Ursinus","Gettysburg","header","Gettysburg","Ursinus","after score",,FALSE,,"Kiedrowski,Ben kickoff 65 yards to the GC0, touchback."
"20251101_l1ok",140,4,"Ursinus","Gettysburg","header","Gettysburg","Ursinus","after score",,FALSE,,"Kiedrowski,Ben kickoff 65 yards to the GC0, Gabriel Diaz return 11 yards to the GC11 (Goin,Loui;Dennis,Musyn)."
"20251101_l1ok",151,4,"Ursinus","Gettysburg","header","Gettysburg","Ursinus","after score",,FALSE,,"Kiedrowski,Ben kickoff 64 yards to the GC1, Gabriel Diaz return 17 yards to the GC18 (Goin,Loui;Zito,Gio)."
"20251108_3ubg",1,1,"Carnegie Mellon","Franklin and Marshall","header","Franklin and Marshall",,,,FALSE,,"Noah Godhard kickoff 65 yards to the F&M00, touchback."
"20251108_3ubg",16,1,"Franklin and Marshall","Carnegie Mellon","header","Carnegie Mellon","Franklin and Marshall","after score","Carnegie Mellon",FALSE,,"Ivan Harlamov kickoff 65 yards to the CMU00, Nick McCullough return 0 yards to the CMU00, fumble by Nick McCullough recovered by CMU Nick McCullough at CMU00, Nick McCullough return 12 yards to the CMU12 (Dean Coscia; Michael Pembrok), PENALTY CMU illegal block 6 yards to the CMU06."
"20251108_3ubg",43,1,"Franklin and Marshall","Carnegie Mellon","header","Carnegie Mellon","Franklin and Marshall","after score",,FALSE,,"Ivan Harlamov kickoff 63 yards to the CMU02, Nick McCullough return 21 yards to the CMU23 (Stefan Merino; Nick Aravides)."
"20251108_3ubg",65,2,"Carnegie Mellon","Franklin and Marshall","header","Franklin and Marshall","Carnegie Mellon","after score",,FALSE,,"Noah Godhard kickoff 58 yards to the F&M07, James Sobieski return 28 yards to the F&M35 (Jack Lawson)."
"20251108_3ubg",86,3,"Franklin and Marshall","Carnegie Mellon","header","Carnegie Mellon","Franklin and Marshall","second half: first-half receiver kicks",,FALSE,,"Ivan Harlamov kickoff 47 yards to the CMU18, DJ Johnson return 18 yards to the CMU36 (Connor Hille)."
"20251108_3ubg",96,3,"Franklin and Marshall","Carnegie Mellon","header","Carnegie Mellon","Franklin and Marshall","after score",,FALSE,,"Ivan Harlamov kickoff 59 yards to the CMU06, Nick McCullough return 24 yards to the CMU30 (Anthony Valdez)."
"20251108_3ubg",105,3,"Carnegie Mellon","Franklin and Marshall","header","Franklin and Marshall","Carnegie Mellon","after score",,FALSE,,"Noah Godhard kickoff 65 yards to the F&M00, touchback."
"20251108_3ubg",117,3,"Franklin and Marshall","Carnegie Mellon","override","Franklin and Marshall","Franklin and Marshall","after score","Franklin and Marshall",TRUE,,"Ivan Harlamov kickoff 56 yards to the CMU09, Cooper Rummel return 13 yards to the CMU22, fumble forced by Nick Aravides, fumble by Cooper Rummel recovered by F&M Rafe Carner at CMU30."
"20251108_3ubg",126,3,"Carnegie Mellon","Franklin and Marshall","header","Franklin and Marshall","Carnegie Mellon","after score",,FALSE,,"Noah Godhard kickoff 65 yards to the F&M00, touchback."
"20251108_3ubg",159,4,"Carnegie Mellon","Franklin and Marshall","header","Franklin and Marshall","Carnegie Mellon","after score",,FALSE,,"Noah Godhard kickoff 65 yards to the F&M00, touchback."
"20251108_3ubg",166,4,"Franklin and Marshall","Carnegie Mellon","header","Carnegie Mellon","Franklin and Marshall","after score",,FALSE,,"Ivan Harlamov kickoff 59 yards to the CMU06, Nick McCullough return 51 yards to the F&M43 (Ivan Harlamov), PENALTY F&M face mask 15 yards to the F&M28."
"20251108_wc79",1,1,"Ursinus","Dickinson","header","Dickinson","Ursinus","coin toss",,FALSE,,"Kiedrowski,Ben kickoff 64 yards to the DSON01 Schmidt,Kevin return 30 yards to the DSON31 (Goin,Loui)."
"20251108_wc79",38,2,"Dickinson","Ursinus","header","Ursinus","Dickinson","after score",,FALSE,,"Worobel,Justin kickoff 65 yards to the URS00, Touchback PENALTY DSON Offside 5 yards from URS25 to URS30."
"20251108_wc79",62,2,"Dickinson","Ursinus","header","Ursinus","Dickinson","after score",,FALSE,,"Worobel,Justin kickoff 61 yards to the URS04, out of bounds at URS04."
"20251108_wc79",69,2,"Ursinus","Dickinson","header","Dickinson","Ursinus","after score",,FALSE,,"Kiedrowski,Ben kickoff 61 yards to the DSON04, out of bounds at DSON04."
"20251108_wc79",76,2,"Dickinson","Ursinus","header","Ursinus","Dickinson","after score",,FALSE,,"Worobel,Justin kickoff 65 yards to the URS00, Touchback."
"20251108_wc79",84,3,"Dickinson","Ursinus","header","Ursinus","Dickinson","coin toss",,FALSE,,"Worobel,Justin kickoff 65 yards to the URS00, Touchback."
"20251108_wc79",93,3,"Dickinson","Ursinus","header","Ursinus","Dickinson","after score",,FALSE,,"Worobel,Justin kickoff 60 yards to the URS05 Roselle,Aidan return 27 yards to the URS32 (Couvertiere,Sean; Kaufman,Marco) PENALTY URS Holding 10 yards from URS31 to URS21."
"20251108_wc79",111,3,"Ursinus","Dickinson","header","Dickinson","Ursinus","after score",,FALSE,,"Kiedrowski,Ben kickoff 64 yards to the DSON01, out of bounds at DSON01."
"20251108_wc79",119,3,"Dickinson","Ursinus","header","Ursinus","Dickinson","after score",,FALSE,,"Worobel,Justin kickoff 65 yards to the URS00 Roselle,Aidan return 33 yards to the URS33 (Couvertiere,Sean)."
"20251108_wc79",131,4,"Ursinus","Dickinson","header","Dickinson","Ursinus","after score",,FALSE,,"Kiedrowski,Ben kickoff 64 yards to the DSON01 Schmidt,Kevin return 33 yards to the DSON34 (Turber-Ortiz,Ethan; Kiedrowski,Ben) PENALTY DSON Holding (Heck,Gavin) 10 yards from DSON30 to DSON20."
"20251108_wc79",146,4,"Dickinson","Ursinus","header","Ursinus","Dickinson","after score",,FALSE,,"Worobel,Justin kickoff 65 yards to the URS00, Touchback."
"20251108_wc79",164,4,"Dickinson","Ursinus","header","Ursinus","Dickinson","after score",,FALSE,,"Worobel,Justin kickoff 58 yards to the URS07 Manley,Sean return 23 yards to the URS30 (Mulholland,Jimmy)."
"20251108_x77w",1,1,"Johns Hopkins","McDaniel","header","McDaniel","Johns Hopkins","coin toss",,FALSE,,"Wayt,Kaleb kickoff 65 yards to the McD00 Ivory,Mehari return 18 yards to the McD18 (Pion,Jacob; Scully,Justin)."
"20251108_x77w",17,1,"Johns Hopkins","McDaniel","header","McDaniel","Johns Hopkins","after score",,FALSE,,"Wayt,Kaleb kickoff 63 yards to the McD02 Ivory,Mehari return 25 yards to the McD27 (Kramer,Spencer; Pion,Jacob)."
"20251108_x77w",32,1,"Johns Hopkins","McDaniel","header","McDaniel","Johns Hopkins","after score",,FALSE,,"Wayt,Kaleb kickoff 65 yards to the McD00, Touchback."
"20251108_x77w",48,2,"Johns Hopkins","McDaniel","header","McDaniel","Johns Hopkins","after score",,FALSE,,"Wayt,Kaleb kickoff 58 yards to the McD07 Ivory,Mehari return 18 yards to the McD25 (Ilunga-Reed,Tayo)."
"20251108_x77w",72,2,"Johns Hopkins","McDaniel","header","McDaniel","Johns Hopkins","after score",,FALSE,,"Wayt,Kaleb kickoff 59 yards to the McD06 Ivory,Mehari return 21 yards to the McD27 (Arnold,Amir)."
"20251108_x77w",82,3,"McDaniel","Johns Hopkins","header","Johns Hopkins","McDaniel","coin toss",,FALSE,,"Fritz,Braden kickoff 61 yards to the JHU04 Moore,Josh return 22 yards to the JHU26 (Irvin,Jonathan; Beggs,Gavin)."
"20251108_x77w",94,3,"Johns Hopkins","McDaniel","header","McDaniel","Johns Hopkins","after score",,FALSE,,"Wayt,Kaleb kickoff 61 yards to the McD04 Smith,David return 19 yards to the McD23 (Scully,Justin; Stup,Cole)."
"20251108_x77w",127,4,"Johns Hopkins","McDaniel","header","McDaniel","Johns Hopkins","after score",,FALSE,,"Wayt,Kaleb kickoff 57 yards to the McD08 Smith,David return 24 yards to the McD32 (Kramer,Spencer)."
"20251108_xaqb",1,1,"Gettysburg","Muhlenberg","header","Muhlenberg",,,,FALSE,,"Isaac ParksGill kickoff 65 yards to the MUHL0, touchback."
"20251108_xaqb",9,1,"Muhlenberg","Gettysburg","header","Gettysburg","Muhlenberg","after score",,FALSE,,"D'Amico,Nichola kickoff 65 yards to the GC0, touchback."
"20251108_xaqb",20,1,"Muhlenberg","Gettysburg","header","Gettysburg","Muhlenberg","after score",,FALSE,,"D'Amico,Nichola kickoff 63 yards to the GC2, Gabriel Diaz return 23 yards to the GC25 (Papa,Joseph)."
"20251108_xaqb",35,1,"Muhlenberg","Gettysburg","header","Gettysburg","Muhlenberg","after score",,FALSE,,"D'Amico,Nichola kickoff 62 yards to the GC3, Gabriel Diaz return 16 yards to the GC19 (Schaffer-Neitz,)."
"20251108_xaqb",48,2,"Muhlenberg","Gettysburg","header","Gettysburg","Muhlenberg","after score",,FALSE,,"D'Amico,Nichola kickoff 65 yards to the GC0, touchback."
"20251108_xaqb",60,2,"Gettysburg","Muhlenberg","header","Muhlenberg","Gettysburg","after score",,FALSE,,"Isaac ParksGill kickoff 34 yards to the MUHL31, Schaffer-Neitz, return 14 yards to the MUHL45 (Justin Bardo;Kevin Regula)."
"20251108_xaqb",69,2,"Muhlenberg","Gettysburg","header","Gettysburg","Muhlenberg","after score",,FALSE,,"D'Amico,Nichola kickoff 63 yards to the GC2, Gabriel Diaz return 19 yards to the GC21 (Kalinauskas,Eth), PENALTY GC holding (RJ Weiss) 10 yards to the GC11."
"20251108_xaqb",81,2,"Muhlenberg","Gettysburg","header","Gettysburg","Muhlenberg","after score",,FALSE,,"D'Amico,Nichola kickoff 65 yards to the GC0, touchback."
"20251108_xaqb",89,2,"Gettysburg","Muhlenberg","header","Muhlenberg","Gettysburg","after score",,FALSE,,"Isaac ParksGill kickoff 64 yards to the MUHL1, Short,Christoph return 27 yards to the MUHL28 (Justin Bardo)."
"20251108_xaqb",97,2,"Muhlenberg","Gettysburg","header","Gettysburg","Muhlenberg","after score",,FALSE,,"D'Amico,Nichola kickoff 65 yards to the GC0, Gabriel Diaz return 14 yards to the GC14 (Bernal,Justin;Schaffer-Neitz,)."
"20251108_xaqb",99,3,"Muhlenberg","Gettysburg","header","Gettysburg","Muhlenberg","second half: first-half receiver kicks",,FALSE,,"D'Amico,Nichola kickoff 63 yards to the GC2, Gabriel Diaz return 26 yards to the GC28 (Europe,George), PENALTY GC personal foul (Mike Bendowski) 14 yards to the GC14."
"20251108_xaqb",110,3,"Muhlenberg","Gettysburg","header","Gettysburg","Muhlenberg","after score",,FALSE,,"D'Amico,Nichola kickoff 60 yards to the GC5, Gabriel Diaz return 22 yards to the GC27 (Walley,JR)."
"20251108_xaqb",137,3,"Muhlenberg","Gettysburg","header","Gettysburg","Muhlenberg","after score",,FALSE,,"D'Amico,Nichola kickoff 65 yards to the GC0, Gabriel Diaz return 28 yards to the GC28 (Nuzzi,Maximus), PENALTY GC unsportsmanlike conduct (Arthur Stubbs) 14 yards to the GC14."
"20251108_xaqb",147,4,"Gettysburg","Muhlenberg","header","Muhlenberg","Gettysburg","after score",,FALSE,,"Isaac ParksGill kickoff 17 yards to the MUHL48, fair catch by Kalinauskas,Eth."
"20251108_xaqb",171,4,"Gettysburg","Muhlenberg","header","Muhlenberg","Gettysburg","after score",,FALSE,,"Isaac ParksGill kickoff 65 yards to the MUHL0, touchback."
"20251115_1cr9",1,1,"McDaniel","Gettysburg","header","Gettysburg","McDaniel","coin toss",,FALSE,,"Fritz,Braden kickoff 55 yards to the GC10, Gabriel Diaz return 14 yards to the GC24 (Murphy,Malachi)."
"20251115_1cr9",17,1,"Gettysburg","McDaniel","override","Gettysburg","Gettysburg","after score","Gettysburg",TRUE,,"Isaac ParksGill kickoff 60 yards to the MCD5, Ruffin,Elyijah for 14 yards to the MCD19, fumble forced by RJ Weiss, fumble by Ruffin,Elyijah recovered by GC RJ Weiss at MCD19."
"20251115_1cr9",23,1,"Gettysburg","McDaniel","header","McDaniel","Gettysburg","after score",,FALSE,,"Isaac ParksGill kickoff 42 yards to the MCD23, Dolla,Donovan return 12 yards to the MCD35 (Shane Donoghue)."
"20251115_1cr9",46,2,"McDaniel","Gettysburg","header","Gettysburg","McDaniel","after score",,FALSE,,"Fritz,Braden kickoff 65 yards to the GC0, Gabriel Diaz return 20 yards to the GC20 (Homer,Christian;Murphy,Malachi)."
"20251115_1cr9",59,2,"McDaniel","Gettysburg","header","Gettysburg","McDaniel","after score",,FALSE,,"Fritz,Braden kickoff 60 yards to the GC5, Gabriel Diaz return 9 yards to the GC14 (James,Cordae;Smith,David)."
"20251115_1cr9",74,2,"Gettysburg","McDaniel","header","McDaniel","Gettysburg","after score",,FALSE,,"Isaac ParksGill kickoff 33 yards to the MCD32, Smith,David return 3 yards to the MCD35 (James McCarren)."
"20251115_1cr9",77,3,"Gettysburg","McDaniel","header","McDaniel","Gettysburg","second half: first-half receiver kicks",,FALSE,,"Isaac ParksGill kickoff 65 yards to the MCD0, touchback."
"20251115_1cr9",89,3,"McDaniel","Gettysburg","header","Gettysburg","McDaniel","after score",,FALSE,,"Fritz,Braden kickoff 42 yards to the GC23, Scott Sabol return 7 yards to the GC30 (Murphy,Malachi;Beggs,Gavin)."
"20251115_1cr9",98,3,"McDaniel","Gettysburg","header","Gettysburg","McDaniel","after safety",,FALSE,,"Fritz,Braden kickoff 54 yards to the GC26, Nick Wonsala return 74 yards to the MCD0, TOUCHDOWN, clock 06:22."
"20251115_1cr9",100,3,"Gettysburg","McDaniel","header","McDaniel","McDaniel","after safety",,FALSE,"header says MCDANIEL receives; context (after safety) says MCDANIEL kicks","Isaac ParksGill kickoff 65 yards to the MCD0, touchback."
"20251115_1cr9",114,3,"Gettysburg","McDaniel","header","McDaniel","Gettysburg","after score",,FALSE,,"Isaac ParksGill kickoff 65 yards to the MCD0, touchback."
"20251115_1cr9",130,4,"McDaniel","Gettysburg","header","Gettysburg","McDaniel","after score",,FALSE,,"Fritz,Braden kickoff 63 yards to the GC2, Gabriel Diaz return 25 yards to the GC27, out-of-bounds (Homer,Christian)."
"20251115_1cr9",144,4,"Gettysburg","McDaniel","header","McDaniel","Gettysburg","after score",,FALSE,,"Isaac ParksGill kickoff 57 yards to the MCD8, Smith,David return 15 yards to the MCD23 (RJ Weiss), PENALTY MCD personal foul (Penzone,Jack) 11 yards to the MCD12."
"20251115_2lnx",1,1,"Johns Hopkins","Franklin and Marshall","header","Franklin and Marshall","Johns Hopkins","coin toss",,FALSE,,"Wayt,Kaleb kickoff 65 yards to the F&M00 Marx,Oscar return 26 yards to the F&M26 (Stup,Cole; Bechtle,John)."
"20251115_2lnx",19,1,"Johns Hopkins","Franklin and Marshall","header","Franklin and Marshall","Johns Hopkins","after score",,FALSE,,"Wayt,Kaleb kickoff 65 yards to the F&M00, Touchback."
"20251115_2lnx",37,2,"Johns Hopkins","Franklin and Marshall","header","Franklin and Marshall","Johns Hopkins","after score",,FALSE,,"Wayt,Kaleb kickoff 46 yards to the F&M19 Bonanno,Anthony return 15 yards to the F&M34 (Bechtle,John; Scully,Justin)."
"20251115_2lnx",51,2,"Johns Hopkins","Franklin and Marshall","header","Franklin and Marshall","Johns Hopkins","after score",,FALSE,,"Wayt,Kaleb kickoff 50 yards to the F&M15 Marx,Oscar return 8 yards to the F&M23 (Scully,Justin; Bechtle,John)."
"20251115_2lnx",60,2,"Franklin and Marshall","Johns Hopkins","header","Johns Hopkins","Franklin and Marshall","after score",,FALSE,,"Harlamov,Ivan kickoff 65 yards to the JHU00 Semrad,Griffin return 51 yards to the F&M49 (Wertz,Matt)."
"20251115_2lnx",79,2,"Franklin and Marshall","Johns Hopkins","header","Johns Hopkins","Franklin and Marshall","after score",,FALSE,,"Harlamov,Ivan kickoff 56 yards to the JHU09 Semrad,Griffin return 16 yards to the JHU25 (Harlamov,Ivan) PENALTY JHU Illegal Block in Back (Kramer,Spencer) 10 yards from JHU25 to JHU15."
"20251115_2lnx",81,3,"Franklin and Marshall","Johns Hopkins","header","Johns Hopkins","Franklin and Marshall","coin toss",,FALSE,,"Harlamov,Ivan kickoff 32 yards to the JHU33 fair catch by Bechtle,John at JHU33."
"20251115_2lnx",129,4,"Franklin and Marshall","Johns Hopkins","header","Johns Hopkins","Franklin and Marshall","after score",,FALSE,,"Harlamov,Ivan kickoff 51 yards to the JHU14 Semrad,Griffin return 16 yards to the JHU30 (Pembroke,Michael; Hille,Connor)."
"20251115_bpex",1,1,"Dickinson","Muhlenberg","header","Muhlenberg","Dickinson","coin toss",,FALSE,,"Justin Worobel kickoff 65 yards to the MUHL00, Christopher Sho return 12 yards to the MUHL12 (Leon Friebel)."
"20251115_bpex",15,1,"Muhlenberg","Dickinson","header","Dickinson","Muhlenberg","after score",,FALSE,,"Nicholas D'Amic kickoff 40 yards to the DSON25, downed."
"20251115_bpex",31,1,"Muhlenberg","Dickinson","header","Dickinson","Muhlenberg","after score",,FALSE,,"Nicholas D'Amic kickoff 58 yards to the DSON07, Kevin Schmidt return 30 yards to the DSON37 (Joseph Papa)."
"20251115_bpex",44,2,"Dickinson","Muhlenberg","header","Muhlenberg","Dickinson","after score",,FALSE,,"Justin Worobel kickoff 59 yards to the MUHL06, Christopher Sho return 31 yards to the MUHL37 (Patrick Pedall)."
"20251115_bpex",56,2,"Muhlenberg","Dickinson","header","Dickinson","Muhlenberg","after score",,FALSE,,"Nicholas D'Amic kickoff 60 yards to the DSON05, Keesean Campbel return 31 yards to the DSON36 (Nicholas D'Amic)."
"20251115_bpex",62,2,"Muhlenberg","Dickinson","header","Dickinson","Muhlenberg","after score",,FALSE,,"Nicholas D'Amic kickoff 65 yards to the DSON00, touchback."
"20251115_bpex",77,2,"Dickinson","Muhlenberg","header","Muhlenberg","Dickinson","after score",,FALSE,,"Justin Worobel kickoff 57 yards to the MUHL08, Christopher Sho return 13 yards to the MUHL21 (Juan Pablo Garc)."
"20251115_bpex",79,3,"Muhlenberg","Dickinson","header","Dickinson","Muhlenberg","second half: first-half receiver kicks",,FALSE,,"Nicholas D'Amic kickoff 35 yards to the DSON30, downed."
"20251115_bpex",140,4,"Dickinson","Muhlenberg","header","Muhlenberg","Dickinson","after score",,FALSE,,"Justin Worobel kickoff 61 yards to the MUHL04, Christopher Sho return 9 yards to the MUHL13 (Patrick Pedall), out-of-bounds."
"20251115_bpex",152,4,"Dickinson","Muhlenberg","override","Dickinson","Dickinson","after safety","Dickinson",TRUE,,"Justin Worobel kickoff 6 yards to the DSON41, on-side kick, recovered by DSON on DSON41."
"20251115_h3wh",1,1,"Carnegie Mellon","Ursinus","header","Ursinus","Carnegie Mellon","coin toss",,FALSE,,"Godhard,Noah kickoff 65 yards to the UCB00, Touchback."
"20251115_h3wh",33,1,"Ursinus","Carnegie Mellon","header","Carnegie Mellon","Ursinus","after score",,FALSE,,"Carr,Jordan kickoff 65 yards to the CMU00 McCullough,Nick return 32 yards to the CMU32 (Meakim,Erik; Rankins,Ky'iere)."
"20251115_h3wh",47,2,"Carnegie Mellon","Ursinus","header","Ursinus","Carnegie Mellon","after score",,FALSE,,"Godhard,Noah kickoff 65 yards to the UCB00, Touchback."
"20251115_h3wh",51,2,"Carnegie Mellon","Ursinus","header","Ursinus","Carnegie Mellon","after score",,FALSE,,"Godhard,Noah kickoff 65 yards to the UCB00, Touchback."
"20251115_h3wh",73,2,"Ursinus","Carnegie Mellon","header","Carnegie Mellon","Ursinus","after score",,FALSE,,"Carr,Jordan kickoff 61 yards to the CMU04 McCullough,Nick return 37 yards to the CMU41 (Goin,Loui), out of bounds PENALTY CMU Holding (Sturges,Robert) 10 yards from CMU25 to CMU15."
"20251115_h3wh",85,2,"Carnegie Mellon","Ursinus","header","Ursinus","Carnegie Mellon","after score",,FALSE,,"Godhard,Noah kickoff 65 yards to the UCB00, Touchback."
"20251115_h3wh",87,3,"Ursinus","Carnegie Mellon","header","Carnegie Mellon","Ursinus","coin toss",,FALSE,,"Carr,Jordan kickoff 64 yards to the CMU01, out of bounds at CMU01."
"20251115_h3wh",110,3,"Ursinus","Carnegie Mellon","header","Carnegie Mellon","Ursinus","after score",,FALSE,,"Carr,Jordan kickoff 50 yards to the CMU15, out of bounds at CMU15."
"20251115_h3wh",120,3,"Carnegie Mellon","Ursinus","header","Ursinus","Carnegie Mellon","after score",,FALSE,,"Godhard,Noah kickoff 65 yards to the UCB00, Touchback."
"20251115_h3wh",134,4,"Ursinus","Carnegie Mellon","header","Carnegie Mellon","Ursinus","after score",,FALSE,,"Carr,Jordan kickoff 64 yards to the CMU01 McCullough,Nick return 22 yards to the CMU23 (Lawson,Tim), out of bounds."
"20251122_6buh",1,1,"Ursinus","Lebanon Valley","header","Lebanon Valley","Ursinus","coin toss",,FALSE,,"Carr,Jordan kickoff 65 yards to the LVC00 Brown,Taijay return 27 yards to the LVC27 (Clarke,D.J.) PENALTY LVC Illegal Block in Back 10 yards from LVC27 to LVC17."
"20251122_6buh",12,1,"Lebanon Valley","Ursinus","header","Ursinus","Lebanon Valley","after score",,FALSE,,"MacClay,Garrett kickoff 60 yards to the UCB05 Roselle,Aidan return 24 yards to the UCB29 (Sensenig,Montgomery; Cosme,Nahseem)."
"20251122_6buh",30,1,"Lebanon Valley","Ursinus","header","Ursinus","Lebanon Valley","after score",,FALSE,,"MacClay,Garrett kickoff 50 yards to the UCB15 Turber-Ortiz,Derek return 16 yards to the UCB31 (Cosme,Nahseem)."
"20251122_6buh",38,2,"Ursinus","Lebanon Valley","header","Lebanon Valley","Ursinus","after score",,FALSE,,"Carr,Jordan kickoff 63 yards to the LVC02 Cooper,Makih return 23 yards to the LVC25 (Turber-Ortiz,Ethan)."
"20251122_6buh",50,2,"Ursinus","Lebanon Valley","header","Lebanon Valley","Ursinus","after score",,FALSE,,"Carr,Jordan kickoff 61 yards to the LVC04 Brown,Taijay return 25 yards to the LVC29 (Clarke,D.J.)."
"20251122_6buh",72,2,"Ursinus","Lebanon Valley","header","Lebanon Valley","Ursinus","after score",,FALSE,,"Carr,Jordan kickoff 40 yards to the LVC25 fair catch by Funk,Joe at LVC25."
"20251122_6buh",74,3,"Lebanon Valley","Ursinus","header","Ursinus","Lebanon Valley","coin toss",,FALSE,,"MacClay,Garrett kickoff 57 yards to the UCB08 Roselle,Aidan return 15 yards to the UCB23 (Fink,Ryan)."
"20251122_6buh",96,3,"Lebanon Valley","Ursinus","header","Ursinus","Lebanon Valley","after score",,FALSE,,"MacClay,Garrett kickoff 60 yards to the UCB05 Roselle,Aidan return 20 yards to the UCB25 (Cosme,Nahseem; Brown,Taijay)."
"20251122_6buh",139,4,"Ursinus","Lebanon Valley","header","Lebanon Valley","Ursinus","after score",,FALSE,,"Carr,Jordan kickoff 64 yards to the LVC01 fair catch by Cooper,Makih at LVC01."
"20251122_6buh",146,4,"Ursinus","Lebanon Valley","header","Lebanon Valley","Ursinus","after score",,FALSE,,"Carr,Jordan kickoff 64 yards to the LVC01 Cooper,Makih return 24 yards to the LVC25 (Clarke,D.J.)."
"20251122_6ygb",1,1,"Muhlenberg","Union","header","Union","Muhlenberg","coin toss",,FALSE,,"Nicholas D'Amic kickoff 63 yards to the UNION02, Kaden Gore return 15 yards to the UNION17 (Justin Bernal)."
"20251122_6ygb",17,1,"Union","Muhlenberg","header","Muhlenberg","Union","after score",,FALSE,,"Ryan Mulderig kickoff 59 yards to the MUHL06, Dante Mahaffey return 26 yards to the MUHL32 (Colt Wales)."
"20251122_6ygb",30,1,"Muhlenberg","Union","header","Union","Muhlenberg","after score",,FALSE,,"Nicholas D'Amic kickoff 55 yards to the UNION10, Kaden Gore return 14 yards to the UNION24 (Jeremy Lopez)."
"20251122_6ygb",42,2,"Union","Muhlenberg","header","Muhlenberg","Union","after score",,FALSE,,"Ryan Mulderig kickoff 65 yards to the MUHL00, Dante Mahaffey return 24 yards to the MUHL24 (Colt Wales)."
"20251122_6ygb",56,2,"Muhlenberg","Union","header","Union","Muhlenberg","after score",,FALSE,,"Nicholas D'Amic kickoff 53 yards to the UNION12, Kaden Gore return 16 yards to the UNION28 (Danny Cullen), out-of-bounds."
"20251122_6ygb",82,3,"Union","Muhlenberg","header","Muhlenberg","Union","second half: first-half receiver kicks",,FALSE,,"Ryan Mulderig kickoff 64 yards to the MUHL01, Dante Mahaffey return 34 yards to the MUHL35 (Jah'Cire Jones), out-of-bounds."
"20251122_6ygb",93,3,"Muhlenberg","Union","header","Union","Muhlenberg","after score",,FALSE,,"Nicholas D'Amic kickoff 61 yards to the UNION04, fair catch by Jah'Cire Jones."
"20251122_6ygb",100,3,"Muhlenberg","Union","header","Union","Muhlenberg","after score",,FALSE,,"Nicholas D'Amic kickoff 63 yards to the UNION02, Jah'Cire Jones return 12 yards to the UNION14 (Jeremy Lopez)."
"20251122_6ygb",115,3,"Union","Muhlenberg","header","Muhlenberg","Union","after score",,FALSE,,"Ryan Mulderig kickoff 47 yards to the MUHL18, Christopher Sho return 19 yards to the MUHL37 (David Seiche)."
"20251122_6ygb",122,4,"Muhlenberg","Union","header","Union","Muhlenberg","after score",,FALSE,,"Nicholas D'Amic kickoff 60 yards to the UNION05, fair catch by Kaden Gore."
"20251122_6ygb",137,4,"Union","Muhlenberg","header","Muhlenberg","Union","after score",,FALSE,,"Ryan Mulderig kickoff 60 yards to the MUHL05, Christopher Sho return 26 yards to the MUHL31 (Luke Paskewitz)."
"20251122_6ygb",151,4,"Muhlenberg","Union","header","Union","Muhlenberg","after score",,FALSE,,"Nicholas D'Amic kickoff 54 yards to the UNION11, Kaden Gore return 16 yards to the UNION27 (Joseph Papa), out-of-bounds."
"20251122_a800",1,1,"Dickinson","Delaware Valley","header","Delaware Valley","Dickinson","coin toss",,FALSE,,"(15:00) Worobel,Justin kickoff 59 yards to the DVU06 Rufe,Alex return 18 yards to the DVU24 (Garcia,Juan Pablo; Kaufman,Marco)."
"20251122_a800",10,1,"Dickinson","Delaware Valley","header","Delaware Valley","Dickinson","after score",,FALSE,,"(11:50) Worobel,Justin kickoff 62 yards to the DVU03 Rufe,Alex return 22 yards to the DVU25 (Echeverri,Dan)."
"20251122_a800",39,2,"Dickinson","Delaware Valley","header","Delaware Valley","Dickinson","after score",,FALSE,,"(13:55) Worobel,Justin kickoff 61 yards to the DVU04 Robinson,Jamar return 25 yards to the DVU29 (Couvertiere,Sean), out of bounds."
"20251122_a800",76,3,"Delaware Valley","Dickinson","header","Dickinson","Delaware Valley","coin toss",,FALSE,,"(15:00) Hazell,Brendan kickoff 44 yards to the DCS21 Sorensen,Dane return 11 yards to the DCS32 (Carter,Rayon), out of bounds."
"20251122_a800",93,3,"Delaware Valley","Dickinson","header","Dickinson","Delaware Valley","after score",,FALSE,,"(06:35) Hazell,Brendan kickoff 50 yards to the DCS15 Campbell,Keesean return 22 yards to the DCS37 (Vega-Rodriguez,Axel; Baltimore Jr.,Milt)."
"20251122_a800",100,3,"Dickinson","Delaware Valley","header","Delaware Valley","Dickinson","after score",,FALSE,,"(02:33) Worobel,Justin kickoff 65 yards to the DVU00, Touchback."
"20251122_a800",118,4,"Delaware Valley","Dickinson","header","Dickinson","Delaware Valley","after score",,FALSE,,"(11:41) Hazell,Brendan kickoff 45 yards to the DCS20 Campbell,Keesean return 16 yards to the DCS36 (Baltimore Jr.,Milt) PENALTY DVU Personal Foul (Burch,Zahir) 15 yards from DCS36 to DVU49."
"20251122_xsab",1,1,"Misericordia","Carnegie Mellon","header","Carnegie Mellon","Misericordia","coin toss",,FALSE,,"Derek Infante kickoff 38 yards to the CMU27, Ty Kadur return 8 yards to the CMU35 (Logan Tierney; Malcolm Roy)."
"20251122_xsab",13,1,"Carnegie Mellon","Misericordia","header","Misericordia","Carnegie Mellon","after score",,FALSE,,"Noah Godhard kickoff 60 yards to the MIS05, Jordan Alston return 11 yards to the MIS16 (Paul Davis)."
"20251122_xsab",77,2,"Misericordia","Carnegie Mellon","header","Carnegie Mellon","Misericordia","after score",,FALSE,,"Derek Infante kickoff 57 yards to the CMU08, Nick McCullough return 23 yards to the CMU31 (Malcolm Roy; Thomas Morris), out-of-bounds."
"20251122_xsab",93,2,"Misericordia","Carnegie Mellon","header","Carnegie Mellon","Misericordia","after score",,FALSE,,"Derek Infante kickoff 48 yards to the CMU17, DJ Johnson return 16 yards to the CMU33 (Ethan Felker; Aaron Green)."
"20251122_xsab",94,3,"Carnegie Mellon","Misericordia","header","Misericordia","Carnegie Mellon","second half: first-half receiver kicks",,FALSE,,"Noah Godhard kickoff 51 yards to the MIS14, Braden Bashore return 8 yards to the MIS22 (Avery Campbell), out-of-bounds."
"20251122_xsab",101,3,"Carnegie Mellon","Misericordia","header","Misericordia","Carnegie Mellon","after score",,FALSE,,"Noah Godhard kickoff 51 yards to the MIS14, Braden Bashore return 16 yards to the MIS30 (Ty Kadur)."
"20251122_xsab",113,3,"Misericordia","Carnegie Mellon","header","Carnegie Mellon","Misericordia","after score",,FALSE,,"Derek Infante kickoff 54 yards to the CMU11, Nick McCullough return 26 yards to the CMU37 (Logan Tierney; Derek Infante)."
"20251122_xsab",129,3,"Carnegie Mellon","Misericordia","header","Misericordia","Carnegie Mellon","after score",,FALSE,,"Noah Godhard kickoff 64 yards to the MIS01, fair catch by Braden Bashore."
"20251122_xsab",158,4,"Carnegie Mellon","Misericordia","header","Misericordia","Carnegie Mellon","after score",,FALSE,,"Noah Godhard kickoff 62 yards to the MIS03, Jassanwhittake return 23 yards to the MIS26 (David Fred; Archie Lawler)."
"20251129_1h8l",1,1,"Mount Union","Muhlenberg","header","Muhlenberg","Mount Union","coin toss",,FALSE,,"Rafferty,Connell kickoff 53 yards to the MUH12 Short,Christopher return 16 yards to the MUH28 (Pytlak,Ethan)."
"20251129_1h8l",25,1,"Mount Union","Muhlenberg","header","Muhlenberg","Mount Union","after score",,FALSE,,"Rafferty,Connell kickoff 61 yards to the MUH04 Short,Christopher return 21 yards to the MUH25 (Liette,Cael) PENALTY UMU Offside (Liette,Cael) 5 yards from MUH25 to MUH30."
"20251129_1h8l",43,2,"Mount Union","Muhlenberg","header","Muhlenberg","Mount Union","after score",,FALSE,,"Rafferty,Connell kickoff 65 yards to the MUH00, Touchback."
"20251129_1h8l",51,2,"Mount Union","Muhlenberg","header","Muhlenberg","Mount Union","after score",,FALSE,,"Rafferty,Connell kickoff 65 yards to the MUH00, Touchback."
"20251129_1h8l",65,2,"Mount Union","Muhlenberg","header","Muhlenberg","Mount Union","after score",,FALSE,,"Rafferty,Connell kickoff 65 yards to the MUH00 Short,Christopher return 50 yards to the UMU50 (Rafferty,Connell)."
"20251129_1h8l",78,2,"Mount Union","Muhlenberg","header","Muhlenberg","Mount Union","after score",,FALSE,,"Rafferty,Connell kickoff 65 yards to the MUH00, Touchback."
"20251129_1h8l",81,3,"Muhlenberg","Mount Union","header","Mount Union","Muhlenberg","coin toss",,FALSE,,"D'Amico,Nicholas kickoff 65 yards to the UMU00, Touchback."
"20251129_1h8l",89,3,"Mount Union","Muhlenberg","header","Muhlenberg","Mount Union","after score",,FALSE,,"Rafferty,Connell kickoff 58 yards to the MUH07 Short,Christopher return 35 yards to the MUH42 (Smith,Preston), out of bounds PENALTY MUH Holding (Kalinauskas,Ethan) 10 yards from MUH30 to MUH20."
"20251129_1h8l",108,3,"Mount Union","Muhlenberg","header","Muhlenberg","Mount Union","after score",,FALSE,,"Rafferty,Connell kickoff 54 yards to the MUH11 Mahaffey,Dante return 33 yards to the MUH44 (Williams,Rickie), out of bounds."
"20251129_1h8l",121,3,"Muhlenberg","Mount Union","header","Mount Union","Muhlenberg","after score",,FALSE,,"D'Amico,Nicholas kickoff 56 yards to the UMU09 Ashby,Mason return 16 yards to the UMU25 (Genario,Dominick; Lopez,Jeremy)."
"20251129_h79x",1,1,"Franklin and Marshall","Eastern","header","Eastern","Franklin and Marshall","coin toss",,FALSE,,"Harlamov,Ivan kickoff 37 yards to the EAS28 Scell,Sam return 12 yards to the EAS40 (Pembroke,Michael)."
"20251129_h79x",15,1,"Eastern","Franklin and Marshall","header","Franklin and Marshall","Eastern","after score",,FALSE,,"Nolek,John kickoff 65 yards to the F&M00, Touchback."
"20251129_h79x",32,1,"Eastern","Franklin and Marshall","header","Franklin and Marshall","Eastern","after score",,FALSE,,"Nolek,John kickoff 62 yards to the F&M03 Marx,Oscar return 17 yards to the F&M20 (Woodhouse,De'Shawn) PENALTY F&M Holding (Comella,Trey) 10 yards from F&M20 to F&M10."
"20251129_h79x",42,2,"Franklin and Marshall","Eastern","header","Eastern","Franklin and Marshall","after score",,FALSE,,"Harlamov,Ivan kickoff 59 yards to the EAS06 Rivera,Chris return 13 yards to the EAS19 (Sobieski,James; Evancho,Kyle)."
"20251129_h79x",55,2,"Eastern","Franklin and Marshall","header","Franklin and Marshall","Eastern","after score",,FALSE,,"Nolek,John kickoff 51 yards to the F&M14 Sobieski,James return 16 yards to the F&M30 (Johnson,Curtis)."
"20251129_h79x",67,2,"Franklin and Marshall","Eastern","header","Eastern","Franklin and Marshall","after score",,FALSE,,"Harlamov,Ivan kickoff 59 yards to the EAS06 Rivera,Chris return 21 yards to the EAS27 (Pembroke,Michael)."
"20251129_h79x",75,3,"Eastern","Franklin and Marshall","header","Franklin and Marshall","Eastern","coin toss",,FALSE,,"Nolek,John kickoff 50 yards to the F&M15 Sobieski,James return 8 yards to the F&M23 (Johnson,Curtis; Jones,Cole)."
"20251129_h79x",96,3,"Franklin and Marshall","Eastern","header","Eastern","Franklin and Marshall","after score",,FALSE,,"Harlamov,Ivan kickoff 56 yards to the EAS09 Rivera,Chris return 14 yards to the EAS23 (Checchio,Kyle; Carner,Rafe)."
"20251129_h79x",106,4,"Eastern","Franklin and Marshall","header","Franklin and Marshall","Eastern","after score",,FALSE,,"Nolek,John kickoff 59 yards to the F&M06 Marx,Oscar return 34 yards to the F&M40 (Woodhouse,De'Shawn), out of bounds."
"20251129_h79x",113,4,"Franklin and Marshall","Eastern","header","Eastern","Franklin and Marshall","after score",,FALSE,,"Harlamov,Ivan kickoff 50 yards to the EAS15 Smith,Eric return 22 yards to the EAS37 (Wertz,Matt; Aravides,Nick)."
"20251129_zeoo",1,1,"Johns Hopkins","Springfield","header","Springfield","Johns Hopkins","coin toss",,FALSE,,"Wayt,Kaleb kickoff 59 yards to the SPR06 Green,James return 21 yards to the SPR27 (Pion,Jacob)."
"20251129_zeoo",10,1,"Springfield","Johns Hopkins","header","Johns Hopkins","Springfield","after score",,FALSE,,"Wernik,Ian kickoff 50 yards to the JHU15 Moore,Josh return 12 yards to the JHU27 (Posillico,Sal; Mendicino,Mike)."
"20251129_zeoo",24,1,"Johns Hopkins","Springfield","header","Springfield","Johns Hopkins","after score",,FALSE,,"Wayt,Kaleb kickoff 65 yards to the SPR00 Green,James return 21 yards to the SPR21 (Zwicker,Nick; Stup,Cole)."
"20251129_zeoo",44,2,"Johns Hopkins","Springfield","header","Springfield","Johns Hopkins","after score",,FALSE,,"Wayt,Kaleb kickoff 52 yards to the SPR13 Green,James return 20 yards to the SPR33 (Kramer,Spencer; Stup,Cole)."
"20251129_zeoo",55,2,"Johns Hopkins","Springfield","header","Springfield","Johns Hopkins","after score",,FALSE,,"Wayt,Kaleb kickoff 56 yards to the SPR09 Green,James return 30 yards to the SPR39 (Kramer,Spencer)."
"20251129_zeoo",70,3,"Springfield","Johns Hopkins","header","Johns Hopkins","Springfield","coin toss",,FALSE,,"Wernik,Ian kickoff 65 yards to the JHU00 Moore,Josh return 22 yards to the JHU22 (Gibson,Mehkei) PENALTY JHU Holding (Davis,Wyatt) 10 yards from JHU22 to JHU12."
"20251129_zeoo",105,4,"Johns Hopkins","Springfield","header","Springfield","Johns Hopkins","after score",,FALSE,,"Wayt,Kaleb kickoff 59 yards to the SPR06 Green,James return 9 yards to the SPR15 (Stup,Cole)."
"20251129_zeoo",117,4,"Springfield","Johns Hopkins","header","Johns Hopkins","Springfield","after score",,FALSE,,"Wernik,Ian kickoff 12 yards to the SPR47 fair catch by Moore,Josh at SPR47 PENALTY SPR Kick Catch Interference (Evans,Avian) 15 yards from SPR47 to SPR32."
"20251129_zeoo",128,4,"Johns Hopkins","Springfield","header","Springfield","Johns Hopkins","after score",,FALSE,,"Wayt,Kaleb kickoff 30 yards to the SPR35 Perezcastaneda,Desmond return 7 yards to the SPR42 (Davis,Wyatt)."
"20251206_u8yr",1,1,"Johns Hopkins","Salisbury","header","Salisbury","Johns Hopkins","coin toss",,FALSE,,"Wayt,Kaleb kickoff 56 yards to the SAL09 Fisher,Mason return 22 yards to the SAL31 (Zwicker,Nick)."
"20251206_u8yr",4,1,"Salisbury","Johns Hopkins","header","Johns Hopkins","Salisbury","after score",,FALSE,,"Smack,Tucker kickoff 60 yards to the JHU05 Moore,Josh return 17 yards to the JHU22 (Gary,Jayson)."
"20251206_u8yr",17,1,"Johns Hopkins","Salisbury","header","Salisbury","Johns Hopkins","after score",,FALSE,,"Wayt,Kaleb kickoff 65 yards to the SAL00, Touchback."
"20251206_u8yr",44,2,"Johns Hopkins","Salisbury","header","Salisbury","Johns Hopkins","after score",,FALSE,,"Wayt,Kaleb kickoff 57 yards to the SAL08 Fisher,Mason return 18 yards to the SAL26 (Dasilva,Tyler)."
"20251206_u8yr",52,2,"Salisbury","Johns Hopkins","header","Johns Hopkins","Salisbury","after score",,FALSE,,"Smack,Tucker kickoff 65 yards to the JHU00, Touchback."
"20251206_u8yr",62,2,"Johns Hopkins","Salisbury","header","Salisbury","Johns Hopkins","after score",,FALSE,,"Wayt,Kaleb kickoff 54 yards to the SAL11 Belizaire,Dario return 13 yards to the SAL24 (Bechtle,John)."
"20251206_u8yr",71,2,"Salisbury","Johns Hopkins","header","Johns Hopkins","Salisbury","after score",,FALSE,,"Smack,Tucker kickoff 65 yards to the JHU00, Touchback."
"20251206_u8yr",79,3,"Salisbury","Johns Hopkins","header","Johns Hopkins","Salisbury","coin toss",,FALSE,,"Smack,Tucker kickoff 48 yards to the JHU17 fair catch by Orecchio,Alex at JHU17."
"20251206_u8yr",118,3,"Johns Hopkins","Salisbury","header","Salisbury","Johns Hopkins","after score",,FALSE,,"Wayt,Kaleb kickoff 65 yards to the SAL00, Touchback."
"20251206_u8yr",132,4,"Johns Hopkins","Salisbury","header","Salisbury","Johns Hopkins","after score",,FALSE,,"Wayt,Kaleb kickoff 55 yards to the SAL10 Fisher,Mason return 16 yards to the SAL26 (Stup,Cole; Moustakas,Atticus)."
"20251206_u8yr",153,4,"Johns Hopkins","Salisbury","fallback",,"Johns Hopkins","after score",,FALSE,,"Wayt,Kaleb kickoff 40 yards to the SAL25 Dokes,Malachi return 11 yards to the SAL36 (Ilunga-Reed,Tayo; Davis,Wyatt)."
"20251213_862g",1,1,"Susquehanna","Johns Hopkins","header","Johns Hopkins","Susquehanna","coin toss",,FALSE,,"Bourgeois,Dominic kickoff 60 yards to the JHU05 Moore,Josh return 4 yards to the JHU09 (Raniero,Vin)."
"20251213_862g",15,1,"Johns Hopkins","Susquehanna","header","Susquehanna","Johns Hopkins","after score",,FALSE,,"Wayt,Kaleb kickoff 62 yards to the SUS03 Angelo,Aaron return 26 yards to the SUS29 (Pion,Jacob)."
"20251213_862g",27,1,"Susquehanna","Johns Hopkins","header","Johns Hopkins","Susquehanna","after score",,FALSE,,"Bourgeois,Dominic kickoff 63 yards to the JHU02 Moore,Josh return 16 yards to the JHU18 (Raniero,Vin; Hutchins,Drew)."
"20251213_862g",58,2,"Johns Hopkins","Susquehanna","header","Susquehanna","Johns Hopkins","after score",,FALSE,,"Wayt,Kaleb kickoff 60 yards to the SUS05 Angelo,Aaron return 10 yards to the SUS15 (Stup,Cole)."
"20251213_862g",67,2,"Johns Hopkins","Susquehanna","header","Susquehanna","Johns Hopkins","after score",,FALSE,,"Wayt,Kaleb kickoff 61 yards to the SUS04 Angelo,Aaron return 40 yards to the SUS44 (Scully,Justin)."
"20251213_862g",77,3,"Johns Hopkins","Susquehanna","header","Susquehanna","Johns Hopkins","coin toss",,FALSE,,"Wayt,Kaleb kickoff 50 yards to the SUS15 Angelo,Aaron return 15 yards to the SUS30 (Stup,Cole)."
"20251213_862g",93,3,"Johns Hopkins","Susquehanna","header","Susquehanna","Johns Hopkins","after score",,FALSE,,"Wayt,Kaleb kickoff 58 yards to the SUS07 Growney,Daniel return 18 yards to the SUS25 (Bechtle,John)."
"20251213_862g",106,3,"Susquehanna","Johns Hopkins","header","Johns Hopkins","Susquehanna","after score",,FALSE,,"Bourgeois,Dominic kickoff 52 yards to the JHU13 Orecchio,Alex return 15 yards to the JHU28 (Daly,Connor)."
"20251213_862g",124,4,"Johns Hopkins","Susquehanna","header","Susquehanna","Johns Hopkins","after score",,FALSE,,"Wayt,Kaleb kickoff 62 yards to the SUS03 Angelo,Aaron return 28 yards to the SUS31 (Kramer,Spencer)."
"20251213_862g",140,4,"Johns Hopkins","Susquehanna","header","Susquehanna","Johns Hopkins","after score",,FALSE,,"Wayt,Kaleb kickoff 50 yards to the SUS15 Angelo,Aaron return 17 yards to the SUS32 (Moustakas,Atticus)."
"20251220_vlfc",1,1,"Johns Hopkins","UW-River Falls","header","UW-River Falls","Johns Hopkins","coin toss",,FALSE,,"Wayt,Kaleb kickoff 35 yards to the UWRF30 Schultz,Jared return 25 yards to the JHU45 (Kramer,Spencer)."
"20251220_vlfc",8,1,"UW-River Falls","Johns Hopkins","header","Johns Hopkins","UW-River Falls","after score",,FALSE,,"Scheberl,Justin kickoff 45 yards to the JHU20 Orecchio,Alex return 17 yards to the JHU37 (Sussner,Taylor)."
"20251220_vlfc",15,1,"Johns Hopkins","UW-River Falls","header","UW-River Falls","Johns Hopkins","after score",,FALSE,,"Wayt,Kaleb kickoff 46 yards to the UWRF19 Reed,Jaylen return 1 yard to the UWRF20 (Pion,Jacob)."
"20251220_vlfc",28,1,"Johns Hopkins","UW-River Falls","header","UW-River Falls","Johns Hopkins","after score",,FALSE,,"Wayt,Kaleb kickoff 52 yards to the UWRF13 Reed,Jaylen return 11 yards to the UWRF24 (Hogg,Carter)."
"20251220_vlfc",50,1,"UW-River Falls","Johns Hopkins","header","Johns Hopkins","UW-River Falls","after score",,FALSE,,"Scheberl,Justin kickoff 63 yards to the JHU02 Moore,Josh return 28 yards to the JHU30 (Arndorfer,Bradley)."
"20251220_vlfc",75,2,"UW-River Falls","Johns Hopkins","header","Johns Hopkins","UW-River Falls","after score",,FALSE,,"Scheberl,Justin kickoff 44 yards to the JHU21 Moore,Josh return 7 yards to the JHU28 (Timm,Gage)."
"20251220_vlfc",82,2,"Johns Hopkins","UW-River Falls","header","UW-River Falls","Johns Hopkins","after score",,FALSE,,"Wayt,Kaleb kickoff 65 yards to the UWRF00, Touchback."
"20251220_vlfc",106,2,"Johns Hopkins","UW-River Falls","header","UW-River Falls","Johns Hopkins","after score",,FALSE,,"Wayt,Kaleb kickoff 62 yards to the UWRF03 Reed,Jaylen return 13 yards to the UWRF16 (Bechtle,John; Pion,Jacob)."
"20251220_vlfc",109,3,"UW-River Falls","Johns Hopkins","header","Johns Hopkins","UW-River Falls","coin toss",,FALSE,,"Scheberl,Justin kickoff 54 yards to the JHU11 Moore,Josh return 18 yards to the JHU29 (Timm,Gage)."
"20251220_vlfc",118,3,"UW-River Falls","Johns Hopkins","header","Johns Hopkins","UW-River Falls","after score",,FALSE,,"Scheberl,Justin kickoff 52 yards to the JHU13, out of bounds at JHU13."
"20251220_vlfc",125,3,"Johns Hopkins","UW-River Falls","header","UW-River Falls","Johns Hopkins","after score",,FALSE,,"Wayt,Kaleb kickoff 64 yards to the UWRF01 Reed,Jaylen return 0 yards to the UWRF01 (Dasilva,Tyler)."
"20251220_vlfc",139,3,"UW-River Falls","Johns Hopkins","header","Johns Hopkins","UW-River Falls","after score",,FALSE,,"Scheberl,Justin kickoff 59 yards to the JHU06 Moore,Josh return 25 yards to the JHU31 (Schultz,Jared; Ashburn,Riley)."
"20251220_vlfc",148,3,"UW-River Falls","Johns Hopkins","header","Johns Hopkins","UW-River Falls","after score",,FALSE,,"Scheberl,Justin kickoff 59 yards to the JHU06 Moore,Josh return 14 yards to the JHU20 (Ashburn,Riley) PENALTY JHU Holding (Doherty,Brian) 6 yards from JHU12 to JHU06."
"20251220_vlfc",163,4,"Johns Hopkins","UW-River Falls","header","UW-River Falls","Johns Hopkins","after score",,FALSE,,"Wayt,Kaleb kickoff 65 yards to the UWRF00 Reed,Jaylen return 16 yards to the UWRF16 (Ilunga-Reed,Tayo)."
"20251220_vlfc",204,4,"UW-River Falls","Johns Hopkins","header","Johns Hopkins","UW-River Falls","after score",,FALSE,,"Scheberl,Justin kickoff 35 yards to the JHU30 Bechtle,John return 7 yards to the JHU37 (Schultz,Jared)."
