"game_id","season","game_date","week","season_type","home","away","home_team_conference","away_team_conference","conference_game","play_index","drive_number","drive_play_number","period","half","clock_start","clock_end","clock_start_max","clock_start_min","secs_remaining_start","secs_remaining_end","secs_remaining_start_max","secs_remaining_start_min","pos_team","def_pos_team","pos_team_score","def_pos_team_score","score_diff","down","distance","yards_to_goal","Goal_To_Go","down_end","distance_end","yards_to_goal_end","play_type","scrimmage_play","yards_gained","rush","pass","completion","sack","int","fumble_vec","turnover","downs_turnover","touchdown","safety","field_goal_attempt","field_goal_made","punt","scoring_play","score_pts","drive_result","firstD_by_kickoff","firstD_by_poss","firstD_by_yards","firstD_by_penalty","new_series","penalty_flag","penalty_yards_signed","penalized_team","penalty_no_play","penalty_declined","penalty_text","situation","play_text"
"20250906_70fv",2025,"2025-09-06",1,"regular","University of New England","Coast Guard",,,,1,1,1,1,1,"15:00","15:00","15:00","15:00",3600,3600,3600,3600,"University of New England","Coast Guard",0,0,0,,,,,1,10,75,"kickoff",FALSE,,FALSE,FALSE,FALSE,FALSE,FALSE,FALSE,FALSE,FALSE,FALSE,FALSE,FALSE,FALSE,FALSE,FALSE,0,"TD",FALSE,FALSE,FALSE,FALSE,FALSE,FALSE,,,FALSE,,,"","Bates,Connor kickoff 60 yards to the UNE05 fair catch by Germano,John at UNE05."
"20250906_70fv",2025,"2025-09-06",1,"regular","University of New England","Coast Guard",,,,2,1,2,1,1,"15:00",,"15:00","15:00",3600,,3600,3600,"University of New England","Coast Guard",0,0,0,1,10,75,FALSE,2,5,70,"rush",TRUE,5,TRUE,FALSE,FALSE,FALSE,FALSE,FALSE,FALSE,FALSE,FALSE,FALSE,FALSE,FALSE,FALSE,FALSE,0,"TD",TRUE,FALSE,FALSE,FALSE,TRUE,FALSE,,,FALSE,,,"1st and 10 at UNE25","Shotgun Jones,Damien rush right for 5 yards gain to the UNE30 (White,Lucas; Cuellar,Jael)."
"20250906_70fv",2025,"2025-09-06",1,"regular","University of New England","Coast Guard",,,,3,1,3,1,1,,,"15:00","11:59",,,3600,3419,"University of New England","Coast Guard",0,0,0,2,5,70,FALSE,3,5,70,"rush",TRUE,0,TRUE,FALSE,FALSE,FALSE,FALSE,FALSE,FALSE,FALSE,FALSE,FALSE,FALSE,FALSE,FALSE,FALSE,0,"TD",FALSE,FALSE,FALSE,FALSE,FALSE,FALSE,,,FALSE,,,"2nd and 5 at UNE30","No Huddle-Shotgun Jones,Damien rush middle for 0 yards to the UNE30 (Adair,Will; Cruz,Ramon)."
"20250906_70fv",2025,"2025-09-06",1,"regular","University of New England","Coast Guard",,,,4,1,4,1,1,,,"15:00","11:59",,,3600,3419,"University of New England","Coast Guard",0,0,0,3,5,70,FALSE,1,10,58,"rush",TRUE,12,TRUE,FALSE,FALSE,FALSE,FALSE,FALSE,FALSE,FALSE,FALSE,FALSE,FALSE,FALSE,FALSE,FALSE,0,"TD",FALSE,FALSE,FALSE,FALSE,FALSE,FALSE,,,FALSE,,,"3rd and 5 at UNE30","No Huddle-Shotgun Lang,Chris rush right for 12 yards gain to the UNE42 (Delevan,Blake), 1ST DOWN."
"20250906_70fv",2025,"2025-09-06",1,"regular","University of New England","Coast Guard",,,,5,1,5,1,1,,,"15:00","11:59",,,3600,3419,"University of New England","Coast Guard",0,0,0,1,10,58,FALSE,2,10,58,"rush",TRUE,0,TRUE,FALSE,FALSE,FALSE,FALSE,FALSE,FALSE,FALSE,FALSE,FALSE,FALSE,FALSE,FALSE,FALSE,0,"TD",FALSE,FALSE,TRUE,FALSE,TRUE,FALSE,,,FALSE,,,"1st and 10 at UNE42","No Huddle-Shotgun Lang,Chris rush left for 0 yards to the UNE42 (Miller,Riley; Cruz,Ramon)."
"20250906_70fv",2025,"2025-09-06",1,"regular","University of New England","Coast Guard",,,,6,1,6,1,1,,,"15:00","11:59",,,3600,3419,"University of New England","Coast Guard",0,0,0,2,10,58,FALSE,3,10,58,"pass_incomplete",TRUE,0,FALSE,TRUE,FALSE,FALSE,FALSE,FALSE,FALSE,FALSE,FALSE,FALSE,FALSE,FALSE,FALSE,FALSE,0,"TD",FALSE,FALSE,FALSE,FALSE,FALSE,FALSE,,,FALSE,,,"2nd and 10 at UNE42","No Huddle-Shotgun Lang,Chris pass incomplete short middle to Zepeda,Berto thrown to UNE48."
"20250906_70fv",2025,"2025-09-06",1,"regular","University of New England","Coast Guard",,,,7,1,7,1,1,,,"15:00","11:59",,,3600,3419,"University of New England","Coast Guard",0,0,0,3,10,58,FALSE,1,10,41,"pass_complete",TRUE,17,FALSE,TRUE,TRUE,FALSE,FALSE,FALSE,FALSE,FALSE,FALSE,FALSE,FALSE,FALSE,FALSE,FALSE,0,"TD",FALSE,FALSE,FALSE,FALSE,FALSE,FALSE,,,FALSE,,,"3rd and 10 at UNE42","No Huddle-Shotgun Lang,Chris pass complete short left to Jones,Damien caught at UNE41, for 17 yards to the CGA41 (White,Lucas; Cruz,Ramon), 1ST DOWN."
"20250906_70fv",2025,"2025-09-06",1,"regular","University of New England","Coast Guard",,,,8,1,8,1,1,,,"15:00","11:59",,,3600,3419,"University of New England","Coast Guard",0,0,0,1,10,41,FALSE,1,10,26,"rush",TRUE,15,TRUE,FALSE,FALSE,FALSE,FALSE,FALSE,FALSE,FALSE,FALSE,FALSE,FALSE,FALSE,FALSE,FALSE,0,"TD",FALSE,FALSE,TRUE,FALSE,TRUE,FALSE,,,FALSE,,,"1st and 10 at CGA41","No Huddle-Shotgun Jones,Damien rush middle for 15 yards gain to the CGA26 (Cuellar,Jael), 1ST DOWN."
"20250906_70fv",2025,"2025-09-06",1,"regular","University of New England","Coast Guard",,,,9,1,9,1,1,,,"15:00","11:59",,,3600,3419,"University of New England","Coast Guard",0,0,0,1,10,26,FALSE,2,9,25,"rush",TRUE,1,TRUE,FALSE,FALSE,FALSE,FALSE,FALSE,FALSE,FALSE,FALSE,FALSE,FALSE,FALSE,FALSE,FALSE,0,"TD",FALSE,FALSE,TRUE,FALSE,TRUE,FALSE,,,FALSE,,,"1st and 10 at CGA26","No Huddle-Shotgun Jones,Damien rush middle for 1 yard gain to the CGA25 (Miller,Riley; Wolf,William)."
"20250906_70fv",2025,"2025-09-06",1,"regular","University of New England","Coast Guard",,,,10,1,10,1,1,,,"15:00","11:59",,,3600,3419,"University of New England","Coast Guard",0,0,0,2,9,25,FALSE,3,1,17,"rush",TRUE,8,TRUE,FALSE,FALSE,FALSE,FALSE,FALSE,FALSE,FALSE,FALSE,FALSE,FALSE,FALSE,FALSE,FALSE,0,"TD",FALSE,FALSE,FALSE,FALSE,FALSE,FALSE,,,FALSE,,,"2nd and 9 at CGA25","No Huddle-Shotgun Jones,Damien rush middle for 8 yards gain to the CGA17 (Cuellar,Jael)."
"20250906_70fv",2025,"2025-09-06",1,"regular","University of New England","Coast Guard",,,,11,1,11,1,1,,,"15:00","11:59",,,3600,3419,"University of New England","Coast Guard",0,0,0,3,1,17,FALSE,1,10,12,"pass_incomplete",TRUE,,FALSE,FALSE,FALSE,FALSE,FALSE,FALSE,FALSE,FALSE,FALSE,FALSE,FALSE,FALSE,FALSE,FALSE,0,"TD",FALSE,FALSE,FALSE,FALSE,FALSE,TRUE,5,"Coast Guard",TRUE,FALSE,"PENALTY CGA Offside (Miller,Riley) 5 yards from CGA17 to CGA12, 1ST DOWN. NO PLAY.","3rd and 1 at CGA17","No Huddle-Shotgun Lang,Chris pass incomplete short right to Zepeda,Berto thrown to CGA08 PENALTY CGA Offside (Miller,Riley) 5 yards from CGA17 to CGA12, 1ST DOWN. NO PLAY."
"20250906_70fv",2025,"2025-09-06",1,"regular","University of New England","Coast Guard",,,,12,1,12,1,1,,"11:59","15:00","11:59",,3419,3600,3419,"University of New England","Coast Guard",0,0,0,1,10,12,FALSE,,,,"rush",TRUE,12,TRUE,FALSE,FALSE,FALSE,FALSE,FALSE,FALSE,FALSE,TRUE,FALSE,FALSE,FALSE,FALSE,TRUE,6,"TD",FALSE,FALSE,FALSE,TRUE,TRUE,FALSE,,,FALSE,,,"1st and 10 at CGA12","No Huddle-Shotgun Delgado,Nathan rush middle for 12 yards gain to the CGA00 TOUCHDOWN, clock 11:59, 1ST DOWN."
"20250906_70fv",2025,"2025-09-06",1,"regular","University of New England","Coast Guard",,,,13,1,13,1,1,"11:59",,"11:59","11:59",3419,,3419,3419,"University of New England","Coast Guard",6,0,6,,,,,,,,"extra_point",FALSE,,FALSE,FALSE,FALSE,FALSE,FALSE,FALSE,FALSE,FALSE,FALSE,FALSE,FALSE,FALSE,FALSE,TRUE,1,"TD",FALSE,FALSE,FALSE,FALSE,FALSE,FALSE,,,FALSE,,,"","Lacaprucia,Anthony kick attempt good (H: Durkin,Cam)."
"20250906_70fv",2025,"2025-09-06",1,"regular","University of New England","Coast Guard",,,,14,2,1,1,1,"11:59","11:54","11:59","11:59",3419,3414,3419,3419,"Coast Guard","University of New England",0,7,-7,,,,,1,10,66,"kickoff",FALSE,,FALSE,FALSE,FALSE,FALSE,FALSE,FALSE,FALSE,FALSE,FALSE,FALSE,FALSE,FALSE,FALSE,FALSE,0,"TD",FALSE,FALSE,FALSE,FALSE,FALSE,FALSE,,,FALSE,,,"","Niland,Jack kickoff 55 yards to the CGA10 Desta,Broock return 24 yards to the CGA34 (Franzini,Jeremy), out of bounds."
"20250906_70fv",2025,"2025-09-06",1,"regular","University of New England","Coast Guard",,,,15,2,2,1,1,"11:54",,"11:54","11:54",3414,,3414,3414,"Coast Guard","University of New England",0,7,-7,1,10,66,FALSE,2,8,64,"rush",TRUE,2,TRUE,FALSE,FALSE,FALSE,FALSE,FALSE,FALSE,FALSE,FALSE,FALSE,FALSE,FALSE,FALSE,FALSE,0,"TD",TRUE,FALSE,FALSE,FALSE,TRUE,FALSE,,,FALSE,,,"1st and 10 at CGA34","No Huddle-Shotgun Hensley,Harrison rush middle for 2 yards gain to the CGA36 (Perez,Mike)."
"20250906_70fv",2025,"2025-09-06",1,"regular","University of New England","Coast Guard",,,,16,2,3,1,1,,,"11:54","08:46",,,3414,3226,"Coast Guard","University of New England",0,7,-7,2,8,64,FALSE,3,2,58,"pass_complete",TRUE,6,FALSE,TRUE,TRUE,FALSE,FALSE,FALSE,FALSE,FALSE,FALSE,FALSE,FALSE,FALSE,FALSE,FALSE,0,"TD",FALSE,FALSE,FALSE,FALSE,FALSE,FALSE,,,FALSE,,,"2nd and 8 at CGA36","No Huddle-Shotgun Burns,Sean pass complete short middle to Denton,Chase caught at CGA40, for 6 yards to the CGA42 (Sherck,Spencer)."
"20250906_70fv",2025,"2025-09-06",1,"regular","University of New England","Coast Guard",,,,17,2,4,1,1,,,"11:54","08:46",,,3414,3226,"Coast Guard","University of New England",0,7,-7,3,2,58,FALSE,1,10,54,"rush",TRUE,4,TRUE,FALSE,FALSE,FALSE,FALSE,FALSE,FALSE,FALSE,FALSE,FALSE,FALSE,FALSE,FALSE,FALSE,0,"TD",FALSE,FALSE,FALSE,FALSE,FALSE,FALSE,,,FALSE,,,"3rd and 2 at CGA42","No Huddle-Shotgun Hensley,Harrison rush middle for 4 yards gain to the CGA46 (LaBrecque,Spencer; Youtz,Lincoln), 1ST DOWN."
"20250906_70fv",2025,"2025-09-06",1,"regular","University of New England","Coast Guard",,,,18,2,5,1,1,,,"11:54","08:46",,,3414,3226,"Coast Guard","University of New England",0,7,-7,1,10,54,FALSE,2,9,53,"rush",TRUE,1,TRUE,FALSE,FALSE,FALSE,FALSE,FALSE,FALSE,FALSE,FALSE,FALSE,FALSE,FALSE,FALSE,FALSE,0,"TD",FALSE,FALSE,TRUE,FALSE,TRUE,FALSE,,,FALSE,,,"1st and 10 at CGA46","No Huddle-Shotgun Patrick,Glenn rush middle for 1 yard gain to the CGA47 (Perez,Mike)."
"20250906_70fv",2025,"2025-09-06",1,"regular","University of New England","Coast Guard",,,,19,2,6,1,1,,,"11:54","08:46",,,3414,3226,"Coast Guard","University of New England",0,7,-7,2,9,53,FALSE,3,2,46,"pass_complete",TRUE,7,FALSE,TRUE,TRUE,FALSE,FALSE,FALSE,FALSE,FALSE,FALSE,FALSE,FALSE,FALSE,FALSE,FALSE,0,"TD",FALSE,FALSE,FALSE,FALSE,FALSE,FALSE,,,FALSE,,,"2nd and 9 at CGA47","No Huddle-Shotgun Burns,Sean pass complete short middle to Hensley,Harrison caught at CGA49, for 7 yards to the UNE46 (Perez,Mike)."
"20250906_70fv",2025,"2025-09-06",1,"regular","University of New England","Coast Guard",,,,20,2,7,1,1,,,"11:54","08:46",,,3414,3226,"Coast Guard","University of New England",0,7,-7,3,2,46,FALSE,1,5,5,"rush",TRUE,41,TRUE,FALSE,FALSE,FALSE,FALSE,FALSE,FALSE,FALSE,FALSE,FALSE,FALSE,FALSE,FALSE,FALSE,0,"TD",FALSE,FALSE,FALSE,FALSE,FALSE,FALSE,,,FALSE,,,"3rd and 2 at UNE46","No Huddle-Shotgun Hensley,Harrison rush middle for 41 yards gain to the UNE05 (Winslow,Chris), 1ST DOWN."
"20250906_70fv",2025,"2025-09-06",1,"regular","University of New England","Coast Guard",,,,21,2,8,1,1,,,"11:54","08:46",,,3414,3226,"Coast Guard","University of New England",0,7,-7,1,5,5,TRUE,2,5,5,"rush",TRUE,0,TRUE,FALSE,FALSE,FALSE,FALSE,FALSE,FALSE,FALSE,FALSE,FALSE,FALSE,FALSE,FALSE,FALSE,0,"TD",FALSE,FALSE,TRUE,FALSE,TRUE,FALSE,,,FALSE,,,"1st and 5 at UNE5","No Huddle-Shotgun Burns,Sean rush middle for 0 yards to the UNE05 (LaBrecque,Spencer)."
"20250906_70fv",2025,"2025-09-06",1,"regular","University of New England","Coast Guard",,,,22,2,9,1,1,,,"11:54","08:46",,,3414,3226,"Coast Guard","University of New England",0,7,-7,2,5,5,TRUE,3,5,5,"pass_incomplete",TRUE,0,FALSE,TRUE,FALSE,FALSE,FALSE,FALSE,FALSE,FALSE,FALSE,FALSE,FALSE,FALSE,FALSE,FALSE,0,"TD",FALSE,FALSE,FALSE,FALSE,FALSE,FALSE,,,FALSE,,,"2nd and 5 at UNE5","No Huddle-Shotgun Burns,Sean pass incomplete short middle to Baadani,Amr thrown to UNE00."
"20250906_70fv",2025,"2025-09-06",1,"regular","University of New England","Coast Guard",,,,23,2,10,1,1,,"08:46","11:54","08:46",,3226,3414,3226,"Coast Guard","University of New England",0,7,-7,3,5,5,TRUE,,,,"rush",TRUE,5,TRUE,FALSE,FALSE,FALSE,FALSE,FALSE,FALSE,FALSE,TRUE,FALSE,FALSE,FALSE,FALSE,TRUE,6,"TD",FALSE,FALSE,FALSE,FALSE,FALSE,FALSE,,,FALSE,,,"3rd and 5 at UNE5","No Huddle-Shotgun Burns,Sean rush middle for 5 yards gain to the UNE00 TOUCHDOWN, clock 08:46."
"20250906_70fv",2025,"2025-09-06",1,"regular","University of New England","Coast Guard",,,,24,2,11,1,1,"08:46",,"08:46","08:46",3226,,3226,3226,"Coast Guard","University of New England",6,7,-1,,,,,,,,"extra_point",FALSE,,FALSE,FALSE,FALSE,FALSE,FALSE,FALSE,FALSE,FALSE,FALSE,FALSE,FALSE,FALSE,FALSE,TRUE,1,"TD",FALSE,FALSE,FALSE,FALSE,FALSE,FALSE,,,FALSE,,,"","McClure,Caleb kick attempt good (H: Brooks,Brennan)."
"20250906_70fv",2025,"2025-09-06",1,"regular","University of New England","Coast Guard",,,,25,3,1,1,1,"08:46","08:40","08:46","08:46",3226,3220,3226,3226,"University of New England","Coast Guard",7,7,0,,,,,1,10,71,"kickoff",FALSE,,FALSE,FALSE,FALSE,FALSE,FALSE,FALSE,FALSE,FALSE,FALSE,FALSE,FALSE,FALSE,FALSE,FALSE,0,"PUNT",FALSE,FALSE,FALSE,FALSE,FALSE,FALSE,,,FALSE,,,"","Bates,Connor kickoff 54 yards to the UNE11 Germano,John return 18 yards to the UNE29 (Cumming,Ethan)."
"20250906_70fv",2025,"2025-09-06",1,"regular","University of New England","Coast Guard",,,,26,3,2,1,1,"08:40",,"08:40","08:40",3220,,3220,3220,"University of New England","Coast Guard",7,7,0,1,10,71,FALSE,2,2,63,"rush",TRUE,8,TRUE,FALSE,FALSE,FALSE,FALSE,FALSE,FALSE,FALSE,FALSE,FALSE,FALSE,FALSE,FALSE,FALSE,0,"PUNT",TRUE,FALSE,FALSE,FALSE,TRUE,FALSE,,,FALSE,,,"1st and 10 at UNE29","No Huddle-Shotgun Delgado,Nathan rush middle for 8 yards gain to the UNE37 (Delevan,Blake; Rohrer,Noah)."
"20250906_70fv",2025,"2025-09-06",1,"regular","University of New England","Coast Guard",,,,27,3,3,1,1,,,"08:40","07:17",,,3220,3137,"University of New England","Coast Guard",7,7,0,2,2,63,FALSE,3,4,65,"rush",TRUE,-2,TRUE,FALSE,FALSE,FALSE,FALSE,FALSE,FALSE,FALSE,FALSE,FALSE,FALSE,FALSE,FALSE,FALSE,0,"PUNT",FALSE,FALSE,FALSE,FALSE,FALSE,FALSE,,,FALSE,,,"2nd and 2 at UNE37","No Huddle-Shotgun Lang,Chris rush middle for 2 yards loss to the UNE35 (Wolf,William)."
"20250906_70fv",2025,"2025-09-06",1,"regular","University of New England","Coast Guard",,,,28,3,4,1,1,,,"08:40","07:17",,,3220,3137,"University of New England","Coast Guard",7,7,0,3,4,65,FALSE,4,2,63,"pass_complete",TRUE,2,FALSE,TRUE,TRUE,FALSE,FALSE,FALSE,FALSE,FALSE,FALSE,FALSE,FALSE,FALSE,FALSE,FALSE,0,"PUNT",FALSE,FALSE,FALSE,FALSE,FALSE,FALSE,,,FALSE,,,"3rd and 4 at UNE35","No Huddle-Shotgun Lang,Chris pass complete short middle to Yeaton,Alex caught at UNE37, for 2 yards to the UNE37 (Delevan,Blake)."
"20250906_70fv",2025,"2025-09-06",1,"regular","University of New England","Coast Guard",,,,29,3,5,1,1,,"07:17","08:40","07:17",,3137,3220,3137,"University of New England","Coast Guard",7,7,0,4,2,63,FALSE,1,10,62,"punt_no_return",TRUE,,FALSE,FALSE,FALSE,FALSE,FALSE,FALSE,FALSE,FALSE,FALSE,FALSE,FALSE,FALSE,TRUE,FALSE,0,"PUNT",FALSE,FALSE,FALSE,FALSE,FALSE,FALSE,,,FALSE,,,"4th and 2 at UNE37","Durkin,Cam punt 25 yards to the CGA38."
"20250906_70fv",2025,"2025-09-06",1,"regular","University of New England","Coast Guard",,,,30,4,1,1,1,"07:17",,"07:17","07:17",3137,,3137,3137,"Coast Guard","University of New England",7,7,0,1,10,62,FALSE,1,6,6,"pass_complete",TRUE,56,FALSE,TRUE,TRUE,FALSE,FALSE,FALSE,FALSE,FALSE,FALSE,FALSE,FALSE,FALSE,FALSE,FALSE,0,"TD",FALSE,TRUE,FALSE,FALSE,TRUE,FALSE,,,FALSE,,,"1st and 10 at CGA38","No Huddle-Shotgun Burns,Sean pass complete deep right to Desta,Broock caught at UNE23, for 56 yards to the UNE06 (Cardoso,Ben), 1ST DOWN."
"20250906_70fv",2025,"2025-09-06",1,"regular","University of New England","Coast Guard",,,,31,4,2,1,1,,"06:29","07:17","06:29",,3089,3137,3089,"Coast Guard","University of New England",7,7,0,1,6,6,TRUE,,,,"rush",TRUE,6,TRUE,FALSE,FALSE,FALSE,FALSE,FALSE,FALSE,FALSE,TRUE,FALSE,FALSE,FALSE,FALSE,TRUE,6,"TD",FALSE,FALSE,TRUE,FALSE,TRUE,FALSE,,,FALSE,,,"1st and 6 at UNE6","No Huddle-Shotgun Hensley,Harrison rush middle for 6 yards gain to the UNE00 TOUCHDOWN, clock 06:29."
"20250906_70fv",2025,"2025-09-06",1,"regular","University of New England","Coast Guard",,,,32,4,3,1,1,"06:29",,"06:29","06:29",3089,,3089,3089,"Coast Guard","University of New England",13,7,6,,,,,,,,"extra_point",FALSE,,FALSE,FALSE,FALSE,FALSE,FALSE,FALSE,FALSE,FALSE,FALSE,FALSE,FALSE,FALSE,FALSE,TRUE,1,"TD",FALSE,FALSE,FALSE,FALSE,FALSE,FALSE,,,FALSE,,,"","McClure,Caleb kick attempt good (H: Brooks,Brennan)."
"20250906_70fv",2025,"2025-09-06",1,"regular","University of New England","Coast Guard",,,,33,5,1,1,1,"06:29","06:29","06:29","06:29",3089,3089,3089,3089,"University of New England","Coast Guard",7,14,-7,,,,,1,10,75,"kickoff",FALSE,,FALSE,FALSE,FALSE,FALSE,FALSE,FALSE,FALSE,FALSE,FALSE,FALSE,FALSE,FALSE,FALSE,FALSE,0,"TD",FALSE,FALSE,FALSE,FALSE,FALSE,FALSE,,,FALSE,,,"","Bates,Connor kickoff 65 yards to the UNE00, Touchback."
"20250906_70fv",2025,"2025-09-06",1,"regular","University of New England","Coast Guard",,,,34,5,2,1,1,"06:29",,"06:29","06:29",3089,,3089,3089,"University of New England","Coast Guard",7,14,-7,1,10,75,FALSE,2,9,74,"rush",TRUE,1,TRUE,FALSE,FALSE,FALSE,FALSE,FALSE,FALSE,FALSE,FALSE,FALSE,FALSE,FALSE,FALSE,FALSE,0,"TD",TRUE,FALSE,FALSE,FALSE,TRUE,FALSE,,,FALSE,,,"1st and 10 at UNE25","No Huddle-Shotgun Jones,Damien rush middle for 1 yard gain to the UNE26 (LaMar,Tyler)."
"20250906_70fv",2025,"2025-09-06",1,"regular","University of New England","Coast Guard",,,,35,5,3,1,1,,,"06:29","00:00",,,3089,2700,"University of New England","Coast Guard",7,14,-7,2,9,74,FALSE,3,13,78,"sack",TRUE,-4,FALSE,FALSE,FALSE,TRUE,FALSE,FALSE,FALSE,FALSE,FALSE,FALSE,FALSE,FALSE,FALSE,FALSE,0,"TD",FALSE,FALSE,FALSE,FALSE,FALSE,FALSE,,,FALSE,,,"2nd and 9 at UNE26","No Huddle-Shotgun Lang,Chris sacked for loss of 4 yards to the UNE22 (White,Lucas)."
"20250906_70fv",2025,"2025-09-06",1,"regular","University of New England","Coast Guard",,,,36,5,4,1,1,,,"06:29","00:00",,,3089,2700,"University of New England","Coast Guard",7,14,-7,3,13,78,FALSE,1,10,61,"pass_complete",TRUE,17,FALSE,TRUE,TRUE,FALSE,FALSE,FALSE,FALSE,FALSE,FALSE,FALSE,FALSE,FALSE,FALSE,FALSE,0,"TD",FALSE,FALSE,FALSE,FALSE,FALSE,FALSE,,,FALSE,,,"3rd and 13 at UNE22","No Huddle-Shotgun Lang,Chris pass complete short middle to Zepeda,Berto caught at UNE39, for 17 yards to the UNE39 (Delevan,Blake), 1ST DOWN."
"20250906_70fv",2025,"2025-09-06",1,"regular","University of New England","Coast Guard",,,,37,5,5,1,1,,,"06:29","00:00",,,3089,2700,"University of New England","Coast Guard",7,14,-7,1,10,61,FALSE,2,3,54,"rush",TRUE,7,TRUE,FALSE,FALSE,FALSE,FALSE,FALSE,FALSE,FALSE,FALSE,FALSE,FALSE,FALSE,FALSE,FALSE,0,"TD",FALSE,FALSE,TRUE,FALSE,TRUE,FALSE,,,FALSE,,,"1st and 10 at UNE39","No Huddle-Shotgun Jones,Damien rush middle for 7 yards gain to the UNE46 (Tamborino,Ty; Delevan,Blake)."
"20250906_70fv",2025,"2025-09-06",1,"regular","University of New England","Coast Guard",,,,38,5,6,1,1,,,"06:29","00:00",,,3089,2700,"University of New England","Coast Guard",7,14,-7,2,3,54,FALSE,1,10,50,"rush",TRUE,4,TRUE,FALSE,FALSE,FALSE,FALSE,FALSE,FALSE,FALSE,FALSE,FALSE,FALSE,FALSE,FALSE,FALSE,0,"TD",FALSE,FALSE,FALSE,FALSE,FALSE,FALSE,,,FALSE,,,"2nd and 3 at UNE46","No Huddle-Shotgun Lang,Chris rush middle for 4 yards gain to the UNE50 (Delevan,Blake), 1ST DOWN."
"20250906_70fv",2025,"2025-09-06",1,"regular","University of New England","Coast Guard",,,,39,5,7,1,1,,,"06:29","00:00",,,3089,2700,"University of New England","Coast Guard",7,14,-7,1,10,50,FALSE,1,10,35,"rush",TRUE,15,TRUE,FALSE,FALSE,FALSE,FALSE,FALSE,FALSE,FALSE,FALSE,FALSE,FALSE,FALSE,FALSE,FALSE,0,"TD",FALSE,FALSE,TRUE,FALSE,TRUE,FALSE,,,FALSE,,,"1st and 10 at UNE50","No Huddle-Shotgun Jones,Damien rush middle for 15 yards gain to the CGA35 (Delevan,Blake; Cuellar,Jael), 1ST DOWN."
"20250906_70fv",2025,"2025-09-06",1,"regular","University of New England","Coast Guard",,,,40,5,8,1,1,,,"06:29","00:00",,,3089,2700,"University of New England","Coast Guard",7,14,-7,1,10,35,FALSE,2,21,46,"rush",TRUE,-11,TRUE,FALSE,FALSE,FALSE,FALSE,FALSE,FALSE,FALSE,FALSE,FALSE,FALSE,FALSE,FALSE,FALSE,0,"TD",FALSE,FALSE,TRUE,FALSE,TRUE,FALSE,,,FALSE,,,"1st and 10 at CGA35","No Huddle-Shotgun Univ. of New England rush middle for 11 yards loss to the CGA46, End Of Play."
"20250906_70fv",2025,"2025-09-06",1,"regular","University of New England","Coast Guard",,,,41,5,9,1,1,,,"06:29","00:00",,,3089,2700,"University of New England","Coast Guard",7,14,-7,2,21,46,FALSE,3,10,35,"pass_complete",TRUE,11,FALSE,TRUE,TRUE,FALSE,FALSE,FALSE,FALSE,FALSE,FALSE,FALSE,FALSE,FALSE,FALSE,FALSE,0,"TD",FALSE,FALSE,FALSE,FALSE,FALSE,FALSE,,,FALSE,,,"2nd and 21 at CGA46","No Huddle-Shotgun Lang,Chris pass complete short left to Delgado,Nathan caught at CGA45, for 11 yards to the CGA35 (Wolf,William; Delevan,Blake)."
"20250906_70fv",2025,"2025-09-06",1,"regular","University of New England","Coast Guard",,,,42,5,10,1,1,,,"06:29","00:00",,,3089,2700,"University of New England","Coast Guard",7,14,-7,3,10,35,FALSE,4,10,35,"pass_incomplete",TRUE,0,FALSE,TRUE,FALSE,FALSE,FALSE,FALSE,FALSE,FALSE,FALSE,FALSE,FALSE,FALSE,FALSE,FALSE,0,"TD",FALSE,FALSE,FALSE,FALSE,FALSE,FALSE,,,FALSE,,,"3rd and 10 at CGA35","No Huddle-Shotgun Lang,Chris pass incomplete short middle to Anderson,Gavin thrown to CGA39."
"20250906_70fv",2025,"2025-09-06",1,"regular","University of New England","Coast Guard",,,,43,5,11,1,1,,,"06:29","00:00",,,3089,2700,"University of New England","Coast Guard",7,14,-7,4,10,35,FALSE,1,10,24,"rush",TRUE,11,TRUE,FALSE,FALSE,FALSE,FALSE,FALSE,FALSE,FALSE,FALSE,FALSE,FALSE,FALSE,FALSE,FALSE,0,"TD",FALSE,FALSE,FALSE,FALSE,FALSE,FALSE,,,FALSE,,,"4th and 10 at CGA35","No Huddle-Shotgun Lang,Chris rush middle for 11 yards gain to the CGA24 (Tamborino,Ty), 1ST DOWN."
"20250906_70fv",2025,"2025-09-06",1,"regular","University of New England","Coast Guard",,,,44,5,12,1,1,,,"06:29","00:00",,,3089,2700,"University of New England","Coast Guard",7,14,-7,1,10,24,FALSE,2,9,23,"rush",TRUE,1,TRUE,FALSE,FALSE,FALSE,FALSE,FALSE,FALSE,FALSE,FALSE,FALSE,FALSE,FALSE,FALSE,FALSE,0,"TD",FALSE,FALSE,TRUE,FALSE,TRUE,FALSE,,,FALSE,,,"1st and 10 at CGA24","No Huddle-Shotgun Delgado,Nathan rush middle for 1 yard gain to the CGA23 (Mixon,Preston)."
"20250906_70fv",2025,"2025-09-06",1,"regular","University of New England","Coast Guard",,,,45,5,13,1,1,,,"06:29","00:00",,,3089,2700,"University of New England","Coast Guard",7,14,-7,2,9,23,FALSE,3,5,19,"rush",TRUE,4,TRUE,FALSE,FALSE,FALSE,FALSE,FALSE,FALSE,FALSE,FALSE,FALSE,FALSE,FALSE,FALSE,FALSE,0,"TD",FALSE,FALSE,FALSE,FALSE,FALSE,FALSE,,,FALSE,,,"2nd and 9 at CGA23","No Huddle-Shotgun Lang,Chris rush middle for 4 yards gain to the CGA19 (Mixon,Preston)."
"20250906_70fv",2025,"2025-09-06",1,"regular","University of New England","Coast Guard",,,,46,5,14,1,1,,,"06:29","00:00",,,3089,2700,"University of New England","Coast Guard",7,14,-7,3,5,19,FALSE,4,2,16,"pass_complete",TRUE,3,FALSE,TRUE,TRUE,FALSE,FALSE,FALSE,FALSE,FALSE,FALSE,FALSE,FALSE,FALSE,FALSE,FALSE,0,"TD",FALSE,FALSE,FALSE,FALSE,FALSE,FALSE,,,FALSE,,,"3rd and 5 at CGA19","No Huddle-Shotgun Lang,Chris pass complete short left to Delgado,Nathan caught at CGA19, for 3 yards to the CGA16 (Cruz,Ramon; Delevan,Blake)."
"20250906_70fv",2025,"2025-09-06",1,"regular","University of New England","Coast Guard",,,,47,5,15,1,1,,,"06:29","00:00",,,3089,2700,"University of New England","Coast Guard",7,14,-7,4,2,16,FALSE,1,10,13,"rush",TRUE,3,TRUE,FALSE,FALSE,FALSE,FALSE,FALSE,FALSE,FALSE,FALSE,FALSE,FALSE,FALSE,FALSE,FALSE,0,"TD",FALSE,FALSE,FALSE,FALSE,FALSE,FALSE,,,FALSE,,,"4th and 2 at CGA16","No Huddle-Shotgun Delgado,Nathan rush middle for 3 yards gain to the CGA13 (James,Brody), 1ST DOWN."
"20250906_70fv",2025,"2025-09-06",1,"regular","University of New England","Coast Guard",,,,48,5,16,1,1,,,"06:29","00:00",,,3089,2700,"University of New England","Coast Guard",7,14,-7,1,10,13,FALSE,2,2,5,"pass_complete",TRUE,8,FALSE,TRUE,TRUE,FALSE,FALSE,FALSE,FALSE,FALSE,FALSE,FALSE,FALSE,FALSE,FALSE,FALSE,0,"TD",FALSE,FALSE,TRUE,FALSE,TRUE,FALSE,,,FALSE,,,"1st and 10 at CGA13","No Huddle-Shotgun Lang,Chris pass complete short left to Visbeek,Tim caught at CGA14, for 8 yards to the CGA05 (Mixon,Preston)."
"20250906_70fv",2025,"2025-09-06",1,"regular","University of New England","Coast Guard",,,,49,5,17,1,1,,,"06:29","00:00",,,3089,2700,"University of New England","Coast Guard",7,14,-7,2,2,5,FALSE,1,3,3,"rush",TRUE,2,TRUE,FALSE,FALSE,FALSE,FALSE,FALSE,FALSE,FALSE,FALSE,FALSE,FALSE,FALSE,FALSE,FALSE,0,"TD",FALSE,FALSE,FALSE,FALSE,FALSE,FALSE,,,FALSE,,,"2nd and 2 at CGA5","No Huddle-Shotgun Delgado,Nathan rush middle for 2 yards gain to the CGA03 (Cruz,Ramon; Wolf,William), 1ST DOWN."
"20250906_70fv",2025,"2025-09-06",1,"regular","University of New England","Coast Guard",,,,50,5,18,1,1,,,"06:29","00:00",,,3089,2700,"University of New England","Coast Guard",7,14,-7,1,3,3,TRUE,2,5,5,"rush",TRUE,-2,TRUE,FALSE,FALSE,FALSE,FALSE,FALSE,FALSE,FALSE,FALSE,FALSE,FALSE,FALSE,FALSE,FALSE,0,"TD",FALSE,FALSE,TRUE,FALSE,TRUE,FALSE,,,FALSE,,,"1st and 3 at CGA3","No Huddle-Shotgun Lang,Chris rush middle for 2 yards loss to the CGA05 (Wolf,William)."
"20250906_70fv",2025,"2025-09-06",1,"regular","University of New England","Coast Guard",,,,51,5,19,1,1,,,"06:29","00:00",,,3089,2700,"University of New England","Coast Guard",7,14,-7,2,5,5,TRUE,3,2,2,"rush",TRUE,3,TRUE,FALSE,FALSE,FALSE,FALSE,FALSE,FALSE,FALSE,FALSE,FALSE,FALSE,FALSE,FALSE,FALSE,0,"TD",FALSE,FALSE,FALSE,FALSE,FALSE,FALSE,,,FALSE,,,"2nd and 5 at CGA5","No Huddle-Shotgun Lang,Chris rush left for 3 yards gain to the CGA02 (Mixon,Preston; Delevan,Blake)."
"20250906_70fv",2025,"2025-09-06",1,"regular","University of New England","Coast Guard",,,,52,5,20,2,1,"15:00","14:57","15:00","15:00",2700,2697,2700,2700,"University of New England","Coast Guard",7,14,-7,3,2,2,TRUE,,,,"rush",TRUE,2,TRUE,FALSE,FALSE,FALSE,FALSE,FALSE,FALSE,FALSE,TRUE,FALSE,FALSE,FALSE,FALSE,TRUE,6,"TD",FALSE,FALSE,FALSE,FALSE,FALSE,FALSE,,,FALSE,,,"3rd and 2 at CGA2","No Huddle-Shotgun Lang,Chris rush left for 2 yards gain to the CGA00 TOUCHDOWN, clock 14:57."
"20250906_70fv",2025,"2025-09-06",1,"regular","University of New England","Coast Guard",,,,53,5,21,2,1,"14:57",,"14:57","14:57",2697,,2697,2697,"University of New England","Coast Guard",13,14,-1,1,10,3,FALSE,,,,"penalty_no_play",TRUE,,FALSE,FALSE,FALSE,FALSE,FALSE,FALSE,FALSE,FALSE,FALSE,FALSE,FALSE,FALSE,FALSE,FALSE,0,"TD",FALSE,FALSE,FALSE,FALSE,FALSE,TRUE,-5,"University of New England",TRUE,FALSE,"PENALTY UNE False Start (Muoio,Ily) 5 yards from CGA03 to CGA08. NO PLAY.","1st and 10 at CGA3","PENALTY UNE False Start (Muoio,Ily) 5 yards from CGA03 to CGA08. NO PLAY."
"20250906_70fv",2025,"2025-09-06",1,"regular","University of New England","Coast Guard",,,,54,5,22,2,1,"14:57",,"14:57","14:57",2697,,2697,2697,"University of New England","Coast Guard",13,14,-1,,,,,,,,"extra_point",FALSE,,FALSE,FALSE,FALSE,FALSE,FALSE,FALSE,FALSE,FALSE,FALSE,FALSE,FALSE,FALSE,FALSE,TRUE,1,"TD",FALSE,FALSE,FALSE,FALSE,FALSE,FALSE,,,FALSE,,,"","Lacaprucia,Anthony kick attempt good (H: Durkin,Cam)."
"20250906_70fv",2025,"2025-09-06",1,"regular","University of New England","Coast Guard",,,,55,6,1,2,1,"14:57","14:57","14:57","14:57",2697,2697,2697,2697,"Coast Guard","University of New England",14,14,0,,,,,1,10,65,"kickoff",FALSE,,FALSE,FALSE,FALSE,FALSE,FALSE,FALSE,FALSE,FALSE,FALSE,FALSE,FALSE,FALSE,FALSE,FALSE,0,"INT",FALSE,FALSE,FALSE,FALSE,FALSE,FALSE,,,FALSE,,,"","Niland,Jack kickoff 39 yards to the CGA26, out of bounds at CGA26."
"20250906_70fv",2025,"2025-09-06",1,"regular","University of New England","Coast Guard",,,,56,6,2,2,1,"14:57",,"14:57","14:57",2697,,2697,2697,"Coast Guard","University of New England",14,14,0,1,10,65,FALSE,1,10,48,"rush",TRUE,17,TRUE,FALSE,FALSE,FALSE,FALSE,FALSE,FALSE,FALSE,FALSE,FALSE,FALSE,FALSE,FALSE,FALSE,0,"INT",TRUE,FALSE,FALSE,FALSE,TRUE,FALSE,,,FALSE,,,"1st and 10 at CGA35","No Huddle-Shotgun Hensley,Harrison rush middle for 17 yards gain to the UNE48 (Hayes,Aaron), 1ST DOWN."
"20250906_70fv",2025,"2025-09-06",1,"regular","University of New England","Coast Guard",,,,57,6,3,2,1,,,"14:57","14:04",,,2697,2644,"Coast Guard","University of New England",14,14,0,1,10,48,FALSE,2,8,46,"rush",TRUE,2,TRUE,FALSE,FALSE,FALSE,FALSE,FALSE,FALSE,FALSE,FALSE,FALSE,FALSE,FALSE,FALSE,FALSE,0,"INT",FALSE,FALSE,TRUE,FALSE,TRUE,FALSE,,,FALSE,,,"1st and 10 at UNE48","No Huddle-Shotgun Wheeler IV,James rush middle for 2 yards gain to the UNE46 (Winslow,Chris)."
"20250906_70fv",2025,"2025-09-06",1,"regular","University of New England","Coast Guard",,,,58,6,4,2,1,,"14:04","14:57","14:04",,2644,2697,2644,"Coast Guard","University of New England",14,14,0,2,8,46,FALSE,1,10,85,"pass_intercepted",TRUE,,FALSE,TRUE,FALSE,FALSE,TRUE,FALSE,TRUE,FALSE,FALSE,FALSE,FALSE,FALSE,FALSE,FALSE,0,"INT",FALSE,FALSE,FALSE,FALSE,FALSE,FALSE,,,FALSE,,,"2nd and 8 at UNE46","No Huddle-Shotgun Burns,Sean pass intercepted by Clark,Oscar at UNE15 Clark,Oscar return 0 yards to the UNE15 (Desta,Broock)."
"20250906_70fv",2025,"2025-09-06",1,"regular","University of New England","Coast Guard",,,,59,7,1,2,1,"14:04",,"14:04","14:04",2644,,2644,2644,"University of New England","Coast Guard",14,14,0,1,10,85,FALSE,2,6,81,"rush",TRUE,4,TRUE,FALSE,FALSE,FALSE,FALSE,FALSE,FALSE,FALSE,FALSE,FALSE,FALSE,FALSE,FALSE,FALSE,0,"PUNT",FALSE,TRUE,FALSE,FALSE,TRUE,FALSE,,,FALSE,,,"1st and 10 at UNE15","No Huddle-Shotgun Lang,Chris rush left for 4 yards gain to the UNE19 (Wolf,William)."
"20250906_70fv",2025,"2025-09-06",1,"regular","University of New England","Coast Guard",,,,60,7,2,2,1,,,"14:04","13:00",,,2644,2580,"University of New England","Coast Guard",14,14,0,2,6,81,FALSE,3,3,78,"rush",TRUE,3,TRUE,FALSE,FALSE,FALSE,FALSE,FALSE,FALSE,FALSE,FALSE,FALSE,FALSE,FALSE,FALSE,FALSE,0,"PUNT",FALSE,FALSE,FALSE,FALSE,FALSE,FALSE,,,FALSE,,,"2nd and 6 at UNE19","No Huddle-Shotgun Jones,Damien rush left for 3 yards gain to the UNE22 (LaMar,Tyler)."
"20250906_70fv",2025,"2025-09-06",1,"regular","University of New England","Coast Guard",,,,61,7,3,2,1,,,"14:04","13:00",,,2644,2580,"University of New England","Coast Guard",14,14,0,3,3,78,FALSE,1,10,74,"rush",TRUE,4,TRUE,FALSE,FALSE,FALSE,FALSE,FALSE,FALSE,FALSE,FALSE,FALSE,FALSE,FALSE,FALSE,FALSE,0,"PUNT",FALSE,FALSE,FALSE,FALSE,FALSE,FALSE,,,FALSE,,,"3rd and 3 at UNE22","No Huddle-Shotgun Jones,Damien rush middle for 4 yards gain to the UNE26 (Rohrer,Noah), 1ST DOWN."
"20250906_70fv",2025,"2025-09-06",1,"regular","University of New England","Coast Guard",,,,62,7,4,2,1,"13:00",,"13:00","13:00",2580,,2580,2580,"University of New England","Coast Guard",14,14,0,1,10,74,FALSE,2,13,77,"rush",TRUE,-3,TRUE,FALSE,FALSE,FALSE,FALSE,FALSE,FALSE,FALSE,FALSE,FALSE,FALSE,FALSE,FALSE,FALSE,0,"PUNT",FALSE,FALSE,TRUE,FALSE,TRUE,FALSE,,,FALSE,,,"1st and 10 at UNE26","No Huddle-Shotgun Jones,Damien rush right for 3 yards loss to the UNE23 (LaMar,Tyler)."
"20250906_70fv",2025,"2025-09-06",1,"regular","University of New England","Coast Guard",,,,63,7,5,2,1,,,"13:00","12:17",,,2580,2537,"University of New England","Coast Guard",14,14,0,2,13,77,FALSE,3,13,77,"pass_incomplete",TRUE,0,FALSE,TRUE,FALSE,FALSE,FALSE,FALSE,FALSE,FALSE,FALSE,FALSE,FALSE,FALSE,FALSE,FALSE,0,"PUNT",FALSE,FALSE,FALSE,FALSE,FALSE,FALSE,,,FALSE,,,"2nd and 13 at UNE23","No Huddle-Shotgun Lang,Chris pass incomplete short left thrown to UNE29."
"20250906_70fv",2025,"2025-09-06",1,"regular","University of New England","Coast Guard",,,,64,7,6,2,1,,,"13:00","12:17",,,2580,2537,"University of New England","Coast Guard",14,14,0,3,13,77,FALSE,4,13,77,"pass_incomplete",TRUE,0,FALSE,TRUE,FALSE,FALSE,FALSE,FALSE,FALSE,FALSE,FALSE,FALSE,FALSE,FALSE,FALSE,FALSE,0,"PUNT",FALSE,FALSE,FALSE,FALSE,FALSE,FALSE,,,FALSE,,,"3rd and 13 at UNE23","No Huddle-Shotgun Lang,Chris pass incomplete short left to Visbeek,Tim thrown to UNE36."
"20250906_70fv",2025,"2025-09-06",1,"regular","University of New England","Coast Guard",,,,65,7,7,2,1,,"12:17","13:00","12:17",,2537,2580,2537,"University of New England","Coast Guard",14,14,0,4,13,77,FALSE,1,10,56,"punt_with_return",TRUE,,FALSE,FALSE,FALSE,FALSE,FALSE,FALSE,FALSE,FALSE,FALSE,FALSE,FALSE,FALSE,TRUE,FALSE,0,"PUNT",FALSE,FALSE,FALSE,FALSE,FALSE,TRUE,15,"Coast Guard",FALSE,FALSE,"PENALTY CGA UNR: Unnecessary Roughness 15 yards from UNE41 to CGA44.","4th and 13 at UNE23","Durkin,Cam punt 44 yards to the CGA33 Barber,Freddy return 26 yards to the UNE41 (Cardoso,Ben) PENALTY CGA UNR: Unnecessary Roughness 15 yards from UNE41 to CGA44."
"20250906_70fv",2025,"2025-09-06",1,"regular","University of New England","Coast Guard",,,,66,8,1,2,1,"12:17",,"12:17","12:17",2537,,2537,2537,"Coast Guard","University of New England",14,14,0,1,10,56,FALSE,2,10,56,"rush",TRUE,0,TRUE,FALSE,FALSE,FALSE,FALSE,FALSE,FALSE,FALSE,FALSE,FALSE,FALSE,FALSE,FALSE,FALSE,0,"PUNT",FALSE,TRUE,FALSE,FALSE,TRUE,FALSE,,,FALSE,,,"1st and 10 at CGA44","No Huddle-Shotgun Wheeler IV,James rush left for 0 yards to the CGA44 (Cardoso,Ben)."
"20250906_70fv",2025,"2025-09-06",1,"regular","University of New England","Coast Guard",,,,67,8,2,2,1,,,"12:17","11:10",,,2537,2470,"Coast Guard","University of New England",14,14,0,2,10,56,FALSE,3,7,53,"rush",TRUE,3,TRUE,FALSE,FALSE,FALSE,FALSE,FALSE,FALSE,FALSE,FALSE,FALSE,FALSE,FALSE,FALSE,FALSE,0,"PUNT",FALSE,FALSE,FALSE,FALSE,FALSE,FALSE,,,FALSE,,,"2nd and 10 at CGA44","No Huddle-Shotgun Hensley,Harrison rush left for 3 yards gain to the CGA47 (Cardoso,Ben)."
"20250906_70fv",2025,"2025-09-06",1,"regular","University of New England","Coast Guard",,,,68,8,3,2,1,,,"12:17","11:10",,,2537,2470,"Coast Guard","University of New England",14,14,0,3,7,53,FALSE,4,7,53,"pass_incomplete",TRUE,0,FALSE,TRUE,FALSE,FALSE,FALSE,FALSE,FALSE,FALSE,FALSE,FALSE,FALSE,FALSE,FALSE,FALSE,0,"PUNT",FALSE,FALSE,FALSE,FALSE,FALSE,FALSE,,,FALSE,,,"3rd and 7 at CGA47","No Huddle-Shotgun Burns,Sean pass incomplete short right to Politte,Chase thrown to UNE48."
"20250906_70fv",2025,"2025-09-06",1,"regular","University of New England","Coast Guard",,,,69,8,4,2,1,,"11:10","12:17","11:10",,2470,2537,2470,"Coast Guard","University of New England",14,14,0,4,7,53,FALSE,1,10,73,"punt_with_return",TRUE,,FALSE,FALSE,FALSE,FALSE,FALSE,FALSE,FALSE,FALSE,FALSE,FALSE,FALSE,FALSE,TRUE,FALSE,0,"PUNT",FALSE,FALSE,FALSE,FALSE,FALSE,FALSE,,,FALSE,,,"4th and 7 at CGA47","Hubert,Lucas punt 26 yards to the UNE27 Jones,Damien return 0 yards to the UNE27 (LaMar,Tyler)."
"20250906_70fv",2025,"2025-09-06",1,"regular","University of New England","Coast Guard",,,,70,9,1,2,1,"11:10",,"11:10","11:10",2470,,2470,2470,"University of New England","Coast Guard",14,14,0,1,10,73,FALSE,2,8,71,"rush",TRUE,2,TRUE,FALSE,FALSE,FALSE,FALSE,FALSE,FALSE,FALSE,FALSE,FALSE,FALSE,FALSE,FALSE,FALSE,0,"PUNT",FALSE,TRUE,FALSE,FALSE,TRUE,FALSE,,,FALSE,,,"1st and 10 at UNE27","No Huddle-Shotgun Delgado,Nathan rush middle for 2 yards gain to the UNE29 (Mankowski,Truman)."
"20250906_70fv",2025,"2025-09-06",1,"regular","University of New England","Coast Guard",,,,71,9,2,2,1,,,"11:10","10:18",,,2470,2418,"University of New England","Coast Guard",14,14,0,2,8,71,FALSE,3,5,68,"rush",TRUE,3,TRUE,FALSE,FALSE,FALSE,FALSE,FALSE,FALSE,FALSE,FALSE,FALSE,FALSE,FALSE,FALSE,FALSE,0,"PUNT",FALSE,FALSE,FALSE,FALSE,FALSE,FALSE,,,FALSE,,,"2nd and 8 at UNE29","No Huddle-Shotgun Delgado,Nathan rush middle for 3 yards gain to the UNE32 (Cruz,Ramon)."
"20250906_70fv",2025,"2025-09-06",1,"regular","University of New England","Coast Guard",,,,72,9,3,2,1,,,"11:10","10:18",,,2470,2418,"University of New England","Coast Guard",14,14,0,3,5,68,FALSE,4,5,68,"pass_incomplete",TRUE,0,FALSE,TRUE,FALSE,FALSE,FALSE,FALSE,FALSE,FALSE,FALSE,FALSE,FALSE,FALSE,FALSE,FALSE,0,"PUNT",FALSE,FALSE,FALSE,FALSE,FALSE,FALSE,,,FALSE,,,"3rd and 5 at UNE32","No Huddle-Shotgun Lang,Chris pass incomplete short left to Zepeda,Berto thrown to UNE37 broken up by Westkott,Noah."
"20250906_70fv",2025,"2025-09-06",1,"regular","University of New England","Coast Guard",,,,73,9,4,2,1,,"10:18","11:10","10:18",,2418,2470,2418,"University of New England","Coast Guard",14,14,0,4,5,68,FALSE,1,10,63,"punt_with_return",TRUE,,FALSE,FALSE,FALSE,FALSE,FALSE,FALSE,FALSE,FALSE,FALSE,FALSE,FALSE,FALSE,TRUE,FALSE,0,"PUNT",FALSE,FALSE,FALSE,FALSE,FALSE,TRUE,,"University of New England",FALSE,TRUE,"PENALTY UNE Illegal Formation declined.","4th and 5 at UNE32","Durkin,Cam punt 42 yards to the CGA26 Barber,Freddy return 11 yards to the CGA37 (Blood,Aidan) PENALTY UNE Illegal Formation declined."
"20250906_70fv",2025,"2025-09-06",1,"regular","University of New England","Coast Guard",,,,74,10,1,2,1,"10:18",,"10:18","10:18",2418,,2418,2418,"Coast Guard","University of New England",14,14,0,1,10,63,FALSE,1,10,41,"rush",TRUE,22,TRUE,FALSE,FALSE,FALSE,FALSE,FALSE,FALSE,FALSE,FALSE,FALSE,FALSE,FALSE,FALSE,FALSE,0,"TD",FALSE,TRUE,FALSE,FALSE,TRUE,FALSE,,,FALSE,,,"1st and 10 at CGA37","No Huddle-Shotgun Hensley,Harrison rush middle for 22 yards gain to the UNE41 (Louis,Levens; LaBrecque,Spencer), 1ST DOWN."
"20250906_70fv",2025,"2025-09-06",1,"regular","University of New England","Coast Guard",,,,75,10,2,2,1,,,"10:18","08:17",,,2418,2297,"Coast Guard","University of New England",14,14,0,1,10,41,FALSE,2,9,40,"rush",TRUE,1,TRUE,FALSE,FALSE,FALSE,FALSE,FALSE,FALSE,FALSE,FALSE,FALSE,FALSE,FALSE,FALSE,FALSE,0,"TD",FALSE,FALSE,TRUE,FALSE,TRUE,FALSE,,,FALSE,,,"1st and 10 at UNE41","No Huddle-Shotgun Hensley,Harrison rush middle for 1 yard gain to the UNE40 (Sherck,Spencer; LaBrecque,Spencer)."
"20250906_70fv",2025,"2025-09-06",1,"regular","University of New England","Coast Guard",,,,76,10,3,2,1,,,"10:18","08:17",,,2418,2297,"Coast Guard","University of New England",14,14,0,2,9,40,FALSE,3,4,35,"rush",TRUE,5,TRUE,FALSE,FALSE,FALSE,FALSE,FALSE,FALSE,FALSE,FALSE,FALSE,FALSE,FALSE,FALSE,FALSE,0,"TD",FALSE,FALSE,FALSE,FALSE,FALSE,FALSE,,,FALSE,,,"2nd and 9 at UNE40","No Huddle-Shotgun Burns,Sean rush middle for 5 yards gain to the UNE35 (Villis,George; Gomes,Tyron)."
"20250906_70fv",2025,"2025-09-06",1,"regular","University of New England","Coast Guard",,,,77,10,4,2,1,,,"10:18","08:17",,,2418,2297,"Coast Guard","University of New England",14,14,0,3,4,35,FALSE,1,1,1,"pass_complete",TRUE,34,FALSE,TRUE,TRUE,FALSE,FALSE,FALSE,FALSE,FALSE,FALSE,FALSE,FALSE,FALSE,FALSE,FALSE,0,"TD",FALSE,FALSE,FALSE,FALSE,FALSE,FALSE,,,FALSE,,,"3rd and 4 at UNE35","No Huddle-Shotgun Burns,Sean pass complete short middle to Wroe,Toby caught at UNE24, for 34 yards to the UNE01 (Cardoso,Ben; Mojica,Isaiah), 1ST DOWN."
"20250906_70fv",2025,"2025-09-06",1,"regular","University of New England","Coast Guard",,,,78,10,5,2,1,,"08:17","10:18","08:17",,2297,2418,2297,"Coast Guard","University of New England",14,14,0,1,1,1,TRUE,,,,"rush",TRUE,1,TRUE,FALSE,FALSE,FALSE,FALSE,FALSE,FALSE,FALSE,TRUE,FALSE,FALSE,FALSE,FALSE,TRUE,6,"TD",FALSE,FALSE,TRUE,FALSE,TRUE,FALSE,,,FALSE,,,"1st and 1 at UNE1","No Huddle-Shotgun Burns,Sean rush middle for 1 yard gain to the UNE00 TOUCHDOWN, clock 08:17."
"20250906_70fv",2025,"2025-09-06",1,"regular","University of New England","Coast Guard",,,,79,10,6,2,1,"08:17",,"08:17","08:17",2297,,2297,2297,"Coast Guard","University of New England",20,14,6,,,,,,,,"extra_point",FALSE,,FALSE,FALSE,FALSE,FALSE,FALSE,FALSE,FALSE,FALSE,FALSE,FALSE,FALSE,FALSE,FALSE,TRUE,1,"TD",FALSE,FALSE,FALSE,FALSE,FALSE,FALSE,,,FALSE,,,"","McClure,Caleb kick attempt good (H: Brooks,Brennan)."
"20250906_70fv",2025,"2025-09-06",1,"regular","University of New England","Coast Guard",,,,80,11,1,2,1,"08:17","08:12","08:17","08:17",2297,2292,2297,2297,"University of New England","Coast Guard",14,21,-7,,,,,1,10,55,"kickoff",FALSE,,FALSE,FALSE,FALSE,FALSE,FALSE,FALSE,FALSE,FALSE,FALSE,FALSE,FALSE,FALSE,FALSE,FALSE,0,"PUNT",FALSE,FALSE,FALSE,FALSE,FALSE,FALSE,,,FALSE,,,"","Bates,Connor kickoff 43 yards to the UNE22 Germano,John return 23 yards to the UNE45 (Kieser,Matthias)."
"20250906_70fv",2025,"2025-09-06",1,"regular","University of New England","Coast Guard",,,,81,11,2,2,1,"08:12",,"08:12","08:12",2292,,2292,2292,"University of New England","Coast Guard",14,21,-7,1,10,55,FALSE,2,8,53,"rush",TRUE,2,TRUE,FALSE,FALSE,FALSE,FALSE,FALSE,FALSE,FALSE,FALSE,FALSE,FALSE,FALSE,FALSE,FALSE,0,"PUNT",TRUE,FALSE,FALSE,FALSE,TRUE,FALSE,,,FALSE,,,"1st and 10 at UNE45","No Huddle-Shotgun Jones,Damien rush right for 2 yards gain to the UNE47 (LaMar,Tyler)."
"20250906_70fv",2025,"2025-09-06",1,"regular","University of New England","Coast Guard",,,,82,11,3,2,1,,,"08:12","06:39",,,2292,2199,"University of New England","Coast Guard",14,21,-7,2,8,53,FALSE,3,4,49,"rush",TRUE,4,TRUE,FALSE,FALSE,FALSE,FALSE,FALSE,FALSE,FALSE,FALSE,FALSE,FALSE,FALSE,FALSE,FALSE,0,"PUNT",FALSE,FALSE,FALSE,FALSE,FALSE,FALSE,,,FALSE,,,"2nd and 8 at UNE47","No Huddle-Shotgun Jones,Damien rush middle for 4 yards gain to the CGA49 (Smith,Ian)."
"20250906_70fv",2025,"2025-09-06",1,"regular","University of New England","Coast Guard",,,,83,11,4,2,1,,,"08:12","06:39",,,2292,2199,"University of New England","Coast Guard",14,21,-7,3,4,49,FALSE,4,4,49,"rush",TRUE,0,TRUE,FALSE,FALSE,FALSE,FALSE,FALSE,FALSE,FALSE,FALSE,FALSE,FALSE,FALSE,FALSE,FALSE,0,"PUNT",FALSE,FALSE,FALSE,FALSE,FALSE,FALSE,,,FALSE,,,"3rd and 4 at CGA49","No Huddle-Shotgun Lang,Chris rush middle for 0 yards to the CGA49 (Smith,Ian)."
"20250906_70fv",2025,"2025-09-06",1,"regular","University of New England","Coast Guard",,,,84,11,5,2,1,,"06:39","08:12","06:39",,2199,2292,2199,"University of New England","Coast Guard",14,21,-7,4,4,49,FALSE,1,10,96,"punt_no_return",TRUE,,FALSE,FALSE,FALSE,FALSE,FALSE,FALSE,FALSE,FALSE,FALSE,FALSE,FALSE,FALSE,TRUE,FALSE,0,"PUNT",FALSE,FALSE,FALSE,FALSE,FALSE,TRUE,4,"Coast Guard",FALSE,FALSE,"PENALTY CGA Illegal Block in Back 4 yards from CGA08 to CGA04.","4th and 4 at CGA49","Durkin,Cam punt 41 yards to the CGA08, out of bounds at CGA08 PENALTY CGA Illegal Block in Back 4 yards from CGA08 to CGA04."
"20250906_70fv",2025,"2025-09-06",1,"regular","University of New England","Coast Guard",,,,85,12,1,2,1,"06:39",,"06:39","06:39",2199,,2199,2199,"Coast Guard","University of New England",21,14,7,1,10,96,FALSE,2,6,92,"rush",TRUE,4,TRUE,FALSE,FALSE,FALSE,FALSE,FALSE,FALSE,FALSE,FALSE,FALSE,FALSE,FALSE,FALSE,FALSE,0,"TD",FALSE,TRUE,FALSE,FALSE,TRUE,FALSE,,,FALSE,,,"1st and 10 at CGA4","No Huddle-Shotgun Hensley,Harrison rush middle for 4 yards gain to the CGA08 (Hayes,Aaron; Blood,Aidan)."
"20250906_70fv",2025,"2025-09-06",1,"regular","University of New England","Coast Guard",,,,86,12,2,2,1,,,"06:39","02:08",,,2199,1928,"Coast Guard","University of New England",21,14,7,2,6,92,FALSE,3,6,92,"pass_incomplete",TRUE,0,FALSE,TRUE,FALSE,FALSE,FALSE,FALSE,FALSE,FALSE,FALSE,FALSE,FALSE,FALSE,FALSE,FALSE,0,"TD",FALSE,FALSE,FALSE,FALSE,FALSE,FALSE,,,FALSE,,,"2nd and 6 at CGA8","No Huddle-Shotgun Burns,Sean pass incomplete deep left thrown to CGA32."
"20250906_70fv",2025,"2025-09-06",1,"regular","University of New England","Coast Guard",,,,87,12,3,2,1,,,"06:39","02:08",,,2199,1928,"Coast Guard","University of New England",21,14,7,3,6,92,FALSE,1,10,82,"pass_complete",TRUE,10,FALSE,TRUE,TRUE,FALSE,FALSE,FALSE,FALSE,FALSE,FALSE,FALSE,FALSE,FALSE,FALSE,FALSE,0,"TD",FALSE,FALSE,FALSE,FALSE,FALSE,FALSE,,,FALSE,,,"3rd and 6 at CGA8","No Huddle-Shotgun Burns,Sean pass complete short left to Wroe,Toby caught at CGA11, for 10 yards to the CGA18 (Jeremy,Teighan), 1ST DOWN."
"20250906_70fv",2025,"2025-09-06",1,"regular","University of New England","Coast Guard",,,,88,12,4,2,1,,,"06:39","02:08",,,2199,1928,"Coast Guard","University of New England",21,14,7,1,10,82,FALSE,2,5,77,"rush",TRUE,5,TRUE,FALSE,FALSE,FALSE,FALSE,FALSE,FALSE,FALSE,FALSE,FALSE,FALSE,FALSE,FALSE,FALSE,0,"TD",FALSE,FALSE,TRUE,FALSE,TRUE,FALSE,,,FALSE,,,"1st and 10 at CGA18","No Huddle-Shotgun Hensley,Harrison rush middle for 5 yards gain to the CGA23 (Hayes,Aaron; Schino,Ryan)."
"20250906_70fv",2025,"2025-09-06",1,"regular","University of New England","Coast Guard",,,,89,12,5,2,1,,,"06:39","02:08",,,2199,1928,"Coast Guard","University of New England",21,14,7,2,5,77,FALSE,1,10,69,"rush",TRUE,8,TRUE,FALSE,FALSE,FALSE,FALSE,FALSE,FALSE,FALSE,FALSE,FALSE,FALSE,FALSE,FALSE,FALSE,0,"TD",FALSE,FALSE,FALSE,FALSE,FALSE,FALSE,,,FALSE,,,"2nd and 5 at CGA23","No Huddle-Shotgun Hensley,Harrison rush middle for 8 yards gain to the CGA31 (Lowe,Dylan; Perez,Mike), 1ST DOWN."
"20250906_70fv",2025,"2025-09-06",1,"regular","University of New England","Coast Guard",,,,90,12,6,2,1,,,"06:39","02:08",,,2199,1928,"Coast Guard","University of New England",21,14,7,1,10,69,FALSE,2,10,69,"pass_incomplete",TRUE,0,FALSE,TRUE,FALSE,FALSE,FALSE,FALSE,FALSE,FALSE,FALSE,FALSE,FALSE,FALSE,FALSE,FALSE,0,"TD",FALSE,FALSE,TRUE,FALSE,TRUE,FALSE,,,FALSE,,,"1st and 10 at CGA31","No Huddle-Shotgun Burns,Sean pass incomplete short middle to Wroe,Toby thrown to CGA46."
"20250906_70fv",2025,"2025-09-06",1,"regular","University of New England","Coast Guard",,,,91,12,7,2,1,,,"06:39","02:08",,,2199,1928,"Coast Guard","University of New England",21,14,7,2,10,69,FALSE,1,10,57,"pass_complete",TRUE,12,FALSE,TRUE,TRUE,FALSE,FALSE,FALSE,FALSE,FALSE,FALSE,FALSE,FALSE,FALSE,FALSE,FALSE,0,"TD",FALSE,FALSE,FALSE,FALSE,FALSE,FALSE,,,FALSE,,,"2nd and 10 at CGA31","No Huddle-Shotgun Burns,Sean pass complete short left to LaBouliere,Matthew caught at CGA40, for 12 yards to the CGA43 (Winslow,Chris), 1ST DOWN."
"20250906_70fv",2025,"2025-09-06",1,"regular","University of New England","Coast Guard",,,,92,12,8,2,1,,,"06:39","02:08",,,2199,1928,"Coast Guard","University of New England",21,14,7,1,10,57,FALSE,1,10,46,"rush",TRUE,11,TRUE,FALSE,FALSE,FALSE,FALSE,FALSE,FALSE,FALSE,FALSE,FALSE,FALSE,FALSE,FALSE,FALSE,0,"TD",FALSE,FALSE,TRUE,FALSE,TRUE,FALSE,,,FALSE,,,"1st and 10 at CGA43","No Huddle-Shotgun Hensley,Harrison rush left for 11 yards gain to the UNE46 (Villis,George; Sherck,Spencer), 1ST DOWN."
"20250906_70fv",2025,"2025-09-06",1,"regular","University of New England","Coast Guard",,,,93,12,9,2,1,,,"06:39","02:08",,,2199,1928,"Coast Guard","University of New England",21,14,7,1,10,46,FALSE,2,10,46,"pass_incomplete",TRUE,0,FALSE,TRUE,FALSE,FALSE,FALSE,FALSE,FALSE,FALSE,FALSE,FALSE,FALSE,FALSE,FALSE,FALSE,0,"TD",FALSE,FALSE,TRUE,FALSE,TRUE,FALSE,,,FALSE,,,"1st and 10 at UNE46","No Huddle-Shotgun Burns,Sean pass incomplete short middle to LaBouliere,Matthew thrown to UNE40 broken up by Winslow,Chris."
"20250906_70fv",2025,"2025-09-06",1,"regular","University of New England","Coast Guard",,,,94,12,10,2,1,,,"06:39","02:08",,,2199,1928,"Coast Guard","University of New England",21,14,7,2,10,46,FALSE,3,7,43,"rush",TRUE,3,TRUE,FALSE,FALSE,FALSE,FALSE,FALSE,FALSE,FALSE,FALSE,FALSE,FALSE,FALSE,FALSE,FALSE,0,"TD",FALSE,FALSE,FALSE,FALSE,FALSE,FALSE,,,FALSE,,,"2nd and 10 at UNE46","No Huddle-Shotgun Hensley,Harrison rush middle for 3 yards gain to the UNE43 (Sherck,Spencer; Louis,Levens)."
"20250906_70fv",2025,"2025-09-06",1,"regular","University of New England","Coast Guard",,,,95,12,11,2,1,,,"06:39","02:08",,,2199,1928,"Coast Guard","University of New England",21,14,7,3,7,43,FALSE,1,10,34,"rush",TRUE,9,TRUE,FALSE,FALSE,FALSE,FALSE,FALSE,FALSE,FALSE,FALSE,FALSE,FALSE,FALSE,FALSE,FALSE,0,"TD",FALSE,FALSE,FALSE,FALSE,FALSE,FALSE,,,FALSE,,,"3rd and 7 at UNE43","No Huddle-Shotgun Burns,Sean rush middle for 9 yards gain to the UNE34 (Perez,Mike), 1ST DOWN."
"20250906_70fv",2025,"2025-09-06",1,"regular","University of New England","Coast Guard",,,,96,12,12,2,1,,,"06:39","02:08",,,2199,1928,"Coast Guard","University of New England",21,14,7,1,10,34,FALSE,2,6,30,"rush",TRUE,4,TRUE,FALSE,FALSE,FALSE,FALSE,FALSE,FALSE,FALSE,FALSE,FALSE,FALSE,FALSE,FALSE,FALSE,0,"TD",FALSE,FALSE,TRUE,FALSE,TRUE,FALSE,,,FALSE,,,"1st and 10 at UNE34","No Huddle-Shotgun Burns,Sean rush middle for 4 yards gain to the UNE30 (Schino,Ryan)."
"20250906_70fv",2025,"2025-09-06",1,"regular","University of New England","Coast Guard",,,,97,12,13,2,1,,,"06:39","02:08",,,2199,1928,"Coast Guard","University of New England",21,14,7,2,6,30,FALSE,2,16,40,"rush",TRUE,,FALSE,FALSE,FALSE,FALSE,FALSE,FALSE,FALSE,FALSE,FALSE,FALSE,FALSE,FALSE,FALSE,FALSE,0,"TD",FALSE,FALSE,FALSE,FALSE,FALSE,TRUE,-10,"Coast Guard",TRUE,FALSE,"PENALTY CGA Holding 10 yards from UNE30 to UNE40. NO PLAY.","2nd and 6 at UNE30","No Huddle-Shotgun Patrick,Glenn rush right for 20 yards gain to the UNE10 (Clark,Oscar) PENALTY CGA Holding 10 yards from UNE30 to UNE40. NO PLAY."
"20250906_70fv",2025,"2025-09-06",1,"regular","University of New England","Coast Guard",,,,98,12,14,2,1,,,"06:39","02:08",,,2199,1928,"Coast Guard","University of New England",21,14,7,2,16,40,FALSE,3,4,28,"pass_complete",TRUE,12,FALSE,TRUE,TRUE,FALSE,FALSE,FALSE,FALSE,FALSE,FALSE,FALSE,FALSE,FALSE,FALSE,FALSE,0,"TD",FALSE,FALSE,FALSE,FALSE,FALSE,FALSE,,,FALSE,,,"2nd and 16 at UNE40","No Huddle-Shotgun Burns,Sean pass complete short left to Hensley,Harrison caught at UNE41, for 12 yards to the UNE28 (Jeremy,Teighan)."
"20250906_70fv",2025,"2025-09-06",1,"regular","University of New England","Coast Guard",,,,99,12,15,2,1,,"02:08","06:39","02:08",,1928,2199,1928,"Coast Guard","University of New England",21,14,7,3,4,28,FALSE,,,,"rush",TRUE,28,TRUE,FALSE,FALSE,FALSE,FALSE,FALSE,FALSE,FALSE,TRUE,FALSE,FALSE,FALSE,FALSE,TRUE,6,"TD",FALSE,FALSE,FALSE,FALSE,FALSE,FALSE,,,FALSE,,,"3rd and 4 at UNE28","No Huddle-Shotgun Hensley,Harrison rush middle for 28 yards gain to the UNE00 TOUCHDOWN, clock 02:08, 1ST DOWN."
"20250906_70fv",2025,"2025-09-06",1,"regular","University of New England","Coast Guard",,,,100,12,16,2,1,"02:08",,"02:08","02:08",1928,,1928,1928,"Coast Guard","University of New England",27,14,13,,,,,,,,"extra_point",FALSE,,FALSE,FALSE,FALSE,FALSE,FALSE,FALSE,FALSE,FALSE,FALSE,FALSE,FALSE,FALSE,FALSE,TRUE,1,"TD",FALSE,FALSE,FALSE,FALSE,FALSE,FALSE,,,FALSE,,,"","McClure,Caleb kick attempt good (H: Brooks,Brennan)."
"20250906_70fv",2025,"2025-09-06",1,"regular","University of New England","Coast Guard",,,,101,13,1,2,1,"02:08","02:02","02:08","02:08",1928,1922,1928,1928,"University of New England","Coast Guard",14,28,-14,,,,,1,10,72,"kickoff",FALSE,,FALSE,FALSE,FALSE,FALSE,FALSE,FALSE,FALSE,FALSE,FALSE,FALSE,FALSE,FALSE,FALSE,FALSE,0,"TD",FALSE,FALSE,FALSE,FALSE,FALSE,FALSE,,,FALSE,,,"","Bates,Connor kickoff 60 yards to the UNE05 Jones,Damien return 23 yards to the UNE28 (Mixon,Preston)."
"20250906_70fv",2025,"2025-09-06",1,"regular","University of New England","Coast Guard",,,,102,13,2,2,1,"02:02",,"02:02","02:02",1922,,1922,1922,"University of New England","Coast Guard",14,28,-14,1,10,72,FALSE,1,15,77,"pass_incomplete",TRUE,,FALSE,FALSE,FALSE,FALSE,FALSE,FALSE,FALSE,FALSE,FALSE,FALSE,FALSE,FALSE,FALSE,FALSE,0,"TD",TRUE,FALSE,FALSE,FALSE,TRUE,TRUE,-5,"University of New England",TRUE,FALSE,"PENALTY UNE Ineligible Downfield on Pass 5 yards from UNE28 to UNE23. NO PLAY.","1st and 10 at UNE28","No Huddle-Shotgun Lang,Chris pass incomplete short left thrown to UNE34 PENALTY UNE Ineligible Downfield on Pass 5 yards from UNE28 to UNE23. NO PLAY."
"20250906_70fv",2025,"2025-09-06",1,"regular","University of New England","Coast Guard",,,,103,13,3,2,1,,,"02:02","01:57",,,1922,1917,"University of New England","Coast Guard",14,28,-14,1,15,77,FALSE,2,15,77,"pass_incomplete",TRUE,0,FALSE,TRUE,FALSE,FALSE,FALSE,FALSE,FALSE,FALSE,FALSE,FALSE,FALSE,FALSE,FALSE,FALSE,0,"TD",FALSE,FALSE,FALSE,FALSE,FALSE,FALSE,,,FALSE,,,"1st and 15 at UNE23","(01:57) Shotgun Lang,Chris pass incomplete short middle to Germano,John thrown to UNE41 broken up by Tamborino,Ty."
"20250906_70fv",2025,"2025-09-06",1,"regular","University of New England","Coast Guard",,,,104,13,4,2,1,,,"01:57","01:45",,,1917,1905,"University of New England","Coast Guard",14,28,-14,2,15,77,FALSE,3,9,71,"rush",TRUE,6,TRUE,FALSE,FALSE,FALSE,FALSE,FALSE,FALSE,FALSE,FALSE,FALSE,FALSE,FALSE,FALSE,FALSE,0,"TD",FALSE,FALSE,FALSE,FALSE,FALSE,FALSE,,,FALSE,,,"2nd and 15 at UNE23","No Huddle-Shotgun Jones,Damien rush middle for 6 yards gain to the UNE29 (Kirkman,Jais; Cruz,Ramon)."
"20250906_70fv",2025,"2025-09-06",1,"regular","University of New England","Coast Guard",,,,105,13,5,2,1,"01:45",,"01:45","01:45",1905,,1905,1905,"University of New England","Coast Guard",14,28,-14,3,9,71,FALSE,1,10,52,"pass_complete",TRUE,19,FALSE,TRUE,TRUE,FALSE,FALSE,FALSE,FALSE,FALSE,FALSE,FALSE,FALSE,FALSE,FALSE,FALSE,0,"TD",FALSE,FALSE,FALSE,FALSE,FALSE,FALSE,,,FALSE,,,"3rd and 9 at UNE29","Shotgun Lang,Chris pass complete short left to Zepeda,Berto caught at UNE40, for 19 yards to the UNE48 (Miller,Riley; White,Lucas), 1ST DOWN."
"20250906_70fv",2025,"2025-09-06",1,"regular","University of New England","Coast Guard",,,,106,13,6,2,1,,,"01:45","01:16",,,1905,1876,"University of New England","Coast Guard",14,28,-14,1,10,52,FALSE,2,7,49,"pass_complete",TRUE,3,FALSE,TRUE,TRUE,FALSE,FALSE,FALSE,FALSE,FALSE,FALSE,FALSE,FALSE,FALSE,FALSE,FALSE,0,"TD",FALSE,FALSE,TRUE,FALSE,TRUE,FALSE,,,FALSE,,,"1st and 10 at UNE48","No Huddle-Shotgun Lang,Chris pass complete short left to Jones,Damien caught at UNE49, for 3 yards to the CGA49 (Miller,Riley)."
"20250906_70fv",2025,"2025-09-06",1,"regular","University of New England","Coast Guard",,,,107,13,7,2,1,,"01:16","01:45","01:16",,1876,1905,1876,"University of New England","Coast Guard",14,28,-14,2,7,49,FALSE,,,,"rush",TRUE,49,TRUE,FALSE,FALSE,FALSE,FALSE,FALSE,FALSE,FALSE,TRUE,FALSE,FALSE,FALSE,FALSE,TRUE,6,"TD",FALSE,FALSE,FALSE,FALSE,FALSE,FALSE,,,FALSE,,,"2nd and 7 at CGA49","No Huddle-Shotgun Jones,Damien rush middle for 49 yards gain to the CGA00 TOUCHDOWN, clock 01:16, 1ST DOWN."
"20250906_70fv",2025,"2025-09-06",1,"regular","University of New England","Coast Guard",,,,108,13,8,2,1,"01:16",,"01:16","01:16",1876,,1876,1876,"University of New England","Coast Guard",20,28,-8,,,,,,,,"extra_point",FALSE,,FALSE,FALSE,FALSE,FALSE,FALSE,FALSE,FALSE,FALSE,FALSE,FALSE,FALSE,FALSE,FALSE,TRUE,1,"TD",FALSE,FALSE,FALSE,FALSE,FALSE,FALSE,,,FALSE,,,"","Lacaprucia,Anthony kick attempt good (H: Durkin,Cam, LS: Johnson,Bodie)."
"20250906_70fv",2025,"2025-09-06",1,"regular","University of New England","Coast Guard",,,,109,14,1,2,1,"01:16","01:16","01:16","01:16",1876,1876,1876,1876,"Coast Guard","University of New England",28,21,7,,,,,1,10,75,"kickoff",FALSE,,FALSE,FALSE,FALSE,FALSE,FALSE,FALSE,FALSE,FALSE,FALSE,FALSE,FALSE,FALSE,FALSE,FALSE,0,"FG",FALSE,FALSE,FALSE,FALSE,FALSE,FALSE,,,FALSE,,,"","Niland,Jack kickoff 65 yards to the CGA00, Touchback."
"20250906_70fv",2025,"2025-09-06",1,"regular","University of New England","Coast Guard",,,,110,14,2,2,1,"01:16",,"01:16","01:16",1876,,1876,1876,"Coast Guard","University of New England",28,21,7,1,10,75,FALSE,1,10,61,"pass_complete",TRUE,14,FALSE,TRUE,TRUE,FALSE,FALSE,FALSE,FALSE,FALSE,FALSE,FALSE,FALSE,FALSE,FALSE,FALSE,0,"FG",TRUE,FALSE,FALSE,FALSE,TRUE,FALSE,,,FALSE,,,"1st and 10 at CGA25","No Huddle-Shotgun Burns,Sean pass complete short left to Desta,Broock caught at CGA37, for 14 yards to the CGA39 (Winslow,Chris), 1ST DOWN."
"20250906_70fv",2025,"2025-09-06",1,"regular","University of New England","Coast Guard",,,,111,14,3,2,1,,,"01:16","00:46",,,1876,1846,"Coast Guard","University of New England",28,21,7,1,10,61,FALSE,1,10,46,"pass_complete",TRUE,15,FALSE,TRUE,TRUE,FALSE,FALSE,FALSE,FALSE,FALSE,FALSE,FALSE,FALSE,FALSE,FALSE,FALSE,0,"FG",FALSE,FALSE,TRUE,FALSE,TRUE,FALSE,,,FALSE,,,"1st and 10 at CGA39","No Huddle-Shotgun Burns,Sean pass complete short middle to LaBouliere,Matthew caught at CGA45, for 15 yards to the UNE46 (Cardoso,Ben), 1ST DOWN."
"20250906_70fv",2025,"2025-09-06",1,"regular","University of New England","Coast Guard",,,,112,14,4,2,1,,,"01:16","00:46",,,1876,1846,"Coast Guard","University of New England",28,21,7,1,10,46,FALSE,1,10,10,"pass_complete",TRUE,36,FALSE,TRUE,TRUE,FALSE,FALSE,FALSE,FALSE,FALSE,FALSE,FALSE,FALSE,FALSE,FALSE,FALSE,0,"FG",FALSE,FALSE,TRUE,FALSE,TRUE,FALSE,,,FALSE,,,"1st and 10 at UNE46","No Huddle-Shotgun Burns,Sean pass complete deep left to LaBouliere,Matthew caught at UNE11, for 36 yards to the UNE10 (Winslow,Chris), 1ST DOWN."
"20250906_70fv",2025,"2025-09-06",1,"regular","University of New England","Coast Guard",,,,113,14,5,2,1,,,"01:16","00:46",,,1876,1846,"Coast Guard","University of New England",28,21,7,1,10,10,TRUE,1,15,15,"penalty_no_play",TRUE,,FALSE,FALSE,FALSE,FALSE,FALSE,FALSE,FALSE,FALSE,FALSE,FALSE,FALSE,FALSE,FALSE,FALSE,0,"FG",FALSE,FALSE,TRUE,FALSE,TRUE,TRUE,-5,"Coast Guard",TRUE,FALSE,"PENALTY CGA False Start 5 yards from UNE10 to UNE15. NO PLAY.","1st and 10 at UNE10","PENALTY CGA False Start 5 yards from UNE10 to UNE15. NO PLAY."
"20250906_70fv",2025,"2025-09-06",1,"regular","University of New England","Coast Guard",,,,114,14,6,2,1,,,"01:16","00:46",,,1876,1846,"Coast Guard","University of New England",28,21,7,1,15,15,TRUE,2,18,18,"pass_complete",TRUE,-3,FALSE,TRUE,TRUE,FALSE,FALSE,FALSE,FALSE,FALSE,FALSE,FALSE,FALSE,FALSE,FALSE,FALSE,0,"FG",FALSE,FALSE,FALSE,FALSE,FALSE,FALSE,,,FALSE,,,"1st and 15 at UNE15","No Huddle-Shotgun Burns,Sean pass complete short left to Desta,Broock caught at UNE11, for 3 yards loss to the UNE18 (Winslow,Chris; Mojica,Isaiah)."
"20250906_70fv",2025,"2025-09-06",1,"regular","University of New England","Coast Guard",,,,115,14,7,2,1,"00:46",,"00:46","00:46",1846,,1846,1846,"Coast Guard","University of New England",28,21,7,2,18,18,TRUE,3,18,18,"pass_incomplete",TRUE,0,FALSE,TRUE,FALSE,FALSE,FALSE,FALSE,FALSE,FALSE,FALSE,FALSE,FALSE,FALSE,FALSE,FALSE,0,"FG",FALSE,FALSE,FALSE,FALSE,FALSE,FALSE,,,FALSE,,,"2nd and 18 at UNE18","No Huddle-Shotgun Burns,Sean pass incomplete short middle to LaBouliere,Matthew thrown to UNE00 broken up by Winslow,Chris."
"20250906_70fv",2025,"2025-09-06",1,"regular","University of New England","Coast Guard",,,,116,14,8,2,1,,,"00:46","00:00",,,1846,1800,"Coast Guard","University of New England",28,21,7,3,18,18,TRUE,4,5,5,"pass_complete",TRUE,13,FALSE,TRUE,TRUE,FALSE,FALSE,FALSE,FALSE,FALSE,FALSE,FALSE,FALSE,FALSE,FALSE,FALSE,0,"FG",FALSE,FALSE,FALSE,FALSE,FALSE,FALSE,,,FALSE,,,"3rd and 18 at UNE18","No Huddle-Shotgun Burns,Sean pass complete short middle to Baadani,Amr caught at UNE07, for 13 yards to the UNE05 (Cardoso,Ben)."
"20250906_70fv",2025,"2025-09-06",1,"regular","University of New England","Coast Guard",,,,117,14,9,2,1,,"00:00","00:46","00:00",,1800,1846,1800,"Coast Guard","University of New England",28,21,7,4,5,5,TRUE,,,,"field_goal_good",TRUE,,FALSE,FALSE,FALSE,FALSE,FALSE,FALSE,FALSE,FALSE,FALSE,FALSE,TRUE,TRUE,FALSE,TRUE,3,"FG",FALSE,FALSE,FALSE,FALSE,FALSE,FALSE,,,FALSE,,,"4th and 5 at UNE5","McClure,Caleb field goal attempt from 22 yards GOOD (H: Brooks,Brennan, LS: Mackenzie,Spencer), clock 00:00."
"20250906_70fv",2025,"2025-09-06",1,"regular","University of New England","Coast Guard",,,,118,15,1,3,2,"15:00","15:00","15:00","15:00",1800,1800,1800,1800,"Coast Guard","University of New England",31,21,10,,,,,1,10,75,"kickoff",FALSE,,FALSE,FALSE,FALSE,FALSE,FALSE,FALSE,FALSE,FALSE,FALSE,FALSE,FALSE,FALSE,FALSE,FALSE,0,"FUMBLE",FALSE,FALSE,FALSE,FALSE,FALSE,FALSE,,,FALSE,,,"","Niland,Jack kickoff 65 yards to the CGA00, Touchback."
"20250906_70fv",2025,"2025-09-06",1,"regular","University of New England","Coast Guard",,,,119,15,2,3,2,"15:00",,"15:00","15:00",1800,,1800,1800,"Coast Guard","University of New England",31,21,10,1,10,75,FALSE,1,10,64,"rush",TRUE,11,TRUE,FALSE,FALSE,FALSE,FALSE,FALSE,FALSE,FALSE,FALSE,FALSE,FALSE,FALSE,FALSE,FALSE,0,"FUMBLE",TRUE,FALSE,FALSE,FALSE,TRUE,FALSE,,,FALSE,,,"1st and 10 at CGA25","No Huddle-Shotgun Hensley,Harrison rush middle for 11 yards gain to the CGA36 (Cardoso,Ben; Winslow,Chris), 1ST DOWN."
"20250906_70fv",2025,"2025-09-06",1,"regular","University of New England","Coast Guard",,,,120,15,3,3,2,,,"15:00","10:45",,,1800,1545,"Coast Guard","University of New England",31,21,10,1,10,64,FALSE,2,9,63,"rush",TRUE,1,TRUE,FALSE,FALSE,FALSE,FALSE,FALSE,FALSE,FALSE,FALSE,FALSE,FALSE,FALSE,FALSE,FALSE,0,"FUMBLE",FALSE,FALSE,TRUE,FALSE,TRUE,FALSE,,,FALSE,,,"1st and 10 at CGA36","No Huddle-Shotgun Patrick,Glenn rush middle for 1 yard gain to the CGA37 (Jeremy,Teighan)."
"20250906_70fv",2025,"2025-09-06",1,"regular","University of New England","Coast Guard",,,,121,15,4,3,2,,,"15:00","10:45",,,1800,1545,"Coast Guard","University of New England",31,21,10,2,9,63,FALSE,1,10,53,"pass_incomplete",TRUE,,FALSE,FALSE,FALSE,FALSE,FALSE,FALSE,FALSE,FALSE,FALSE,FALSE,FALSE,FALSE,FALSE,FALSE,0,"FUMBLE",FALSE,FALSE,FALSE,FALSE,FALSE,TRUE,10,"University of New England",TRUE,FALSE,"PENALTY UNE Holding (Mojica,Isaiah) 10 yards from CGA37 to CGA47, 1ST DOWN. NO PLAY.","2nd and 9 at CGA37","No Huddle-Shotgun Burns,Sean pass incomplete short right to Desta,Broock thrown to CGA46 PENALTY UNE Holding (Mojica,Isaiah) 10 yards from CGA37 to CGA47, 1ST DOWN. NO PLAY."
"20250906_70fv",2025,"2025-09-06",1,"regular","University of New England","Coast Guard",,,,122,15,5,3,2,,,"15:00","10:45",,,1800,1545,"Coast Guard","University of New England",31,21,10,1,10,53,FALSE,2,9,52,"rush",TRUE,1,TRUE,FALSE,FALSE,FALSE,FALSE,FALSE,FALSE,FALSE,FALSE,FALSE,FALSE,FALSE,FALSE,FALSE,0,"FUMBLE",FALSE,FALSE,FALSE,TRUE,TRUE,FALSE,,,FALSE,,,"1st and 10 at CGA47","No Huddle-Shotgun Patrick,Glenn rush middle for 1 yard gain to the CGA48 (Villis,George; Wonson,Ashton)."
"20250906_70fv",2025,"2025-09-06",1,"regular","University of New England","Coast Guard",,,,123,15,6,3,2,,,"15:00","10:45",,,1800,1545,"Coast Guard","University of New England",31,21,10,2,9,52,FALSE,3,5,48,"pass_complete",TRUE,4,FALSE,TRUE,TRUE,FALSE,FALSE,FALSE,FALSE,FALSE,FALSE,FALSE,FALSE,FALSE,FALSE,FALSE,0,"FUMBLE",FALSE,FALSE,FALSE,FALSE,FALSE,FALSE,,,FALSE,,,"2nd and 9 at CGA48","No Huddle-Shotgun Burns,Sean pass complete short left to Hensley,Harrison caught at CGA49, for 4 yards to the UNE48 (Cardoso,Ben)."
"20250906_70fv",2025,"2025-09-06",1,"regular","University of New England","Coast Guard",,,,124,15,7,3,2,,,"15:00","10:45",,,1800,1545,"Coast Guard","University of New England",31,21,10,3,5,48,FALSE,1,7,7,"pass_complete",TRUE,41,FALSE,TRUE,TRUE,FALSE,FALSE,FALSE,FALSE,FALSE,FALSE,FALSE,FALSE,FALSE,FALSE,FALSE,0,"FUMBLE",FALSE,FALSE,FALSE,FALSE,FALSE,FALSE,,,FALSE,,,"3rd and 5 at UNE48","No Huddle-Shotgun Burns,Sean pass complete short right to Hensley,Harrison caught at UNE45, for 41 yards to the UNE07 (Villis,George), 1ST DOWN."
"20250906_70fv",2025,"2025-09-06",1,"regular","University of New England","Coast Guard",,,,125,15,8,3,2,,,"15:00","10:45",,,1800,1545,"Coast Guard","University of New England",31,21,10,1,7,7,TRUE,2,4,4,"rush",TRUE,3,TRUE,FALSE,FALSE,FALSE,FALSE,FALSE,FALSE,FALSE,FALSE,FALSE,FALSE,FALSE,FALSE,FALSE,0,"FUMBLE",FALSE,FALSE,TRUE,FALSE,TRUE,FALSE,,,FALSE,,,"1st and 7 at UNE7","No Huddle-Shotgun Patrick,Glenn rush middle for 3 yards gain to the UNE04 (Jeremy,Teighan; Sherck,Spencer)."
"20250906_70fv",2025,"2025-09-06",1,"regular","University of New England","Coast Guard",,,,126,15,9,3,2,,,"15:00","10:45",,,1800,1545,"Coast Guard","University of New England",31,21,10,2,4,4,TRUE,3,2,2,"rush",TRUE,2,TRUE,FALSE,FALSE,FALSE,FALSE,FALSE,FALSE,FALSE,FALSE,FALSE,FALSE,FALSE,FALSE,FALSE,0,"FUMBLE",FALSE,FALSE,FALSE,FALSE,FALSE,FALSE,,,FALSE,,,"2nd and 4 at UNE4","No Huddle-Shotgun Burns,Sean rush middle for 2 yards gain to the UNE02 (Hayes,Aaron; Hammond,Jason)."
"20250906_70fv",2025,"2025-09-06",1,"regular","University of New England","Coast Guard",,,,127,15,10,3,2,,,"15:00","10:45",,,1800,1545,"Coast Guard","University of New England",31,21,10,3,2,2,TRUE,4,1,1,"rush",TRUE,1,TRUE,FALSE,FALSE,FALSE,FALSE,FALSE,FALSE,FALSE,FALSE,FALSE,FALSE,FALSE,FALSE,FALSE,0,"FUMBLE",FALSE,FALSE,FALSE,FALSE,FALSE,FALSE,,,FALSE,,,"3rd and 2 at UNE2","No Huddle-Shotgun Burns,Sean rush middle for 1 yard gain to the UNE01 (Winslow,Chris; Hammond,Jason)."
"20250906_70fv",2025,"2025-09-06",1,"regular","University of New England","Coast Guard",,,,128,15,11,3,2,,"10:45","15:00","10:45",,1545,1800,1545,"Coast Guard","University of New England",31,21,10,4,1,1,TRUE,1,10,98,"rush",TRUE,-1,TRUE,FALSE,FALSE,FALSE,FALSE,TRUE,TRUE,FALSE,FALSE,FALSE,FALSE,FALSE,FALSE,FALSE,0,"FUMBLE",FALSE,FALSE,FALSE,FALSE,FALSE,FALSE,,,FALSE,,,"4th and 1 at UNE1","No Huddle-Shotgun Burns,Sean rush middle for 1 yard loss to the UNE02 fumbled by Burns,Sean at UNE01 forced by Cardoso,Ben recovered by UNE Cardoso,Ben at UNE02, End Of Play."
"20250906_70fv",2025,"2025-09-06",1,"regular","University of New England","Coast Guard",,,,129,16,1,3,2,"10:45",,"10:45","10:45",1545,,1545,1545,"University of New England","Coast Guard",21,31,-10,1,10,98,FALSE,2,3,91,"pass_complete",TRUE,7,FALSE,TRUE,TRUE,FALSE,FALSE,FALSE,FALSE,FALSE,FALSE,FALSE,FALSE,FALSE,FALSE,FALSE,0,"TD",FALSE,TRUE,FALSE,FALSE,TRUE,FALSE,,,FALSE,,,"1st and 10 at UNE2","No Huddle-Shotgun Lang,Chris pass complete short right to Anderson,Gavin caught at UNE10, for 7 yards to the UNE09 (Cuellar,Jael)."
"20250906_70fv",2025,"2025-09-06",1,"regular","University of New England","Coast Guard",,,,130,16,2,3,2,,,"10:45","08:13",,,1545,1393,"University of New England","Coast Guard",21,31,-10,2,3,91,FALSE,1,10,85,"rush",TRUE,6,TRUE,FALSE,FALSE,FALSE,FALSE,FALSE,FALSE,FALSE,FALSE,FALSE,FALSE,FALSE,FALSE,FALSE,0,"TD",FALSE,FALSE,FALSE,FALSE,FALSE,FALSE,,,FALSE,,,"2nd and 3 at UNE9","No Huddle-Shotgun Jones,Damien rush middle for 6 yards gain to the UNE15 (Miller,Riley), 1ST DOWN."
"20250906_70fv",2025,"2025-09-06",1,"regular","University of New England","Coast Guard",,,,131,16,3,3,2,,,"10:45","08:13",,,1545,1393,"University of New England","Coast Guard",21,31,-10,1,10,85,FALSE,1,15,90,"penalty_no_play",TRUE,,FALSE,FALSE,FALSE,FALSE,FALSE,FALSE,FALSE,FALSE,FALSE,FALSE,FALSE,FALSE,FALSE,FALSE,0,"TD",FALSE,FALSE,TRUE,FALSE,TRUE,TRUE,-5,"University of New England",TRUE,FALSE,"PENALTY UNE False Start (Muoio,Ily) 5 yards from UNE15 to UNE10. NO PLAY.","1st and 10 at UNE15","PENALTY UNE False Start (Muoio,Ily) 5 yards from UNE15 to UNE10. NO PLAY."
"20250906_70fv",2025,"2025-09-06",1,"regular","University of New England","Coast Guard",,,,132,16,4,3,2,,,"10:45","08:13",,,1545,1393,"University of New England","Coast Guard",21,31,-10,1,15,90,FALSE,2,4,79,"rush",TRUE,11,TRUE,FALSE,FALSE,FALSE,FALSE,FALSE,FALSE,FALSE,FALSE,FALSE,FALSE,FALSE,FALSE,FALSE,0,"TD",FALSE,FALSE,FALSE,FALSE,FALSE,FALSE,,,FALSE,,,"1st and 15 at UNE10","No Huddle-Shotgun Lang,Chris rush middle for 11 yards gain to the UNE21 (Shank,Michael)."
"20250906_70fv",2025,"2025-09-06",1,"regular","University of New England","Coast Guard",,,,133,16,5,3,2,,,"10:45","08:13",,,1545,1393,"University of New England","Coast Guard",21,31,-10,2,4,79,FALSE,1,10,75,"rush",TRUE,4,TRUE,FALSE,FALSE,FALSE,FALSE,FALSE,FALSE,FALSE,FALSE,FALSE,FALSE,FALSE,FALSE,FALSE,0,"TD",FALSE,FALSE,FALSE,FALSE,FALSE,FALSE,,,FALSE,,,"2nd and 4 at UNE21","No Huddle-Shotgun Jones,Damien rush middle for 4 yards gain to the UNE25 (Cruz,Ramon; White,Lucas), 1ST DOWN."
"20250906_70fv",2025,"2025-09-06",1,"regular","University of New England","Coast Guard",,,,134,16,6,3,2,,,"10:45","08:13",,,1545,1393,"University of New England","Coast Guard",21,31,-10,1,10,75,FALSE,2,10,75,"pass_incomplete",TRUE,0,FALSE,TRUE,FALSE,FALSE,FALSE,FALSE,FALSE,FALSE,FALSE,FALSE,FALSE,FALSE,FALSE,FALSE,0,"TD",FALSE,FALSE,TRUE,FALSE,TRUE,FALSE,,,FALSE,,,"1st and 10 at UNE25","No Huddle-Shotgun Lang,Chris pass incomplete short middle to Zepeda,Berto thrown to UNE32 broken up by Delevan,Blake."
"20250906_70fv",2025,"2025-09-06",1,"regular","University of New England","Coast Guard",,,,135,16,7,3,2,,,"10:45","08:13",,,1545,1393,"University of New England","Coast Guard",21,31,-10,2,10,75,FALSE,3,7,72,"rush",TRUE,3,TRUE,FALSE,FALSE,FALSE,FALSE,FALSE,FALSE,FALSE,FALSE,FALSE,FALSE,FALSE,FALSE,FALSE,0,"TD",FALSE,FALSE,FALSE,FALSE,FALSE,FALSE,,,FALSE,,,"2nd and 10 at UNE25","No Huddle-Shotgun Jones,Damien rush middle for 3 yards gain to the UNE28 (LaMar,Tyler)."
"20250906_70fv",2025,"2025-09-06",1,"regular","University of New England","Coast Guard",,,,136,16,8,3,2,,,"10:45","08:13",,,1545,1393,"University of New England","Coast Guard",21,31,-10,3,7,72,FALSE,1,10,30,"pass_complete",TRUE,42,FALSE,TRUE,TRUE,FALSE,FALSE,FALSE,FALSE,FALSE,FALSE,FALSE,FALSE,FALSE,FALSE,FALSE,0,"TD",FALSE,FALSE,FALSE,FALSE,FALSE,FALSE,,,FALSE,,,"3rd and 7 at UNE28","No Huddle-Shotgun Lang,Chris pass complete deep left to Zepeda,Berto caught at CGA47, for 42 yards to the CGA30 (Delevan,Blake), 1ST DOWN."
"20250906_70fv",2025,"2025-09-06",1,"regular","University of New England","Coast Guard",,,,137,16,9,3,2,,,"10:45","08:13",,,1545,1393,"University of New England","Coast Guard",21,31,-10,1,10,30,FALSE,2,3,23,"rush",TRUE,7,TRUE,FALSE,FALSE,FALSE,FALSE,FALSE,FALSE,FALSE,FALSE,FALSE,FALSE,FALSE,FALSE,FALSE,0,"TD",FALSE,FALSE,TRUE,FALSE,TRUE,FALSE,,,FALSE,,,"1st and 10 at CGA30","No Huddle-Shotgun Jones,Damien rush middle for 7 yards gain to the CGA23 (White,Lucas; Delevan,Blake)."
"20250906_70fv",2025,"2025-09-06",1,"regular","University of New England","Coast Guard",,,,138,16,10,3,2,,,"10:45","08:13",,,1545,1393,"University of New England","Coast Guard",21,31,-10,2,3,23,FALSE,3,3,23,"pass_incomplete",TRUE,0,FALSE,TRUE,FALSE,FALSE,FALSE,FALSE,FALSE,FALSE,FALSE,FALSE,FALSE,FALSE,FALSE,FALSE,0,"TD",FALSE,FALSE,FALSE,FALSE,FALSE,FALSE,,,FALSE,,,"2nd and 3 at CGA23","No Huddle-Shotgun Lang,Chris pass incomplete short middle to Zepeda,Berto thrown to CGA17."
"20250906_70fv",2025,"2025-09-06",1,"regular","University of New England","Coast Guard",,,,139,16,11,3,2,,,"10:45","08:13",,,1545,1393,"University of New England","Coast Guard",21,31,-10,3,3,23,FALSE,1,1,1,"pass_complete",TRUE,22,FALSE,TRUE,TRUE,FALSE,FALSE,FALSE,FALSE,FALSE,FALSE,FALSE,FALSE,FALSE,FALSE,FALSE,0,"TD",FALSE,FALSE,FALSE,FALSE,FALSE,FALSE,,,FALSE,,,"3rd and 3 at CGA23","No Huddle-Shotgun Lang,Chris pass complete short left to Zepeda,Berto caught at CGA12, for 22 yards to the CGA01 (Cruz,Ramon; Delevan,Blake), out of bounds, 1ST DOWN."
"20250906_70fv",2025,"2025-09-06",1,"regular","University of New England","Coast Guard",,,,140,16,12,3,2,,"08:13","10:45","08:13",,1393,1545,1393,"University of New England","Coast Guard",21,31,-10,1,1,1,TRUE,,,,"rush",TRUE,1,TRUE,FALSE,FALSE,FALSE,FALSE,FALSE,FALSE,FALSE,TRUE,FALSE,FALSE,FALSE,FALSE,TRUE,6,"TD",FALSE,FALSE,TRUE,FALSE,TRUE,FALSE,,,FALSE,,,"1st and 1 at CGA1","No Huddle-Shotgun Jones,Damien rush middle for 1 yard gain to the CGA00 TOUCHDOWN, clock 08:13."
"20250906_70fv",2025,"2025-09-06",1,"regular","University of New England","Coast Guard",,,,141,16,13,3,2,"08:13",,"08:13","08:13",1393,,1393,1393,"University of New England","Coast Guard",27,31,-4,,,,,,,,"extra_point",FALSE,,FALSE,FALSE,FALSE,FALSE,FALSE,FALSE,FALSE,FALSE,FALSE,FALSE,FALSE,FALSE,FALSE,TRUE,1,"TD",FALSE,FALSE,FALSE,FALSE,FALSE,FALSE,,,FALSE,,,"","Lacaprucia,Anthony kick attempt good (H: Durkin,Cam, LS: Johnson,Bodie)."
"20250906_70fv",2025,"2025-09-06",1,"regular","University of New England","Coast Guard",,,,142,17,1,3,2,"08:13","08:13","08:13","08:13",1393,1393,1393,1393,"Coast Guard","University of New England",31,28,3,,,,,1,10,75,"kickoff",FALSE,,FALSE,FALSE,FALSE,FALSE,FALSE,FALSE,FALSE,FALSE,FALSE,FALSE,FALSE,FALSE,FALSE,FALSE,0,"TD",FALSE,FALSE,FALSE,FALSE,FALSE,FALSE,,,FALSE,,,"","Niland,Jack kickoff 65 yards to the CGA00, Touchback."
"20250906_70fv",2025,"2025-09-06",1,"regular","University of New England","Coast Guard",,,,143,17,2,3,2,"08:13",,"08:13","08:13",1393,,1393,1393,"Coast Guard","University of New England",31,28,3,1,10,75,FALSE,2,2,67,"rush",TRUE,8,TRUE,FALSE,FALSE,FALSE,FALSE,FALSE,FALSE,FALSE,FALSE,FALSE,FALSE,FALSE,FALSE,FALSE,0,"TD",TRUE,FALSE,FALSE,FALSE,TRUE,FALSE,,,FALSE,,,"1st and 10 at CGA25","No Huddle-Shotgun Hensley,Harrison rush middle for 8 yards gain to the CGA33 (Hammond,Jason)."
"20250906_70fv",2025,"2025-09-06",1,"regular","University of New England","Coast Guard",,,,144,17,3,3,2,,,"08:13","07:37",,,1393,1357,"Coast Guard","University of New England",31,28,3,2,2,67,FALSE,1,10,57,"rush",TRUE,10,TRUE,FALSE,FALSE,FALSE,FALSE,FALSE,FALSE,FALSE,FALSE,FALSE,FALSE,FALSE,FALSE,FALSE,0,"TD",FALSE,FALSE,FALSE,FALSE,FALSE,FALSE,,,FALSE,,,"2nd and 2 at CGA33","No Huddle-Shotgun Hensley,Harrison rush middle for 10 yards gain to the CGA43 (Clark,Oscar), out of bounds, 1ST DOWN."
"20250906_70fv",2025,"2025-09-06",1,"regular","University of New England","Coast Guard",,,,145,17,4,3,2,,"07:37","08:13","07:37",,1357,1393,1357,"Coast Guard","University of New England",31,28,3,1,10,57,FALSE,,,,"rush",TRUE,57,TRUE,FALSE,FALSE,FALSE,FALSE,FALSE,FALSE,FALSE,TRUE,FALSE,FALSE,FALSE,FALSE,TRUE,6,"TD",FALSE,FALSE,TRUE,FALSE,TRUE,FALSE,,,FALSE,,,"1st and 10 at CGA43","No Huddle-Shotgun Hensley,Harrison rush middle for 57 yards gain to the UNE00 TOUCHDOWN, clock 07:37, 1ST DOWN."
"20250906_70fv",2025,"2025-09-06",1,"regular","University of New England","Coast Guard",,,,146,17,5,3,2,"07:37",,"07:37","07:37",1357,,1357,1357,"Coast Guard","University of New England",37,28,9,,,,,,,,"extra_point",FALSE,,FALSE,FALSE,FALSE,FALSE,FALSE,FALSE,FALSE,FALSE,FALSE,FALSE,FALSE,FALSE,FALSE,TRUE,1,"TD",FALSE,FALSE,FALSE,FALSE,FALSE,FALSE,,,FALSE,,,"","McClure,Caleb kick attempt good (H: Brooks,Brennan, LS: Usry,Joshua)."
"20250906_70fv",2025,"2025-09-06",1,"regular","University of New England","Coast Guard",,,,147,18,1,3,2,"07:37","07:29","07:37","07:37",1357,1349,1357,1357,"University of New England","Coast Guard",28,38,-10,,,,,1,10,58,"kickoff",FALSE,,FALSE,FALSE,FALSE,FALSE,FALSE,FALSE,FALSE,FALSE,FALSE,FALSE,FALSE,FALSE,FALSE,FALSE,0,"TD",FALSE,FALSE,FALSE,FALSE,FALSE,FALSE,,,FALSE,,,"","Bates,Connor kickoff 54 yards to the UNE11 Germano,John return 31 yards to the UNE42 (James,Brody)."
"20250906_70fv",2025,"2025-09-06",1,"regular","University of New England","Coast Guard",,,,148,18,2,3,2,"07:29",,"07:29","07:29",1349,,1349,1349,"University of New England","Coast Guard",28,38,-10,1,10,58,FALSE,2,9,57,"rush",TRUE,1,TRUE,FALSE,FALSE,FALSE,FALSE,FALSE,FALSE,FALSE,FALSE,FALSE,FALSE,FALSE,FALSE,FALSE,0,"TD",TRUE,FALSE,FALSE,FALSE,TRUE,FALSE,,,FALSE,,,"1st and 10 at UNE42","No Huddle-Shotgun Delgado,Nathan rush middle for 1 yard gain to the UNE43 (Kirkman,Jais)."
"20250906_70fv",2025,"2025-09-06",1,"regular","University of New England","Coast Guard",,,,149,18,3,3,2,,,"07:29","04:07",,,1349,1147,"University of New England","Coast Guard",28,38,-10,2,9,57,FALSE,3,4,52,"rush",TRUE,5,TRUE,FALSE,FALSE,FALSE,FALSE,FALSE,FALSE,FALSE,FALSE,FALSE,FALSE,FALSE,FALSE,FALSE,0,"TD",FALSE,FALSE,FALSE,FALSE,FALSE,FALSE,,,FALSE,,,"2nd and 9 at UNE43","No Huddle-Shotgun Lang,Chris rush middle for 5 yards gain to the UNE48 (White,Lucas; James,Brody)."
"20250906_70fv",2025,"2025-09-06",1,"regular","University of New England","Coast Guard",,,,150,18,4,3,2,,,"07:29","04:07",,,1349,1147,"University of New England","Coast Guard",28,38,-10,3,4,52,FALSE,1,10,43,"pass_complete",TRUE,9,FALSE,TRUE,TRUE,FALSE,FALSE,FALSE,FALSE,FALSE,FALSE,FALSE,FALSE,FALSE,FALSE,FALSE,0,"TD",FALSE,FALSE,FALSE,FALSE,FALSE,FALSE,,,FALSE,,,"3rd and 4 at UNE48","No Huddle-Shotgun Lang,Chris pass complete short left to Yeaton,Alex caught at UNE48, for 9 yards to the CGA43 (Mixon,Preston), 1ST DOWN."
"20250906_70fv",2025,"2025-09-06",1,"regular","University of New England","Coast Guard",,,,151,18,5,3,2,,,"07:29","04:07",,,1349,1147,"University of New England","Coast Guard",28,38,-10,1,10,43,FALSE,2,10,43,"pass_incomplete",TRUE,0,FALSE,TRUE,FALSE,FALSE,FALSE,FALSE,FALSE,FALSE,FALSE,FALSE,FALSE,FALSE,FALSE,FALSE,0,"TD",FALSE,FALSE,TRUE,FALSE,TRUE,FALSE,,,FALSE,,,"1st and 10 at CGA43","No Huddle-Shotgun Lang,Chris pass incomplete short middle to Visbeek,Tim thrown to CGA40."
"20250906_70fv",2025,"2025-09-06",1,"regular","University of New England","Coast Guard",,,,152,18,6,3,2,,,"07:29","04:07",,,1349,1147,"University of New England","Coast Guard",28,38,-10,2,10,43,FALSE,2,5,38,"rush",TRUE,,FALSE,FALSE,FALSE,FALSE,FALSE,FALSE,FALSE,FALSE,FALSE,FALSE,FALSE,FALSE,FALSE,FALSE,0,"TD",FALSE,FALSE,FALSE,FALSE,FALSE,TRUE,5,"Coast Guard",TRUE,FALSE,"PENALTY CGA Offside 5 yards from CGA43 to CGA38. NO PLAY.","2nd and 10 at CGA43","No Huddle-Shotgun Delgado,Nathan rush middle for 4 yards gain to the CGA39 (James,Brody) PENALTY CGA Offside 5 yards from CGA43 to CGA38. NO PLAY."
"20250906_70fv",2025,"2025-09-06",1,"regular","University of New England","Coast Guard",,,,153,18,7,3,2,,,"07:29","04:07",,,1349,1147,"University of New England","Coast Guard",28,38,-10,2,5,38,FALSE,3,5,38,"pass_incomplete",TRUE,0,FALSE,TRUE,FALSE,FALSE,FALSE,FALSE,FALSE,FALSE,FALSE,FALSE,FALSE,FALSE,FALSE,FALSE,0,"TD",FALSE,FALSE,FALSE,FALSE,FALSE,FALSE,,,FALSE,,,"2nd and 5 at CGA38","Shotgun Lang,Chris pass incomplete deep left to Visbeek,Tim thrown to CGA02."
"20250906_70fv",2025,"2025-09-06",1,"regular","University of New England","Coast Guard",,,,154,18,8,3,2,,,"07:29","04:07",,,1349,1147,"University of New England","Coast Guard",28,38,-10,3,5,38,FALSE,4,5,38,"pass_incomplete",TRUE,0,FALSE,TRUE,FALSE,FALSE,FALSE,FALSE,FALSE,FALSE,FALSE,FALSE,FALSE,FALSE,FALSE,FALSE,0,"TD",FALSE,FALSE,FALSE,FALSE,FALSE,FALSE,,,FALSE,,,"3rd and 5 at CGA38","No Huddle-Shotgun Lang,Chris pass incomplete short left to Russ,Tanner thrown to CGA30."
"20250906_70fv",2025,"2025-09-06",1,"regular","University of New England","Coast Guard",,,,155,18,9,3,2,,,"07:29","04:07",,,1349,1147,"University of New England","Coast Guard",28,38,-10,4,5,38,FALSE,1,10,29,"rush",TRUE,9,TRUE,FALSE,FALSE,FALSE,FALSE,FALSE,FALSE,FALSE,FALSE,FALSE,FALSE,FALSE,FALSE,FALSE,0,"TD",FALSE,FALSE,FALSE,FALSE,FALSE,FALSE,,,FALSE,,,"4th and 5 at CGA38","No Huddle-Shotgun Lang,Chris rush middle for 9 yards gain to the CGA29 (Cuellar,Jael; Mixon,Preston), 1ST DOWN."
"20250906_70fv",2025,"2025-09-06",1,"regular","University of New England","Coast Guard",,,,156,18,10,3,2,,,"07:29","04:07",,,1349,1147,"University of New England","Coast Guard",28,38,-10,1,10,29,FALSE,2,2,21,"pass_complete",TRUE,8,FALSE,TRUE,TRUE,FALSE,FALSE,FALSE,FALSE,FALSE,FALSE,FALSE,FALSE,FALSE,FALSE,FALSE,0,"TD",FALSE,FALSE,TRUE,FALSE,TRUE,FALSE,,,FALSE,,,"1st and 10 at CGA29","No Huddle-Shotgun Lang,Chris pass complete short right to Russ,Tanner caught at CGA22, for 8 yards to the CGA21 (Cuellar,Jael)."
"20250906_70fv",2025,"2025-09-06",1,"regular","University of New England","Coast Guard",,,,157,18,11,3,2,,,"07:29","04:07",,,1349,1147,"University of New England","Coast Guard",28,38,-10,2,2,21,FALSE,1,10,17,"rush",TRUE,4,TRUE,FALSE,FALSE,FALSE,FALSE,FALSE,FALSE,FALSE,FALSE,FALSE,FALSE,FALSE,FALSE,FALSE,0,"TD",FALSE,FALSE,FALSE,FALSE,FALSE,FALSE,,,FALSE,,,"2nd and 2 at CGA21","No Huddle-Shotgun Delgado,Nathan rush middle for 4 yards gain to the CGA17 (Donahue,Collin), 1ST DOWN."
"20250906_70fv",2025,"2025-09-06",1,"regular","University of New England","Coast Guard",,,,158,18,12,3,2,,,"07:29","04:07",,,1349,1147,"University of New England","Coast Guard",28,38,-10,1,10,17,FALSE,2,10,17,"pass_incomplete",TRUE,0,FALSE,TRUE,FALSE,FALSE,FALSE,FALSE,FALSE,FALSE,FALSE,FALSE,FALSE,FALSE,FALSE,FALSE,0,"TD",FALSE,FALSE,TRUE,FALSE,TRUE,FALSE,,,FALSE,,,"1st and 10 at CGA17","No Huddle-Shotgun Lang,Chris pass incomplete short right thrown to CGA27."
"20250906_70fv",2025,"2025-09-06",1,"regular","University of New England","Coast Guard",,,,159,18,13,3,2,,,"07:29","04:07",,,1349,1147,"University of New England","Coast Guard",28,38,-10,2,10,17,FALSE,3,2,9,"rush",TRUE,8,TRUE,FALSE,FALSE,FALSE,FALSE,FALSE,FALSE,FALSE,FALSE,FALSE,FALSE,FALSE,FALSE,FALSE,0,"TD",FALSE,FALSE,FALSE,FALSE,FALSE,FALSE,,,FALSE,,,"2nd and 10 at CGA17","No Huddle-Shotgun Delgado,Nathan rush middle for 8 yards gain to the CGA09 (White,Lucas)."
"20250906_70fv",2025,"2025-09-06",1,"regular","University of New England","Coast Guard",,,,160,18,14,3,2,,,"07:29","04:07",,,1349,1147,"University of New England","Coast Guard",28,38,-10,3,2,9,FALSE,1,6,6,"pass_complete",TRUE,3,FALSE,TRUE,TRUE,FALSE,FALSE,FALSE,FALSE,FALSE,FALSE,FALSE,FALSE,FALSE,FALSE,FALSE,0,"TD",FALSE,FALSE,FALSE,FALSE,FALSE,FALSE,,,FALSE,,,"3rd and 2 at CGA9","No Huddle-Shotgun Lang,Chris pass complete short left to Yeaton,Alex caught at CGA06, for 3 yards to the CGA06 (Westkott,Noah), 1ST DOWN."
"20250906_70fv",2025,"2025-09-06",1,"regular","University of New England","Coast Guard",,,,161,18,15,3,2,,"04:07","07:29","04:07",,1147,1349,1147,"University of New England","Coast Guard",28,38,-10,1,6,6,TRUE,,,,"rush",TRUE,6,TRUE,FALSE,FALSE,FALSE,FALSE,FALSE,FALSE,FALSE,TRUE,FALSE,FALSE,FALSE,FALSE,TRUE,6,"TD",FALSE,FALSE,TRUE,FALSE,TRUE,FALSE,,,FALSE,,,"1st and 6 at CGA6","No Huddle-Shotgun Delgado,Nathan rush middle for 6 yards gain to the CGA00 TOUCHDOWN, clock 04:07."
"20250906_70fv",2025,"2025-09-06",1,"regular","University of New England","Coast Guard",,,,162,18,16,3,2,"04:07",,"04:07","04:07",1147,,1147,1147,"University of New England","Coast Guard",34,38,-4,,,,,,,,"extra_point",FALSE,,FALSE,FALSE,FALSE,FALSE,FALSE,FALSE,FALSE,FALSE,FALSE,FALSE,FALSE,FALSE,FALSE,TRUE,1,"TD",FALSE,FALSE,FALSE,FALSE,FALSE,FALSE,,,FALSE,,,"","Lacaprucia,Anthony kick attempt good (H: Durkin,Cam, LS: Johnson,Bodie)."
"20250906_70fv",2025,"2025-09-06",1,"regular","University of New England","Coast Guard",,,,163,19,1,3,2,"04:07","04:07","04:07","04:07",1147,1147,1147,1147,"Coast Guard","University of New England",38,35,3,,,,,1,10,75,"kickoff",FALSE,,FALSE,FALSE,FALSE,FALSE,FALSE,FALSE,FALSE,FALSE,FALSE,FALSE,FALSE,FALSE,FALSE,FALSE,0,"PUNT",FALSE,FALSE,FALSE,FALSE,FALSE,FALSE,,,FALSE,,,"","Niland,Jack kickoff 65 yards to the CGA00, Touchback."
"20250906_70fv",2025,"2025-09-06",1,"regular","University of New England","Coast Guard",,,,164,19,2,3,2,"04:07",,"04:07","04:07",1147,,1147,1147,"Coast Guard","University of New England",38,35,3,1,10,75,FALSE,2,10,75,"rush",TRUE,0,TRUE,FALSE,FALSE,FALSE,FALSE,FALSE,FALSE,FALSE,FALSE,FALSE,FALSE,FALSE,FALSE,FALSE,0,"PUNT",TRUE,FALSE,FALSE,FALSE,TRUE,FALSE,,,FALSE,,,"1st and 10 at CGA25","No Huddle-Shotgun Hensley,Harrison rush middle for 0 yards to the CGA25 (Cardoso,Ben)."
"20250906_70fv",2025,"2025-09-06",1,"regular","University of New England","Coast Guard",,,,165,19,3,3,2,,,"04:07","02:08",,,1147,1028,"Coast Guard","University of New England",38,35,3,2,10,75,FALSE,1,10,64,"pass_complete",TRUE,11,FALSE,TRUE,TRUE,FALSE,FALSE,FALSE,FALSE,FALSE,FALSE,FALSE,FALSE,FALSE,FALSE,FALSE,0,"PUNT",FALSE,FALSE,FALSE,FALSE,FALSE,FALSE,,,FALSE,,,"2nd and 10 at CGA25","No Huddle-Shotgun Burns,Sean pass complete short left to Denton,Chase caught at CGA30, for 11 yards to the CGA36 (Cardoso,Ben; Blood,Aidan), 1ST DOWN."
"20250906_70fv",2025,"2025-09-06",1,"regular","University of New England","Coast Guard",,,,166,19,4,3,2,,,"04:07","02:08",,,1147,1028,"Coast Guard","University of New England",38,35,3,1,10,64,FALSE,2,11,65,"rush",TRUE,-1,TRUE,FALSE,FALSE,FALSE,FALSE,FALSE,FALSE,FALSE,FALSE,FALSE,FALSE,FALSE,FALSE,FALSE,0,"PUNT",FALSE,FALSE,TRUE,FALSE,TRUE,FALSE,,,FALSE,,,"1st and 10 at CGA36","No Huddle-Shotgun Burns,Sean rush middle for 1 yard loss to the CGA35 (Blood,Aidan)."
"20250906_70fv",2025,"2025-09-06",1,"regular","University of New England","Coast Guard",,,,167,19,5,3,2,,,"04:07","02:08",,,1147,1028,"Coast Guard","University of New England",38,35,3,2,11,65,FALSE,3,3,57,"pass_complete",TRUE,8,FALSE,TRUE,TRUE,FALSE,FALSE,FALSE,FALSE,FALSE,FALSE,FALSE,FALSE,FALSE,FALSE,FALSE,0,"PUNT",FALSE,FALSE,FALSE,FALSE,FALSE,FALSE,,,FALSE,,,"2nd and 11 at CGA35","No Huddle-Shotgun Burns,Sean pass complete short left to Desta,Broock caught at CGA42, for 8 yards to the CGA43 (Cardoso,Ben)."
"20250906_70fv",2025,"2025-09-06",1,"regular","University of New England","Coast Guard",,,,168,19,6,3,2,,,"04:07","02:08",,,1147,1028,"Coast Guard","University of New England",38,35,3,3,3,57,FALSE,4,3,57,"rush",TRUE,0,TRUE,FALSE,FALSE,FALSE,FALSE,FALSE,FALSE,FALSE,FALSE,FALSE,FALSE,FALSE,FALSE,FALSE,0,"PUNT",FALSE,FALSE,FALSE,FALSE,FALSE,FALSE,,,FALSE,,,"3rd and 3 at CGA43","No Huddle-Shotgun Patrick,Glenn rush left for 0 yards to the CGA43 (Dawson,Damon; Cardoso,Ben)."
"20250906_70fv",2025,"2025-09-06",1,"regular","University of New England","Coast Guard",,,,169,19,7,3,2,,"02:08","04:07","02:08",,1028,1147,1028,"Coast Guard","University of New England",38,35,3,4,3,57,FALSE,1,10,78,"punt_no_return",TRUE,,FALSE,FALSE,FALSE,FALSE,FALSE,FALSE,FALSE,FALSE,FALSE,FALSE,FALSE,FALSE,TRUE,FALSE,0,"PUNT",FALSE,FALSE,FALSE,FALSE,FALSE,FALSE,,,FALSE,,,"4th and 3 at CGA43","Hubert,Lucas punt 35 yards to the UNE22 fair catch by Jones,Damien at UNE22."
"20250906_70fv",2025,"2025-09-06",1,"regular","University of New England","Coast Guard",,,,170,20,1,3,2,"02:08",,"02:08","02:08",1028,,1028,1028,"University of New England","Coast Guard",35,38,-3,1,10,78,FALSE,1,10,67,"pass_complete",TRUE,11,FALSE,TRUE,TRUE,FALSE,FALSE,FALSE,FALSE,FALSE,FALSE,FALSE,FALSE,FALSE,FALSE,FALSE,0,"MISSED FG",FALSE,TRUE,FALSE,FALSE,TRUE,FALSE,,,FALSE,,,"1st and 10 at UNE22","No Huddle-Shotgun Lang,Chris pass complete short left to Zepeda,Berto caught at UNE26, for 11 yards to the UNE33 (Westkott,Noah), 1ST DOWN."
"20250906_70fv",2025,"2025-09-06",1,"regular","University of New England","Coast Guard",,,,171,20,2,3,2,,,"02:08","00:00",,,1028,900,"University of New England","Coast Guard",35,38,-3,1,10,67,FALSE,2,10,67,"pass_incomplete",TRUE,0,FALSE,TRUE,FALSE,FALSE,FALSE,FALSE,FALSE,FALSE,FALSE,FALSE,FALSE,FALSE,FALSE,FALSE,0,"MISSED FG",FALSE,FALSE,TRUE,FALSE,TRUE,FALSE,,,FALSE,,,"1st and 10 at UNE33","No Huddle-Shotgun Lang,Chris pass incomplete short left to Jones,Damien thrown to UNE39 QB hurried by Wolf,William."
"20250906_70fv",2025,"2025-09-06",1,"regular","University of New England","Coast Guard",,,,172,20,3,3,2,,,"02:08","00:00",,,1028,900,"University of New England","Coast Guard",35,38,-3,2,10,67,FALSE,3,7,64,"rush",TRUE,3,TRUE,FALSE,FALSE,FALSE,FALSE,FALSE,FALSE,FALSE,FALSE,FALSE,FALSE,FALSE,FALSE,FALSE,0,"MISSED FG",FALSE,FALSE,FALSE,FALSE,FALSE,FALSE,,,FALSE,,,"2nd and 10 at UNE33","No Huddle-Shotgun Jones,Damien rush middle for 3 yards gain to the UNE36 (LaMar,Tyler)."
"20250906_70fv",2025,"2025-09-06",1,"regular","University of New England","Coast Guard",,,,173,20,4,3,2,,,"02:08","00:00",,,1028,900,"University of New England","Coast Guard",35,38,-3,3,7,64,FALSE,1,10,16,"pass_complete",TRUE,48,FALSE,TRUE,TRUE,FALSE,FALSE,FALSE,FALSE,FALSE,FALSE,FALSE,FALSE,FALSE,FALSE,FALSE,0,"MISSED FG",FALSE,FALSE,FALSE,FALSE,FALSE,FALSE,,,FALSE,,,"3rd and 7 at UNE36","No Huddle-Shotgun Lang,Chris pass complete short middle to Germano,John caught at CGA48, for 48 yards to the CGA16 (Cruz,Ramon), 1ST DOWN."
"20250906_70fv",2025,"2025-09-06",1,"regular","University of New England","Coast Guard",,,,174,20,5,3,2,,,"02:08","00:00",,,1028,900,"University of New England","Coast Guard",35,38,-3,1,10,16,FALSE,2,6,12,"rush",TRUE,4,TRUE,FALSE,FALSE,FALSE,FALSE,FALSE,FALSE,FALSE,FALSE,FALSE,FALSE,FALSE,FALSE,FALSE,0,"MISSED FG",FALSE,FALSE,TRUE,FALSE,TRUE,FALSE,,,FALSE,,,"1st and 10 at CGA16","No Huddle-Shotgun Jones,Damien rush middle for 4 yards gain to the CGA12 (Shank,Michael)."
"20250906_70fv",2025,"2025-09-06",1,"regular","University of New England","Coast Guard",,,,175,20,6,3,2,,,"02:08","00:00",,,1028,900,"University of New England","Coast Guard",35,38,-3,2,6,12,FALSE,3,6,12,"rush",TRUE,0,TRUE,FALSE,FALSE,FALSE,FALSE,FALSE,FALSE,FALSE,FALSE,FALSE,FALSE,FALSE,FALSE,FALSE,0,"MISSED FG",FALSE,FALSE,FALSE,FALSE,FALSE,FALSE,,,FALSE,,,"2nd and 6 at CGA12","No Huddle-Shotgun Jones,Damien rush middle for 0 yards to the CGA12 (Shank,Michael)."
"20250906_70fv",2025,"2025-09-06",1,"regular","University of New England","Coast Guard",,,,176,20,7,3,2,,,"02:08","00:00",,,1028,900,"University of New England","Coast Guard",35,38,-3,3,6,12,FALSE,4,3,9,"pass_complete",TRUE,3,FALSE,TRUE,TRUE,FALSE,FALSE,FALSE,FALSE,FALSE,FALSE,FALSE,FALSE,FALSE,FALSE,FALSE,0,"MISSED FG",FALSE,FALSE,FALSE,FALSE,FALSE,FALSE,,,FALSE,,,"3rd and 6 at CGA12","No Huddle-Shotgun Lang,Chris pass complete short right to Terry,Jon caught at CGA13, for 3 yards to the CGA09 (Cuellar,Jael)."
"20250906_70fv",2025,"2025-09-06",1,"regular","University of New England","Coast Guard",,,,177,20,8,4,2,"15:00","14:56","15:00","15:00",900,896,900,900,"University of New England","Coast Guard",35,38,-3,4,3,9,FALSE,1,10,80,"field_goal_missed",TRUE,,FALSE,FALSE,FALSE,FALSE,FALSE,FALSE,FALSE,FALSE,FALSE,FALSE,TRUE,FALSE,FALSE,FALSE,0,"MISSED FG",FALSE,FALSE,FALSE,FALSE,FALSE,FALSE,,,FALSE,,,"4th and 3 at CGA9","Lacaprucia,Anthony field goal attempt from 26 yards NO GOOD (H: Durkin,Cam, LS: Johnson,Bodie), clock 14:56."
"20250906_70fv",2025,"2025-09-06",1,"regular","University of New England","Coast Guard",,,,178,21,1,4,2,"14:56",,"14:56","14:56",896,,896,896,"Coast Guard","University of New England",38,35,3,1,10,80,FALSE,2,10,80,"pass_incomplete",TRUE,0,FALSE,TRUE,FALSE,FALSE,FALSE,FALSE,FALSE,FALSE,FALSE,FALSE,FALSE,FALSE,FALSE,FALSE,0,"FG",FALSE,TRUE,FALSE,FALSE,TRUE,FALSE,,,FALSE,,,"1st and 10 at CGA20","No Huddle-Shotgun Burns,Sean pass incomplete short right to Desta,Broock thrown to CGA26 broken up by Cardoso,Ben."
"20250906_70fv",2025,"2025-09-06",1,"regular","University of New England","Coast Guard",,,,179,21,2,4,2,,,"14:56","11:22",,,896,682,"Coast Guard","University of New England",38,35,3,2,10,80,FALSE,3,10,80,"pass_incomplete",TRUE,0,FALSE,TRUE,FALSE,FALSE,FALSE,FALSE,FALSE,FALSE,FALSE,FALSE,FALSE,FALSE,FALSE,FALSE,0,"FG",FALSE,FALSE,FALSE,FALSE,FALSE,FALSE,,,FALSE,,,"2nd and 10 at CGA20","No Huddle-Shotgun Burns,Sean pass incomplete deep left to LaBouliere,Matthew thrown to CGA45 broken up by Clark,Oscar."
"20250906_70fv",2025,"2025-09-06",1,"regular","University of New England","Coast Guard",,,,180,21,3,4,2,,,"14:56","11:22",,,896,682,"Coast Guard","University of New England",38,35,3,3,10,80,FALSE,1,10,68,"pass_complete",TRUE,12,FALSE,TRUE,TRUE,FALSE,FALSE,FALSE,FALSE,FALSE,FALSE,FALSE,FALSE,FALSE,FALSE,FALSE,0,"FG",FALSE,FALSE,FALSE,FALSE,FALSE,FALSE,,,FALSE,,,"3rd and 10 at CGA20","No Huddle-Shotgun Burns,Sean pass complete short middle to Politte,Chase caught at CGA31, for 12 yards to the CGA32 (Cardoso,Ben), 1ST DOWN."
"20250906_70fv",2025,"2025-09-06",1,"regular","University of New England","Coast Guard",,,,181,21,4,4,2,,,"14:56","11:22",,,896,682,"Coast Guard","University of New England",38,35,3,1,10,68,FALSE,2,1,59,"rush",TRUE,9,TRUE,FALSE,FALSE,FALSE,FALSE,FALSE,FALSE,FALSE,FALSE,FALSE,FALSE,FALSE,FALSE,FALSE,0,"FG",FALSE,FALSE,TRUE,FALSE,TRUE,FALSE,,,FALSE,,,"1st and 10 at CGA32","No Huddle-Shotgun Hensley,Harrison rush middle for 9 yards gain to the CGA41 (Sherck,Spencer; Jeremy,Teighan)."
"20250906_70fv",2025,"2025-09-06",1,"regular","University of New England","Coast Guard",,,,182,21,5,4,2,,,"14:56","11:22",,,896,682,"Coast Guard","University of New England",38,35,3,2,1,59,FALSE,1,10,49,"rush",TRUE,10,TRUE,FALSE,FALSE,FALSE,FALSE,FALSE,FALSE,FALSE,FALSE,FALSE,FALSE,FALSE,FALSE,FALSE,0,"FG",FALSE,FALSE,FALSE,FALSE,FALSE,FALSE,,,FALSE,,,"2nd and 1 at CGA41","No Huddle-Shotgun Hensley,Harrison rush middle for 10 yards gain to the UNE49 (Sherck,Spencer), 1ST DOWN."
"20250906_70fv",2025,"2025-09-06",1,"regular","University of New England","Coast Guard",,,,183,21,6,4,2,,,"14:56","11:22",,,896,682,"Coast Guard","University of New England",38,35,3,1,10,49,FALSE,1,10,39,"pass_complete",TRUE,10,FALSE,TRUE,TRUE,FALSE,FALSE,FALSE,FALSE,FALSE,FALSE,FALSE,FALSE,FALSE,FALSE,FALSE,0,"FG",FALSE,FALSE,TRUE,FALSE,TRUE,FALSE,,,FALSE,,,"1st and 10 at UNE49","No Huddle-Shotgun Burns,Sean pass complete short right to Desta,Broock caught at UNE39, for 10 yards to the UNE39, End Of Play, 1ST DOWN."
"20250906_70fv",2025,"2025-09-06",1,"regular","University of New England","Coast Guard",,,,184,21,7,4,2,,,"14:56","11:22",,,896,682,"Coast Guard","University of New England",38,35,3,1,10,39,FALSE,2,11,40,"rush",TRUE,-1,TRUE,FALSE,FALSE,FALSE,FALSE,FALSE,FALSE,FALSE,FALSE,FALSE,FALSE,FALSE,FALSE,FALSE,0,"FG",FALSE,FALSE,TRUE,FALSE,TRUE,FALSE,,,FALSE,,,"1st and 10 at UNE39","No Huddle-Shotgun Hensley,Harrison rush middle for 1 yard loss to the UNE40 (Jeremy,Teighan)."
"20250906_70fv",2025,"2025-09-06",1,"regular","University of New England","Coast Guard",,,,185,21,8,4,2,,,"14:56","11:22",,,896,682,"Coast Guard","University of New England",38,35,3,2,11,40,FALSE,1,10,25,"pass_incomplete",TRUE,,FALSE,FALSE,FALSE,FALSE,FALSE,FALSE,FALSE,FALSE,FALSE,FALSE,FALSE,FALSE,FALSE,FALSE,0,"FG",FALSE,FALSE,FALSE,FALSE,FALSE,TRUE,15,"University of New England",TRUE,FALSE,"PENALTY UNE UNR: Unnecessary Roughness 15 yards from UNE40 to UNE25, 1ST DOWN. NO PLAY.","2nd and 11 at UNE40","No Huddle-Shotgun Burns,Sean pass incomplete short left thrown to UNE40 PENALTY UNE UNR: Unnecessary Roughness 15 yards from UNE40 to UNE25, 1ST DOWN. NO PLAY."
"20250906_70fv",2025,"2025-09-06",1,"regular","University of New England","Coast Guard",,,,186,21,9,4,2,,,"14:56","11:22",,,896,682,"Coast Guard","University of New England",38,35,3,1,10,25,FALSE,2,10,25,"pass_incomplete",TRUE,0,FALSE,TRUE,FALSE,FALSE,FALSE,FALSE,FALSE,FALSE,FALSE,FALSE,FALSE,FALSE,FALSE,FALSE,0,"FG",FALSE,FALSE,FALSE,TRUE,TRUE,FALSE,,,FALSE,,,"1st and 10 at UNE25","No Huddle-Shotgun Burns,Sean pass incomplete deep right to Politte,Chase thrown to UNE00 broken up by Sherck,Spencer."
"20250906_70fv",2025,"2025-09-06",1,"regular","University of New England","Coast Guard",,,,187,21,10,4,2,,,"14:56","11:22",,,896,682,"Coast Guard","University of New England",38,35,3,2,10,25,FALSE,3,2,17,"rush",TRUE,8,TRUE,FALSE,FALSE,FALSE,FALSE,FALSE,FALSE,FALSE,FALSE,FALSE,FALSE,FALSE,FALSE,FALSE,0,"FG",FALSE,FALSE,FALSE,FALSE,FALSE,FALSE,,,FALSE,,,"2nd and 10 at UNE25","No Huddle-Shotgun Baadani,Amr rush right for 8 yards gain to the UNE17 (Sherck,Spencer)."
"20250906_70fv",2025,"2025-09-06",1,"regular","University of New England","Coast Guard",,,,188,21,11,4,2,,,"14:56","11:22",,,896,682,"Coast Guard","University of New England",38,35,3,3,2,17,FALSE,1,10,15,"rush",TRUE,2,TRUE,FALSE,FALSE,FALSE,FALSE,FALSE,FALSE,FALSE,FALSE,FALSE,FALSE,FALSE,FALSE,FALSE,0,"FG",FALSE,FALSE,FALSE,FALSE,FALSE,FALSE,,,FALSE,,,"3rd and 2 at UNE17","No Huddle-Shotgun Hensley,Harrison rush middle for 2 yards gain to the UNE15 (Gomes,Tyron), 1ST DOWN."
"20250906_70fv",2025,"2025-09-06",1,"regular","University of New England","Coast Guard",,,,189,21,12,4,2,,,"14:56","11:22",,,896,682,"Coast Guard","University of New England",38,35,3,1,10,15,FALSE,2,9,14,"rush",TRUE,1,TRUE,FALSE,FALSE,FALSE,FALSE,FALSE,FALSE,FALSE,FALSE,FALSE,FALSE,FALSE,FALSE,FALSE,0,"FG",FALSE,FALSE,TRUE,FALSE,TRUE,FALSE,,,FALSE,,,"1st and 10 at UNE15","No Huddle-Shotgun Burns,Sean rush middle for 1 yard gain to the UNE14 (Jeremy,Teighan; Villis,George)."
"20250906_70fv",2025,"2025-09-06",1,"regular","University of New England","Coast Guard",,,,190,21,13,4,2,,,"14:56","11:22",,,896,682,"Coast Guard","University of New England",38,35,3,2,9,14,FALSE,3,9,14,"pass_incomplete",TRUE,0,FALSE,TRUE,FALSE,FALSE,FALSE,FALSE,FALSE,FALSE,FALSE,FALSE,FALSE,FALSE,FALSE,FALSE,0,"FG",FALSE,FALSE,FALSE,FALSE,FALSE,FALSE,,,FALSE,,,"2nd and 9 at UNE14","No Huddle-Shotgun Burns,Sean pass incomplete short right to Politte,Chase thrown to UNE00."
"20250906_70fv",2025,"2025-09-06",1,"regular","University of New England","Coast Guard",,,,191,21,14,4,2,,,"14:56","11:22",,,896,682,"Coast Guard","University of New England",38,35,3,3,9,14,FALSE,4,9,14,"pass_incomplete",TRUE,0,FALSE,TRUE,FALSE,FALSE,FALSE,FALSE,FALSE,FALSE,FALSE,FALSE,FALSE,FALSE,FALSE,FALSE,0,"FG",FALSE,FALSE,FALSE,FALSE,FALSE,FALSE,,,FALSE,,,"3rd and 9 at UNE14","No Huddle-Shotgun Burns,Sean pass incomplete short left to Baadani,Amr thrown to UNE10."
"20250906_70fv",2025,"2025-09-06",1,"regular","University of New England","Coast Guard",,,,192,21,15,4,2,,"11:22","14:56","11:22",,682,896,682,"Coast Guard","University of New England",38,35,3,4,9,14,FALSE,,,,"field_goal_good",TRUE,,FALSE,FALSE,FALSE,FALSE,FALSE,FALSE,FALSE,FALSE,FALSE,FALSE,TRUE,TRUE,FALSE,TRUE,3,"FG",FALSE,FALSE,FALSE,FALSE,FALSE,FALSE,,,FALSE,,,"4th and 9 at UNE14","McClure,Caleb field goal attempt from 30 yards GOOD (H: Brooks,Brennan, LS: Mackenzie,Spencer), clock 11:22."
"20250906_70fv",2025,"2025-09-06",1,"regular","University of New England","Coast Guard",,,,193,22,1,4,2,"11:22","11:18","11:22","11:22",682,678,682,682,"University of New England","Coast Guard",35,41,-6,,,,,1,10,86,"kickoff",FALSE,,FALSE,FALSE,FALSE,FALSE,FALSE,FALSE,FALSE,FALSE,FALSE,FALSE,FALSE,FALSE,FALSE,FALSE,0,"TD",FALSE,FALSE,FALSE,FALSE,FALSE,TRUE,-14,"University of New England",FALSE,FALSE,"PENALTY UNE UNS: Unsportsmanlike Conduct (Hayes,Aaron) 14 yards from UNE28 to UNE14.","1st and 10 at CGA35","Bates,Connor kickoff 53 yards to the UNE12 Jones,Damien return 16 yards to the UNE28 (LaMar,Tyler) PENALTY UNE UNS: Unsportsmanlike Conduct (Hayes,Aaron) 14 yards from UNE28 to UNE14."
"20250906_70fv",2025,"2025-09-06",1,"regular","University of New England","Coast Guard",,,,194,22,2,4,2,"11:18",,"11:18","11:18",678,,678,678,"University of New England","Coast Guard",35,41,-6,1,10,86,FALSE,1,10,24,"rush",TRUE,62,TRUE,FALSE,FALSE,FALSE,FALSE,FALSE,FALSE,FALSE,FALSE,FALSE,FALSE,FALSE,FALSE,FALSE,0,"TD",TRUE,FALSE,FALSE,FALSE,TRUE,FALSE,,,FALSE,,,"1st and 10 at UNE14","No Huddle-Shotgun Jones,Damien rush middle for 62 yards gain to the CGA24 (Delevan,Blake), 1ST DOWN."
"20250906_70fv",2025,"2025-09-06",1,"regular","University of New England","Coast Guard",,,,195,22,3,4,2,,,"11:18","09:08",,,678,548,"University of New England","Coast Guard",35,41,-6,1,10,24,FALSE,2,6,20,"rush",TRUE,4,TRUE,FALSE,FALSE,FALSE,FALSE,FALSE,FALSE,FALSE,FALSE,FALSE,FALSE,FALSE,FALSE,FALSE,0,"TD",FALSE,FALSE,TRUE,FALSE,TRUE,FALSE,,,FALSE,,,"1st and 10 at CGA24","No Huddle-Shotgun Lang,Chris rush left for 4 yards gain to the CGA20 (Mixon,Preston)."
"20250906_70fv",2025,"2025-09-06",1,"regular","University of New England","Coast Guard",,,,196,22,4,4,2,,,"11:18","09:08",,,678,548,"University of New England","Coast Guard",35,41,-6,2,6,20,FALSE,1,10,12,"rush",TRUE,8,TRUE,FALSE,FALSE,FALSE,FALSE,FALSE,FALSE,FALSE,FALSE,FALSE,FALSE,FALSE,FALSE,FALSE,0,"TD",FALSE,FALSE,FALSE,FALSE,FALSE,FALSE,,,FALSE,,,"2nd and 6 at CGA20","No Huddle-Shotgun Jones,Damien rush middle for 8 yards gain to the CGA12 (James,Brody), 1ST DOWN."
"20250906_70fv",2025,"2025-09-06",1,"regular","University of New England","Coast Guard",,,,197,22,5,4,2,,,"11:18","09:08",,,678,548,"University of New England","Coast Guard",35,41,-6,1,10,12,FALSE,2,6,8,"pass_complete",TRUE,4,FALSE,TRUE,TRUE,FALSE,FALSE,FALSE,FALSE,FALSE,FALSE,FALSE,FALSE,FALSE,FALSE,FALSE,0,"TD",FALSE,FALSE,TRUE,FALSE,TRUE,FALSE,,,FALSE,,,"1st and 10 at CGA12","No Huddle-Shotgun Lang,Chris pass complete short right to Germano,John caught at CGA12, for 4 yards to the CGA08 (Cruz,Ramon)."
"20250906_70fv",2025,"2025-09-06",1,"regular","University of New England","Coast Guard",,,,198,22,6,4,2,,,"11:18","09:08",,,678,548,"University of New England","Coast Guard",35,41,-6,2,6,8,FALSE,3,2,4,"rush",TRUE,4,TRUE,FALSE,FALSE,FALSE,FALSE,FALSE,FALSE,FALSE,FALSE,FALSE,FALSE,FALSE,FALSE,FALSE,0,"TD",FALSE,FALSE,FALSE,FALSE,FALSE,FALSE,,,FALSE,,,"2nd and 6 at CGA8","No Huddle-Shotgun Lang,Chris rush middle for 4 yards gain to the CGA04 (James,Brody)."
"20250906_70fv",2025,"2025-09-06",1,"regular","University of New England","Coast Guard",,,,199,22,7,4,2,,,"11:18","09:08",,,678,548,"University of New England","Coast Guard",35,41,-6,3,2,4,FALSE,3,7,9,"penalty_no_play",TRUE,,FALSE,FALSE,FALSE,FALSE,FALSE,FALSE,FALSE,FALSE,FALSE,FALSE,FALSE,FALSE,FALSE,FALSE,0,"TD",FALSE,FALSE,FALSE,FALSE,FALSE,TRUE,-5,"University of New England",TRUE,FALSE,"PENALTY UNE False Start (Germano,John) 5 yards from CGA04 to CGA09. NO PLAY.","3rd and 2 at CGA4","PENALTY UNE False Start (Germano,John) 5 yards from CGA04 to CGA09. NO PLAY."
"20250906_70fv",2025,"2025-09-06",1,"regular","University of New England","Coast Guard",,,,200,22,8,4,2,,,"11:18","09:08",,,678,548,"University of New England","Coast Guard",35,41,-6,3,7,9,FALSE,1,1,1,"pass_complete",TRUE,8,FALSE,TRUE,TRUE,FALSE,FALSE,FALSE,FALSE,FALSE,FALSE,FALSE,FALSE,FALSE,FALSE,FALSE,0,"TD",FALSE,FALSE,FALSE,FALSE,FALSE,FALSE,,,FALSE,,,"3rd and 7 at CGA9","No Huddle-Shotgun Lang,Chris pass complete short left to McLoughlin,Will caught at CGA01, for 8 yards to the CGA01 (Westkott,Noah; Tamborino,Ty), 1ST DOWN."
"20250906_70fv",2025,"2025-09-06",1,"regular","University of New England","Coast Guard",,,,201,22,9,4,2,,"09:08","11:18","09:08",,548,678,548,"University of New England","Coast Guard",35,41,-6,1,1,1,TRUE,,,,"rush",TRUE,1,TRUE,FALSE,FALSE,FALSE,FALSE,FALSE,FALSE,FALSE,TRUE,FALSE,FALSE,FALSE,FALSE,TRUE,6,"TD",FALSE,FALSE,TRUE,FALSE,TRUE,FALSE,,,FALSE,,,"1st and 1 at CGA1","No Huddle-Shotgun Delgado,Nathan rush middle for 1 yard gain to the CGA00 TOUCHDOWN, clock 09:08."
"20250906_70fv",2025,"2025-09-06",1,"regular","University of New England","Coast Guard",,,,202,22,10,4,2,"09:08",,"09:08","09:08",548,,548,548,"University of New England","Coast Guard",41,41,0,1,10,3,FALSE,,,,"penalty_no_play",TRUE,,FALSE,FALSE,FALSE,FALSE,FALSE,FALSE,FALSE,FALSE,FALSE,FALSE,FALSE,FALSE,FALSE,FALSE,0,"TD",FALSE,FALSE,FALSE,FALSE,FALSE,TRUE,-5,"University of New England",TRUE,FALSE,"PENALTY UNE Illegal Substitution 5 yards from CGA03 to CGA08. NO PLAY.","1st and 10 at CGA3","PENALTY UNE Illegal Substitution 5 yards from CGA03 to CGA08. NO PLAY."
"20250906_70fv",2025,"2025-09-06",1,"regular","University of New England","Coast Guard",,,,203,22,11,4,2,"09:08",,"09:08","09:08",548,,548,548,"University of New England","Coast Guard",41,41,0,,,,,,,,"extra_point",FALSE,,FALSE,FALSE,FALSE,FALSE,FALSE,FALSE,FALSE,FALSE,FALSE,FALSE,FALSE,FALSE,FALSE,TRUE,1,"TD",FALSE,FALSE,FALSE,FALSE,FALSE,FALSE,,,FALSE,,,"","Lacaprucia,Anthony kick attempt good (H: Durkin,Cam, LS: Johnson,Bodie)."
"20250906_70fv",2025,"2025-09-06",1,"regular","University of New England","Coast Guard",,,,204,23,1,4,2,"09:08","09:02","09:08","09:08",548,542,548,548,"Coast Guard","University of New England",41,42,-1,,,,,1,10,59,"kickoff",FALSE,,FALSE,FALSE,FALSE,FALSE,FALSE,FALSE,FALSE,FALSE,FALSE,FALSE,FALSE,FALSE,FALSE,FALSE,0,"TD",FALSE,FALSE,FALSE,FALSE,FALSE,TRUE,20,"University of New England",FALSE,FALSE,"PENALTY UNE UNR: Unnecessary Roughness (McGuire,Tommy) 20 yards from CGA21 to CGA41.","1st and 10 at UNE35","Niland,Jack kickoff 54 yards to the CGA11 Baadani,Amr return 10 yards to the CGA21 (Sullivan,Michael; McGuire,Tommy) PENALTY UNE UNR: Unnecessary Roughness (McGuire,Tommy) 20 yards from CGA21 to CGA41."
"20250906_70fv",2025,"2025-09-06",1,"regular","University of New England","Coast Guard",,,,205,23,2,4,2,"09:02",,"09:02","09:02",542,,542,542,"Coast Guard","University of New England",41,42,-1,1,10,59,FALSE,2,7,56,"rush",TRUE,3,TRUE,FALSE,FALSE,FALSE,FALSE,FALSE,FALSE,FALSE,FALSE,FALSE,FALSE,FALSE,FALSE,FALSE,0,"TD",TRUE,FALSE,FALSE,FALSE,TRUE,FALSE,,,FALSE,,,"1st and 10 at CGA41","No Huddle-Shotgun Hensley,Harrison rush middle for 3 yards gain to the CGA44 (Wonson,Ashton)."
"20250906_70fv",2025,"2025-09-06",1,"regular","University of New England","Coast Guard",,,,206,23,3,4,2,,,"09:02","08:12",,,542,492,"Coast Guard","University of New England",41,42,-1,2,7,56,FALSE,3,7,56,"pass_incomplete",TRUE,0,FALSE,TRUE,FALSE,FALSE,FALSE,FALSE,FALSE,FALSE,FALSE,FALSE,FALSE,FALSE,FALSE,FALSE,0,"TD",FALSE,FALSE,FALSE,FALSE,FALSE,FALSE,,,FALSE,,,"2nd and 7 at CGA44","No Huddle-Shotgun Burns,Sean pass incomplete short left to Wroe,Toby thrown to CGA47 broken up by Clark,Oscar."
"20250906_70fv",2025,"2025-09-06",1,"regular","University of New England","Coast Guard",,,,207,23,4,4,2,,,"09:02","08:12",,,542,492,"Coast Guard","University of New England",41,42,-1,3,7,56,FALSE,1,10,26,"pass_complete",TRUE,30,FALSE,TRUE,TRUE,FALSE,FALSE,FALSE,FALSE,FALSE,FALSE,FALSE,FALSE,FALSE,FALSE,FALSE,0,"TD",FALSE,FALSE,FALSE,FALSE,FALSE,FALSE,,,FALSE,,,"3rd and 7 at CGA44","No Huddle-Shotgun Burns,Sean pass complete deep right to Desta,Broock caught at UNE28, for 30 yards to the UNE26 (Jeremy,Teighan), 1ST DOWN."
"20250906_70fv",2025,"2025-09-06",1,"regular","University of New England","Coast Guard",,,,208,23,5,4,2,,"08:12","09:02","08:12",,492,542,492,"Coast Guard","University of New England",41,42,-1,1,10,26,FALSE,,,,"rush",TRUE,26,TRUE,FALSE,FALSE,FALSE,FALSE,FALSE,FALSE,FALSE,TRUE,FALSE,FALSE,FALSE,FALSE,TRUE,6,"TD",FALSE,FALSE,TRUE,FALSE,TRUE,FALSE,,,FALSE,,,"1st and 10 at UNE26","No Huddle-Shotgun Hensley,Harrison rush right for 26 yards gain to the UNE00 TOUCHDOWN, clock 08:12, 1ST DOWN."
"20250906_70fv",2025,"2025-09-06",1,"regular","University of New England","Coast Guard",,,,209,23,6,4,2,"08:12",,"08:12","08:12",492,,492,492,"Coast Guard","University of New England",47,42,5,,,,,,,,"two_point",FALSE,,FALSE,FALSE,FALSE,FALSE,FALSE,FALSE,FALSE,FALSE,FALSE,FALSE,FALSE,FALSE,FALSE,TRUE,2,"TD",FALSE,FALSE,FALSE,FALSE,FALSE,FALSE,,,FALSE,,,"","Wroe,Toby pass attempt Successful."
"20250906_70fv",2025,"2025-09-06",1,"regular","University of New England","Coast Guard",,,,210,24,1,4,2,"08:12","08:08","08:12","08:12",492,488,492,492,"University of New England","Coast Guard",42,49,-7,,,,,1,10,68,"kickoff",FALSE,,FALSE,FALSE,FALSE,FALSE,FALSE,FALSE,FALSE,FALSE,FALSE,FALSE,FALSE,FALSE,FALSE,FALSE,0,"TD",FALSE,FALSE,FALSE,FALSE,FALSE,FALSE,,,FALSE,,,"","Bates,Connor kickoff 34 yards to the UNE31 McGuire,Tommy return 1 yard to the UNE32 (Cheslock,Griffin)."
"20250906_70fv",2025,"2025-09-06",1,"regular","University of New England","Coast Guard",,,,211,24,2,4,2,"08:08",,"08:08","08:08",488,,488,488,"University of New England","Coast Guard",42,49,-7,1,10,68,FALSE,2,4,62,"rush",TRUE,6,TRUE,FALSE,FALSE,FALSE,FALSE,FALSE,FALSE,FALSE,FALSE,FALSE,FALSE,FALSE,FALSE,FALSE,0,"TD",TRUE,FALSE,FALSE,FALSE,TRUE,FALSE,,,FALSE,,,"1st and 10 at UNE32","No Huddle-Shotgun Jones,Damien rush middle for 6 yards gain to the UNE38 (White,Lucas; Delevan,Blake)."
"20250906_70fv",2025,"2025-09-06",1,"regular","University of New England","Coast Guard",,,,212,24,3,4,2,,,"08:08","04:25",,,488,265,"University of New England","Coast Guard",42,49,-7,2,4,62,FALSE,3,1,59,"rush",TRUE,3,TRUE,FALSE,FALSE,FALSE,FALSE,FALSE,FALSE,FALSE,FALSE,FALSE,FALSE,FALSE,FALSE,FALSE,0,"TD",FALSE,FALSE,FALSE,FALSE,FALSE,FALSE,,,FALSE,,,"2nd and 4 at UNE38","No Huddle-Shotgun Jones,Damien rush middle for 3 yards gain to the UNE41 (White,Lucas)."
"20250906_70fv",2025,"2025-09-06",1,"regular","University of New England","Coast Guard",,,,213,24,4,4,2,,,"08:08","04:25",,,488,265,"University of New England","Coast Guard",42,49,-7,3,1,59,FALSE,1,10,57,"rush",TRUE,2,TRUE,FALSE,FALSE,FALSE,FALSE,FALSE,FALSE,FALSE,FALSE,FALSE,FALSE,FALSE,FALSE,FALSE,0,"TD",FALSE,FALSE,FALSE,FALSE,FALSE,FALSE,,,FALSE,,,"3rd and 1 at UNE41","No Huddle-Shotgun Lang,Chris rush middle for 2 yards gain to the UNE43 (Shank,Michael), 1ST DOWN."
"20250906_70fv",2025,"2025-09-06",1,"regular","University of New England","Coast Guard",,,,214,24,5,4,2,,,"08:08","04:25",,,488,265,"University of New England","Coast Guard",42,49,-7,1,10,57,FALSE,2,10,57,"pass_incomplete",TRUE,0,FALSE,TRUE,FALSE,FALSE,FALSE,FALSE,FALSE,FALSE,FALSE,FALSE,FALSE,FALSE,FALSE,FALSE,0,"TD",FALSE,FALSE,TRUE,FALSE,TRUE,FALSE,,,FALSE,,,"1st and 10 at UNE43","No Huddle-Shotgun Lang,Chris pass incomplete short right to Anderson,Gavin thrown to UNE49."
"20250906_70fv",2025,"2025-09-06",1,"regular","University of New England","Coast Guard",,,,215,24,6,4,2,,,"08:08","04:25",,,488,265,"University of New England","Coast Guard",42,49,-7,2,10,57,FALSE,3,7,54,"rush",TRUE,3,TRUE,FALSE,FALSE,FALSE,FALSE,FALSE,FALSE,FALSE,FALSE,FALSE,FALSE,FALSE,FALSE,FALSE,0,"TD",FALSE,FALSE,FALSE,FALSE,FALSE,FALSE,,,FALSE,,,"2nd and 10 at UNE43","No Huddle-Shotgun Jones,Damien rush middle for 3 yards gain to the UNE46 (Cruz,Ramon)."
"20250906_70fv",2025,"2025-09-06",1,"regular","University of New England","Coast Guard",,,,216,24,7,4,2,,,"08:08","04:25",,,488,265,"University of New England","Coast Guard",42,49,-7,3,7,54,FALSE,1,10,44,"rush",TRUE,,FALSE,FALSE,FALSE,FALSE,FALSE,FALSE,FALSE,FALSE,FALSE,FALSE,FALSE,FALSE,FALSE,FALSE,0,"TD",FALSE,FALSE,FALSE,FALSE,FALSE,TRUE,10,"Coast Guard",TRUE,FALSE,"PENALTY CGA Holding 10 yards from UNE46 to CGA44, 1ST DOWN. NO PLAY.","3rd and 7 at UNE46","No Huddle-Shotgun Lang,Chris rush middle for 6 yards gain to the CGA48 (Sauers,Samuel) PENALTY CGA Holding 10 yards from UNE46 to CGA44, 1ST DOWN. NO PLAY."
"20250906_70fv",2025,"2025-09-06",1,"regular","University of New England","Coast Guard",,,,217,24,8,4,2,,,"08:08","04:25",,,488,265,"University of New England","Coast Guard",42,49,-7,1,10,44,FALSE,1,10,33,"pass_complete",TRUE,11,FALSE,TRUE,TRUE,FALSE,FALSE,FALSE,FALSE,FALSE,FALSE,FALSE,FALSE,FALSE,FALSE,FALSE,0,"TD",FALSE,FALSE,FALSE,TRUE,TRUE,FALSE,,,FALSE,,,"1st and 10 at CGA44","No Huddle-Shotgun Lang,Chris pass complete short left to Zepeda,Berto caught at CGA44, for 11 yards to the CGA33 (Miller,Riley), 1ST DOWN."
"20250906_70fv",2025,"2025-09-06",1,"regular","University of New England","Coast Guard",,,,218,24,9,4,2,,,"08:08","04:25",,,488,265,"University of New England","Coast Guard",42,49,-7,1,10,33,FALSE,2,9,32,"rush",TRUE,1,TRUE,FALSE,FALSE,FALSE,FALSE,FALSE,FALSE,FALSE,FALSE,FALSE,FALSE,FALSE,FALSE,FALSE,0,"TD",FALSE,FALSE,TRUE,FALSE,TRUE,FALSE,,,FALSE,,,"1st and 10 at CGA33","No Huddle-Shotgun Jones,Damien rush middle for 1 yard gain to the CGA32 (Rohrer,Noah)."
"20250906_70fv",2025,"2025-09-06",1,"regular","University of New England","Coast Guard",,,,219,24,10,4,2,,,"08:08","04:25",,,488,265,"University of New England","Coast Guard",42,49,-7,2,9,32,FALSE,3,9,32,"pass_incomplete",TRUE,0,FALSE,TRUE,FALSE,FALSE,FALSE,FALSE,FALSE,FALSE,FALSE,FALSE,FALSE,FALSE,FALSE,FALSE,0,"TD",FALSE,FALSE,FALSE,FALSE,FALSE,FALSE,,,FALSE,,,"2nd and 9 at CGA32","No Huddle-Shotgun Lang,Chris pass incomplete short middle to Zepeda,Berto thrown to CGA21."
"20250906_70fv",2025,"2025-09-06",1,"regular","University of New England","Coast Guard",,,,220,24,11,4,2,,,"08:08","04:25",,,488,265,"University of New England","Coast Guard",42,49,-7,3,9,32,FALSE,4,4,27,"rush",TRUE,5,TRUE,FALSE,FALSE,FALSE,FALSE,FALSE,FALSE,FALSE,FALSE,FALSE,FALSE,FALSE,FALSE,FALSE,0,"TD",FALSE,FALSE,FALSE,FALSE,FALSE,FALSE,,,FALSE,,,"3rd and 9 at CGA32","No Huddle-Shotgun Lang,Chris rush middle for 5 yards gain to the CGA27 (White,Lucas; Mankowski,Truman)."
"20250906_70fv",2025,"2025-09-06",1,"regular","University of New England","Coast Guard",,,,221,24,12,4,2,,,"08:08","04:25",,,488,265,"University of New England","Coast Guard",42,49,-7,4,4,27,FALSE,1,10,12,"pass_complete",TRUE,15,FALSE,TRUE,TRUE,FALSE,FALSE,FALSE,FALSE,FALSE,FALSE,FALSE,FALSE,FALSE,FALSE,FALSE,0,"TD",FALSE,FALSE,FALSE,FALSE,FALSE,FALSE,,,FALSE,,,"4th and 4 at CGA27","No Huddle-Shotgun Lang,Chris pass complete short left to Zepeda,Berto caught at CGA12, for 15 yards to the CGA12, End Of Play, 1ST DOWN."
"20250906_70fv",2025,"2025-09-06",1,"regular","University of New England","Coast Guard",,,,222,24,13,4,2,,,"08:08","04:25",,,488,265,"University of New England","Coast Guard",42,49,-7,1,10,12,FALSE,2,6,8,"rush",TRUE,4,TRUE,FALSE,FALSE,FALSE,FALSE,FALSE,FALSE,FALSE,FALSE,FALSE,FALSE,FALSE,FALSE,FALSE,0,"TD",FALSE,FALSE,TRUE,FALSE,TRUE,FALSE,,,FALSE,,,"1st and 10 at CGA12","No Huddle-Shotgun Delgado,Nathan rush middle for 4 yards gain to the CGA08 (LaMar,Tyler)."
"20250906_70fv",2025,"2025-09-06",1,"regular","University of New England","Coast Guard",,,,223,24,14,4,2,,,"08:08","04:25",,,488,265,"University of New England","Coast Guard",42,49,-7,2,6,8,FALSE,3,6,8,"pass_incomplete",TRUE,0,FALSE,TRUE,FALSE,FALSE,FALSE,FALSE,FALSE,FALSE,FALSE,FALSE,FALSE,FALSE,FALSE,FALSE,0,"TD",FALSE,FALSE,FALSE,FALSE,FALSE,FALSE,,,FALSE,,,"2nd and 6 at CGA8","No Huddle-Shotgun Lang,Chris pass incomplete short middle thrown to CGA03."
"20250906_70fv",2025,"2025-09-06",1,"regular","University of New England","Coast Guard",,,,224,24,15,4,2,,"04:25","08:08","04:25",,265,488,265,"University of New England","Coast Guard",42,49,-7,3,6,8,FALSE,,,,"pass_complete",TRUE,8,FALSE,TRUE,TRUE,FALSE,FALSE,FALSE,FALSE,FALSE,TRUE,FALSE,FALSE,FALSE,FALSE,TRUE,6,"TD",FALSE,FALSE,FALSE,FALSE,FALSE,FALSE,,,FALSE,,,"3rd and 6 at CGA8","No Huddle-Shotgun Lang,Chris pass complete short middle to Anderson,Gavin caught at UNE04, for 8 yards to the CGA00 TOUCHDOWN, clock 04:25, 1ST DOWN."
"20250906_70fv",2025,"2025-09-06",1,"regular","University of New England","Coast Guard",,,,225,24,16,4,2,"04:25",,"04:25","04:25",265,,265,265,"University of New England","Coast Guard",48,49,-1,,,,,,,,"extra_point",FALSE,,FALSE,FALSE,FALSE,FALSE,FALSE,FALSE,FALSE,FALSE,FALSE,FALSE,FALSE,FALSE,FALSE,TRUE,1,"TD",FALSE,FALSE,FALSE,FALSE,FALSE,FALSE,,,FALSE,,,"","Lacaprucia,Anthony kick attempt good (H: Durkin,Cam, LS: Johnson,Bodie)."
"20250906_70fv",2025,"2025-09-06",1,"regular","University of New England","Coast Guard",,,,226,25,1,4,2,"04:25","04:20","04:25","04:25",265,260,265,265,"Coast Guard","University of New England",49,49,0,,,,,1,10,66,"kickoff",FALSE,,FALSE,FALSE,FALSE,FALSE,FALSE,FALSE,FALSE,FALSE,FALSE,FALSE,FALSE,FALSE,FALSE,FALSE,0,"FUMBLE",FALSE,FALSE,FALSE,FALSE,FALSE,FALSE,,,FALSE,,,"","Niland,Jack kickoff 56 yards to the CGA09 Baadani,Amr return 25 yards to the CGA34 (Sullivan,Michael)."
"20250906_70fv",2025,"2025-09-06",1,"regular","University of New England","Coast Guard",,,,227,25,2,4,2,"04:20",,"04:20","04:20",260,,260,260,"Coast Guard","University of New England",49,49,0,1,10,66,FALSE,2,10,66,"pass_incomplete",TRUE,0,FALSE,TRUE,FALSE,FALSE,FALSE,FALSE,FALSE,FALSE,FALSE,FALSE,FALSE,FALSE,FALSE,FALSE,0,"FUMBLE",TRUE,FALSE,FALSE,FALSE,TRUE,FALSE,,,FALSE,,,"1st and 10 at CGA34","No Huddle-Shotgun Burns,Sean pass incomplete short right to Desta,Broock thrown to CGA39."
"20250906_70fv",2025,"2025-09-06",1,"regular","University of New England","Coast Guard",,,,228,25,3,4,2,,,"04:20","02:53",,,260,173,"Coast Guard","University of New England",49,49,0,2,10,66,FALSE,3,5,61,"rush",TRUE,5,TRUE,FALSE,FALSE,FALSE,FALSE,FALSE,FALSE,FALSE,FALSE,FALSE,FALSE,FALSE,FALSE,FALSE,0,"FUMBLE",FALSE,FALSE,FALSE,FALSE,FALSE,FALSE,,,FALSE,,,"2nd and 10 at CGA34","No Huddle-Shotgun Hensley,Harrison rush middle for 5 yards gain to the CGA39 (Hayes,Aaron; Cardoso,Ben)."
"20250906_70fv",2025,"2025-09-06",1,"regular","University of New England","Coast Guard",,,,229,25,4,4,2,,,"04:20","02:53",,,260,173,"Coast Guard","University of New England",49,49,0,3,5,61,FALSE,4,2,58,"pass_complete",TRUE,3,FALSE,TRUE,TRUE,FALSE,FALSE,FALSE,FALSE,FALSE,FALSE,FALSE,FALSE,FALSE,FALSE,FALSE,0,"FUMBLE",FALSE,FALSE,FALSE,FALSE,FALSE,FALSE,,,FALSE,,,"3rd and 5 at CGA39","No Huddle-Shotgun Burns,Sean pass complete short left to Hensley,Harrison caught at CGA40, for 3 yards to the CGA42 (Sherck,Spencer)."
"20250906_70fv",2025,"2025-09-06",1,"regular","University of New England","Coast Guard",,,,230,25,5,4,2,"02:53",,"02:53","02:53",173,,173,173,"Coast Guard","University of New England",49,49,0,4,2,58,FALSE,1,10,53,"rush",TRUE,5,TRUE,FALSE,FALSE,FALSE,FALSE,FALSE,FALSE,FALSE,FALSE,FALSE,FALSE,FALSE,FALSE,FALSE,0,"FUMBLE",FALSE,FALSE,FALSE,FALSE,FALSE,FALSE,,,FALSE,,,"4th and 2 at CGA42","No Huddle-Shotgun Hensley,Harrison rush middle for 5 yards gain to the CGA47 (Hayes,Aaron), 1ST DOWN."
"20250906_70fv",2025,"2025-09-06",1,"regular","University of New England","Coast Guard",,,,231,25,6,4,2,,,"02:53","01:50",,,173,110,"Coast Guard","University of New England",49,49,0,1,10,53,FALSE,2,8,51,"rush",TRUE,2,TRUE,FALSE,FALSE,FALSE,FALSE,FALSE,FALSE,FALSE,FALSE,FALSE,FALSE,FALSE,FALSE,FALSE,0,"FUMBLE",FALSE,FALSE,TRUE,FALSE,TRUE,FALSE,,,FALSE,,,"1st and 10 at CGA47","No Huddle-Shotgun Hensley,Harrison rush middle for 2 yards gain to the CGA49 (LaBrecque,Spencer)."
"20250906_70fv",2025,"2025-09-06",1,"regular","University of New England","Coast Guard",,,,232,25,7,4,2,,"01:50","02:53","01:50",,110,173,110,"Coast Guard","University of New England",49,49,0,2,8,51,FALSE,1,10,80,"rush",TRUE,31,TRUE,FALSE,FALSE,FALSE,FALSE,TRUE,TRUE,FALSE,FALSE,FALSE,FALSE,FALSE,FALSE,FALSE,0,"FUMBLE",FALSE,FALSE,FALSE,FALSE,FALSE,FALSE,,,FALSE,,,"2nd and 8 at CGA49","No Huddle-Shotgun Hensley,Harrison rush right for 31 yards gain to the UNE20 fumbled by Hensley,Harrison at UNE20 recovered by UNE Sherck,Spencer at UNE20, End Of Play."
"20250906_70fv",2025,"2025-09-06",1,"regular","University of New England","Coast Guard",,,,233,26,1,4,2,"01:50",,"01:50","01:50",110,,110,110,"University of New England","Coast Guard",49,49,0,1,10,80,FALSE,2,9,79,"rush",TRUE,1,TRUE,FALSE,FALSE,FALSE,FALSE,FALSE,FALSE,FALSE,FALSE,FALSE,FALSE,FALSE,FALSE,FALSE,0,"PUNT",FALSE,TRUE,FALSE,FALSE,TRUE,FALSE,,,FALSE,,,"1st and 10 at UNE20","No Huddle-Shotgun Jones,Damien rush middle for 1 yard gain to the UNE21 (Donahue,Collin)."
"20250906_70fv",2025,"2025-09-06",1,"regular","University of New England","Coast Guard",,,,234,26,2,4,2,,,"01:50","00:25",,,110,25,"University of New England","Coast Guard",49,49,0,2,9,79,FALSE,3,8,78,"rush",TRUE,1,TRUE,FALSE,FALSE,FALSE,FALSE,FALSE,FALSE,FALSE,FALSE,FALSE,FALSE,FALSE,FALSE,FALSE,0,"PUNT",FALSE,FALSE,FALSE,FALSE,FALSE,FALSE,,,FALSE,,,"2nd and 9 at UNE21","No Huddle-Shotgun Lang,Chris rush middle for 1 yard gain to the UNE22 (Shank,Michael)."
"20250906_70fv",2025,"2025-09-06",1,"regular","University of New England","Coast Guard",,,,235,26,3,4,2,,,"01:50","00:25",,,110,25,"University of New England","Coast Guard",49,49,0,3,8,78,FALSE,4,6,76,"rush",TRUE,2,TRUE,FALSE,FALSE,FALSE,FALSE,FALSE,FALSE,FALSE,FALSE,FALSE,FALSE,FALSE,FALSE,FALSE,0,"PUNT",FALSE,FALSE,FALSE,FALSE,FALSE,FALSE,,,FALSE,,,"3rd and 8 at UNE22","No Huddle-Shotgun Lang,Chris rush right for 2 yards gain to the UNE24 (Shank,Michael; Wolf,William)."
"20250906_70fv",2025,"2025-09-06",1,"regular","University of New England","Coast Guard",,,,236,26,4,4,2,,"00:25","01:50","00:25",,25,110,25,"University of New England","Coast Guard",49,49,0,4,6,76,FALSE,1,10,76,"punt_no_return",TRUE,,FALSE,FALSE,FALSE,FALSE,FALSE,FALSE,FALSE,FALSE,FALSE,FALSE,FALSE,FALSE,TRUE,FALSE,0,"PUNT",FALSE,FALSE,FALSE,FALSE,FALSE,FALSE,,,FALSE,,,"4th and 6 at UNE24","Durkin,Cam punt 52 yards to the CGA24."
"20250906_70fv",2025,"2025-09-06",1,"regular","University of New England","Coast Guard",,,,237,27,1,4,2,"00:25",,"00:25","00:25",25,,25,25,"Coast Guard","University of New England",49,49,0,1,10,76,FALSE,2,10,76,"pass_incomplete",TRUE,0,FALSE,TRUE,FALSE,FALSE,FALSE,FALSE,FALSE,FALSE,FALSE,FALSE,FALSE,FALSE,FALSE,FALSE,0,"UNKNOWN",FALSE,TRUE,FALSE,FALSE,TRUE,FALSE,,,FALSE,,,"1st and 10 at CGA24","No Huddle-Shotgun Burns,Sean pass incomplete short middle to LaBouliere,Matthew thrown to CGA30."
"20250906_70fv",2025,"2025-09-06",1,"regular","University of New England","Coast Guard",,,,238,27,2,4,2,,,"00:25","00:00",,,25,0,"Coast Guard","University of New England",49,49,0,2,10,76,FALSE,1,10,25,"rush",TRUE,8,TRUE,FALSE,FALSE,FALSE,FALSE,FALSE,FALSE,FALSE,FALSE,FALSE,FALSE,FALSE,FALSE,FALSE,0,"UNKNOWN",FALSE,FALSE,FALSE,FALSE,FALSE,FALSE,,,FALSE,,,"2nd and 10 at CGA24","No Huddle-Shotgun Hensley,Harrison rush middle for 8 yards gain to the CGA32 (Gomes,Tyron)."
"20250906_70fv",2025,"2025-09-06",1,"regular","University of New England","Coast Guard",,,,239,28,1,5,2,,,,,,,,,"University of New England","Coast Guard",49,49,0,1,10,25,FALSE,2,6,21,"rush",TRUE,4,TRUE,FALSE,FALSE,FALSE,FALSE,FALSE,FALSE,FALSE,FALSE,FALSE,FALSE,FALSE,FALSE,FALSE,0,"TD",FALSE,TRUE,FALSE,FALSE,TRUE,FALSE,,,FALSE,,,"1st and 10 at CGA25","Shotgun Jones,Damien rush middle for 4 yards gain to the CGA21 (Delevan,Blake; Wolf,William)."
"20250906_70fv",2025,"2025-09-06",1,"regular","University of New England","Coast Guard",,,,240,28,2,5,2,,,,,,,,,"University of New England","Coast Guard",49,49,0,2,6,21,FALSE,3,6,21,"rush",TRUE,0,TRUE,FALSE,FALSE,FALSE,FALSE,FALSE,FALSE,FALSE,FALSE,FALSE,FALSE,FALSE,FALSE,FALSE,0,"TD",FALSE,FALSE,FALSE,FALSE,FALSE,FALSE,,,FALSE,,,"2nd and 6 at CGA21","No Huddle-Shotgun Jones,Damien rush middle for 0 yards to the CGA21 (Shank,Michael; White,Lucas)."
"20250906_70fv",2025,"2025-09-06",1,"regular","University of New England","Coast Guard",,,,241,28,3,5,2,,,,,,,,,"University of New England","Coast Guard",49,49,0,3,6,21,FALSE,,,,"pass_complete",TRUE,21,FALSE,TRUE,TRUE,FALSE,FALSE,FALSE,FALSE,FALSE,TRUE,FALSE,FALSE,FALSE,FALSE,TRUE,6,"TD",FALSE,FALSE,FALSE,FALSE,FALSE,FALSE,,,FALSE,,,"3rd and 6 at CGA21","No Huddle-Shotgun Lang,Chris pass complete short middle to Zepeda,Berto caught at CGA07, for 21 yards to the CGA00 TOUCHDOWN, clock 00:00, 1ST DOWN."
"20250906_70fv",2025,"2025-09-06",1,"regular","University of New England","Coast Guard",,,,242,28,4,5,2,,,,,,,,,"University of New England","Coast Guard",55,49,6,,,,,,,,"extra_point",FALSE,,FALSE,FALSE,FALSE,FALSE,FALSE,FALSE,FALSE,FALSE,FALSE,FALSE,FALSE,FALSE,FALSE,TRUE,1,"TD",FALSE,FALSE,FALSE,FALSE,FALSE,FALSE,,,FALSE,,,"","Lacaprucia,Anthony kick attempt good (H: Durkin,Cam, LS: Johnson,Bodie)."
"20250906_70fv",2025,"2025-09-06",1,"regular","University of New England","Coast Guard",,,,243,29,1,5,2,,,,,,,,,"Coast Guard","University of New England",49,56,-7,1,10,25,FALSE,2,9,24,"pass_complete",TRUE,1,FALSE,TRUE,TRUE,FALSE,FALSE,FALSE,FALSE,FALSE,FALSE,FALSE,FALSE,FALSE,FALSE,FALSE,0,"INT",FALSE,TRUE,FALSE,FALSE,TRUE,FALSE,,,FALSE,,,"1st and 10 at UNE25","No Huddle-Shotgun Burns,Sean pass complete short right to LaBouliere,Matthew caught at UNE25, for 1 yard to the UNE24 (Hayes,Aaron; Louis,Levens)."
"20250906_70fv",2025,"2025-09-06",1,"regular","University of New England","Coast Guard",,,,244,29,2,5,2,,,,,,,,,"Coast Guard","University of New England",49,56,-7,2,9,24,FALSE,3,4,19,"rush",TRUE,5,TRUE,FALSE,FALSE,FALSE,FALSE,FALSE,FALSE,FALSE,FALSE,FALSE,FALSE,FALSE,FALSE,FALSE,0,"INT",FALSE,FALSE,FALSE,FALSE,FALSE,FALSE,,,FALSE,,,"2nd and 9 at UNE24","No Huddle-Shotgun Hensley,Harrison rush middle for 5 yards gain to the UNE19 (Hayes,Aaron; Sherck,Spencer)."
"20250906_70fv",2025,"2025-09-06",1,"regular","University of New England","Coast Guard",,,,245,29,3,5,2,,,,,,,,,"Coast Guard","University of New England",49,56,-7,3,4,19,FALSE,4,6,21,"rush",TRUE,-2,TRUE,FALSE,FALSE,FALSE,FALSE,FALSE,FALSE,FALSE,FALSE,FALSE,FALSE,FALSE,FALSE,FALSE,0,"INT",FALSE,FALSE,FALSE,FALSE,FALSE,FALSE,,,FALSE,,,"3rd and 4 at UNE19","No Huddle-Shotgun Hensley,Harrison rush middle for 2 yards loss to the UNE21 (Gomes,Tyron)."
"20250906_70fv",2025,"2025-09-06",1,"regular","University of New England","Coast Guard",,,,246,29,4,5,2,,,,,,,,,"Coast Guard","University of New England",49,56,-7,4,6,21,FALSE,,,,"pass_intercepted",TRUE,,FALSE,TRUE,FALSE,FALSE,TRUE,FALSE,TRUE,FALSE,FALSE,FALSE,FALSE,FALSE,FALSE,FALSE,0,"INT",FALSE,FALSE,FALSE,FALSE,FALSE,FALSE,,,FALSE,,,"4th and 6 at UNE21","No Huddle-Shotgun Burns,Sean pass intercepted by Jeremy,Teighan at UNE06, End Of Play."
