"game_id","season","game_date","week","season_type","home","away","home_team_conference","away_team_conference","conference_game","play_index","drive_number","drive_play_number","period","half","clock_start","clock_end","clock_start_max","clock_start_min","secs_remaining_start","secs_remaining_end","secs_remaining_start_max","secs_remaining_start_min","pos_team","def_pos_team","pos_team_score","def_pos_team_score","score_diff","down","distance","yards_to_goal","Goal_To_Go","down_end","distance_end","yards_to_goal_end","play_type","scrimmage_play","yards_gained","rush","pass","completion","sack","int","fumble_vec","turnover","downs_turnover","touchdown","safety","field_goal_attempt","field_goal_made","punt","scoring_play","score_pts","drive_result","firstD_by_kickoff","firstD_by_poss","firstD_by_yards","firstD_by_penalty","new_series","penalty_flag","penalty_yards_signed","penalized_team","penalty_no_play","penalty_declined","penalty_text","situation","play_text"
"20250906_85f2",2025,"2025-09-06",1,"regular","Washington and Jefferson","Utica",,,,1,1,1,1,1,"15:00","14:51","15:00","15:00",3600,3591,3600,3600,"Washington and Jefferson","Utica",0,0,0,,,,,1,10,30,"kickoff",FALSE,,FALSE,FALSE,FALSE,FALSE,FALSE,FALSE,FALSE,FALSE,FALSE,FALSE,FALSE,FALSE,FALSE,FALSE,0,"TD",FALSE,FALSE,FALSE,FALSE,FALSE,FALSE,,,FALSE,,,"","Duarte,Nico kickoff 58 yards to the WJC07 DeSabato,Joey return 63 yards to the UTICA30 (Lewis,Ronaldo)."
"20250906_85f2",2025,"2025-09-06",1,"regular","Washington and Jefferson","Utica",,,,2,1,2,1,1,"14:51",,"14:51","14:51",3591,,3591,3591,"Washington and Jefferson","Utica",0,0,0,1,10,30,FALSE,2,3,23,"rush",TRUE,7,TRUE,FALSE,FALSE,FALSE,FALSE,FALSE,FALSE,FALSE,FALSE,FALSE,FALSE,FALSE,FALSE,FALSE,0,"TD",TRUE,FALSE,FALSE,FALSE,TRUE,FALSE,,,FALSE,,,"1st and 10 at UTC30","No Huddle-Shotgun Sharp,Andrew rush middle for 7 yards gain to the UTICA23 (Mascari,Mason)."
"20250906_85f2",2025,"2025-09-06",1,"regular","Washington and Jefferson","Utica",,,,3,1,3,1,1,,,"14:51","11:22",,,3591,3382,"Washington and Jefferson","Utica",0,0,0,2,3,23,FALSE,3,1,21,"rush",TRUE,2,TRUE,FALSE,FALSE,FALSE,FALSE,FALSE,FALSE,FALSE,FALSE,FALSE,FALSE,FALSE,FALSE,FALSE,0,"TD",FALSE,FALSE,FALSE,FALSE,FALSE,FALSE,,,FALSE,,,"2nd and 3 at UTC23","No Huddle-Shotgun Sharp,Andrew rush middle for 2 yards gain to the UTICA21 (Nolan,Mason)."
"20250906_85f2",2025,"2025-09-06",1,"regular","Washington and Jefferson","Utica",,,,4,1,4,1,1,,,"14:51","11:22",,,3591,3382,"Washington and Jefferson","Utica",0,0,0,3,1,21,FALSE,1,10,19,"rush",TRUE,2,TRUE,FALSE,FALSE,FALSE,FALSE,FALSE,FALSE,FALSE,FALSE,FALSE,FALSE,FALSE,FALSE,FALSE,0,"TD",FALSE,FALSE,FALSE,FALSE,FALSE,FALSE,,,FALSE,,,"3rd and 1 at UTC21","No Huddle-Shotgun Sharp,Andrew rush middle for 2 yards gain to the UTICA19 (Newton,Ceejay), 1ST DOWN."
"20250906_85f2",2025,"2025-09-06",1,"regular","Washington and Jefferson","Utica",,,,5,1,5,1,1,,,"14:51","11:22",,,3591,3382,"Washington and Jefferson","Utica",0,0,0,1,10,19,FALSE,2,8,17,"rush",TRUE,2,TRUE,FALSE,FALSE,FALSE,FALSE,FALSE,FALSE,FALSE,FALSE,FALSE,FALSE,FALSE,FALSE,FALSE,0,"TD",FALSE,FALSE,TRUE,FALSE,TRUE,FALSE,,,FALSE,,,"1st and 10 at UTC19","No Huddle-Shotgun Stahl,Kellan rush left for 2 yards gain to the UTICA17 (Douglas,Eli)."
"20250906_85f2",2025,"2025-09-06",1,"regular","Washington and Jefferson","Utica",,,,6,1,6,1,1,,,"14:51","11:22",,,3591,3382,"Washington and Jefferson","Utica",0,0,0,2,8,17,FALSE,3,7,16,"rush",TRUE,1,TRUE,FALSE,FALSE,FALSE,FALSE,FALSE,FALSE,FALSE,FALSE,FALSE,FALSE,FALSE,FALSE,FALSE,0,"TD",FALSE,FALSE,FALSE,FALSE,FALSE,FALSE,,,FALSE,,,"2nd and 8 at UTC17","No Huddle-Shotgun Sharp,Andrew rush middle for 1 yard gain to the UTICA16 (DeForrest,Nicholas)."
"20250906_85f2",2025,"2025-09-06",1,"regular","Washington and Jefferson","Utica",,,,7,1,7,1,1,,,"14:51","11:22",,,3591,3382,"Washington and Jefferson","Utica",0,0,0,3,7,16,FALSE,1,4,4,"pass_complete",TRUE,,FALSE,FALSE,FALSE,FALSE,FALSE,FALSE,FALSE,FALSE,FALSE,FALSE,FALSE,FALSE,FALSE,FALSE,0,"TD",FALSE,FALSE,FALSE,FALSE,FALSE,TRUE,8,"Utica",TRUE,FALSE,"PENALTY UTICA Illegal Use Of Hands (Newton,Ceejay) 8 yards from UTICA16 to UTICA08, 1ST DOWN. NO PLAY.","3rd and 7 at UTC16","No Huddle-Shotgun Stahl,Kellan pass complete short middle to Macosko,Jacob caught at UTICA10, for 0 yards to the UTICA16 (Douglas,Eli) PENALTY UTICA Illegal Use Of Hands (Newton,Ceejay) 8 yards from UTICA16 to UTICA08, 1ST DOWN. NO PLAY."
"20250906_85f2",2025,"2025-09-06",1,"regular","Washington and Jefferson","Utica",,,,8,1,8,1,1,,,"14:51","11:22",,,3591,3382,"Washington and Jefferson","Utica",0,0,0,1,4,4,TRUE,2,6,6,"rush",TRUE,-2,TRUE,FALSE,FALSE,FALSE,FALSE,FALSE,FALSE,FALSE,FALSE,FALSE,FALSE,FALSE,FALSE,FALSE,0,"TD",FALSE,FALSE,FALSE,TRUE,TRUE,FALSE,,,FALSE,,,"1st and 4 at UTC4","No Huddle-Shotgun Stahl,Kellan rush left for 2 yards loss to the UTICA06 (Lewis,Ronaldo)."
"20250906_85f2",2025,"2025-09-06",1,"regular","Washington and Jefferson","Utica",,,,9,1,9,1,1,,"11:22","14:51","11:22",,3382,3591,3382,"Washington and Jefferson","Utica",0,0,0,2,6,6,TRUE,,,,"rush",TRUE,6,TRUE,FALSE,FALSE,FALSE,FALSE,FALSE,FALSE,FALSE,TRUE,FALSE,FALSE,FALSE,FALSE,TRUE,6,"TD",FALSE,FALSE,FALSE,FALSE,FALSE,TRUE,15,"Utica",FALSE,FALSE,"PENALTY UTICA UNR: Unnecessary Roughness (Douglas,Eli) 15 yards from UTICA00 to UTICA03, 1ST DOWN.","2nd and 6 at UTC6","No Huddle-Shotgun Stahl,Kellan rush middle for 6 yards gain to the UTICA00 TOUCHDOWN, clock 11:22 PENALTY UTICA UNR: Unnecessary Roughness (Douglas,Eli) 15 yards from UTICA00 to UTICA03, 1ST DOWN."
"20250906_85f2",2025,"2025-09-06",1,"regular","Washington and Jefferson","Utica",,,,10,1,10,1,1,"11:22",,"11:22","11:22",3382,,3382,3382,"Washington and Jefferson","Utica",6,0,6,,,,,,,,"extra_point",FALSE,,FALSE,FALSE,FALSE,FALSE,FALSE,FALSE,FALSE,FALSE,FALSE,FALSE,FALSE,FALSE,FALSE,TRUE,1,"TD",FALSE,FALSE,FALSE,FALSE,FALSE,FALSE,,,FALSE,,,"","Wyandt,Deven kick attempt good (H: Mele,Jake, LS: Magnelli,Al)."
"20250906_85f2",2025,"2025-09-06",1,"regular","Washington and Jefferson","Utica",,,,11,2,1,1,1,"11:22","11:22","11:22","11:22",3382,3382,3382,3382,"Utica","Washington and Jefferson",0,7,-7,,,,,1,10,75,"kickoff",FALSE,,FALSE,FALSE,FALSE,FALSE,FALSE,FALSE,FALSE,FALSE,FALSE,FALSE,FALSE,FALSE,FALSE,FALSE,0,"TD",FALSE,FALSE,FALSE,FALSE,FALSE,FALSE,,,FALSE,,,"","Campbell,Liam kickoff 50 yards to the UTICA00, Touchback."
"20250906_85f2",2025,"2025-09-06",1,"regular","Washington and Jefferson","Utica",,,,12,2,2,1,1,"11:22",,"11:22","11:22",3382,,3382,3382,"Utica","Washington and Jefferson",0,7,-7,1,10,75,FALSE,2,8,73,"pass_complete",TRUE,2,FALSE,TRUE,TRUE,FALSE,FALSE,FALSE,FALSE,FALSE,FALSE,FALSE,FALSE,FALSE,FALSE,FALSE,0,"TD",TRUE,FALSE,FALSE,FALSE,TRUE,FALSE,,,FALSE,,,"1st and 10 at UTC25","No Huddle-Shotgun Szalkowski,Tyler pass complete short right to Palmer,Bryce caught at UTICA22, for 2 yards to the UTICA27 (Lacey,Joey; Laconi,Carson)."
"20250906_85f2",2025,"2025-09-06",1,"regular","Washington and Jefferson","Utica",,,,13,2,3,1,1,,,"11:22","06:01",,,3382,3061,"Utica","Washington and Jefferson",0,7,-7,2,8,73,FALSE,1,10,64,"pass_complete",TRUE,9,FALSE,TRUE,TRUE,FALSE,FALSE,FALSE,FALSE,FALSE,FALSE,FALSE,FALSE,FALSE,FALSE,FALSE,0,"TD",FALSE,FALSE,FALSE,FALSE,FALSE,FALSE,,,FALSE,,,"2nd and 8 at UTC27","No Huddle-Shotgun Szalkowski,Tyler pass complete short left to Cianfarani,Antonio caught at UTICA36, for 9 yards to the UTICA36 (Telfair,Da'Jahn), 1ST DOWN."
"20250906_85f2",2025,"2025-09-06",1,"regular","Washington and Jefferson","Utica",,,,14,2,4,1,1,,,"11:22","06:01",,,3382,3061,"Utica","Washington and Jefferson",0,7,-7,1,10,64,FALSE,2,6,60,"rush",TRUE,4,TRUE,FALSE,FALSE,FALSE,FALSE,FALSE,FALSE,FALSE,FALSE,FALSE,FALSE,FALSE,FALSE,FALSE,0,"TD",FALSE,FALSE,TRUE,FALSE,TRUE,FALSE,,,FALSE,,,"1st and 10 at UTC36","No Huddle-Shotgun Szalkowski,Tyler rush middle for 4 yards gain to the UTICA40 (Sherman,Brock)."
"20250906_85f2",2025,"2025-09-06",1,"regular","Washington and Jefferson","Utica",,,,15,2,5,1,1,,,"11:22","06:01",,,3382,3061,"Utica","Washington and Jefferson",0,7,-7,2,6,60,FALSE,1,10,52,"pass_complete",TRUE,8,FALSE,TRUE,TRUE,FALSE,FALSE,FALSE,FALSE,FALSE,FALSE,FALSE,FALSE,FALSE,FALSE,FALSE,0,"TD",FALSE,FALSE,FALSE,FALSE,FALSE,FALSE,,,FALSE,,,"2nd and 6 at UTC40","No Huddle-Shotgun Szalkowski,Tyler pass complete short left to Thompson,Scotty caught at UTICA45, for 8 yards to the UTICA48 (Lacey,Joey), 1ST DOWN."
"20250906_85f2",2025,"2025-09-06",1,"regular","Washington and Jefferson","Utica",,,,16,2,6,1,1,,,"11:22","06:01",,,3382,3061,"Utica","Washington and Jefferson",0,7,-7,1,10,52,FALSE,2,7,49,"rush",TRUE,3,TRUE,FALSE,FALSE,FALSE,FALSE,FALSE,FALSE,FALSE,FALSE,FALSE,FALSE,FALSE,FALSE,FALSE,0,"TD",FALSE,FALSE,TRUE,FALSE,TRUE,FALSE,,,FALSE,,,"1st and 10 at UTC48","No Huddle-Shotgun Szalkowski,Tyler rush left for 3 yards gain to the WJC49 (Kadosh-Harris,Nathaniel; Smith,Antoine)."
"20250906_85f2",2025,"2025-09-06",1,"regular","Washington and Jefferson","Utica",,,,17,2,7,1,1,,,"11:22","06:01",,,3382,3061,"Utica","Washington and Jefferson",0,7,-7,2,7,49,FALSE,3,8,50,"rush",TRUE,-1,TRUE,FALSE,FALSE,FALSE,FALSE,FALSE,FALSE,FALSE,FALSE,FALSE,FALSE,FALSE,FALSE,FALSE,0,"TD",FALSE,FALSE,FALSE,FALSE,FALSE,FALSE,,,FALSE,,,"2nd and 7 at WJC49","No Huddle-Shotgun Frazier,Eze rush middle for 1 yard loss to the WJC50 (Sherman,Brock; Thomas,Aidan)."
"20250906_85f2",2025,"2025-09-06",1,"regular","Washington and Jefferson","Utica",,,,18,2,8,1,1,,,"11:22","06:01",,,3382,3061,"Utica","Washington and Jefferson",0,7,-7,3,8,50,FALSE,1,10,39,"pass_complete",TRUE,11,FALSE,TRUE,TRUE,FALSE,FALSE,FALSE,FALSE,FALSE,FALSE,FALSE,FALSE,FALSE,FALSE,FALSE,0,"TD",FALSE,FALSE,FALSE,FALSE,FALSE,FALSE,,,FALSE,,,"3rd and 8 at WJC50","No Huddle-Shotgun Szalkowski,Tyler pass complete short left to Cianfarani,Antonio caught at WJC39, for 11 yards to the WJC39 (DeRubbo,Dante), 1ST DOWN."
"20250906_85f2",2025,"2025-09-06",1,"regular","Washington and Jefferson","Utica",,,,19,2,9,1,1,,,"11:22","06:01",,,3382,3061,"Utica","Washington and Jefferson",0,7,-7,1,10,39,FALSE,2,10,39,"pass_incomplete",TRUE,0,FALSE,TRUE,FALSE,FALSE,FALSE,FALSE,FALSE,FALSE,FALSE,FALSE,FALSE,FALSE,FALSE,FALSE,0,"TD",FALSE,FALSE,TRUE,FALSE,TRUE,FALSE,,,FALSE,,,"1st and 10 at WJC39","No Huddle-Shotgun Szalkowski,Tyler pass incomplete short left to Frederick,Logan thrown to WJC20."
"20250906_85f2",2025,"2025-09-06",1,"regular","Washington and Jefferson","Utica",,,,20,2,10,1,1,,,"11:22","06:01",,,3382,3061,"Utica","Washington and Jefferson",0,7,-7,2,10,39,FALSE,1,10,20,"pass_complete",TRUE,19,FALSE,TRUE,TRUE,FALSE,FALSE,FALSE,FALSE,FALSE,FALSE,FALSE,FALSE,FALSE,FALSE,FALSE,0,"TD",FALSE,FALSE,FALSE,FALSE,FALSE,FALSE,,,FALSE,,,"2nd and 10 at WJC39","No Huddle-Shotgun Szalkowski,Tyler pass complete short right to Taylor,Tyshawn caught at WJC30, for 19 yards to the WJC20 (Volomino,Angelo; Sherman,Brock), 1ST DOWN."
"20250906_85f2",2025,"2025-09-06",1,"regular","Washington and Jefferson","Utica",,,,21,2,11,1,1,,,"11:22","06:01",,,3382,3061,"Utica","Washington and Jefferson",0,7,-7,1,10,20,FALSE,2,10,20,"pass_incomplete",TRUE,0,FALSE,TRUE,FALSE,FALSE,FALSE,FALSE,FALSE,FALSE,FALSE,FALSE,FALSE,FALSE,FALSE,FALSE,0,"TD",FALSE,FALSE,TRUE,FALSE,TRUE,FALSE,,,FALSE,,,"1st and 10 at WJC20","No Huddle-Shotgun Szalkowski,Tyler pass incomplete short left to Taylor,Tyshawn thrown to WJC12."
"20250906_85f2",2025,"2025-09-06",1,"regular","Washington and Jefferson","Utica",,,,22,2,12,1,1,,,"11:22","06:01",,,3382,3061,"Utica","Washington and Jefferson",0,7,-7,2,10,20,FALSE,3,10,20,"pass_incomplete",TRUE,0,FALSE,TRUE,FALSE,FALSE,FALSE,FALSE,FALSE,FALSE,FALSE,FALSE,FALSE,FALSE,FALSE,FALSE,0,"TD",FALSE,FALSE,FALSE,FALSE,FALSE,FALSE,,,FALSE,,,"2nd and 10 at WJC20","No Huddle-Shotgun Szalkowski,Tyler pass incomplete short left to Cianfarani,Antonio thrown to WJC14 broken up by Telfair,Da'Jahn."
"20250906_85f2",2025,"2025-09-06",1,"regular","Washington and Jefferson","Utica",,,,23,2,13,1,1,,,"11:22","06:01",,,3382,3061,"Utica","Washington and Jefferson",0,7,-7,3,10,20,FALSE,3,5,15,"penalty_no_play",TRUE,,FALSE,FALSE,FALSE,FALSE,FALSE,FALSE,FALSE,FALSE,FALSE,FALSE,FALSE,FALSE,FALSE,FALSE,0,"TD",FALSE,FALSE,FALSE,FALSE,FALSE,TRUE,5,"Washington and Jefferson",TRUE,FALSE,"PENALTY WJC Delay Of Game 5 yards from WJC20 to WJC15. NO PLAY.","3rd and 10 at WJC20","PENALTY WJC Delay Of Game 5 yards from WJC20 to WJC15. NO PLAY."
"20250906_85f2",2025,"2025-09-06",1,"regular","Washington and Jefferson","Utica",,,,24,2,14,1,1,,"06:01","11:22","06:01",,3061,3382,3061,"Utica","Washington and Jefferson",0,7,-7,3,5,15,FALSE,,,,"pass_complete",TRUE,15,FALSE,TRUE,TRUE,FALSE,FALSE,FALSE,FALSE,FALSE,TRUE,FALSE,FALSE,FALSE,FALSE,TRUE,6,"TD",FALSE,FALSE,FALSE,FALSE,FALSE,FALSE,,,FALSE,,,"3rd and 5 at WJC15","No Huddle-Shotgun Szalkowski,Tyler pass complete short left to Zawolo,Gabriel caught at WJC00, for 15 yards to the WJC00 TOUCHDOWN, clock 06:01, 1ST DOWN."
"20250906_85f2",2025,"2025-09-06",1,"regular","Washington and Jefferson","Utica",,,,25,2,15,1,1,"06:01",,"06:01","06:01",3061,,3061,3061,"Utica","Washington and Jefferson",6,7,-1,,,,,,,,"extra_point",FALSE,,FALSE,FALSE,FALSE,FALSE,FALSE,FALSE,FALSE,FALSE,FALSE,FALSE,FALSE,FALSE,FALSE,TRUE,1,"TD",FALSE,FALSE,FALSE,FALSE,FALSE,FALSE,,,FALSE,,,"","Duarte,Nico kick attempt good (H: Palmer,Bryce, LS: Boss,William)."
"20250906_85f2",2025,"2025-09-06",1,"regular","Washington and Jefferson","Utica",,,,26,3,1,1,1,"06:01","05:55","06:01","06:01",3061,3055,3061,3061,"Washington and Jefferson","Utica",7,7,0,,,,,1,10,65,"kickoff",FALSE,,FALSE,FALSE,FALSE,FALSE,FALSE,FALSE,FALSE,FALSE,FALSE,FALSE,FALSE,FALSE,FALSE,FALSE,0,"PUNT",FALSE,FALSE,FALSE,FALSE,FALSE,FALSE,,,FALSE,,,"","Duarte,Nico kickoff 62 yards to the WJC03 DeSabato,Joey return 32 yards to the WJC35 (Rivera-Leal,Javier)."
"20250906_85f2",2025,"2025-09-06",1,"regular","Washington and Jefferson","Utica",,,,27,3,2,1,1,"05:55",,"05:55","05:55",3055,,3055,3055,"Washington and Jefferson","Utica",7,7,0,1,10,65,FALSE,2,8,63,"rush",TRUE,2,TRUE,FALSE,FALSE,FALSE,FALSE,FALSE,FALSE,FALSE,FALSE,FALSE,FALSE,FALSE,FALSE,FALSE,0,"PUNT",TRUE,FALSE,FALSE,FALSE,TRUE,FALSE,,,FALSE,,,"1st and 10 at WJC35","No Huddle-Shotgun Derosa,Kobe rush right for 2 yards gain to the WJC37 (), out of bounds."
"20250906_85f2",2025,"2025-09-06",1,"regular","Washington and Jefferson","Utica",,,,28,3,3,1,1,,,"05:55","04:35",,,3055,2975,"Washington and Jefferson","Utica",7,7,0,2,8,63,FALSE,3,4,59,"pass_complete",TRUE,4,FALSE,TRUE,TRUE,FALSE,FALSE,FALSE,FALSE,FALSE,FALSE,FALSE,FALSE,FALSE,FALSE,FALSE,0,"PUNT",FALSE,FALSE,FALSE,FALSE,FALSE,FALSE,,,FALSE,,,"2nd and 8 at WJC37","No Huddle-Shotgun Stahl,Kellan pass complete short middle to Mahle,Drew caught at WJC40, for 4 yards to the WJC41 (Thomas,Isaiah)."
"20250906_85f2",2025,"2025-09-06",1,"regular","Washington and Jefferson","Utica",,,,29,3,4,1,1,,,"05:55","04:35",,,3055,2975,"Washington and Jefferson","Utica",7,7,0,3,4,59,FALSE,4,4,59,"pass_incomplete",TRUE,0,FALSE,TRUE,FALSE,FALSE,FALSE,FALSE,FALSE,FALSE,FALSE,FALSE,FALSE,FALSE,FALSE,FALSE,0,"PUNT",FALSE,FALSE,FALSE,FALSE,FALSE,FALSE,,,FALSE,,,"3rd and 4 at WJC41","No Huddle-Shotgun Stahl,Kellan pass incomplete short to Evans,Machi thrown to WJC42 broken up by Miranowicz,Mason."
"20250906_85f2",2025,"2025-09-06",1,"regular","Washington and Jefferson","Utica",,,,30,3,5,1,1,,"04:35","05:55","04:35",,2975,3055,2975,"Washington and Jefferson","Utica",7,7,0,4,4,59,FALSE,1,10,57,"punt_with_return",TRUE,,FALSE,FALSE,FALSE,FALSE,FALSE,FALSE,FALSE,FALSE,FALSE,FALSE,FALSE,FALSE,TRUE,FALSE,0,"PUNT",FALSE,FALSE,FALSE,FALSE,FALSE,FALSE,,,FALSE,,,"4th and 4 at WJC41","Wyandt,Deven punt 29 yards to the UTICA30 Maritato,Nick return 13 yards to the UTICA43 (Sherman,Brock; Schry,Preston)."
"20250906_85f2",2025,"2025-09-06",1,"regular","Washington and Jefferson","Utica",,,,31,4,1,1,1,"04:35",,"04:35","04:35",2975,,2975,2975,"Utica","Washington and Jefferson",7,7,0,1,10,57,FALSE,2,2,49,"pass_complete",TRUE,8,FALSE,TRUE,TRUE,FALSE,FALSE,FALSE,FALSE,FALSE,FALSE,FALSE,FALSE,FALSE,FALSE,FALSE,0,"TD",FALSE,TRUE,FALSE,FALSE,TRUE,FALSE,,,FALSE,,,"1st and 10 at UTC43","No Huddle-Shotgun Szalkowski,Tyler pass complete short left to Frederick,Logan caught at UTICA43, for 8 yards to the WJC49 (Laconi,Carson)."
"20250906_85f2",2025,"2025-09-06",1,"regular","Washington and Jefferson","Utica",,,,32,4,2,1,1,,,"04:35","01:14",,,2975,2774,"Utica","Washington and Jefferson",7,7,0,2,2,49,FALSE,3,2,49,"pass_incomplete",TRUE,0,FALSE,TRUE,FALSE,FALSE,FALSE,FALSE,FALSE,FALSE,FALSE,FALSE,FALSE,FALSE,FALSE,FALSE,0,"TD",FALSE,FALSE,FALSE,FALSE,FALSE,FALSE,,,FALSE,,,"2nd and 2 at WJC49","No Huddle-Shotgun Szalkowski,Tyler pass incomplete short left to Cianfarani,Antonio thrown to WJC30."
"20250906_85f2",2025,"2025-09-06",1,"regular","Washington and Jefferson","Utica",,,,33,4,3,1,1,,,"04:35","01:14",,,2975,2774,"Utica","Washington and Jefferson",7,7,0,3,2,49,FALSE,1,10,34,"penalty_no_play",TRUE,,FALSE,FALSE,FALSE,FALSE,FALSE,FALSE,FALSE,FALSE,FALSE,FALSE,FALSE,FALSE,FALSE,FALSE,0,"TD",FALSE,FALSE,FALSE,FALSE,FALSE,TRUE,15,"Washington and Jefferson",TRUE,FALSE,"PENALTY WJC UNR: Unnecessary Roughness (Primrose,Tyler) 15 yards from WJC49 to WJC34, 1ST DOWN. NO PLAY.","3rd and 2 at WJC49","PENALTY WJC UNR: Unnecessary Roughness (Primrose,Tyler) 15 yards from WJC49 to WJC34, 1ST DOWN. NO PLAY."
"20250906_85f2",2025,"2025-09-06",1,"regular","Washington and Jefferson","Utica",,,,34,4,4,1,1,,,"04:35","01:14",,,2975,2774,"Utica","Washington and Jefferson",7,7,0,1,10,34,FALSE,2,8,32,"rush",TRUE,2,TRUE,FALSE,FALSE,FALSE,FALSE,FALSE,FALSE,FALSE,FALSE,FALSE,FALSE,FALSE,FALSE,FALSE,0,"TD",FALSE,FALSE,FALSE,TRUE,TRUE,FALSE,,,FALSE,,,"1st and 10 at WJC34","No Huddle-Shotgun Frazier,Eze rush middle for 2 yards gain to the WJC32 (Sherman,Brock)."
"20250906_85f2",2025,"2025-09-06",1,"regular","Washington and Jefferson","Utica",,,,35,4,5,1,1,,,"04:35","01:14",,,2975,2774,"Utica","Washington and Jefferson",7,7,0,2,8,32,FALSE,1,7,7,"pass_complete",TRUE,25,FALSE,TRUE,TRUE,FALSE,FALSE,FALSE,FALSE,FALSE,FALSE,FALSE,FALSE,FALSE,FALSE,FALSE,0,"TD",FALSE,FALSE,FALSE,FALSE,FALSE,FALSE,,,FALSE,,,"2nd and 8 at WJC32","No Huddle-Shotgun Szalkowski,Tyler pass complete deep right to Palmer,Bryce caught at WJC10, for 25 yards to the WJC07 QB hurried by Sherman,Brock (), out of bounds, 1ST DOWN."
"20250906_85f2",2025,"2025-09-06",1,"regular","Washington and Jefferson","Utica",,,,36,4,6,1,1,,,"04:35","01:14",,,2975,2774,"Utica","Washington and Jefferson",7,7,0,1,7,7,TRUE,2,4,4,"rush",TRUE,3,TRUE,FALSE,FALSE,FALSE,FALSE,FALSE,FALSE,FALSE,FALSE,FALSE,FALSE,FALSE,FALSE,FALSE,0,"TD",FALSE,FALSE,TRUE,FALSE,TRUE,FALSE,,,FALSE,,,"1st and 7 at WJC7","No Huddle-Shotgun Frazier,Eze rush middle for 3 yards gain to the WJC04 (Broxie,Jalen; Boyce,Matt)."
"20250906_85f2",2025,"2025-09-06",1,"regular","Washington and Jefferson","Utica",,,,37,4,7,1,1,,,"04:35","01:14",,,2975,2774,"Utica","Washington and Jefferson",7,7,0,2,4,4,TRUE,3,5,5,"rush",TRUE,-1,TRUE,FALSE,FALSE,FALSE,FALSE,FALSE,FALSE,FALSE,FALSE,FALSE,FALSE,FALSE,FALSE,FALSE,0,"TD",FALSE,FALSE,FALSE,FALSE,FALSE,FALSE,,,FALSE,,,"2nd and 4 at WJC4","No Huddle-Shotgun Szalkowski,Tyler rush middle for 1 yard loss to the WJC05 (Volomino,Angelo)."
"20250906_85f2",2025,"2025-09-06",1,"regular","Washington and Jefferson","Utica",,,,38,4,8,1,1,,,"04:35","01:14",,,2975,2774,"Utica","Washington and Jefferson",7,7,0,3,5,5,TRUE,4,2,2,"rush",TRUE,3,TRUE,FALSE,FALSE,FALSE,FALSE,FALSE,FALSE,FALSE,FALSE,FALSE,FALSE,FALSE,FALSE,FALSE,0,"TD",FALSE,FALSE,FALSE,FALSE,FALSE,FALSE,,,FALSE,,,"3rd and 5 at WJC5","No Huddle-Shotgun Szalkowski,Tyler rush middle for 3 yards gain to the WJC02 (Sherman,Brock; Lacey,Joey)."
"20250906_85f2",2025,"2025-09-06",1,"regular","Washington and Jefferson","Utica",,,,39,4,9,1,1,,"01:14","04:35","01:14",,2774,2975,2774,"Utica","Washington and Jefferson",7,7,0,4,2,2,TRUE,,,,"rush",TRUE,2,TRUE,FALSE,FALSE,FALSE,FALSE,FALSE,FALSE,FALSE,TRUE,FALSE,FALSE,FALSE,FALSE,TRUE,6,"TD",FALSE,FALSE,FALSE,FALSE,FALSE,FALSE,,,FALSE,,,"4th and 2 at WJC2","No Huddle-Shotgun rush left for 2 yards gain to the WJC00 TOUCHDOWN, clock 01:14."
"20250906_85f2",2025,"2025-09-06",1,"regular","Washington and Jefferson","Utica",,,,40,4,10,1,1,"01:14",,"01:14","01:14",2774,,2774,2774,"Utica","Washington and Jefferson",13,7,6,,,,,,,,"extra_point",FALSE,,FALSE,FALSE,FALSE,FALSE,FALSE,FALSE,FALSE,FALSE,FALSE,FALSE,FALSE,FALSE,FALSE,TRUE,1,"TD",FALSE,FALSE,FALSE,FALSE,FALSE,FALSE,,,FALSE,,,"","Duarte,Nico kick attempt good (H: Palmer,Bryce, LS: Boss,William)."
"20250906_85f2",2025,"2025-09-06",1,"regular","Washington and Jefferson","Utica",,,,41,5,1,1,1,"01:14","01:14","01:14","01:14",2774,2774,2774,2774,"Washington and Jefferson","Utica",7,14,-7,,,,,1,10,65,"kickoff",FALSE,,FALSE,FALSE,FALSE,FALSE,FALSE,FALSE,FALSE,FALSE,FALSE,FALSE,FALSE,FALSE,FALSE,FALSE,0,"UNKNOWN",FALSE,FALSE,FALSE,FALSE,FALSE,FALSE,,,FALSE,,,"","Duarte,Nico kickoff 30 yards to the WJC35 fair catch by Volomino,Angelo at WJC35."
"20250906_85f2",2025,"2025-09-06",1,"regular","Washington and Jefferson","Utica",,,,42,5,2,1,1,"01:14",,"01:14","01:14",2774,,2774,2774,"Washington and Jefferson","Utica",7,14,-7,1,10,65,FALSE,1,10,47,"rush",TRUE,3,TRUE,FALSE,FALSE,FALSE,FALSE,FALSE,FALSE,FALSE,FALSE,FALSE,FALSE,FALSE,FALSE,FALSE,0,"UNKNOWN",TRUE,FALSE,FALSE,FALSE,TRUE,TRUE,15,"Utica",FALSE,FALSE,"PENALTY UTICA UNS: Unsportsmanlike Conduct (Newton,Ceejay) 15 yards from WJC38 to UTICA47, 1ST DOWN.","1st and 10 at WJC35","No Huddle-Shotgun Derosa,Kobe rush right for 3 yards gain to the WJC38 (Nolan,Mason) PENALTY UTICA UNS: Unsportsmanlike Conduct (Newton,Ceejay) 15 yards from WJC38 to UTICA47, 1ST DOWN."
"20250906_85f2",2025,"2025-09-06",1,"regular","Washington and Jefferson","Utica",,,,43,5,3,1,1,,,"01:14","00:00",,,2774,2700,"Washington and Jefferson","Utica",7,14,-7,1,10,47,FALSE,1,10,35,"pass_complete",TRUE,12,FALSE,TRUE,TRUE,FALSE,FALSE,FALSE,FALSE,FALSE,FALSE,FALSE,FALSE,FALSE,FALSE,FALSE,0,"UNKNOWN",FALSE,FALSE,FALSE,TRUE,TRUE,FALSE,,,FALSE,,,"1st and 10 at UTC47","No Huddle-Shotgun Stahl,Kellan pass complete short left to Macosko,Jacob caught at UTICA38, for 12 yards to the UTICA35 (Nolan,Mason; Mecca,Michael), 1ST DOWN."
"20250906_85f2",2025,"2025-09-06",1,"regular","Washington and Jefferson","Utica",,,,44,5,4,1,1,,,"01:14","00:00",,,2774,2700,"Washington and Jefferson","Utica",7,14,-7,1,10,35,FALSE,2,10,35,"pass_incomplete",TRUE,0,FALSE,TRUE,FALSE,FALSE,FALSE,FALSE,FALSE,FALSE,FALSE,FALSE,FALSE,FALSE,FALSE,FALSE,0,"UNKNOWN",FALSE,FALSE,TRUE,FALSE,TRUE,FALSE,,,FALSE,,,"1st and 10 at UTC35","No Huddle-Shotgun Stahl,Kellan pass incomplete short right to Peduzzi,John thrown to UTICA23 broken up by Douglas,Eli."
"20250906_85f2",2025,"2025-09-06",1,"regular","Washington and Jefferson","Utica",,,,45,5,5,1,1,,,"01:14","00:00",,,2774,2700,"Washington and Jefferson","Utica",7,14,-7,2,10,35,FALSE,1,10,20,"penalty_no_play",TRUE,,FALSE,FALSE,FALSE,FALSE,FALSE,FALSE,FALSE,FALSE,FALSE,FALSE,FALSE,FALSE,FALSE,FALSE,0,"UNKNOWN",FALSE,FALSE,FALSE,FALSE,FALSE,TRUE,15,"Utica",TRUE,FALSE,"PENALTY UTICA Roughing The Passer (Newton,Ceejay) 15 yards from UTICA35 to UTICA20, 1ST DOWN. NO PLAY.","2nd and 10 at UTC35","PENALTY UTICA Roughing The Passer (Newton,Ceejay) 15 yards from UTICA35 to UTICA20, 1ST DOWN. NO PLAY."
"20250906_85f2",2025,"2025-09-06",1,"regular","Washington and Jefferson","Utica",,,,46,5,6,1,1,,,"01:14","00:00",,,2774,2700,"Washington and Jefferson","Utica",7,14,-7,1,10,20,FALSE,2,10,20,"rush",TRUE,0,TRUE,FALSE,FALSE,FALSE,FALSE,FALSE,FALSE,FALSE,FALSE,FALSE,FALSE,FALSE,FALSE,FALSE,0,"UNKNOWN",FALSE,FALSE,FALSE,TRUE,TRUE,FALSE,,,FALSE,,,"1st and 10 at UTC20","No Huddle-Shotgun Edwards,Luke rush middle for 0 yards to the UTICA20 (Cleophat,Makhi)."
"20250906_85f2",2025,"2025-09-06",1,"regular","Washington and Jefferson","Utica",,,,47,5,7,1,1,,,"01:14","00:00",,,2774,2700,"Washington and Jefferson","Utica",7,14,-7,2,10,20,FALSE,3,10,20,"pass_incomplete",TRUE,0,FALSE,TRUE,FALSE,FALSE,FALSE,FALSE,FALSE,FALSE,FALSE,FALSE,FALSE,FALSE,FALSE,FALSE,0,"UNKNOWN",FALSE,FALSE,FALSE,FALSE,FALSE,FALSE,,,FALSE,,,"2nd and 10 at UTC20","No Huddle-Shotgun Stahl,Kellan pass incomplete short left to Macosko,Jacob thrown to UTICA05 QB hurried by Mascari,Mason."
"20250906_85f2",2025,"2025-09-06",1,"regular","Washington and Jefferson","Utica",,,,48,5,8,2,1,"15:00",,"15:00","15:00",2700,,2700,2700,"Washington and Jefferson","Utica",7,14,-7,3,10,20,FALSE,4,10,20,"pass_incomplete",TRUE,0,FALSE,TRUE,FALSE,FALSE,FALSE,FALSE,FALSE,FALSE,FALSE,FALSE,FALSE,FALSE,FALSE,FALSE,0,"UNKNOWN",FALSE,FALSE,FALSE,FALSE,FALSE,FALSE,,,FALSE,,,"3rd and 10 at UTC20","No Huddle-Shotgun Stahl,Kellan pass incomplete short middle to Edwards,Luke thrown to UTICA15."
"20250906_85f2",2025,"2025-09-06",1,"regular","Washington and Jefferson","Utica",,,,49,5,9,2,1,,"14:45","15:00","14:45",,2685,2700,2685,"Washington and Jefferson","Utica",7,14,-7,4,10,20,FALSE,1,11,76,"pass_complete",TRUE,,FALSE,FALSE,FALSE,FALSE,FALSE,FALSE,FALSE,FALSE,FALSE,FALSE,FALSE,FALSE,FALSE,FALSE,0,"UNKNOWN",FALSE,FALSE,FALSE,FALSE,FALSE,TRUE,-5,"Washington and Jefferson",TRUE,FALSE,"PENALTY WJC Illegal Forward Pass (Stahl,Kellan) 5 yards from UTICA20 to UTICA25, TURNOVER ON DOWNS. NO PLAY.","4th and 10 at UTC20","No Huddle-Shotgun Stahl,Kellan pass complete deep right to Evans,Machi caught at UTICA00, for 20 yards to the UTICA00 TOUCHDOWN nullified by penalty, clock 14:45 PENALTY WJC Illegal Forward Pass (Stahl,Kellan) 5 yards from UTICA20 to UTICA25, TURNOVER ON DOWNS. NO PLAY."
"20250906_85f2",2025,"2025-09-06",1,"regular","Washington and Jefferson","Utica",,,,50,6,1,2,1,"14:45",,"14:45","14:45",2685,,2685,2685,"Utica","Washington and Jefferson",14,7,7,1,11,76,FALSE,2,3,68,"pass_complete",TRUE,8,FALSE,TRUE,TRUE,FALSE,FALSE,FALSE,FALSE,FALSE,FALSE,FALSE,FALSE,FALSE,FALSE,FALSE,0,"MISSED FG",FALSE,FALSE,FALSE,FALSE,FALSE,FALSE,,,FALSE,,,"1st and 11 at UTC24","No Huddle-Shotgun Szalkowski,Tyler pass complete short right to Frederick,Logan caught at UTICA25, for 8 yards to the UTICA32 (Lacey,Joey; Laconi,Carson)."
"20250906_85f2",2025,"2025-09-06",1,"regular","Washington and Jefferson","Utica",,,,51,6,2,2,1,"14:20",,"14:20","14:20",2660,,2660,2660,"Utica","Washington and Jefferson",14,7,7,2,3,68,FALSE,2,13,78,"pass_incomplete",TRUE,,FALSE,FALSE,FALSE,FALSE,FALSE,FALSE,FALSE,FALSE,FALSE,FALSE,FALSE,FALSE,FALSE,FALSE,0,"MISSED FG",FALSE,FALSE,FALSE,FALSE,FALSE,TRUE,-10,"Utica",TRUE,FALSE,"PENALTY UTICA Holding (Olsen,Aidan) 10 yards from UTICA32 to UTICA22. NO PLAY.","2nd and 3 at UTC32","No Huddle-Shotgun Szalkowski,Tyler pass incomplete short left to Zawolo,Gabriel thrown to UTICA45 broken up by Telfair,Da'Jahn QB hurried by Smith,Antoine PENALTY UTICA Holding (Olsen,Aidan) 10 yards from UTICA32 to UTICA22. NO PLAY."
"20250906_85f2",2025,"2025-09-06",1,"regular","Washington and Jefferson","Utica",,,,52,6,3,2,1,,,"14:20","12:50",,,2660,2570,"Utica","Washington and Jefferson",14,7,7,2,13,78,FALSE,1,10,65,"pass_complete",TRUE,13,FALSE,TRUE,TRUE,FALSE,FALSE,FALSE,FALSE,FALSE,FALSE,FALSE,FALSE,FALSE,FALSE,FALSE,0,"MISSED FG",FALSE,FALSE,FALSE,FALSE,FALSE,FALSE,,,FALSE,,,"2nd and 13 at UTC22","No Huddle-Shotgun Szalkowski,Tyler pass complete short left to Zawolo,Gabriel caught at UTICA33, for 13 yards to the UTICA35 (), out of bounds, 1ST DOWN."
"20250906_85f2",2025,"2025-09-06",1,"regular","Washington and Jefferson","Utica",,,,53,6,4,2,1,,,"14:20","12:50",,,2660,2570,"Utica","Washington and Jefferson",14,7,7,1,10,65,FALSE,2,19,74,"sack",TRUE,-9,FALSE,FALSE,FALSE,TRUE,FALSE,FALSE,FALSE,FALSE,FALSE,FALSE,FALSE,FALSE,FALSE,FALSE,0,"MISSED FG",FALSE,FALSE,TRUE,FALSE,TRUE,FALSE,,,FALSE,,,"1st and 10 at UTC35","No Huddle-Shotgun Szalkowski,Tyler sacked for loss of 9 yards to the UTICA26 (Primrose,Tyler)."
"20250906_85f2",2025,"2025-09-06",1,"regular","Washington and Jefferson","Utica",,,,54,6,5,2,1,,,"14:20","12:50",,,2660,2570,"Utica","Washington and Jefferson",14,7,7,2,19,74,FALSE,1,10,27,"pass_complete",TRUE,47,FALSE,TRUE,TRUE,FALSE,FALSE,FALSE,FALSE,FALSE,FALSE,FALSE,FALSE,FALSE,FALSE,FALSE,0,"MISSED FG",FALSE,FALSE,FALSE,FALSE,FALSE,FALSE,,,FALSE,,,"2nd and 19 at UTC26","No Huddle-Shotgun Szalkowski,Tyler pass complete deep left to Taylor,Tyshawn caught at WJC30, for 47 yards to the WJC27 (Telfair,Da'Jahn), 1ST DOWN."
"20250906_85f2",2025,"2025-09-06",1,"regular","Washington and Jefferson","Utica",,,,55,6,6,2,1,,,"14:20","12:50",,,2660,2570,"Utica","Washington and Jefferson",14,7,7,1,10,27,FALSE,2,10,27,"pass_incomplete",TRUE,0,FALSE,TRUE,FALSE,FALSE,FALSE,FALSE,FALSE,FALSE,FALSE,FALSE,FALSE,FALSE,FALSE,FALSE,0,"MISSED FG",FALSE,FALSE,TRUE,FALSE,TRUE,FALSE,,,FALSE,,,"1st and 10 at WJC27","No Huddle-Shotgun Szalkowski,Tyler pass incomplete short left to Frederick,Logan thrown to WJC13 QB hurried by Smith,Antoine."
"20250906_85f2",2025,"2025-09-06",1,"regular","Washington and Jefferson","Utica",,,,56,6,7,2,1,,,"14:20","12:50",,,2660,2570,"Utica","Washington and Jefferson",14,7,7,2,10,27,FALSE,3,10,27,"rush",TRUE,0,TRUE,FALSE,FALSE,FALSE,FALSE,FALSE,FALSE,FALSE,FALSE,FALSE,FALSE,FALSE,FALSE,FALSE,0,"MISSED FG",FALSE,FALSE,FALSE,FALSE,FALSE,TRUE,,"Utica",FALSE,TRUE,"PENALTY UTICA Illegal Formation declined.","2nd and 10 at WJC27","Shotgun Frazier,Eze rush middle for 0 yards to the WJC27 (Thomas,Aidan; Volomino,Angelo) PENALTY UTICA Illegal Formation declined."
"20250906_85f2",2025,"2025-09-06",1,"regular","Washington and Jefferson","Utica",,,,57,6,8,2,1,"12:50",,"12:50","12:50",2570,,2570,2570,"Utica","Washington and Jefferson",14,7,7,3,10,27,FALSE,4,10,27,"pass_incomplete",TRUE,0,FALSE,TRUE,FALSE,FALSE,FALSE,FALSE,FALSE,FALSE,FALSE,FALSE,FALSE,FALSE,FALSE,FALSE,0,"MISSED FG",FALSE,FALSE,FALSE,FALSE,FALSE,FALSE,,,FALSE,,,"3rd and 10 at WJC27","Shotgun Szalkowski,Tyler pass incomplete short right to Cianfarani,Antonio thrown to WJC12."
"20250906_85f2",2025,"2025-09-06",1,"regular","Washington and Jefferson","Utica",,,,58,6,9,2,1,,"12:37","12:50","12:37",,2557,2570,2557,"Utica","Washington and Jefferson",14,7,7,4,10,27,FALSE,1,9,72,"field_goal_missed",TRUE,,FALSE,FALSE,FALSE,FALSE,FALSE,FALSE,FALSE,FALSE,FALSE,FALSE,TRUE,FALSE,FALSE,FALSE,0,"MISSED FG",FALSE,FALSE,FALSE,FALSE,FALSE,FALSE,,,FALSE,,,"4th and 10 at WJC27","Duarte,Nico field goal attempt from 45 yards NO GOOD (H: Palmer,Bryce, LS: Boss,William), clock 12:37, End Of Play."
"20250906_85f2",2025,"2025-09-06",1,"regular","Washington and Jefferson","Utica",,,,59,7,1,2,1,"12:37",,"12:37","12:37",2557,,2557,2557,"Washington and Jefferson","Utica",7,14,-7,1,9,72,FALSE,1,10,61,"rush",TRUE,11,TRUE,FALSE,FALSE,FALSE,FALSE,FALSE,FALSE,FALSE,FALSE,FALSE,FALSE,FALSE,FALSE,FALSE,0,"TD",FALSE,TRUE,FALSE,FALSE,TRUE,FALSE,,,FALSE,,,"1st and 9 at WJC28","No Huddle-Shotgun Stahl,Kellan rush middle for 11 yards gain to the WJC39 (Thomas,Isaiah; Nolan,Mason), 1ST DOWN."
"20250906_85f2",2025,"2025-09-06",1,"regular","Washington and Jefferson","Utica",,,,60,7,2,2,1,,,"12:37","09:36",,,2557,2376,"Washington and Jefferson","Utica",7,14,-7,1,10,61,FALSE,2,9,60,"rush",TRUE,1,TRUE,FALSE,FALSE,FALSE,FALSE,FALSE,FALSE,FALSE,FALSE,FALSE,FALSE,FALSE,FALSE,FALSE,0,"TD",FALSE,FALSE,TRUE,FALSE,TRUE,FALSE,,,FALSE,,,"1st and 10 at WJC39","No Huddle-Shotgun Sharp,Andrew rush middle for 1 yard gain to the WJC40 (Thomas,Isaiah)."
"20250906_85f2",2025,"2025-09-06",1,"regular","Washington and Jefferson","Utica",,,,61,7,3,2,1,,,"12:37","09:36",,,2557,2376,"Washington and Jefferson","Utica",7,14,-7,2,9,60,FALSE,1,10,46,"pass_complete",TRUE,14,FALSE,TRUE,TRUE,FALSE,FALSE,FALSE,FALSE,FALSE,FALSE,FALSE,FALSE,FALSE,FALSE,FALSE,0,"TD",FALSE,FALSE,FALSE,FALSE,FALSE,FALSE,,,FALSE,,,"2nd and 9 at WJC40","No Huddle-Shotgun Stahl,Kellan pass complete short right to Sharp,Andrew caught at WJC44, for 14 yards to the UTICA46 (Nolan,Mason; Nembhard,Jerome), 1ST DOWN."
"20250906_85f2",2025,"2025-09-06",1,"regular","Washington and Jefferson","Utica",,,,62,7,4,2,1,,,"12:37","09:36",,,2557,2376,"Washington and Jefferson","Utica",7,14,-7,1,10,46,FALSE,2,2,38,"rush",TRUE,8,TRUE,FALSE,FALSE,FALSE,FALSE,FALSE,FALSE,FALSE,FALSE,FALSE,FALSE,FALSE,FALSE,FALSE,0,"TD",FALSE,FALSE,TRUE,FALSE,TRUE,FALSE,,,FALSE,,,"1st and 10 at UTC46","No Huddle-Shotgun Derosa,Kobe rush left for 8 yards gain to the UTICA38 (), out of bounds."
"20250906_85f2",2025,"2025-09-06",1,"regular","Washington and Jefferson","Utica",,,,63,7,5,2,1,,,"12:37","09:36",,,2557,2376,"Washington and Jefferson","Utica",7,14,-7,2,2,38,FALSE,1,10,31,"pass_complete",TRUE,7,FALSE,TRUE,TRUE,FALSE,FALSE,FALSE,FALSE,FALSE,FALSE,FALSE,FALSE,FALSE,FALSE,FALSE,0,"TD",FALSE,FALSE,FALSE,FALSE,FALSE,FALSE,,,FALSE,,,"2nd and 2 at UTC38","No Huddle-Shotgun Stahl,Kellan pass complete short left to Peduzzi,John caught at UTICA35, for 7 yards to the UTICA31 (Cancer,Jah-Kobiah), 1ST DOWN."
"20250906_85f2",2025,"2025-09-06",1,"regular","Washington and Jefferson","Utica",,,,64,7,6,2,1,,,"12:37","09:36",,,2557,2376,"Washington and Jefferson","Utica",7,14,-7,1,10,31,FALSE,2,10,31,"pass_incomplete",TRUE,0,FALSE,TRUE,FALSE,FALSE,FALSE,FALSE,FALSE,FALSE,FALSE,FALSE,FALSE,FALSE,FALSE,FALSE,0,"TD",FALSE,FALSE,TRUE,FALSE,TRUE,FALSE,,,FALSE,,,"1st and 10 at UTC31","No Huddle-Shotgun Stahl,Kellan pass incomplete short to Macosko,Jacob thrown to UTICA25 broken up by Thomas,Isaiah."
"20250906_85f2",2025,"2025-09-06",1,"regular","Washington and Jefferson","Utica",,,,65,7,7,2,1,,,"12:37","09:36",,,2557,2376,"Washington and Jefferson","Utica",7,14,-7,2,10,31,FALSE,3,6,27,"rush",TRUE,4,TRUE,FALSE,FALSE,FALSE,FALSE,FALSE,FALSE,FALSE,FALSE,FALSE,FALSE,FALSE,FALSE,FALSE,0,"TD",FALSE,FALSE,FALSE,FALSE,FALSE,FALSE,,,FALSE,,,"2nd and 10 at UTC31","No Huddle-Shotgun Sharp,Andrew rush left for 4 yards gain to the UTICA27 (Davis,Jordyn; DeForrest,Nicholas)."
"20250906_85f2",2025,"2025-09-06",1,"regular","Washington and Jefferson","Utica",,,,66,7,8,2,1,,,"12:37","09:36",,,2557,2376,"Washington and Jefferson","Utica",7,14,-7,3,6,27,FALSE,1,9,9,"pass_complete",TRUE,18,FALSE,TRUE,TRUE,FALSE,FALSE,FALSE,FALSE,FALSE,FALSE,FALSE,FALSE,FALSE,FALSE,FALSE,0,"TD",FALSE,FALSE,FALSE,FALSE,FALSE,FALSE,,,FALSE,,,"3rd and 6 at UTC27","No Huddle-Shotgun Stahl,Kellan pass complete short middle to Evans,Machi caught at UTICA14, for 18 yards to the UTICA09 (Lewis,Ronaldo), 1ST DOWN."
"20250906_85f2",2025,"2025-09-06",1,"regular","Washington and Jefferson","Utica",,,,67,7,9,2,1,,"09:36","12:37","09:36",,2376,2557,2376,"Washington and Jefferson","Utica",7,14,-7,1,9,9,TRUE,1,14,14,"pass_complete",TRUE,,FALSE,FALSE,FALSE,FALSE,FALSE,FALSE,FALSE,FALSE,FALSE,FALSE,FALSE,FALSE,FALSE,FALSE,0,"TD",FALSE,FALSE,TRUE,FALSE,TRUE,TRUE,-5,"Washington and Jefferson",TRUE,FALSE,"PENALTY WJC Ineligible Downfield on Pass (Roginsky,Michael) 5 yards from UTICA09 to UTICA14. NO PLAY.","1st and 9 at UTC9","No Huddle-Shotgun Stahl,Kellan pass complete short right to Mahle,Drew caught at UTICA02, for 9 yards to the UTICA00 TOUCHDOWN nullified by penalty, clock 09:36 PENALTY WJC Ineligible Downfield on Pass (Roginsky,Michael) 5 yards from UTICA09 to UTICA14. NO PLAY."
"20250906_85f2",2025,"2025-09-06",1,"regular","Washington and Jefferson","Utica",,,,68,7,10,2,1,,,"09:36","09:05",,,2376,2345,"Washington and Jefferson","Utica",7,14,-7,1,14,14,TRUE,2,6,6,"rush",TRUE,8,TRUE,FALSE,FALSE,FALSE,FALSE,FALSE,FALSE,FALSE,FALSE,FALSE,FALSE,FALSE,FALSE,FALSE,0,"TD",FALSE,FALSE,FALSE,FALSE,FALSE,FALSE,,,FALSE,,,"1st and 14 at UTC14","No Huddle-Shotgun Sharp,Andrew rush right for 8 yards gain to the UTICA06 (Mecca,Michael; Cleophat,Makhi)."
"20250906_85f2",2025,"2025-09-06",1,"regular","Washington and Jefferson","Utica",,,,69,7,11,2,1,,"09:05","09:36","09:05",,2345,2376,2345,"Washington and Jefferson","Utica",7,14,-7,2,6,6,TRUE,,,,"rush",TRUE,6,TRUE,FALSE,FALSE,FALSE,FALSE,FALSE,FALSE,FALSE,TRUE,FALSE,FALSE,FALSE,FALSE,TRUE,6,"TD",FALSE,FALSE,FALSE,FALSE,FALSE,FALSE,,,FALSE,,,"2nd and 6 at UTC6","No Huddle-Shotgun Sharp,Andrew rush right for 6 yards gain to the UTICA00 TOUCHDOWN, clock 09:05."
"20250906_85f2",2025,"2025-09-06",1,"regular","Washington and Jefferson","Utica",,,,70,7,12,2,1,"09:05",,"09:05","09:05",2345,,2345,2345,"Washington and Jefferson","Utica",13,14,-1,,,,,,,,"extra_point",FALSE,,FALSE,FALSE,FALSE,FALSE,FALSE,FALSE,FALSE,FALSE,FALSE,FALSE,FALSE,FALSE,FALSE,TRUE,1,"TD",FALSE,FALSE,FALSE,FALSE,FALSE,FALSE,,,FALSE,,,"","Wyandt,Deven kick attempt good (H: Mele,Jake, LS: Magnelli,Al)."
"20250906_85f2",2025,"2025-09-06",1,"regular","Washington and Jefferson","Utica",,,,71,8,1,2,1,"09:05","08:57","09:05","09:05",2345,2337,2345,2345,"Utica","Washington and Jefferson",14,14,0,,,,,1,10,72,"kickoff",FALSE,,FALSE,FALSE,FALSE,FALSE,FALSE,FALSE,FALSE,FALSE,FALSE,FALSE,FALSE,FALSE,FALSE,FALSE,0,"FUMBLE",FALSE,FALSE,FALSE,FALSE,FALSE,FALSE,,,FALSE,,,"","Campbell,Liam kickoff 63 yards to the UTICA02 Zawolo,Gabriel return 26 yards to the UTICA28 (Broxie,Jalen; Morris,Evan)."
"20250906_85f2",2025,"2025-09-06",1,"regular","Washington and Jefferson","Utica",,,,72,8,2,2,1,"08:57",,"08:57","08:57",2337,,2337,2337,"Utica","Washington and Jefferson",14,14,0,1,10,72,FALSE,2,1,63,"rush",TRUE,9,TRUE,FALSE,FALSE,FALSE,FALSE,FALSE,FALSE,FALSE,FALSE,FALSE,FALSE,FALSE,FALSE,FALSE,0,"FUMBLE",TRUE,FALSE,FALSE,FALSE,TRUE,FALSE,,,FALSE,,,"1st and 10 at UTC28","No Huddle-Shotgun Frazier,Eze rush left for 9 yards gain to the UTICA37 (Schry,Preston)."
"20250906_85f2",2025,"2025-09-06",1,"regular","Washington and Jefferson","Utica",,,,73,8,3,2,1,,,"08:57","05:35",,,2337,2135,"Utica","Washington and Jefferson",14,14,0,2,1,63,FALSE,1,10,60,"rush",TRUE,3,TRUE,FALSE,FALSE,FALSE,FALSE,FALSE,FALSE,FALSE,FALSE,FALSE,FALSE,FALSE,FALSE,FALSE,0,"FUMBLE",FALSE,FALSE,FALSE,FALSE,FALSE,FALSE,,,FALSE,,,"2nd and 1 at UTC37","No Huddle-Shotgun Frazier,Eze rush right for 3 yards gain to the UTICA40 (Primrose,Tyler), 1ST DOWN."
"20250906_85f2",2025,"2025-09-06",1,"regular","Washington and Jefferson","Utica",,,,74,8,4,2,1,,,"08:57","05:35",,,2337,2135,"Utica","Washington and Jefferson",14,14,0,1,10,60,FALSE,1,10,30,"pass_complete",TRUE,30,FALSE,TRUE,TRUE,FALSE,FALSE,FALSE,FALSE,FALSE,FALSE,FALSE,FALSE,FALSE,FALSE,FALSE,0,"FUMBLE",FALSE,FALSE,TRUE,FALSE,TRUE,FALSE,,,FALSE,,,"1st and 10 at UTC40","No Huddle-Shotgun Szalkowski,Tyler pass complete deep left to Palmer,Bryce caught at WJC32, for 30 yards to the WJC30 QB hurried by Primrose,Tyler (), out of bounds, 1ST DOWN."
"20250906_85f2",2025,"2025-09-06",1,"regular","Washington and Jefferson","Utica",,,,75,8,5,2,1,,,"08:57","05:35",,,2337,2135,"Utica","Washington and Jefferson",14,14,0,1,10,30,FALSE,2,10,30,"sack",TRUE,0,FALSE,FALSE,FALSE,TRUE,FALSE,TRUE,FALSE,FALSE,FALSE,FALSE,FALSE,FALSE,FALSE,FALSE,0,"FUMBLE",FALSE,FALSE,TRUE,FALSE,TRUE,FALSE,,,FALSE,,,"1st and 10 at WJC30","No Huddle-Shotgun Szalkowski,Tyler sacked for loss of 0 yards to the WJC30 (Kadosh-Harris,Nathaniel), fumble by Szalkowski,Tyler recovered by UTICA Frazier,Eze at WJC35 Frazier,Eze return 5 yards to the WJC30 (Telfair,Da'Jahn)."
"20250906_85f2",2025,"2025-09-06",1,"regular","Washington and Jefferson","Utica",,,,76,8,6,2,1,,,"08:57","05:35",,,2337,2135,"Utica","Washington and Jefferson",14,14,0,2,10,30,FALSE,2,20,40,"rush",TRUE,,FALSE,FALSE,FALSE,FALSE,FALSE,FALSE,FALSE,FALSE,FALSE,FALSE,FALSE,FALSE,FALSE,FALSE,0,"FUMBLE",FALSE,FALSE,FALSE,FALSE,FALSE,TRUE,-10,"Utica",TRUE,FALSE,"PENALTY UTICA Holding (Grech,Gavin) 10 yards from WJC30 to WJC40. NO PLAY.","2nd and 10 at WJC30","No Huddle-Shotgun Frazier,Eze rush right for 4 yards gain to the WJC26 (Telfair,Da'Jahn; Reeves,Connor) PENALTY UTICA Holding (Grech,Gavin) 10 yards from WJC30 to WJC40. NO PLAY."
"20250906_85f2",2025,"2025-09-06",1,"regular","Washington and Jefferson","Utica",,,,77,8,7,2,1,,,"08:57","05:35",,,2337,2135,"Utica","Washington and Jefferson",14,14,0,2,20,40,FALSE,1,10,18,"pass_complete",TRUE,22,FALSE,TRUE,TRUE,FALSE,FALSE,TRUE,FALSE,FALSE,FALSE,FALSE,FALSE,FALSE,FALSE,FALSE,0,"FUMBLE",FALSE,FALSE,FALSE,FALSE,FALSE,FALSE,,,FALSE,,,"2nd and 20 at WJC40","No Huddle-Shotgun Szalkowski,Tyler pass complete short middle to Frederick,Logan caught at WJC35, for 22 yards to the WJC18 fumbled by Frederick,Logan at WJC18 (Broxie,Jalen), out of bounds, 1ST DOWN."
"20250906_85f2",2025,"2025-09-06",1,"regular","Washington and Jefferson","Utica",,,,78,8,8,2,1,,,"08:57","05:35",,,2337,2135,"Utica","Washington and Jefferson",14,14,0,1,10,18,FALSE,2,10,18,"pass_incomplete",TRUE,0,FALSE,TRUE,FALSE,FALSE,FALSE,FALSE,FALSE,FALSE,FALSE,FALSE,FALSE,FALSE,FALSE,FALSE,0,"FUMBLE",FALSE,FALSE,TRUE,FALSE,TRUE,FALSE,,,FALSE,,,"1st and 10 at WJC18","No Huddle-Shotgun Szalkowski,Tyler pass incomplete short right to Cianfarani,Antonio thrown to WJC00."
"20250906_85f2",2025,"2025-09-06",1,"regular","Washington and Jefferson","Utica",,,,79,8,9,2,1,,"05:35","08:57","05:35",,2135,2337,2135,"Utica","Washington and Jefferson",14,14,0,2,10,18,FALSE,1,10,95,"pass_complete",TRUE,13,FALSE,TRUE,TRUE,FALSE,FALSE,TRUE,TRUE,FALSE,FALSE,FALSE,FALSE,FALSE,FALSE,FALSE,0,"FUMBLE",FALSE,FALSE,FALSE,FALSE,FALSE,FALSE,,,FALSE,,,"2nd and 10 at WJC18","No Huddle-Shotgun Szalkowski,Tyler pass complete short middle to Palmer,Bryce caught at WJC07, for 13 yards to the WJC05 fumbled by Palmer,Bryce at WJC05 forced by Lacey,Joey recovered by WJC DeRubbo,Dante at WJC05 DeRubbo,Dante return 0 yards to the WJC05, End Of Play."
"20250906_85f2",2025,"2025-09-06",1,"regular","Washington and Jefferson","Utica",,,,80,9,1,2,1,"05:35",,"05:35","05:35",2135,,2135,2135,"Washington and Jefferson","Utica",14,14,0,1,10,95,FALSE,2,2,87,"rush",TRUE,8,TRUE,FALSE,FALSE,FALSE,FALSE,FALSE,FALSE,FALSE,FALSE,FALSE,FALSE,FALSE,FALSE,FALSE,0,"PUNT",FALSE,TRUE,FALSE,FALSE,TRUE,FALSE,,,FALSE,,,"1st and 10 at WJC5","No Huddle-Shotgun Stahl,Kellan rush left for 8 yards gain to the WJC13 (), out of bounds."
"20250906_85f2",2025,"2025-09-06",1,"regular","Washington and Jefferson","Utica",,,,81,9,2,2,1,,,"05:35","01:59",,,2135,1919,"Washington and Jefferson","Utica",14,14,0,2,2,87,FALSE,3,1,86,"rush",TRUE,1,TRUE,FALSE,FALSE,FALSE,FALSE,FALSE,FALSE,FALSE,FALSE,FALSE,FALSE,FALSE,FALSE,FALSE,0,"PUNT",FALSE,FALSE,FALSE,FALSE,FALSE,FALSE,,,FALSE,,,"2nd and 2 at WJC13","No Huddle-Shotgun Sharp,Andrew rush left for 1 yard gain to the WJC14 (DeGroat,Austin; Nolan,Mason)."
"20250906_85f2",2025,"2025-09-06",1,"regular","Washington and Jefferson","Utica",,,,82,9,3,2,1,,,"05:35","01:59",,,2135,1919,"Washington and Jefferson","Utica",14,14,0,3,1,86,FALSE,1,10,81,"rush",TRUE,5,TRUE,FALSE,FALSE,FALSE,FALSE,FALSE,FALSE,FALSE,FALSE,FALSE,FALSE,FALSE,FALSE,FALSE,0,"PUNT",FALSE,FALSE,FALSE,FALSE,FALSE,FALSE,,,FALSE,,,"3rd and 1 at WJC14","No Huddle-Shotgun Sharp,Andrew rush middle for 5 yards gain to the WJC19 (Thomas,Isaiah; Cleophat,Makhi), 1ST DOWN."
"20250906_85f2",2025,"2025-09-06",1,"regular","Washington and Jefferson","Utica",,,,83,9,4,2,1,,,"05:35","01:59",,,2135,1919,"Washington and Jefferson","Utica",14,14,0,1,10,81,FALSE,2,14,85,"rush",TRUE,-4,TRUE,FALSE,FALSE,FALSE,FALSE,FALSE,FALSE,FALSE,FALSE,FALSE,FALSE,FALSE,FALSE,FALSE,0,"PUNT",FALSE,FALSE,TRUE,FALSE,TRUE,FALSE,,,FALSE,,,"1st and 10 at WJC19","No Huddle-Shotgun Sharp,Andrew rush right for 4 yards loss to the WJC15 (DeForrest,Nicholas)."
"20250906_85f2",2025,"2025-09-06",1,"regular","Washington and Jefferson","Utica",,,,84,9,5,2,1,,,"05:35","01:59",,,2135,1919,"Washington and Jefferson","Utica",14,14,0,2,14,85,FALSE,3,14,85,"pass_incomplete",TRUE,0,FALSE,TRUE,FALSE,FALSE,FALSE,FALSE,FALSE,FALSE,FALSE,FALSE,FALSE,FALSE,FALSE,FALSE,0,"PUNT",FALSE,FALSE,FALSE,FALSE,FALSE,FALSE,,,FALSE,,,"2nd and 14 at WJC15","No Huddle-Shotgun Stahl,Kellan pass incomplete short left to Peduzzi,John thrown to WJC33 QB hurried by DeForrest,Nicholas."
"20250906_85f2",2025,"2025-09-06",1,"regular","Washington and Jefferson","Utica",,,,85,9,6,2,1,,,"05:35","01:59",,,2135,1919,"Washington and Jefferson","Utica",14,14,0,3,14,85,FALSE,1,10,67,"pass_complete",TRUE,18,FALSE,TRUE,TRUE,FALSE,FALSE,FALSE,FALSE,FALSE,FALSE,FALSE,FALSE,FALSE,FALSE,FALSE,0,"PUNT",FALSE,FALSE,FALSE,FALSE,FALSE,FALSE,,,FALSE,,,"3rd and 14 at WJC15","No Huddle-Shotgun Stahl,Kellan pass complete short right to Evans,Machi caught at WJC33, for 18 yards to the WJC33 (Lewis,Ronaldo), 1ST DOWN."
"20250906_85f2",2025,"2025-09-06",1,"regular","Washington and Jefferson","Utica",,,,86,9,7,2,1,,,"05:35","01:59",,,2135,1919,"Washington and Jefferson","Utica",14,14,0,1,10,67,FALSE,2,3,60,"rush",TRUE,7,TRUE,FALSE,FALSE,FALSE,FALSE,FALSE,FALSE,FALSE,FALSE,FALSE,FALSE,FALSE,FALSE,FALSE,0,"PUNT",FALSE,FALSE,TRUE,FALSE,TRUE,FALSE,,,FALSE,,,"1st and 10 at WJC33","No Huddle-Shotgun Edwards,Luke rush middle for 7 yards gain to the WJC40 (Cleophat,Makhi)."
"20250906_85f2",2025,"2025-09-06",1,"regular","Washington and Jefferson","Utica",,,,87,9,8,2,1,,,"05:35","01:59",,,2135,1919,"Washington and Jefferson","Utica",14,14,0,2,3,60,FALSE,3,3,60,"rush",TRUE,0,TRUE,FALSE,FALSE,FALSE,FALSE,FALSE,FALSE,FALSE,FALSE,FALSE,FALSE,FALSE,FALSE,FALSE,0,"PUNT",FALSE,FALSE,FALSE,FALSE,FALSE,FALSE,,,FALSE,,,"2nd and 3 at WJC40","No Huddle-Shotgun Edwards,Luke rush middle for 0 yards to the WJC40 (Cleophat,Makhi)."
"20250906_85f2",2025,"2025-09-06",1,"regular","Washington and Jefferson","Utica",,,,88,9,9,2,1,,,"05:35","01:59",,,2135,1919,"Washington and Jefferson","Utica",14,14,0,3,3,60,FALSE,4,3,60,"rush",TRUE,0,TRUE,FALSE,FALSE,FALSE,FALSE,FALSE,FALSE,FALSE,FALSE,FALSE,FALSE,FALSE,FALSE,FALSE,0,"PUNT",FALSE,FALSE,FALSE,FALSE,FALSE,FALSE,,,FALSE,,,"3rd and 3 at WJC40","No Huddle-Shotgun Edwards,Luke rush middle for 0 yards to the WJC40 (Mascari,Mason)."
"20250906_85f2",2025,"2025-09-06",1,"regular","Washington and Jefferson","Utica",,,,89,9,10,2,1,"01:59","01:53","01:59","01:59",1919,1913,1919,1919,"Washington and Jefferson","Utica",14,14,0,4,3,60,FALSE,1,10,77,"punt_no_return",TRUE,,FALSE,FALSE,FALSE,FALSE,FALSE,FALSE,FALSE,FALSE,FALSE,FALSE,FALSE,FALSE,TRUE,FALSE,0,"PUNT",FALSE,FALSE,FALSE,FALSE,FALSE,FALSE,,,FALSE,,,"4th and 3 at WJC40","Wyandt,Deven punt 37 yards to the UTICA23 fair catch by Maritato,Nick at UTICA23."
"20250906_85f2",2025,"2025-09-06",1,"regular","Washington and Jefferson","Utica",,,,90,10,1,2,1,"01:53","01:41","01:53","01:53",1913,1901,1913,1913,"Utica","Washington and Jefferson",14,14,0,1,10,77,FALSE,,,,"pass_complete",TRUE,77,FALSE,TRUE,TRUE,FALSE,FALSE,FALSE,FALSE,FALSE,TRUE,FALSE,FALSE,FALSE,FALSE,TRUE,6,"TD",FALSE,TRUE,FALSE,FALSE,TRUE,FALSE,,,FALSE,,,"1st and 10 at UTC23","No Huddle-Shotgun Szalkowski,Tyler pass complete deep left to Cianfarani,Antonio caught at UTICA50, for 77 yards to the WJC00 TOUCHDOWN, clock 01:41, 1ST DOWN."
"20250906_85f2",2025,"2025-09-06",1,"regular","Washington and Jefferson","Utica",,,,91,10,2,2,1,"01:41",,"01:41","01:41",1901,,1901,1901,"Utica","Washington and Jefferson",20,14,6,,,,,,,,"extra_point",FALSE,,FALSE,FALSE,FALSE,FALSE,FALSE,FALSE,FALSE,FALSE,FALSE,FALSE,FALSE,FALSE,FALSE,TRUE,1,"TD",FALSE,FALSE,FALSE,FALSE,FALSE,FALSE,,,FALSE,,,"","Duarte,Nico kick attempt good (H: Palmer,Bryce, LS: Boss,William)."
"20250906_85f2",2025,"2025-09-06",1,"regular","Washington and Jefferson","Utica",,,,92,11,1,2,1,"01:41","01:36","01:41","01:41",1901,1896,1901,1901,"Washington and Jefferson","Utica",14,21,-7,,,,,1,10,70,"kickoff",FALSE,,FALSE,FALSE,FALSE,FALSE,FALSE,FALSE,FALSE,FALSE,FALSE,FALSE,FALSE,FALSE,FALSE,FALSE,0,"FG",FALSE,FALSE,FALSE,FALSE,FALSE,FALSE,,,FALSE,,,"","Duarte,Nico kickoff 55 yards to the WJC10 DeSabato,Joey return 20 yards to the WJC30, out of bounds at WJC30."
"20250906_85f2",2025,"2025-09-06",1,"regular","Washington and Jefferson","Utica",,,,93,11,2,2,1,"01:36",,"01:36","01:36",1896,,1896,1896,"Washington and Jefferson","Utica",14,21,-7,1,10,70,FALSE,2,10,70,"pass_incomplete",TRUE,0,FALSE,TRUE,FALSE,FALSE,FALSE,FALSE,FALSE,FALSE,FALSE,FALSE,FALSE,FALSE,FALSE,FALSE,0,"FG",TRUE,FALSE,FALSE,FALSE,TRUE,FALSE,,,FALSE,,,"1st and 10 at WJC30","No Huddle-Shotgun Stahl,Kellan pass incomplete short middle to Mahle,Drew thrown to WJC33 broken up by DeForrest,Nicholas."
"20250906_85f2",2025,"2025-09-06",1,"regular","Washington and Jefferson","Utica",,,,94,11,3,2,1,,,"01:36","00:47",,,1896,1847,"Washington and Jefferson","Utica",14,21,-7,2,10,70,FALSE,3,5,65,"rush",TRUE,5,TRUE,FALSE,FALSE,FALSE,FALSE,FALSE,FALSE,FALSE,FALSE,FALSE,FALSE,FALSE,FALSE,FALSE,0,"FG",FALSE,FALSE,FALSE,FALSE,FALSE,FALSE,,,FALSE,,,"2nd and 10 at WJC30","No Huddle-Shotgun Derosa,Kobe rush middle for 5 yards gain to the WJC35 (Nolan,Mason)."
"20250906_85f2",2025,"2025-09-06",1,"regular","Washington and Jefferson","Utica",,,,95,11,4,2,1,,,"01:36","00:47",,,1896,1847,"Washington and Jefferson","Utica",14,21,-7,3,5,65,FALSE,1,10,47,"rush",TRUE,18,TRUE,FALSE,FALSE,FALSE,FALSE,FALSE,FALSE,FALSE,FALSE,FALSE,FALSE,FALSE,FALSE,FALSE,0,"FG",FALSE,FALSE,FALSE,FALSE,FALSE,FALSE,,,FALSE,,,"3rd and 5 at WJC35","No Huddle-Shotgun Derosa,Kobe rush left for 18 yards gain to the UTICA47 (Mecca,Michael), 1ST DOWN."
"20250906_85f2",2025,"2025-09-06",1,"regular","Washington and Jefferson","Utica",,,,96,11,5,2,1,"00:47",,"00:47","00:47",1847,,1847,1847,"Washington and Jefferson","Utica",14,21,-7,1,10,47,FALSE,1,10,31,"pass_complete",TRUE,16,FALSE,TRUE,TRUE,FALSE,FALSE,FALSE,FALSE,FALSE,FALSE,FALSE,FALSE,FALSE,FALSE,FALSE,0,"FG",FALSE,FALSE,TRUE,FALSE,TRUE,FALSE,,,FALSE,,,"1st and 10 at UTC47","No Huddle-Shotgun Stahl,Kellan pass complete short right to Evans,Machi caught at UTICA31, for 16 yards to the UTICA31 (Douglas,Eli; Mecca,Michael), 1ST DOWN."
"20250906_85f2",2025,"2025-09-06",1,"regular","Washington and Jefferson","Utica",,,,97,11,6,2,1,,,"00:47","00:09",,,1847,1809,"Washington and Jefferson","Utica",14,21,-7,1,10,31,FALSE,1,10,16,"pass_complete",TRUE,15,FALSE,TRUE,TRUE,FALSE,FALSE,FALSE,FALSE,FALSE,FALSE,FALSE,FALSE,FALSE,FALSE,FALSE,0,"FG",FALSE,FALSE,TRUE,FALSE,TRUE,FALSE,,,FALSE,,,"1st and 10 at UTC31","No Huddle-Shotgun Stahl,Kellan pass complete short right to Macosko,Jacob caught at UTICA16, for 15 yards to the UTICA16 (Mecca,Michael), 1ST DOWN."
"20250906_85f2",2025,"2025-09-06",1,"regular","Washington and Jefferson","Utica",,,,98,11,7,2,1,,,"00:47","00:09",,,1847,1809,"Washington and Jefferson","Utica",14,21,-7,1,10,16,FALSE,2,8,14,"rush",TRUE,2,TRUE,FALSE,FALSE,FALSE,FALSE,FALSE,FALSE,FALSE,FALSE,FALSE,FALSE,FALSE,FALSE,FALSE,0,"FG",FALSE,FALSE,TRUE,FALSE,TRUE,FALSE,,,FALSE,,,"1st and 10 at UTC16","No Huddle-Shotgun Stahl,Kellan rush right for 2 yards gain to the UTICA14, out of bounds at UTICA14."
"20250906_85f2",2025,"2025-09-06",1,"regular","Washington and Jefferson","Utica",,,,99,11,8,2,1,,,"00:47","00:09",,,1847,1809,"Washington and Jefferson","Utica",14,21,-7,2,8,14,FALSE,3,12,18,"sack",TRUE,-4,FALSE,FALSE,FALSE,TRUE,FALSE,FALSE,FALSE,FALSE,FALSE,FALSE,FALSE,FALSE,FALSE,FALSE,0,"FG",FALSE,FALSE,FALSE,FALSE,FALSE,FALSE,,,FALSE,,,"2nd and 8 at UTC14","No Huddle-Shotgun Stahl,Kellan sacked for loss of 4 yards to the UTICA18 (Davis,Jordyn)."
"20250906_85f2",2025,"2025-09-06",1,"regular","Washington and Jefferson","Utica",,,,100,11,9,2,1,,,"00:47","00:09",,,1847,1809,"Washington and Jefferson","Utica",14,21,-7,3,12,18,FALSE,4,12,18,"pass_incomplete",TRUE,0,FALSE,TRUE,FALSE,FALSE,FALSE,FALSE,FALSE,FALSE,FALSE,FALSE,FALSE,FALSE,FALSE,FALSE,0,"FG",FALSE,FALSE,FALSE,FALSE,FALSE,FALSE,,,FALSE,,,"3rd and 12 at UTC18","No Huddle-Shotgun Stahl,Kellan pass incomplete short to Conti,Marc thrown to UTICA04 broken up by Cancer,Jah-Kobiah."
"20250906_85f2",2025,"2025-09-06",1,"regular","Washington and Jefferson","Utica",,,,101,11,10,2,1,"00:09","00:05","00:09","00:09",1809,1805,1809,1809,"Washington and Jefferson","Utica",14,21,-7,4,12,18,FALSE,,,,"field_goal_good",TRUE,,FALSE,FALSE,FALSE,FALSE,FALSE,FALSE,FALSE,FALSE,FALSE,FALSE,TRUE,TRUE,FALSE,TRUE,3,"FG",FALSE,FALSE,FALSE,FALSE,FALSE,FALSE,,,FALSE,,,"4th and 12 at UTC18","Wyandt,Deven field goal attempt from 35 yards GOOD (H: Mele,Jake, LS: Magnelli,Al), clock 00:05."
"20250906_85f2",2025,"2025-09-06",1,"regular","Washington and Jefferson","Utica",,,,102,12,1,2,1,"00:05",,"00:05","00:05",1805,,1805,1805,"Utica","Washington and Jefferson",21,17,4,,,,,,,,"kickoff",FALSE,,FALSE,FALSE,FALSE,FALSE,FALSE,FALSE,FALSE,FALSE,FALSE,FALSE,FALSE,FALSE,FALSE,FALSE,0,"END OF HALF",FALSE,FALSE,FALSE,FALSE,FALSE,FALSE,,,FALSE,,,"","Campbell,Liam kickoff 45 yards to the UTICA20 Zawolo,Gabriel return 10 yards to the UTICA30, out of bounds at UTICA30."
"20250906_85f2",2025,"2025-09-06",1,"regular","Washington and Jefferson","Utica",,,,103,13,1,3,2,"15:00","14:50","15:00","15:00",1800,1790,1800,1800,"Utica","Washington and Jefferson",21,17,4,,,,,1,10,78,"kickoff",FALSE,,FALSE,FALSE,FALSE,FALSE,FALSE,FALSE,FALSE,FALSE,FALSE,FALSE,FALSE,FALSE,FALSE,FALSE,0,"PUNT",FALSE,FALSE,FALSE,FALSE,FALSE,FALSE,,,FALSE,,,"","Campbell,Liam kickoff 50 yards to the UTICA15 Zawolo,Gabriel return 7 yards to the UTICA22 (Lacey,Joey)."
"20250906_85f2",2025,"2025-09-06",1,"regular","Washington and Jefferson","Utica",,,,104,13,2,3,2,"14:50",,"14:50","14:50",1790,,1790,1790,"Utica","Washington and Jefferson",21,17,4,1,10,78,FALSE,2,10,78,"pass_incomplete",TRUE,0,FALSE,TRUE,FALSE,FALSE,FALSE,FALSE,FALSE,FALSE,FALSE,FALSE,FALSE,FALSE,FALSE,FALSE,0,"PUNT",TRUE,FALSE,FALSE,FALSE,TRUE,FALSE,,,FALSE,,,"1st and 10 at UTC22","No Huddle-Shotgun Szalkowski,Tyler pass incomplete deep left to Palmer,Bryce thrown to WJC45."
"20250906_85f2",2025,"2025-09-06",1,"regular","Washington and Jefferson","Utica",,,,105,13,3,3,2,,,"14:50","13:06",,,1790,1686,"Utica","Washington and Jefferson",21,17,4,2,10,78,FALSE,3,15,83,"rush",TRUE,-5,TRUE,FALSE,FALSE,FALSE,FALSE,FALSE,FALSE,FALSE,FALSE,FALSE,FALSE,FALSE,FALSE,FALSE,0,"PUNT",FALSE,FALSE,FALSE,FALSE,FALSE,FALSE,,,FALSE,,,"2nd and 10 at UTC22","No Huddle-Shotgun Frazier,Eze rush right for 5 yards loss to the UTICA17 (Kadosh-Harris,Nathaniel; Primrose,Tyler)."
"20250906_85f2",2025,"2025-09-06",1,"regular","Washington and Jefferson","Utica",,,,106,13,4,3,2,,,"14:50","13:06",,,1790,1686,"Utica","Washington and Jefferson",21,17,4,3,15,83,FALSE,4,2,70,"pass_complete",TRUE,13,FALSE,TRUE,TRUE,FALSE,FALSE,FALSE,FALSE,FALSE,FALSE,FALSE,FALSE,FALSE,FALSE,FALSE,0,"PUNT",FALSE,FALSE,FALSE,FALSE,FALSE,FALSE,,,FALSE,,,"3rd and 15 at UTC17","No Huddle-Shotgun Szalkowski,Tyler pass complete short middle to Frederick,Logan caught at UTICA20, for 13 yards to the UTICA30 (Schry,Preston)."
"20250906_85f2",2025,"2025-09-06",1,"regular","Washington and Jefferson","Utica",,,,107,13,5,3,2,,"13:06","14:50","13:06",,1686,1790,1686,"Utica","Washington and Jefferson",21,17,4,4,2,70,FALSE,1,10,63,"punt_no_return",TRUE,,FALSE,FALSE,FALSE,FALSE,FALSE,FALSE,FALSE,FALSE,FALSE,FALSE,FALSE,FALSE,TRUE,FALSE,0,"PUNT",FALSE,FALSE,FALSE,FALSE,FALSE,FALSE,,,FALSE,,,"4th and 2 at UTC30","Taylor,Devin punt 33 yards to the WJC37 fair catch by Volomino,Angelo at WJC37."
"20250906_85f2",2025,"2025-09-06",1,"regular","Washington and Jefferson","Utica",,,,108,14,1,3,2,"13:06",,"13:06","13:06",1686,,1686,1686,"Washington and Jefferson","Utica",17,21,-4,1,10,63,FALSE,2,10,63,"pass_incomplete",TRUE,0,FALSE,TRUE,FALSE,FALSE,FALSE,FALSE,FALSE,FALSE,FALSE,FALSE,FALSE,FALSE,FALSE,FALSE,0,"PUNT",FALSE,TRUE,FALSE,FALSE,TRUE,FALSE,,,FALSE,,,"1st and 10 at WJC37","No Huddle-Shotgun Stahl,Kellan pass incomplete short right to Macosko,Jacob thrown to UTICA49."
"20250906_85f2",2025,"2025-09-06",1,"regular","Washington and Jefferson","Utica",,,,109,14,2,3,2,,,"13:06","12:18",,,1686,1638,"Washington and Jefferson","Utica",17,21,-4,2,10,63,FALSE,3,9,62,"rush",TRUE,1,TRUE,FALSE,FALSE,FALSE,FALSE,FALSE,FALSE,FALSE,FALSE,FALSE,FALSE,FALSE,FALSE,FALSE,0,"PUNT",FALSE,FALSE,FALSE,FALSE,FALSE,FALSE,,,FALSE,,,"2nd and 10 at WJC37","No Huddle-Shotgun Stahl,Kellan rush middle for 1 yard gain to the WJC38 (Davis,Jordyn)."
"20250906_85f2",2025,"2025-09-06",1,"regular","Washington and Jefferson","Utica",,,,110,14,3,3,2,,,"13:06","12:18",,,1686,1638,"Washington and Jefferson","Utica",17,21,-4,3,9,62,FALSE,4,9,62,"pass_incomplete",TRUE,0,FALSE,TRUE,FALSE,FALSE,FALSE,FALSE,FALSE,FALSE,FALSE,FALSE,FALSE,FALSE,FALSE,FALSE,0,"PUNT",FALSE,FALSE,FALSE,FALSE,FALSE,FALSE,,,FALSE,,,"3rd and 9 at WJC38","No Huddle-Shotgun Stahl,Kellan pass incomplete short to Macosko,Jacob thrown to WJC47 QB hurried by Davis,Jordyn."
"20250906_85f2",2025,"2025-09-06",1,"regular","Washington and Jefferson","Utica",,,,111,14,4,3,2,,"12:18","13:06","12:18",,1638,1686,1638,"Washington and Jefferson","Utica",17,21,-4,4,9,62,FALSE,1,10,76,"punt_no_return",TRUE,,FALSE,FALSE,FALSE,FALSE,FALSE,FALSE,FALSE,FALSE,FALSE,FALSE,FALSE,FALSE,TRUE,FALSE,0,"PUNT",FALSE,FALSE,FALSE,FALSE,FALSE,FALSE,,,FALSE,,,"4th and 9 at WJC38","Wyandt,Deven punt 38 yards to the UTICA24 fair catch by Maritato,Nick at UTICA24."
"20250906_85f2",2025,"2025-09-06",1,"regular","Washington and Jefferson","Utica",,,,112,15,1,3,2,"12:18",,"12:18","12:18",1638,,1638,1638,"Utica","Washington and Jefferson",21,17,4,1,10,76,FALSE,2,6,72,"rush",TRUE,4,TRUE,FALSE,FALSE,FALSE,FALSE,FALSE,FALSE,FALSE,FALSE,FALSE,FALSE,FALSE,FALSE,FALSE,0,"TD",FALSE,TRUE,FALSE,FALSE,TRUE,FALSE,,,FALSE,,,"1st and 10 at UTC24","No Huddle-Shotgun Strong,Jani rush left for 4 yards gain to the UTICA28 (Shaffer,Aidan; Sherman,Brock)."
"20250906_85f2",2025,"2025-09-06",1,"regular","Washington and Jefferson","Utica",,,,113,15,2,3,2,,,"12:18","07:58",,,1638,1378,"Utica","Washington and Jefferson",21,17,4,2,6,72,FALSE,3,6,72,"pass_incomplete",TRUE,0,FALSE,TRUE,FALSE,FALSE,FALSE,FALSE,FALSE,FALSE,FALSE,FALSE,FALSE,FALSE,FALSE,FALSE,0,"TD",FALSE,FALSE,FALSE,FALSE,FALSE,FALSE,,,FALSE,,,"2nd and 6 at UTC28","No Huddle-Shotgun Szalkowski,Tyler pass incomplete short right to Cianfarani,Antonio thrown to UTICA42."
"20250906_85f2",2025,"2025-09-06",1,"regular","Washington and Jefferson","Utica",,,,114,15,3,3,2,,,"12:18","07:58",,,1638,1378,"Utica","Washington and Jefferson",21,17,4,3,6,72,FALSE,3,1,67,"pass_incomplete",TRUE,,FALSE,FALSE,FALSE,FALSE,FALSE,FALSE,FALSE,FALSE,FALSE,FALSE,FALSE,FALSE,FALSE,FALSE,0,"TD",FALSE,FALSE,FALSE,FALSE,FALSE,TRUE,5,"Washington and Jefferson",TRUE,FALSE,"PENALTY WJC Offside (Kadosh-Harris,Nathaniel) 5 yards from UTICA28 to UTICA33. NO PLAY.","3rd and 6 at UTC28","No Huddle-Shotgun Szalkowski,Tyler pass incomplete deep right to Cianfarani,Antonio thrown to WJC40 PENALTY WJC Offside (Kadosh-Harris,Nathaniel) 5 yards from UTICA28 to UTICA33. NO PLAY."
"20250906_85f2",2025,"2025-09-06",1,"regular","Washington and Jefferson","Utica",,,,115,15,4,3,2,,,"12:18","07:58",,,1638,1378,"Utica","Washington and Jefferson",21,17,4,3,1,67,FALSE,1,10,66,"rush",TRUE,1,TRUE,FALSE,FALSE,FALSE,FALSE,FALSE,FALSE,FALSE,FALSE,FALSE,FALSE,FALSE,FALSE,FALSE,0,"TD",FALSE,FALSE,FALSE,FALSE,FALSE,FALSE,,,FALSE,,,"3rd and 1 at UTC33","No Huddle-Shotgun Strong,Jani rush middle for 1 yard gain to the UTICA34 (Boyce,Alex), 1ST DOWN."
"20250906_85f2",2025,"2025-09-06",1,"regular","Washington and Jefferson","Utica",,,,116,15,5,3,2,,,"12:18","07:58",,,1638,1378,"Utica","Washington and Jefferson",21,17,4,1,10,66,FALSE,2,9,65,"rush",TRUE,1,TRUE,FALSE,FALSE,FALSE,FALSE,FALSE,FALSE,FALSE,FALSE,FALSE,FALSE,FALSE,FALSE,FALSE,0,"TD",FALSE,FALSE,TRUE,FALSE,TRUE,FALSE,,,FALSE,,,"1st and 10 at UTC34","No Huddle-Shotgun Frazier,Eze rush middle for 1 yard gain to the UTICA35 (Lacey,Joey; Boyce,Alex)."
"20250906_85f2",2025,"2025-09-06",1,"regular","Washington and Jefferson","Utica",,,,117,15,6,3,2,,,"12:18","07:58",,,1638,1378,"Utica","Washington and Jefferson",21,17,4,2,9,65,FALSE,3,5,61,"pass_complete",TRUE,4,FALSE,TRUE,TRUE,FALSE,FALSE,FALSE,FALSE,FALSE,FALSE,FALSE,FALSE,FALSE,FALSE,FALSE,0,"TD",FALSE,FALSE,FALSE,FALSE,FALSE,FALSE,,,FALSE,,,"2nd and 9 at UTC35","No Huddle-Shotgun Szalkowski,Tyler pass complete short right to Palmer,Bryce caught at UTICA39, for 4 yards to the UTICA39 (Volomino,Angelo)."
"20250906_85f2",2025,"2025-09-06",1,"regular","Washington and Jefferson","Utica",,,,118,15,7,3,2,,,"12:18","07:58",,,1638,1378,"Utica","Washington and Jefferson",21,17,4,3,5,61,FALSE,1,10,47,"pass_complete",TRUE,14,FALSE,TRUE,TRUE,FALSE,FALSE,FALSE,FALSE,FALSE,FALSE,FALSE,FALSE,FALSE,FALSE,FALSE,0,"TD",FALSE,FALSE,FALSE,FALSE,FALSE,FALSE,,,FALSE,,,"3rd and 5 at UTC39","No Huddle-Shotgun Szalkowski,Tyler pass complete short middle to Velez,Lorenzo caught at WJC47, for 14 yards to the WJC47 QB hurried by Boyce,Alex (Schry,Preston), 1ST DOWN."
"20250906_85f2",2025,"2025-09-06",1,"regular","Washington and Jefferson","Utica",,,,119,15,8,3,2,,,"12:18","07:58",,,1638,1378,"Utica","Washington and Jefferson",21,17,4,1,10,47,FALSE,1,10,14,"pass_complete",TRUE,33,FALSE,TRUE,TRUE,FALSE,FALSE,FALSE,FALSE,FALSE,FALSE,FALSE,FALSE,FALSE,FALSE,FALSE,0,"TD",FALSE,FALSE,TRUE,FALSE,TRUE,FALSE,,,FALSE,,,"1st and 10 at WJC47","No Huddle-Shotgun Szalkowski,Tyler pass complete deep middle to Palmer,Bryce caught at WJC27, for 33 yards to the WJC14 (Telfair,Da'Jahn), 1ST DOWN."
"20250906_85f2",2025,"2025-09-06",1,"regular","Washington and Jefferson","Utica",,,,120,15,9,3,2,,,"12:18","07:58",,,1638,1378,"Utica","Washington and Jefferson",21,17,4,1,10,14,FALSE,2,10,14,"pass_incomplete",TRUE,0,FALSE,TRUE,FALSE,FALSE,FALSE,FALSE,FALSE,FALSE,FALSE,FALSE,FALSE,FALSE,FALSE,FALSE,0,"TD",FALSE,FALSE,TRUE,FALSE,TRUE,FALSE,,,FALSE,,,"1st and 10 at WJC14","No Huddle-Shotgun Szalkowski,Tyler pass incomplete short left to Frederick,Logan thrown to WJC11."
"20250906_85f2",2025,"2025-09-06",1,"regular","Washington and Jefferson","Utica",,,,121,15,10,3,2,,"07:58","12:18","07:58",,1378,1638,1378,"Utica","Washington and Jefferson",21,17,4,2,10,14,FALSE,,,,"pass_complete",TRUE,14,FALSE,TRUE,TRUE,FALSE,FALSE,FALSE,FALSE,FALSE,TRUE,FALSE,FALSE,FALSE,FALSE,TRUE,6,"TD",FALSE,FALSE,FALSE,FALSE,FALSE,FALSE,,,FALSE,,,"2nd and 10 at WJC14","No Huddle-Shotgun Szalkowski,Tyler pass complete short middle to Palmer,Bryce caught at WJC02, for 14 yards to the WJC00 TOUCHDOWN, clock 07:58, 1ST DOWN."
"20250906_85f2",2025,"2025-09-06",1,"regular","Washington and Jefferson","Utica",,,,122,15,11,3,2,"07:58",,"07:58","07:58",1378,,1378,1378,"Utica","Washington and Jefferson",27,17,10,,,,,,,,"extra_point",FALSE,,FALSE,FALSE,FALSE,FALSE,FALSE,FALSE,FALSE,FALSE,FALSE,FALSE,FALSE,FALSE,FALSE,TRUE,1,"TD",FALSE,FALSE,FALSE,FALSE,FALSE,FALSE,,,FALSE,,,"","Duarte,Nico kick attempt good (H: Palmer,Bryce, LS: Boss,William)."
"20250906_85f2",2025,"2025-09-06",1,"regular","Washington and Jefferson","Utica",,,,123,16,1,3,2,"07:58","07:53","07:58","07:58",1378,1373,1378,1378,"Washington and Jefferson","Utica",17,28,-11,,,,,1,10,68,"kickoff",FALSE,,FALSE,FALSE,FALSE,FALSE,FALSE,FALSE,FALSE,FALSE,FALSE,FALSE,FALSE,FALSE,FALSE,FALSE,0,"PUNT",FALSE,FALSE,FALSE,FALSE,FALSE,FALSE,,,FALSE,,,"","Duarte,Nico kickoff 49 yards to the WJC16 Edwards,Luke return 16 yards to the WJC32 (Higgins,Aidan)."
"20250906_85f2",2025,"2025-09-06",1,"regular","Washington and Jefferson","Utica",,,,124,16,2,3,2,"07:53",,"07:53","07:53",1373,,1373,1373,"Washington and Jefferson","Utica",17,28,-11,1,10,68,FALSE,1,10,57,"pass_complete",TRUE,11,FALSE,TRUE,TRUE,FALSE,FALSE,FALSE,FALSE,FALSE,FALSE,FALSE,FALSE,FALSE,FALSE,FALSE,0,"PUNT",TRUE,FALSE,FALSE,FALSE,TRUE,FALSE,,,FALSE,,,"1st and 10 at WJC32","No Huddle-Shotgun Stahl,Kellan pass complete short left to Peduzzi,John caught at WJC41, for 11 yards to the WJC43 (Mecca,Michael), 1ST DOWN."
"20250906_85f2",2025,"2025-09-06",1,"regular","Washington and Jefferson","Utica",,,,125,16,3,3,2,,,"07:53","05:46",,,1373,1246,"Washington and Jefferson","Utica",17,28,-11,1,10,57,FALSE,1,10,40,"pass_complete",TRUE,2,FALSE,TRUE,TRUE,FALSE,FALSE,FALSE,FALSE,FALSE,FALSE,FALSE,FALSE,FALSE,FALSE,FALSE,0,"PUNT",FALSE,FALSE,TRUE,FALSE,TRUE,TRUE,15,"Utica",FALSE,FALSE,"PENALTY UTICA Personal Foul 15 yards from WJC45 to UTICA40, 1ST DOWN.","1st and 10 at WJC43","No Huddle-Shotgun Stahl,Kellan pass complete short right to Derosa,Kobe caught at WJC40, for 2 yards to the WJC45 (Thomas,Isaiah) PENALTY UTICA Personal Foul 15 yards from WJC45 to UTICA40, 1ST DOWN."
"20250906_85f2",2025,"2025-09-06",1,"regular","Washington and Jefferson","Utica",,,,126,16,4,3,2,,,"07:53","05:46",,,1373,1246,"Washington and Jefferson","Utica",17,28,-11,1,10,40,FALSE,2,10,40,"pass_incomplete",TRUE,0,FALSE,TRUE,FALSE,FALSE,FALSE,FALSE,FALSE,FALSE,FALSE,FALSE,FALSE,FALSE,FALSE,FALSE,0,"PUNT",FALSE,FALSE,FALSE,TRUE,TRUE,FALSE,,,FALSE,,,"1st and 10 at UTC40","No Huddle-Shotgun Stahl,Kellan pass incomplete short right to Macosko,Jacob thrown to UTICA25 QB hurried by Mascari,Mason."
"20250906_85f2",2025,"2025-09-06",1,"regular","Washington and Jefferson","Utica",,,,127,16,5,3,2,,,"07:53","05:46",,,1373,1246,"Washington and Jefferson","Utica",17,28,-11,2,10,40,FALSE,3,7,37,"pass_complete",TRUE,3,FALSE,TRUE,TRUE,FALSE,FALSE,FALSE,FALSE,FALSE,FALSE,FALSE,FALSE,FALSE,FALSE,FALSE,0,"PUNT",FALSE,FALSE,FALSE,FALSE,FALSE,FALSE,,,FALSE,,,"2nd and 10 at UTC40","No Huddle-Shotgun Stahl,Kellan pass complete short left to Peduzzi,John caught at UTICA37, for 3 yards to the UTICA37, out of bounds at UTICA37."
"20250906_85f2",2025,"2025-09-06",1,"regular","Washington and Jefferson","Utica",,,,128,16,6,3,2,,,"07:53","05:46",,,1373,1246,"Washington and Jefferson","Utica",17,28,-11,3,7,37,FALSE,4,12,42,"rush",TRUE,-5,TRUE,FALSE,FALSE,FALSE,FALSE,FALSE,FALSE,FALSE,FALSE,FALSE,FALSE,FALSE,FALSE,FALSE,0,"PUNT",FALSE,FALSE,FALSE,FALSE,FALSE,FALSE,,,FALSE,,,"3rd and 7 at UTC37","No Huddle-Shotgun Stahl,Kellan rush right for 5 yards loss to the UTICA42 (Nembhard,Jerome)."
"20250906_85f2",2025,"2025-09-06",1,"regular","Washington and Jefferson","Utica",,,,129,16,7,3,2,,"05:46","07:53","05:46",,1246,1373,1246,"Washington and Jefferson","Utica",17,28,-11,4,12,42,FALSE,1,10,94,"punt_no_return",TRUE,,FALSE,FALSE,FALSE,FALSE,FALSE,FALSE,FALSE,FALSE,FALSE,FALSE,FALSE,FALSE,TRUE,FALSE,0,"PUNT",FALSE,FALSE,FALSE,FALSE,FALSE,FALSE,,,FALSE,,,"4th and 12 at UTC42","Wyandt,Deven punt 36 yards to the UTICA06 fair catch by Maritato,Nick at UTICA06."
"20250906_85f2",2025,"2025-09-06",1,"regular","Washington and Jefferson","Utica",,,,130,17,1,3,2,"05:46",,"05:46","05:46",1246,,1246,1246,"Utica","Washington and Jefferson",28,17,11,1,10,94,FALSE,2,6,90,"rush",TRUE,4,TRUE,FALSE,FALSE,FALSE,FALSE,FALSE,FALSE,FALSE,FALSE,FALSE,FALSE,FALSE,FALSE,FALSE,0,"TD",FALSE,TRUE,FALSE,FALSE,TRUE,FALSE,,,FALSE,,,"1st and 10 at UTC6","No Huddle-Shotgun Frazier,Eze rush right for 4 yards gain to the UTICA10 (Smith,Antoine; Shaffer,Aidan)."
"20250906_85f2",2025,"2025-09-06",1,"regular","Washington and Jefferson","Utica",,,,131,17,2,3,2,,,"05:46","04:00",,,1246,1140,"Utica","Washington and Jefferson",28,17,11,2,6,90,FALSE,3,6,90,"pass_incomplete",TRUE,0,FALSE,TRUE,FALSE,FALSE,FALSE,FALSE,FALSE,FALSE,FALSE,FALSE,FALSE,FALSE,FALSE,FALSE,0,"TD",FALSE,FALSE,FALSE,FALSE,FALSE,FALSE,,,FALSE,,,"2nd and 6 at UTC10","No Huddle-Shotgun Szalkowski,Tyler pass incomplete short left to Taylor,Tyshawn thrown to UTICA20 QB hurried by Sherman,Brock."
"20250906_85f2",2025,"2025-09-06",1,"regular","Washington and Jefferson","Utica",,,,132,17,3,3,2,,,"05:46","04:00",,,1246,1140,"Utica","Washington and Jefferson",28,17,11,3,6,90,FALSE,1,8,8,"pass_complete",TRUE,82,FALSE,TRUE,TRUE,FALSE,FALSE,FALSE,FALSE,FALSE,FALSE,FALSE,FALSE,FALSE,FALSE,FALSE,0,"TD",FALSE,FALSE,FALSE,FALSE,FALSE,FALSE,,,FALSE,,,"3rd and 6 at UTC10","No Huddle-Shotgun Szalkowski,Tyler pass complete deep left to Taylor,Tyshawn caught at UTICA46, for 82 yards to the WJC08 (Schry,Preston), 1ST DOWN."
"20250906_85f2",2025,"2025-09-06",1,"regular","Washington and Jefferson","Utica",,,,133,17,4,3,2,,,"05:46","04:00",,,1246,1140,"Utica","Washington and Jefferson",28,17,11,1,8,8,TRUE,2,3,3,"pass_complete",TRUE,5,FALSE,TRUE,TRUE,FALSE,FALSE,FALSE,FALSE,FALSE,FALSE,FALSE,FALSE,FALSE,FALSE,FALSE,0,"TD",FALSE,FALSE,TRUE,FALSE,TRUE,FALSE,,,FALSE,,,"1st and 8 at WJC8","No Huddle-Shotgun Szalkowski,Tyler pass complete short right to Palmer,Bryce caught at WJC11, for 5 yards to the WJC03 (Telfair,Da'Jahn)."
"20250906_85f2",2025,"2025-09-06",1,"regular","Washington and Jefferson","Utica",,,,134,17,5,3,2,,"04:00","05:46","04:00",,1140,1246,1140,"Utica","Washington and Jefferson",28,17,11,2,3,3,TRUE,,,,"rush",TRUE,3,TRUE,FALSE,FALSE,FALSE,FALSE,FALSE,FALSE,FALSE,TRUE,FALSE,FALSE,FALSE,FALSE,TRUE,6,"TD",FALSE,FALSE,FALSE,FALSE,FALSE,FALSE,,,FALSE,,,"2nd and 3 at WJC3","No Huddle-Shotgun Pallouras,Matthew rush right for 3 yards gain to the WJC00 TOUCHDOWN, clock 04:00."
"20250906_85f2",2025,"2025-09-06",1,"regular","Washington and Jefferson","Utica",,,,135,17,6,3,2,"04:00",,"04:00","04:00",1140,,1140,1140,"Utica","Washington and Jefferson",34,17,17,,,,,,,,"extra_point",FALSE,,FALSE,FALSE,FALSE,FALSE,FALSE,FALSE,FALSE,FALSE,FALSE,FALSE,FALSE,FALSE,FALSE,TRUE,1,"TD",FALSE,FALSE,FALSE,FALSE,FALSE,FALSE,,,FALSE,,,"","Duarte,Nico kick attempt good (H: Palmer,Bryce, LS: Boss,William)."
"20250906_85f2",2025,"2025-09-06",1,"regular","Washington and Jefferson","Utica",,,,136,18,1,3,2,"04:00","03:49","04:00","04:00",1140,1129,1140,1140,"Washington and Jefferson","Utica",17,35,-18,,,,,1,10,78,"kickoff",FALSE,,FALSE,FALSE,FALSE,FALSE,FALSE,FALSE,FALSE,FALSE,FALSE,FALSE,FALSE,FALSE,FALSE,FALSE,0,"FUMBLE",FALSE,FALSE,FALSE,FALSE,FALSE,FALSE,,,FALSE,,,"","Duarte,Nico kickoff 43 yards to the WJC22 Edwards,Luke return 0 yards to the WJC22 (Velez,Lorenzo)."
"20250906_85f2",2025,"2025-09-06",1,"regular","Washington and Jefferson","Utica",,,,137,18,2,3,2,"03:49",,"03:49","03:49",1129,,1129,1129,"Washington and Jefferson","Utica",17,35,-18,1,10,78,FALSE,2,11,79,"rush",TRUE,-1,TRUE,FALSE,FALSE,FALSE,FALSE,FALSE,FALSE,FALSE,FALSE,FALSE,FALSE,FALSE,FALSE,FALSE,0,"FUMBLE",TRUE,FALSE,FALSE,FALSE,TRUE,FALSE,,,FALSE,,,"1st and 10 at WJC22","No Huddle-Shotgun Sharp,Andrew rush left for 1 yard loss to the WJC21 (Cleophat,Makhi)."
"20250906_85f2",2025,"2025-09-06",1,"regular","Washington and Jefferson","Utica",,,,138,18,3,3,2,,,"03:49","02:18",,,1129,1038,"Washington and Jefferson","Utica",17,35,-18,2,11,79,FALSE,1,10,53,"pass_complete",TRUE,26,FALSE,TRUE,TRUE,FALSE,FALSE,FALSE,FALSE,FALSE,FALSE,FALSE,FALSE,FALSE,FALSE,FALSE,0,"FUMBLE",FALSE,FALSE,FALSE,FALSE,FALSE,FALSE,,,FALSE,,,"2nd and 11 at WJC21","No Huddle-Shotgun Stahl,Kellan pass complete short middle to Peduzzi,John caught at WJC30, for 26 yards to the WJC47 (Thomas,Isaiah; Mecca,Michael), 1ST DOWN."
"20250906_85f2",2025,"2025-09-06",1,"regular","Washington and Jefferson","Utica",,,,139,18,4,3,2,,,"03:49","02:18",,,1129,1038,"Washington and Jefferson","Utica",17,35,-18,1,10,53,FALSE,1,15,58,"penalty_no_play",TRUE,,FALSE,FALSE,FALSE,FALSE,FALSE,FALSE,FALSE,FALSE,FALSE,FALSE,FALSE,FALSE,FALSE,FALSE,0,"FUMBLE",FALSE,FALSE,TRUE,FALSE,TRUE,TRUE,-5,"Washington and Jefferson",TRUE,FALSE,"PENALTY WJC False Start (Staub,Elijah) 5 yards from WJC47 to WJC42. NO PLAY.","1st and 10 at WJC47","PENALTY WJC False Start (Staub,Elijah) 5 yards from WJC47 to WJC42. NO PLAY."
"20250906_85f2",2025,"2025-09-06",1,"regular","Washington and Jefferson","Utica",,,,140,18,5,3,2,,,"03:49","02:18",,,1129,1038,"Washington and Jefferson","Utica",17,35,-18,1,15,58,FALSE,2,6,49,"pass_complete",TRUE,9,FALSE,TRUE,TRUE,FALSE,FALSE,FALSE,FALSE,FALSE,FALSE,FALSE,FALSE,FALSE,FALSE,FALSE,0,"FUMBLE",FALSE,FALSE,FALSE,FALSE,FALSE,FALSE,,,FALSE,,,"1st and 15 at WJC42","No Huddle-Shotgun Stahl,Kellan pass complete short right to Evans,Machi caught at WJC45, for 9 yards to the UTICA49 (Thomas,Isaiah)."
"20250906_85f2",2025,"2025-09-06",1,"regular","Washington and Jefferson","Utica",,,,141,18,6,3,2,,"02:18","03:49","02:18",,1038,1129,1038,"Washington and Jefferson","Utica",17,35,-18,2,6,49,FALSE,1,10,21,"rush",TRUE,1,TRUE,FALSE,FALSE,FALSE,FALSE,TRUE,TRUE,FALSE,FALSE,FALSE,FALSE,FALSE,FALSE,FALSE,0,"FUMBLE",FALSE,FALSE,FALSE,FALSE,FALSE,FALSE,,,FALSE,,,"2nd and 6 at UTC49","No Huddle-Shotgun Stahl,Kellan rush middle for 1 yard gain to the UTICA48 fumbled by Stahl,Kellan at UTICA48 forced by Douglas,Eli recovered by UTICA Thomas,Isaiah at UTICA48 Thomas,Isaiah return 31 yards to the WJC21 (Macosko,Jacob)."
"20250906_85f2",2025,"2025-09-06",1,"regular","Washington and Jefferson","Utica",,,,142,19,1,3,2,"02:18",,"02:18","02:18",1038,,1038,1038,"Utica","Washington and Jefferson",35,17,18,1,10,21,FALSE,1,3,3,"pass_complete",TRUE,18,FALSE,TRUE,TRUE,FALSE,FALSE,FALSE,FALSE,FALSE,FALSE,FALSE,FALSE,FALSE,FALSE,FALSE,0,"TD",FALSE,TRUE,FALSE,FALSE,TRUE,FALSE,,,FALSE,,,"1st and 10 at WJC21","No Huddle-Shotgun Szalkowski,Tyler pass complete short left to Frederick,Logan caught at WJC04, for 18 yards to the WJC03 (Sherman,Brock), 1ST DOWN."
"20250906_85f2",2025,"2025-09-06",1,"regular","Washington and Jefferson","Utica",,,,143,19,2,3,2,,,"02:18","01:35",,,1038,995,"Utica","Washington and Jefferson",35,17,18,1,3,3,TRUE,2,3,3,"pass_incomplete",TRUE,0,FALSE,TRUE,FALSE,FALSE,FALSE,FALSE,FALSE,FALSE,FALSE,FALSE,FALSE,FALSE,FALSE,FALSE,0,"TD",FALSE,FALSE,TRUE,FALSE,TRUE,FALSE,,,FALSE,,,"1st and 3 at WJC3","No Huddle-Shotgun Pallouras,Matthew pass incomplete short middle to Cianfarani,Antonio thrown to WJC00."
"20250906_85f2",2025,"2025-09-06",1,"regular","Washington and Jefferson","Utica",,,,144,19,3,3,2,,"01:35","02:18","01:35",,995,1038,995,"Utica","Washington and Jefferson",35,17,18,2,3,3,TRUE,,,,"pass_complete",TRUE,3,FALSE,TRUE,TRUE,FALSE,FALSE,FALSE,FALSE,FALSE,TRUE,FALSE,FALSE,FALSE,FALSE,TRUE,6,"TD",FALSE,FALSE,FALSE,FALSE,FALSE,FALSE,,,FALSE,,,"2nd and 3 at WJC3","No Huddle-Shotgun Szalkowski,Tyler pass complete short right to Taylor,Tyshawn caught at WJC00, for 3 yards to the WJC00 TOUCHDOWN, clock 01:35."
"20250906_85f2",2025,"2025-09-06",1,"regular","Washington and Jefferson","Utica",,,,145,19,4,3,2,"01:35",,"01:35","01:35",995,,995,995,"Utica","Washington and Jefferson",41,17,24,,,,,,,,"extra_point",FALSE,,FALSE,FALSE,FALSE,FALSE,FALSE,FALSE,FALSE,FALSE,FALSE,FALSE,FALSE,FALSE,FALSE,TRUE,1,"TD",FALSE,FALSE,FALSE,FALSE,FALSE,FALSE,,,FALSE,,,"","Duarte,Nico kick attempt good (H: Palmer,Bryce, LS: Boss,William)."
"20250906_85f2",2025,"2025-09-06",1,"regular","Washington and Jefferson","Utica",,,,146,20,1,3,2,"01:35","01:28","01:35","01:35",995,988,995,995,"Washington and Jefferson","Utica",17,42,-25,,,,,1,10,71,"kickoff",FALSE,,FALSE,FALSE,FALSE,FALSE,FALSE,FALSE,FALSE,FALSE,FALSE,FALSE,FALSE,FALSE,FALSE,FALSE,0,"TD",FALSE,FALSE,FALSE,FALSE,FALSE,FALSE,,,FALSE,,,"","Duarte,Nico kickoff 55 yards to the WJC10 DeSabato,Joey return 19 yards to the WJC29 (Bailey,Mekhi)."
"20250906_85f2",2025,"2025-09-06",1,"regular","Washington and Jefferson","Utica",,,,147,20,2,3,2,"01:28",,"01:28","01:28",988,,988,988,"Washington and Jefferson","Utica",17,42,-25,1,10,71,FALSE,2,5,66,"rush",TRUE,5,TRUE,FALSE,FALSE,FALSE,FALSE,FALSE,FALSE,FALSE,FALSE,FALSE,FALSE,FALSE,FALSE,FALSE,0,"TD",TRUE,FALSE,FALSE,FALSE,TRUE,FALSE,,,FALSE,,,"1st and 10 at WJC29","No Huddle-Shotgun Edwards,Luke rush middle for 5 yards gain to the WJC34 (Thomas,Isaiah)."
"20250906_85f2",2025,"2025-09-06",1,"regular","Washington and Jefferson","Utica",,,,148,20,3,3,2,,,"01:28","00:00",,,988,900,"Washington and Jefferson","Utica",17,42,-25,2,5,66,FALSE,1,10,58,"pass_complete",TRUE,8,FALSE,TRUE,TRUE,FALSE,FALSE,FALSE,FALSE,FALSE,FALSE,FALSE,FALSE,FALSE,FALSE,FALSE,0,"TD",FALSE,FALSE,FALSE,FALSE,FALSE,FALSE,,,FALSE,,,"2nd and 5 at WJC34","No Huddle-Shotgun Stahl,Kellan pass complete short right to Derosa,Kobe caught at WJC36, for 8 yards to the WJC42 (Douglas,Eli), 1ST DOWN."
"20250906_85f2",2025,"2025-09-06",1,"regular","Washington and Jefferson","Utica",,,,149,20,4,3,2,,,"01:28","00:00",,,988,900,"Washington and Jefferson","Utica",17,42,-25,1,10,58,FALSE,1,10,44,"pass_complete",TRUE,14,FALSE,TRUE,TRUE,FALSE,FALSE,FALSE,FALSE,FALSE,FALSE,FALSE,FALSE,FALSE,FALSE,FALSE,0,"TD",FALSE,FALSE,TRUE,FALSE,TRUE,FALSE,,,FALSE,,,"1st and 10 at WJC42","No Huddle-Shotgun Stahl,Kellan pass complete short left to Peduzzi,John caught at WJC50, for 14 yards to the UTICA44 (Thomas,Isaiah), 1ST DOWN."
"20250906_85f2",2025,"2025-09-06",1,"regular","Washington and Jefferson","Utica",,,,150,20,5,3,2,,,"01:28","00:00",,,988,900,"Washington and Jefferson","Utica",17,42,-25,1,10,44,FALSE,1,10,29,"pass_incomplete",TRUE,,FALSE,FALSE,FALSE,FALSE,FALSE,FALSE,FALSE,FALSE,FALSE,FALSE,FALSE,FALSE,FALSE,FALSE,0,"TD",FALSE,FALSE,TRUE,FALSE,TRUE,TRUE,15,"Utica",TRUE,FALSE,"PENALTY UTICA Pass Interference (Mecca,Michael) 15 yards from UTICA44 to UTICA29, 1ST DOWN. NO PLAY.","1st and 10 at UTC44","No Huddle-Shotgun Stahl,Kellan pass incomplete deep right to Macosko,Jacob thrown to UTICA10 PENALTY UTICA Pass Interference (Mecca,Michael) 15 yards from UTICA44 to UTICA29, 1ST DOWN. NO PLAY."
"20250906_85f2",2025,"2025-09-06",1,"regular","Washington and Jefferson","Utica",,,,151,20,6,3,2,,,"01:28","00:00",,,988,900,"Washington and Jefferson","Utica",17,42,-25,1,10,29,FALSE,1,8,8,"pass_complete",TRUE,21,FALSE,TRUE,TRUE,FALSE,FALSE,FALSE,FALSE,FALSE,FALSE,FALSE,FALSE,FALSE,FALSE,FALSE,0,"TD",FALSE,FALSE,FALSE,TRUE,TRUE,FALSE,,,FALSE,,,"1st and 10 at UTC29","No Huddle-Shotgun Stahl,Kellan pass complete short right to Macosko,Jacob caught at UTICA15, for 21 yards to the UTICA08 (Douglas,Eli), 1ST DOWN."
"20250906_85f2",2025,"2025-09-06",1,"regular","Washington and Jefferson","Utica",,,,152,20,7,4,2,"15:00",,"15:00","15:00",900,,900,900,"Washington and Jefferson","Utica",17,42,-25,1,8,8,TRUE,2,8,8,"pass_incomplete",TRUE,0,FALSE,TRUE,FALSE,FALSE,FALSE,FALSE,FALSE,FALSE,FALSE,FALSE,FALSE,FALSE,FALSE,FALSE,0,"TD",FALSE,FALSE,TRUE,FALSE,TRUE,FALSE,,,FALSE,,,"1st and 8 at UTC8","No Huddle-Shotgun Stahl,Kellan pass incomplete short middle to Peduzzi,John thrown to UTICA00 broken up by Cleophat,Makhi."
"20250906_85f2",2025,"2025-09-06",1,"regular","Washington and Jefferson","Utica",,,,153,20,8,4,2,,"14:51","15:00","14:51",,891,900,891,"Washington and Jefferson","Utica",17,42,-25,2,8,8,TRUE,,,,"pass_complete",TRUE,8,FALSE,TRUE,TRUE,FALSE,FALSE,FALSE,FALSE,FALSE,TRUE,FALSE,FALSE,FALSE,FALSE,TRUE,6,"TD",FALSE,FALSE,FALSE,FALSE,FALSE,FALSE,,,FALSE,,,"2nd and 8 at UTC8","No Huddle-Shotgun Stahl,Kellan pass complete short middle to Peduzzi,John caught at UTICA00, for 8 yards to the UTICA00 TOUCHDOWN, clock 14:51."
"20250906_85f2",2025,"2025-09-06",1,"regular","Washington and Jefferson","Utica",,,,154,20,9,4,2,"14:51",,"14:51","14:51",891,,891,891,"Washington and Jefferson","Utica",23,42,-19,,,,,,,,"extra_point",FALSE,,FALSE,FALSE,FALSE,FALSE,FALSE,FALSE,FALSE,FALSE,FALSE,FALSE,FALSE,FALSE,FALSE,TRUE,1,"TD",FALSE,FALSE,FALSE,FALSE,FALSE,FALSE,,,FALSE,,,"","Wyandt,Deven kick attempt good (H: Mele,Jake, LS: Magnelli,Al)."
"20250906_85f2",2025,"2025-09-06",1,"regular","Washington and Jefferson","Utica",,,,155,21,1,4,2,"14:51","14:44","14:51","14:51",891,884,891,891,"Utica","Washington and Jefferson",42,24,18,,,,,1,10,77,"kickoff",FALSE,,FALSE,FALSE,FALSE,FALSE,FALSE,FALSE,FALSE,FALSE,FALSE,FALSE,FALSE,FALSE,FALSE,FALSE,0,"PUNT",FALSE,FALSE,FALSE,FALSE,FALSE,FALSE,,,FALSE,,,"","Campbell,Liam kickoff 53 yards to the UTICA12 Zawolo,Gabriel return 11 yards to the UTICA23 (Morris,Rudy)."
"20250906_85f2",2025,"2025-09-06",1,"regular","Washington and Jefferson","Utica",,,,156,21,2,4,2,"14:44",,"14:44","14:44",884,,884,884,"Utica","Washington and Jefferson",42,24,18,1,10,77,FALSE,2,11,78,"rush",TRUE,-1,TRUE,FALSE,FALSE,FALSE,FALSE,FALSE,FALSE,FALSE,FALSE,FALSE,FALSE,FALSE,FALSE,FALSE,0,"PUNT",TRUE,FALSE,FALSE,FALSE,TRUE,FALSE,,,FALSE,,,"1st and 10 at UTC23","No Huddle-Shotgun Strong,Jani rush right for 1 yard loss to the UTICA22 (Smith,Antoine)."
"20250906_85f2",2025,"2025-09-06",1,"regular","Washington and Jefferson","Utica",,,,157,21,3,4,2,,,"14:44","10:59",,,884,659,"Utica","Washington and Jefferson",42,24,18,2,11,78,FALSE,1,10,63,"pass_complete",TRUE,15,FALSE,TRUE,TRUE,FALSE,FALSE,FALSE,FALSE,FALSE,FALSE,FALSE,FALSE,FALSE,FALSE,FALSE,0,"PUNT",FALSE,FALSE,FALSE,FALSE,FALSE,FALSE,,,FALSE,,,"2nd and 11 at UTC22","No Huddle-Shotgun Szalkowski,Tyler pass complete short middle to Cianfarani,Antonio caught at UTICA35, for 15 yards to the UTICA37 (DeRubbo,Dante), 1ST DOWN."
"20250906_85f2",2025,"2025-09-06",1,"regular","Washington and Jefferson","Utica",,,,158,21,4,4,2,,,"14:44","10:59",,,884,659,"Utica","Washington and Jefferson",42,24,18,1,10,63,FALSE,2,6,59,"rush",TRUE,4,TRUE,FALSE,FALSE,FALSE,FALSE,FALSE,FALSE,FALSE,FALSE,FALSE,FALSE,FALSE,FALSE,FALSE,0,"PUNT",FALSE,FALSE,TRUE,FALSE,TRUE,FALSE,,,FALSE,,,"1st and 10 at UTC37","No Huddle-Shotgun Frazier,Eze rush middle for 4 yards gain to the UTICA41 (Sherman,Brock; Kadosh-Harris,Nathaniel)."
"20250906_85f2",2025,"2025-09-06",1,"regular","Washington and Jefferson","Utica",,,,159,21,5,4,2,,,"14:44","10:59",,,884,659,"Utica","Washington and Jefferson",42,24,18,2,6,59,FALSE,3,2,55,"rush",TRUE,4,TRUE,FALSE,FALSE,FALSE,FALSE,FALSE,FALSE,FALSE,FALSE,FALSE,FALSE,FALSE,FALSE,FALSE,0,"PUNT",FALSE,FALSE,FALSE,FALSE,FALSE,FALSE,,,FALSE,,,"2nd and 6 at UTC41","No Huddle-Shotgun Frazier,Eze rush middle for 4 yards gain to the UTICA45 (Sherman,Brock; Primrose,Tyler)."
"20250906_85f2",2025,"2025-09-06",1,"regular","Washington and Jefferson","Utica",,,,160,21,6,4,2,,,"14:44","10:59",,,884,659,"Utica","Washington and Jefferson",42,24,18,3,2,55,FALSE,4,1,54,"rush",TRUE,1,TRUE,FALSE,FALSE,FALSE,FALSE,FALSE,FALSE,FALSE,FALSE,FALSE,FALSE,FALSE,FALSE,FALSE,0,"PUNT",FALSE,FALSE,FALSE,FALSE,FALSE,FALSE,,,FALSE,,,"3rd and 2 at UTC45","No Huddle-Shotgun Pallouras,Matthew rush middle for 1 yard gain to the UTICA46 (Primrose,Tyler)."
"20250906_85f2",2025,"2025-09-06",1,"regular","Washington and Jefferson","Utica",,,,161,21,7,4,2,,,"14:44","10:59",,,884,659,"Utica","Washington and Jefferson",42,24,18,4,1,54,FALSE,4,6,59,"penalty_no_play",TRUE,,FALSE,FALSE,FALSE,FALSE,FALSE,FALSE,FALSE,FALSE,FALSE,FALSE,FALSE,FALSE,FALSE,FALSE,0,"PUNT",FALSE,FALSE,FALSE,FALSE,FALSE,TRUE,-5,"Utica",TRUE,FALSE,"PENALTY UTICA Delay Of Game 5 yards from UTICA46 to UTICA41. NO PLAY.","4th and 1 at UTC46","PENALTY UTICA Delay Of Game 5 yards from UTICA46 to UTICA41. NO PLAY."
"20250906_85f2",2025,"2025-09-06",1,"regular","Washington and Jefferson","Utica",,,,162,21,8,4,2,,"10:59","14:44","10:59",,659,884,659,"Utica","Washington and Jefferson",42,24,18,4,6,59,FALSE,1,10,75,"punt_no_return",TRUE,,FALSE,FALSE,FALSE,FALSE,FALSE,FALSE,FALSE,FALSE,FALSE,FALSE,FALSE,FALSE,TRUE,FALSE,0,"PUNT",FALSE,FALSE,FALSE,FALSE,FALSE,TRUE,-5,"Utica",FALSE,FALSE,"PENALTY UTICA Illegal Formation 5 yards from WJC20 to WJC25.","4th and 6 at UTC41","Taylor,Devin punt 59 yards to the WJC00, Touchback PENALTY UTICA Illegal Formation 5 yards from WJC20 to WJC25."
"20250906_85f2",2025,"2025-09-06",1,"regular","Washington and Jefferson","Utica",,,,163,22,1,4,2,"10:59",,"10:59","10:59",659,,659,659,"Washington and Jefferson","Utica",24,42,-18,1,10,75,FALSE,2,5,70,"pass_complete",TRUE,5,FALSE,TRUE,TRUE,FALSE,FALSE,FALSE,FALSE,FALSE,FALSE,FALSE,FALSE,FALSE,FALSE,FALSE,0,"TD",FALSE,TRUE,FALSE,FALSE,TRUE,FALSE,,,FALSE,,,"1st and 10 at WJC25","No Huddle-Shotgun Stahl,Kellan pass complete short middle to Evans,Machi caught at WJC30, for 5 yards to the WJC30 (Thomas,Isaiah)."
"20250906_85f2",2025,"2025-09-06",1,"regular","Washington and Jefferson","Utica",,,,164,22,2,4,2,,,"10:59","07:48",,,659,468,"Washington and Jefferson","Utica",24,42,-18,2,5,70,FALSE,1,10,58,"pass_complete",TRUE,12,FALSE,TRUE,TRUE,FALSE,FALSE,FALSE,FALSE,FALSE,FALSE,FALSE,FALSE,FALSE,FALSE,FALSE,0,"TD",FALSE,FALSE,FALSE,FALSE,FALSE,FALSE,,,FALSE,,,"2nd and 5 at WJC30","No Huddle-Shotgun Stahl,Kellan pass complete short right to Macosko,Jacob caught at WJC40, for 12 yards to the WJC42 (Thomas,Isaiah), 1ST DOWN."
"20250906_85f2",2025,"2025-09-06",1,"regular","Washington and Jefferson","Utica",,,,165,22,3,4,2,,,"10:59","07:48",,,659,468,"Washington and Jefferson","Utica",24,42,-18,1,10,58,FALSE,2,19,67,"sack",TRUE,-9,FALSE,FALSE,FALSE,TRUE,FALSE,FALSE,FALSE,FALSE,FALSE,FALSE,FALSE,FALSE,FALSE,FALSE,0,"TD",FALSE,FALSE,TRUE,FALSE,TRUE,FALSE,,,FALSE,,,"1st and 10 at WJC42","No Huddle-Shotgun Stahl,Kellan sacked for loss of 9 yards to the WJC33 (Rhone,Christian)."
"20250906_85f2",2025,"2025-09-06",1,"regular","Washington and Jefferson","Utica",,,,166,22,4,4,2,,,"10:59","07:48",,,659,468,"Washington and Jefferson","Utica",24,42,-18,2,19,67,FALSE,1,10,41,"pass_complete",TRUE,26,FALSE,TRUE,TRUE,FALSE,FALSE,FALSE,FALSE,FALSE,FALSE,FALSE,FALSE,FALSE,FALSE,FALSE,0,"TD",FALSE,FALSE,FALSE,FALSE,FALSE,FALSE,,,FALSE,,,"2nd and 19 at WJC33","No Huddle-Shotgun Stahl,Kellan pass complete short middle to Macosko,Jacob caught at UTICA48, for 26 yards to the UTICA41 (Douglas,Eli), 1ST DOWN."
"20250906_85f2",2025,"2025-09-06",1,"regular","Washington and Jefferson","Utica",,,,167,22,5,4,2,,,"10:59","07:48",,,659,468,"Washington and Jefferson","Utica",24,42,-18,1,10,41,FALSE,2,10,41,"pass_complete",TRUE,0,FALSE,TRUE,TRUE,FALSE,FALSE,FALSE,FALSE,FALSE,FALSE,FALSE,FALSE,FALSE,FALSE,FALSE,0,"TD",FALSE,FALSE,TRUE,FALSE,TRUE,FALSE,,,FALSE,,,"1st and 10 at UTC41","No Huddle-Shotgun Stahl,Kellan pass complete short middle to Sharp,Andrew caught at UTICA41, for 0 yards to the UTICA41 (Thomas,Isaiah; Douglas,Eli)."
"20250906_85f2",2025,"2025-09-06",1,"regular","Washington and Jefferson","Utica",,,,168,22,6,4,2,,,"10:59","07:48",,,659,468,"Washington and Jefferson","Utica",24,42,-18,2,10,41,FALSE,3,10,41,"pass_incomplete",TRUE,0,FALSE,TRUE,FALSE,FALSE,FALSE,FALSE,FALSE,FALSE,FALSE,FALSE,FALSE,FALSE,FALSE,FALSE,0,"TD",FALSE,FALSE,FALSE,FALSE,FALSE,FALSE,,,FALSE,,,"2nd and 10 at UTC41","No Huddle-Shotgun Stahl,Kellan pass incomplete short to Evans,Machi thrown to UTICA35 broken up by Lewis,Ronaldo."
"20250906_85f2",2025,"2025-09-06",1,"regular","Washington and Jefferson","Utica",,,,169,22,7,4,2,,,"10:59","07:48",,,659,468,"Washington and Jefferson","Utica",24,42,-18,3,10,41,FALSE,3,20,51,"pass_incomplete",TRUE,,FALSE,FALSE,FALSE,FALSE,FALSE,FALSE,FALSE,FALSE,FALSE,FALSE,FALSE,FALSE,FALSE,FALSE,0,"TD",FALSE,FALSE,FALSE,FALSE,FALSE,TRUE,-10,"Washington and Jefferson",TRUE,FALSE,"PENALTY WJC Holding (Ranallo,Ryan) 10 yards from UTICA41 to WJC49. NO PLAY.","3rd and 10 at UTC41","No Huddle-Shotgun Stahl,Kellan pass incomplete short middle to Conti,Marc thrown to UTICA30 PENALTY WJC Holding (Ranallo,Ryan) 10 yards from UTICA41 to WJC49. NO PLAY."
"20250906_85f2",2025,"2025-09-06",1,"regular","Washington and Jefferson","Utica",,,,170,22,8,4,2,,,"10:59","07:48",,,659,468,"Washington and Jefferson","Utica",24,42,-18,3,20,51,FALSE,1,10,26,"pass_complete",TRUE,25,FALSE,TRUE,TRUE,FALSE,FALSE,FALSE,FALSE,FALSE,FALSE,FALSE,FALSE,FALSE,FALSE,FALSE,0,"TD",FALSE,FALSE,FALSE,FALSE,FALSE,FALSE,,,FALSE,,,"3rd and 20 at WJC49","No Huddle-Shotgun Stahl,Kellan pass complete short right to Peduzzi,John caught at UTICA33, for 25 yards to the UTICA26, out of bounds at UTICA26, 1ST DOWN."
"20250906_85f2",2025,"2025-09-06",1,"regular","Washington and Jefferson","Utica",,,,171,22,9,4,2,,,"10:59","07:48",,,659,468,"Washington and Jefferson","Utica",24,42,-18,1,10,26,FALSE,1,10,13,"pass_complete",TRUE,13,FALSE,TRUE,TRUE,FALSE,FALSE,FALSE,FALSE,FALSE,FALSE,FALSE,FALSE,FALSE,FALSE,FALSE,0,"TD",FALSE,FALSE,TRUE,FALSE,TRUE,FALSE,,,FALSE,,,"1st and 10 at UTC26","No Huddle-Shotgun Stahl,Kellan pass complete short left to Evans,Machi caught at UTICA20, for 13 yards to the UTICA13, out of bounds at UTICA13, 1ST DOWN."
"20250906_85f2",2025,"2025-09-06",1,"regular","Washington and Jefferson","Utica",,,,172,22,10,4,2,,"07:48","10:59","07:48",,468,659,468,"Washington and Jefferson","Utica",24,42,-18,1,10,13,FALSE,,,,"pass_complete",TRUE,13,FALSE,TRUE,TRUE,FALSE,FALSE,FALSE,FALSE,FALSE,TRUE,FALSE,FALSE,FALSE,FALSE,TRUE,6,"TD",FALSE,FALSE,TRUE,FALSE,TRUE,FALSE,,,FALSE,,,"1st and 10 at UTC13","No Huddle-Shotgun Stahl,Kellan pass complete short middle to Peduzzi,John caught at UTICA00, for 13 yards to the UTICA00 TOUCHDOWN, clock 07:48, 1ST DOWN."
"20250906_85f2",2025,"2025-09-06",1,"regular","Washington and Jefferson","Utica",,,,173,22,11,4,2,"07:48",,"07:48","07:48",468,,468,468,"Washington and Jefferson","Utica",30,42,-12,,,,,,,,"extra_point",FALSE,,FALSE,FALSE,FALSE,FALSE,FALSE,FALSE,FALSE,FALSE,FALSE,FALSE,FALSE,FALSE,FALSE,TRUE,1,"TD",FALSE,FALSE,FALSE,FALSE,FALSE,FALSE,,,FALSE,,,"","Wyandt,Deven kick attempt good (H: Mele,Jake, LS: Magnelli,Al)."
"20250906_85f2",2025,"2025-09-06",1,"regular","Washington and Jefferson","Utica",,,,174,23,1,4,2,"07:48","07:41","07:48","07:48",468,461,468,468,"Utica","Washington and Jefferson",42,31,11,,,,,1,10,73,"kickoff",FALSE,,FALSE,FALSE,FALSE,FALSE,FALSE,FALSE,FALSE,FALSE,FALSE,FALSE,FALSE,FALSE,FALSE,FALSE,0,"TD",FALSE,FALSE,FALSE,FALSE,FALSE,FALSE,,,FALSE,,,"","Campbell,Liam kickoff 59 yards to the UTICA06 Zawolo,Gabriel return 21 yards to the UTICA27 (Schry,Preston)."
"20250906_85f2",2025,"2025-09-06",1,"regular","Washington and Jefferson","Utica",,,,175,23,2,4,2,"07:41",,"07:41","07:41",461,,461,461,"Utica","Washington and Jefferson",42,31,11,1,10,73,FALSE,1,15,78,"penalty_no_play",TRUE,,FALSE,FALSE,FALSE,FALSE,FALSE,FALSE,FALSE,FALSE,FALSE,FALSE,FALSE,FALSE,FALSE,FALSE,0,"TD",TRUE,FALSE,FALSE,FALSE,TRUE,TRUE,-5,"Utica",TRUE,FALSE,"PENALTY UTICA Delay Of Game 5 yards from UTICA27 to UTICA22. NO PLAY.","1st and 10 at UTC27","PENALTY UTICA Delay Of Game 5 yards from UTICA27 to UTICA22. NO PLAY."
"20250906_85f2",2025,"2025-09-06",1,"regular","Washington and Jefferson","Utica",,,,176,23,3,4,2,"07:41",,"07:41","07:41",461,,461,461,"Utica","Washington and Jefferson",42,31,11,1,15,78,FALSE,2,11,74,"rush",TRUE,4,TRUE,FALSE,FALSE,FALSE,FALSE,FALSE,FALSE,FALSE,FALSE,FALSE,FALSE,FALSE,FALSE,FALSE,0,"TD",FALSE,FALSE,FALSE,FALSE,FALSE,FALSE,,,FALSE,,,"1st and 15 at UTC22","No Huddle-Shotgun Frazier,Eze rush left for 4 yards gain to the UTICA26 (Schry,Preston; Telfair,Da'Jahn)."
"20250906_85f2",2025,"2025-09-06",1,"regular","Washington and Jefferson","Utica",,,,177,23,4,4,2,,,"07:41","04:09",,,461,249,"Utica","Washington and Jefferson",42,31,11,2,11,74,FALSE,1,10,59,"pass_incomplete",TRUE,,FALSE,FALSE,FALSE,FALSE,FALSE,FALSE,FALSE,FALSE,FALSE,FALSE,FALSE,FALSE,FALSE,FALSE,0,"TD",FALSE,FALSE,FALSE,FALSE,FALSE,TRUE,15,"Washington and Jefferson",TRUE,FALSE,"PENALTY WJC Roughing The Passer (Sherman,Brock) 15 yards from UTICA26 to UTICA41, 1ST DOWN. NO PLAY.","2nd and 11 at UTC26","No Huddle-Shotgun Szalkowski,Tyler pass incomplete short right to Taylor,Tyshawn thrown to UTICA30 PENALTY WJC Roughing The Passer (Sherman,Brock) 15 yards from UTICA26 to UTICA41, 1ST DOWN. NO PLAY."
"20250906_85f2",2025,"2025-09-06",1,"regular","Washington and Jefferson","Utica",,,,178,23,5,4,2,,,"07:41","04:09",,,461,249,"Utica","Washington and Jefferson",42,31,11,1,10,59,FALSE,2,11,60,"rush",TRUE,-1,TRUE,FALSE,FALSE,FALSE,FALSE,FALSE,FALSE,FALSE,FALSE,FALSE,FALSE,FALSE,FALSE,FALSE,0,"TD",FALSE,FALSE,FALSE,TRUE,TRUE,FALSE,,,FALSE,,,"1st and 10 at UTC41","No Huddle-Shotgun Frazier,Eze rush middle for 1 yard loss to the UTICA40 (Sherman,Brock; Primrose,Tyler)."
"20250906_85f2",2025,"2025-09-06",1,"regular","Washington and Jefferson","Utica",,,,179,23,6,4,2,,,"07:41","04:09",,,461,249,"Utica","Washington and Jefferson",42,31,11,2,11,60,FALSE,3,9,58,"pass_complete",TRUE,2,FALSE,TRUE,TRUE,FALSE,FALSE,FALSE,FALSE,FALSE,FALSE,FALSE,FALSE,FALSE,FALSE,FALSE,0,"TD",FALSE,FALSE,FALSE,FALSE,FALSE,FALSE,,,FALSE,,,"2nd and 11 at UTC40","No Huddle-Shotgun Szalkowski,Tyler pass complete short right to Frazier,Eze caught at UTICA42, for 2 yards to the UTICA42 QB hurried by DeRubbo,Dante, End Of Play."
"20250906_85f2",2025,"2025-09-06",1,"regular","Washington and Jefferson","Utica",,,,180,23,7,4,2,,,"07:41","04:09",,,461,249,"Utica","Washington and Jefferson",42,31,11,3,9,58,FALSE,1,10,44,"pass_complete",TRUE,14,FALSE,TRUE,TRUE,FALSE,FALSE,FALSE,FALSE,FALSE,FALSE,FALSE,FALSE,FALSE,FALSE,FALSE,0,"TD",FALSE,FALSE,FALSE,FALSE,FALSE,FALSE,,,FALSE,,,"3rd and 9 at UTC42","No Huddle-Shotgun Szalkowski,Tyler pass complete short left to Cianfarani,Antonio caught at WJC44, for 14 yards to the WJC44 QB hurried by Smith,Antoine, out of bounds at WJC44, 1ST DOWN."
"20250906_85f2",2025,"2025-09-06",1,"regular","Washington and Jefferson","Utica",,,,181,23,8,4,2,,,"07:41","04:09",,,461,249,"Utica","Washington and Jefferson",42,31,11,1,10,44,FALSE,2,10,44,"pass_incomplete",TRUE,0,FALSE,TRUE,FALSE,FALSE,FALSE,FALSE,FALSE,FALSE,FALSE,FALSE,FALSE,FALSE,FALSE,FALSE,0,"TD",FALSE,FALSE,TRUE,FALSE,TRUE,FALSE,,,FALSE,,,"1st and 10 at WJC44","No Huddle-Shotgun Szalkowski,Tyler pass incomplete deep left to Frederick,Logan thrown to WJC10 broken up by Telfair,Da'Jahn."
"20250906_85f2",2025,"2025-09-06",1,"regular","Washington and Jefferson","Utica",,,,182,23,9,4,2,,,"07:41","04:09",,,461,249,"Utica","Washington and Jefferson",42,31,11,2,10,44,FALSE,1,10,29,"rush",TRUE,15,TRUE,FALSE,FALSE,FALSE,FALSE,FALSE,FALSE,FALSE,FALSE,FALSE,FALSE,FALSE,FALSE,FALSE,0,"TD",FALSE,FALSE,FALSE,FALSE,FALSE,FALSE,,,FALSE,,,"2nd and 10 at WJC44","No Huddle-Shotgun Frazier,Eze rush right for 15 yards gain to the WJC29 (Schry,Preston), 1ST DOWN."
"20250906_85f2",2025,"2025-09-06",1,"regular","Washington and Jefferson","Utica",,,,183,23,10,4,2,,,"07:41","04:09",,,461,249,"Utica","Washington and Jefferson",42,31,11,1,10,29,FALSE,2,14,33,"rush",TRUE,-4,TRUE,FALSE,FALSE,FALSE,FALSE,FALSE,FALSE,FALSE,FALSE,FALSE,FALSE,FALSE,FALSE,FALSE,0,"TD",FALSE,FALSE,TRUE,FALSE,TRUE,FALSE,,,FALSE,,,"1st and 10 at WJC29","No Huddle-Shotgun Frazier,Eze rush left for 4 yards loss to the WJC33 (Sherman,Brock; Schry,Preston)."
"20250906_85f2",2025,"2025-09-06",1,"regular","Washington and Jefferson","Utica",,,,184,23,11,4,2,"04:09",,"04:09","04:09",249,,249,249,"Utica","Washington and Jefferson",42,31,11,2,14,33,FALSE,1,10,18,"pass_incomplete",TRUE,,FALSE,FALSE,FALSE,FALSE,FALSE,FALSE,FALSE,FALSE,FALSE,FALSE,FALSE,FALSE,FALSE,FALSE,0,"TD",FALSE,FALSE,FALSE,FALSE,FALSE,TRUE,15,"Washington and Jefferson",TRUE,FALSE,"PENALTY WJC Pass Interference (DeRubbo,Dante) 15 yards from WJC33 to WJC18, 1ST DOWN. NO PLAY.","2nd and 14 at WJC33","No Huddle-Shotgun Szalkowski,Tyler pass incomplete deep to Palmer,Bryce thrown to WJC00 PENALTY WJC Pass Interference (DeRubbo,Dante) 15 yards from WJC33 to WJC18, 1ST DOWN. NO PLAY."
"20250906_85f2",2025,"2025-09-06",1,"regular","Washington and Jefferson","Utica",,,,185,23,12,4,2,,,"04:09","02:00",,,249,120,"Utica","Washington and Jefferson",42,31,11,1,10,18,FALSE,2,2,10,"rush",TRUE,8,TRUE,FALSE,FALSE,FALSE,FALSE,FALSE,FALSE,FALSE,FALSE,FALSE,FALSE,FALSE,FALSE,FALSE,0,"TD",FALSE,FALSE,FALSE,TRUE,TRUE,FALSE,,,FALSE,,,"1st and 10 at WJC18","No Huddle-Shotgun Frazier,Eze rush middle for 8 yards gain to the WJC10 (Broxie,Jalen; Sherman,Brock)."
"20250906_85f2",2025,"2025-09-06",1,"regular","Washington and Jefferson","Utica",,,,186,23,13,4,2,,,"04:09","02:00",,,249,120,"Utica","Washington and Jefferson",42,31,11,2,2,10,FALSE,1,7,7,"rush",TRUE,3,TRUE,FALSE,FALSE,FALSE,FALSE,FALSE,FALSE,FALSE,FALSE,FALSE,FALSE,FALSE,FALSE,FALSE,0,"TD",FALSE,FALSE,FALSE,FALSE,FALSE,FALSE,,,FALSE,,,"2nd and 2 at WJC10","No Huddle-Shotgun Frazier,Eze rush right for 3 yards gain to the WJC07 (Volomino,Angelo; Sherman,Brock), 1ST DOWN."
"20250906_85f2",2025,"2025-09-06",1,"regular","Washington and Jefferson","Utica",,,,187,23,14,4,2,,,"04:09","02:00",,,249,120,"Utica","Washington and Jefferson",42,31,11,1,7,7,TRUE,2,3,3,"pass_complete",TRUE,4,FALSE,TRUE,TRUE,FALSE,FALSE,FALSE,FALSE,FALSE,FALSE,FALSE,FALSE,FALSE,FALSE,FALSE,0,"TD",FALSE,FALSE,TRUE,FALSE,TRUE,FALSE,,,FALSE,,,"1st and 7 at WJC7","No Huddle-Shotgun Szalkowski,Tyler pass complete short right to Frederick,Logan caught at WJC03, for 4 yards to the WJC03 (Schry,Preston)."
"20250906_85f2",2025,"2025-09-06",1,"regular","Washington and Jefferson","Utica",,,,188,23,15,4,2,"02:00","01:55","02:00","02:00",120,115,120,120,"Utica","Washington and Jefferson",42,31,11,2,3,3,TRUE,,,,"rush",TRUE,3,TRUE,FALSE,FALSE,FALSE,FALSE,FALSE,FALSE,FALSE,TRUE,FALSE,FALSE,FALSE,FALSE,TRUE,6,"TD",FALSE,FALSE,FALSE,FALSE,FALSE,FALSE,,,FALSE,,,"2nd and 3 at WJC3","No Huddle-Shotgun Frazier,Eze rush right for 3 yards gain to the WJC00 TOUCHDOWN, clock 01:55."
"20250906_85f2",2025,"2025-09-06",1,"regular","Washington and Jefferson","Utica",,,,189,23,16,4,2,"01:55",,"01:55","01:55",115,,115,115,"Utica","Washington and Jefferson",48,31,17,,,,,,,,"extra_point",FALSE,,FALSE,FALSE,FALSE,FALSE,FALSE,FALSE,FALSE,FALSE,FALSE,FALSE,FALSE,FALSE,FALSE,TRUE,1,"TD",FALSE,FALSE,FALSE,FALSE,FALSE,FALSE,,,FALSE,,,"","Duarte,Nico kick attempt good (H: Palmer,Bryce, LS: Boss,William)."
"20250906_85f2",2025,"2025-09-06",1,"regular","Washington and Jefferson","Utica",,,,190,24,1,4,2,"01:55","01:55","01:55","01:55",115,115,115,115,"Washington and Jefferson","Utica",31,49,-18,,,,,1,10,68,"kickoff",FALSE,,FALSE,FALSE,FALSE,FALSE,FALSE,FALSE,FALSE,FALSE,FALSE,FALSE,FALSE,FALSE,FALSE,FALSE,0,"INT",FALSE,FALSE,FALSE,FALSE,FALSE,FALSE,,,FALSE,,,"","Duarte,Nico kickoff 33 yards to the WJC32 Keith,Ben return 0 yards to the WJC32."
"20250906_85f2",2025,"2025-09-06",1,"regular","Washington and Jefferson","Utica",,,,191,24,2,4,2,"01:55",,"01:55","01:55",115,,115,115,"Washington and Jefferson","Utica",31,49,-18,1,10,68,FALSE,2,10,68,"pass_incomplete",TRUE,0,FALSE,TRUE,FALSE,FALSE,FALSE,FALSE,FALSE,FALSE,FALSE,FALSE,FALSE,FALSE,FALSE,FALSE,0,"INT",TRUE,FALSE,FALSE,FALSE,TRUE,FALSE,,,FALSE,,,"1st and 10 at WJC32","No Huddle-Shotgun Stahl,Kellan pass incomplete short left to Edwards,Luke thrown to WJC32."
"20250906_85f2",2025,"2025-09-06",1,"regular","Washington and Jefferson","Utica",,,,192,24,3,4,2,,,"01:55","01:16",,,115,76,"Washington and Jefferson","Utica",31,49,-18,2,10,68,FALSE,1,10,56,"pass_complete",TRUE,12,FALSE,TRUE,TRUE,FALSE,FALSE,FALSE,FALSE,FALSE,FALSE,FALSE,FALSE,FALSE,FALSE,FALSE,0,"INT",FALSE,FALSE,FALSE,FALSE,FALSE,FALSE,,,FALSE,,,"2nd and 10 at WJC32","No Huddle-Shotgun Stahl,Kellan pass complete short right to Evans,Machi caught at WJC44, for 12 yards to the WJC44, out of bounds at WJC44, 1ST DOWN."
"20250906_85f2",2025,"2025-09-06",1,"regular","Washington and Jefferson","Utica",,,,193,24,4,4,2,,,"01:55","01:16",,,115,76,"Washington and Jefferson","Utica",31,49,-18,1,10,56,FALSE,1,10,41,"sack",TRUE,,FALSE,FALSE,FALSE,FALSE,FALSE,FALSE,FALSE,FALSE,FALSE,FALSE,FALSE,FALSE,FALSE,FALSE,0,"INT",FALSE,FALSE,TRUE,FALSE,TRUE,TRUE,15,"Utica",TRUE,FALSE,"PENALTY UTICA Face Mask (DeForrest,Nicholas) 15 yards from WJC44 to UTICA41, 1ST DOWN. NO PLAY.","1st and 10 at WJC44","No Huddle-Shotgun Stahl,Kellan sacked for loss of 5 yards to the WJC39 (DeForrest,Nicholas) PENALTY UTICA Face Mask (DeForrest,Nicholas) 15 yards from WJC44 to UTICA41, 1ST DOWN. NO PLAY."
"20250906_85f2",2025,"2025-09-06",1,"regular","Washington and Jefferson","Utica",,,,194,24,5,4,2,,,"01:55","01:16",,,115,76,"Washington and Jefferson","Utica",31,49,-18,1,10,41,FALSE,1,10,23,"pass_complete",TRUE,18,FALSE,TRUE,TRUE,FALSE,FALSE,FALSE,FALSE,FALSE,FALSE,FALSE,FALSE,FALSE,FALSE,FALSE,0,"INT",FALSE,FALSE,FALSE,TRUE,TRUE,FALSE,,,FALSE,,,"1st and 10 at UTC41","No Huddle-Shotgun Stahl,Kellan pass complete short right to DeSabato,Joey caught at UTICA25, for 18 yards to the UTICA23 (Nolan,Mason), 1ST DOWN."
"20250906_85f2",2025,"2025-09-06",1,"regular","Washington and Jefferson","Utica",,,,195,24,6,4,2,,"01:16","01:55","01:16",,76,115,76,"Washington and Jefferson","Utica",31,49,-18,1,10,23,FALSE,1,10,80,"pass_intercepted",TRUE,,FALSE,TRUE,FALSE,FALSE,TRUE,FALSE,TRUE,FALSE,FALSE,FALSE,FALSE,FALSE,FALSE,FALSE,0,"INT",FALSE,FALSE,TRUE,FALSE,TRUE,FALSE,,,FALSE,,,"1st and 10 at UTC23","No Huddle-Shotgun Stahl,Kellan pass intercepted by Douglas,Eli at UTICA00, Touchback."
"20250906_85f2",2025,"2025-09-06",1,"regular","Washington and Jefferson","Utica",,,,196,25,1,4,2,"01:16",,"01:16","01:16",76,,76,76,"Utica","Washington and Jefferson",49,31,18,1,10,80,FALSE,2,7,77,"rush",TRUE,3,TRUE,FALSE,FALSE,FALSE,FALSE,FALSE,FALSE,FALSE,FALSE,FALSE,FALSE,FALSE,FALSE,FALSE,0,"END OF GAME",FALSE,TRUE,FALSE,FALSE,TRUE,FALSE,,,FALSE,,,"1st and 10 at UTC20","No Huddle-Shotgun Frazier,Eze rush middle for 3 yards gain to the UTICA23 (Primrose,Tyler; Smith,Antoine)."
"20250906_85f2",2025,"2025-09-06",1,"regular","Washington and Jefferson","Utica",,,,197,25,2,4,2,,,"01:16","00:00",,,76,0,"Utica","Washington and Jefferson",49,31,18,2,7,77,FALSE,,,,"kneel",TRUE,0,TRUE,FALSE,FALSE,FALSE,FALSE,FALSE,FALSE,FALSE,FALSE,FALSE,FALSE,FALSE,FALSE,FALSE,0,"END OF GAME",FALSE,FALSE,FALSE,FALSE,FALSE,FALSE,,,FALSE,,,"2nd and 7 at UTC23","Kneel down by Szalkowski,Tyler at UTICA23 for loss of 0 yards."
