"game_url","error"
"https://www.d3football.com/seasons/2025/boxscores/20250904_2g4w.xml","Not fetched: offline (option d3ballR.offline = TRUE): https://www.d3football.com/seasons/2025/boxscores/20250904_2g4w.xml?view=plays"
"https://www.d3football.com/seasons/2025/boxscores/20250904_d231.xml","Not fetched: offline (option d3ballR.offline = TRUE): https://www.d3football.com/seasons/2025/boxscores/20250904_d231.xml?view=plays"
"https://www.d3football.com/seasons/2025/boxscores/20250904_e307.xml","Not fetched: offline (option d3ballR.offline = TRUE): https://www.d3football.com/seasons/2025/boxscores/20250904_e307.xml?view=plays"
"https://www.d3football.com/seasons/2025/boxscores/20250904_hjux.xml","Not fetched: offline (option d3ballR.offline = TRUE): https://www.d3football.com/seasons/2025/boxscores/20250904_hjux.xml?view=plays"
"https://www.d3football.com/seasons/2025/boxscores/20250904_ndb9.xml","Not fetched: offline (option d3ballR.offline = TRUE): https://www.d3football.com/seasons/2025/boxscores/20250904_ndb9.xml?view=plays"
"https://www.d3football.com/seasons/2025/boxscores/20250904_x3up.xml","Not fetched: offline (option d3ballR.offline = TRUE): https://www.d3football.com/seasons/2025/boxscores/20250904_x3up.xml?view=plays"
"https://www.d3football.com/seasons/2025/boxscores/20250904_x4o2.xml","Not fetched: offline (option d3ballR.offline = TRUE): https://www.d3football.com/seasons/2025/boxscores/20250904_x4o2.xml?view=plays"
"https://www.d3football.com/seasons/2025/boxscores/20250904_x9dy.xml","Not fetched: offline (option d3ballR.offline = TRUE): https://www.d3football.com/seasons/2025/boxscores/20250904_x9dy.xml?view=plays"
"https://www.d3football.com/seasons/2025/boxscores/20250904_xvn8.xml","Not fetched: offline (option d3ballR.offline = TRUE): https://www.d3football.com/seasons/2025/boxscores/20250904_xvn8.xml?view=plays"
"https://www.d3football.com/seasons/2025/boxscores/20250904_zbay.xml","Not fetched: offline (option d3ballR.offline = TRUE): https://www.d3football.com/seasons/2025/boxscores/20250904_zbay.xml?view=plays"
"https://www.d3football.com/seasons/2025/boxscores/20250904_zik0.xml","Not fetched: offline (option d3ballR.offline = TRUE): https://www.d3football.com/seasons/2025/boxscores/20250904_zik0.xml?view=plays"
"https://www.d3football.com/seasons/2025/boxscores/20250905_0otb.xml","Not fetched: offline (option d3ballR.offline = TRUE): https://www.d3football.com/seasons/2025/boxscores/20250905_0otb.xml?view=plays"
"https://www.d3football.com/seasons/2025/boxscores/20250905_2ic2.xml","Not fetched: offline (option d3ballR.offline = TRUE): https://www.d3football.com/seasons/2025/boxscores/20250905_2ic2.xml?view=plays"
"https://www.d3football.com/seasons/2025/boxscores/20250905_5sfv.xml","Not fetched: offline (option d3ballR.offline = TRUE): https://www.d3football.com/seasons/2025/boxscores/20250905_5sfv.xml?view=plays"
"https://www.d3football.com/seasons/2025/boxscores/20250905_9lhe.xml","Not fetched: offline (option d3ballR.offline = TRUE): https://www.d3football.com/seasons/2025/boxscores/20250905_9lhe.xml?view=plays"
"https://www.d3football.com/seasons/2025/boxscores/20250905_jir1.xml","Not fetched: offline (option d3ballR.offline = TRUE): https://www.d3football.com/seasons/2025/boxscores/20250905_jir1.xml?view=plays"
"https://www.d3football.com/seasons/2025/boxscores/20250905_p2em.xml","Not fetched: offline (option d3ballR.offline = TRUE): https://www.d3football.com/seasons/2025/boxscores/20250905_p2em.xml?view=plays"
"https://www.d3football.com/seasons/2025/boxscores/20250905_qsmw.xml","Not fetched: offline (option d3ballR.offline = TRUE): https://www.d3football.com/seasons/2025/boxscores/20250905_qsmw.xml?view=plays"
"https://www.d3football.com/seasons/2025/boxscores/20250905_rgw0.xml","Not fetched: offline (option d3ballR.offline = TRUE): https://www.d3football.com/seasons/2025/boxscores/20250905_rgw0.xml?view=plays"
"https://www.d3football.com/seasons/2025/boxscores/20250906_034w.xml","Not fetched: offline (option d3ballR.offline = TRUE): https://www.d3football.com/seasons/2025/boxscores/20250906_034w.xml?view=plays"
"https://www.d3football.com/seasons/2025/boxscores/20250906_09bx.xml","Not fetched: offline (option d3ballR.offline = TRUE): https://www.d3football.com/seasons/2025/boxscores/20250906_09bx.xml?view=plays"
"https://www.d3football.com/seasons/2025/boxscores/20250906_10mp.xml","Not fetched: offline (option d3ballR.offline = TRUE): https://www.d3football.com/seasons/2025/boxscores/20250906_10mp.xml?view=plays"
"https://www.d3football.com/seasons/2025/boxscores/20250906_1c8m.xml","Not fetched: offline (option d3ballR.offline = TRUE): https://www.d3football.com/seasons/2025/boxscores/20250906_1c8m.xml?view=plays"
"https://www.d3football.com/seasons/2025/boxscores/20250906_1qeq.xml","Not fetched: offline (option d3ballR.offline = TRUE): https://www.d3football.com/seasons/2025/boxscores/20250906_1qeq.xml?view=plays"
"https://www.d3football.com/seasons/2025/boxscores/20250906_1qqy.xml","Not fetched: offline (option d3ballR.offline = TRUE): https://www.d3football.com/seasons/2025/boxscores/20250906_1qqy.xml?view=plays"
"https://www.d3football.com/seasons/2025/boxscores/20250906_26ks.xml","Not fetched: offline (option d3ballR.offline = TRUE): https://www.d3football.com/seasons/2025/boxscores/20250906_26ks.xml?view=plays"
"https://www.d3football.com/seasons/2025/boxscores/20250906_29l4.xml","Not fetched: offline (option d3ballR.offline = TRUE): https://www.d3football.com/seasons/2025/boxscores/20250906_29l4.xml?view=plays"
"https://www.d3football.com/seasons/2025/boxscores/20250906_2lhd.xml","Not fetched: offline (option d3ballR.offline = TRUE): https://www.d3football.com/seasons/2025/boxscores/20250906_2lhd.xml?view=plays"
"https://www.d3football.com/seasons/2025/boxscores/20250906_2q6t.xml","Not fetched: offline (option d3ballR.offline = TRUE): https://www.d3football.com/seasons/2025/boxscores/20250906_2q6t.xml?view=plays"
"https://www.d3football.com/seasons/2025/boxscores/20250906_2yy3.xml","Not fetched: offline (option d3ballR.offline = TRUE): https://www.d3football.com/seasons/2025/boxscores/20250906_2yy3.xml?view=plays"
"https://www.d3football.com/seasons/2025/boxscores/20250906_35p9.xml","Not fetched: offline (option d3ballR.offline = TRUE): https://www.d3football.com/seasons/2025/boxscores/20250906_35p9.xml?view=plays"
"https://www.d3football.com/seasons/2025/boxscores/20250906_3f7l.xml","Not fetched: offline (option d3ballR.offline = TRUE): https://www.d3football.com/seasons/2025/boxscores/20250906_3f7l.xml?view=plays"
"https://www.d3football.com/seasons/2025/boxscores/20250906_3hu1.xml","Not fetched: offline (option d3ballR.offline = TRUE): https://www.d3football.com/seasons/2025/boxscores/20250906_3hu1.xml?view=plays"
"https://www.d3football.com/seasons/2025/boxscores/20250906_41ka.xml","Not fetched: offline (option d3ballR.offline = TRUE): https://www.d3football.com/seasons/2025/boxscores/20250906_41ka.xml?view=plays"
"https://www.d3football.com/seasons/2025/boxscores/20250906_45l3.xml","Not fetched: offline (option d3ballR.offline = TRUE): https://www.d3football.com/seasons/2025/boxscores/20250906_45l3.xml?view=plays"
"https://www.d3football.com/seasons/2025/boxscores/20250906_5t3v.xml","Not fetched: offline (option d3ballR.offline = TRUE): https://www.d3football.com/seasons/2025/boxscores/20250906_5t3v.xml?view=plays"
"https://www.d3football.com/seasons/2025/boxscores/20250906_5u5q.xml","Not fetched: offline (option d3ballR.offline = TRUE): https://www.d3football.com/seasons/2025/boxscores/20250906_5u5q.xml?view=plays"
"https://www.d3football.com/seasons/2025/boxscores/20250906_616y.xml","Not fetched: offline (option d3ballR.offline = TRUE): https://www.d3football.com/seasons/2025/boxscores/20250906_616y.xml?view=plays"
"https://www.d3football.com/seasons/2025/boxscores/20250906_6mvd.xml","Not fetched: offline (option d3ballR.offline = TRUE): https://www.d3football.com/seasons/2025/boxscores/20250906_6mvd.xml?view=plays"
"https://www.d3football.com/seasons/2025/boxscores/20250906_70fv.xml","Not fetched: offline (option d3ballR.offline = TRUE): https://www.d3football.com/seasons/2025/boxscores/20250906_70fv.xml?view=plays"
"https://www.d3football.com/seasons/2025/boxscores/20250906_71s2.xml","Not fetched: offline (option d3ballR.offline = TRUE): https://www.d3football.com/seasons/2025/boxscores/20250906_71s2.xml?view=plays"
"https://www.d3football.com/seasons/2025/boxscores/20250906_806w.xml","Not fetched: offline (option d3ballR.offline = TRUE): https://www.d3football.com/seasons/2025/boxscores/20250906_806w.xml?view=plays"
"https://www.d3football.com/seasons/2025/boxscores/20250906_85f2.xml","Not fetched: offline (option d3ballR.offline = TRUE): https://www.d3football.com/seasons/2025/boxscores/20250906_85f2.xml?view=plays"
"https://www.d3football.com/seasons/2025/boxscores/20250906_8da1.xml","Not fetched: offline (option d3ballR.offline = TRUE): https://www.d3football.com/seasons/2025/boxscores/20250906_8da1.xml?view=plays"
"https://www.d3football.com/seasons/2025/boxscores/20250906_8hxj.xml","Not fetched: offline (option d3ballR.offline = TRUE): https://www.d3football.com/seasons/2025/boxscores/20250906_8hxj.xml?view=plays"
"https://www.d3football.com/seasons/2025/boxscores/20250906_8o5p.xml","Not fetched: offline (option d3ballR.offline = TRUE): https://www.d3football.com/seasons/2025/boxscores/20250906_8o5p.xml?view=plays"
"https://www.d3football.com/seasons/2025/boxscores/20250906_8xam.xml","Not fetched: offline (option d3ballR.offline = TRUE): https://www.d3football.com/seasons/2025/boxscores/20250906_8xam.xml?view=plays"
"https://www.d3football.com/seasons/2025/boxscores/20250906_91x0.xml","Not fetched: offline (option d3ballR.offline = TRUE): https://www.d3football.com/seasons/2025/boxscores/20250906_91x0.xml?view=plays"
"https://www.d3football.com/seasons/2025/boxscores/20250906_ao7f.xml","Not fetched: offline (option d3ballR.offline = TRUE): https://www.d3football.com/seasons/2025/boxscores/20250906_ao7f.xml?view=plays"
"https://www.d3football.com/seasons/2025/boxscores/20250906_c11m.xml","Not fetched: offline (option d3ballR.offline = TRUE): https://www.d3football.com/seasons/2025/boxscores/20250906_c11m.xml?view=plays"
"https://www.d3football.com/seasons/2025/boxscores/20250906_d0ep.xml","Not fetched: offline (option d3ballR.offline = TRUE): https://www.d3football.com/seasons/2025/boxscores/20250906_d0ep.xml?view=plays"
"https://www.d3football.com/seasons/2025/boxscores/20250906_d1ph.xml","Not fetched: offline (option d3ballR.offline = TRUE): https://www.d3football.com/seasons/2025/boxscores/20250906_d1ph.xml?view=plays"
"https://www.d3football.com/seasons/2025/boxscores/20250906_dcg5.xml","Not fetched: offline (option d3ballR.offline = TRUE): https://www.d3football.com/seasons/2025/boxscores/20250906_dcg5.xml?view=plays"
"https://www.d3football.com/seasons/2025/boxscores/20250906_due6.xml","Not fetched: offline (option d3ballR.offline = TRUE): https://www.d3football.com/seasons/2025/boxscores/20250906_due6.xml?view=plays"
"https://www.d3football.com/seasons/2025/boxscores/20250906_eq8n.xml","Not fetched: offline (option d3ballR.offline = TRUE): https://www.d3football.com/seasons/2025/boxscores/20250906_eq8n.xml?view=plays"
"https://www.d3football.com/seasons/2025/boxscores/20250906_ex14.xml","Not fetched: offline (option d3ballR.offline = TRUE): https://www.d3football.com/seasons/2025/boxscores/20250906_ex14.xml?view=plays"
"https://www.d3football.com/seasons/2025/boxscores/20250906_f4wr.xml","Not fetched: offline (option d3ballR.offline = TRUE): https://www.d3football.com/seasons/2025/boxscores/20250906_f4wr.xml?view=plays"
"https://www.d3football.com/seasons/2025/boxscores/20250906_fm5a.xml","Not fetched: offline (option d3ballR.offline = TRUE): https://www.d3football.com/seasons/2025/boxscores/20250906_fm5a.xml?view=plays"
"https://www.d3football.com/seasons/2025/boxscores/20250906_fw2w.xml","Not fetched: offline (option d3ballR.offline = TRUE): https://www.d3football.com/seasons/2025/boxscores/20250906_fw2w.xml?view=plays"
"https://www.d3football.com/seasons/2025/boxscores/20250906_glc4.xml","Not fetched: offline (option d3ballR.offline = TRUE): https://www.d3football.com/seasons/2025/boxscores/20250906_glc4.xml?view=plays"
"https://www.d3football.com/seasons/2025/boxscores/20250906_hbla.xml","Not fetched: offline (option d3ballR.offline = TRUE): https://www.d3football.com/seasons/2025/boxscores/20250906_hbla.xml?view=plays"
"https://www.d3football.com/seasons/2025/boxscores/20250906_ipvv.xml","Not fetched: offline (option d3ballR.offline = TRUE): https://www.d3football.com/seasons/2025/boxscores/20250906_ipvv.xml?view=plays"
"https://www.d3football.com/seasons/2025/boxscores/20250906_j3h2.xml","Not fetched: offline (option d3ballR.offline = TRUE): https://www.d3football.com/seasons/2025/boxscores/20250906_j3h2.xml?view=plays"
"https://www.d3football.com/seasons/2025/boxscores/20250906_j5s3.xml","Not fetched: offline (option d3ballR.offline = TRUE): https://www.d3football.com/seasons/2025/boxscores/20250906_j5s3.xml?view=plays"
"https://www.d3football.com/seasons/2025/boxscores/20250906_jdae.xml","Not fetched: offline (option d3ballR.offline = TRUE): https://www.d3football.com/seasons/2025/boxscores/20250906_jdae.xml?view=plays"
"https://www.d3football.com/seasons/2025/boxscores/20250906_k8vz.xml","Not fetched: offline (option d3ballR.offline = TRUE): https://www.d3football.com/seasons/2025/boxscores/20250906_k8vz.xml?view=plays"
"https://www.d3football.com/seasons/2025/boxscores/20250906_kbs4.xml","Not fetched: offline (option d3ballR.offline = TRUE): https://www.d3football.com/seasons/2025/boxscores/20250906_kbs4.xml?view=plays"
"https://www.d3football.com/seasons/2025/boxscores/20250906_kd8h.xml","Not fetched: offline (option d3ballR.offline = TRUE): https://www.d3football.com/seasons/2025/boxscores/20250906_kd8h.xml?view=plays"
"https://www.d3football.com/seasons/2025/boxscores/20250906_khao.xml","Not fetched: offline (option d3ballR.offline = TRUE): https://www.d3football.com/seasons/2025/boxscores/20250906_khao.xml?view=plays"
"https://www.d3football.com/seasons/2025/boxscores/20250906_km6t.xml","Not fetched: offline (option d3ballR.offline = TRUE): https://www.d3football.com/seasons/2025/boxscores/20250906_km6t.xml?view=plays"
"https://www.d3football.com/seasons/2025/boxscores/20250906_kuih.xml","Not fetched: offline (option d3ballR.offline = TRUE): https://www.d3football.com/seasons/2025/boxscores/20250906_kuih.xml?view=plays"
"https://www.d3football.com/seasons/2025/boxscores/20250906_lo04.xml","Not fetched: offline (option d3ballR.offline = TRUE): https://www.d3football.com/seasons/2025/boxscores/20250906_lo04.xml?view=plays"
"https://www.d3football.com/seasons/2025/boxscores/20250906_lq0t.xml","Not fetched: offline (option d3ballR.offline = TRUE): https://www.d3football.com/seasons/2025/boxscores/20250906_lq0t.xml?view=plays"
"https://www.d3football.com/seasons/2025/boxscores/20250906_ls6a.xml","Not fetched: offline (option d3ballR.offline = TRUE): https://www.d3football.com/seasons/2025/boxscores/20250906_ls6a.xml?view=plays"
"https://www.d3football.com/seasons/2025/boxscores/20250906_m4ph.xml","Not fetched: offline (option d3ballR.offline = TRUE): https://www.d3football.com/seasons/2025/boxscores/20250906_m4ph.xml?view=plays"
"https://www.d3football.com/seasons/2025/boxscores/20250906_mww9.xml","Not fetched: offline (option d3ballR.offline = TRUE): https://www.d3football.com/seasons/2025/boxscores/20250906_mww9.xml?view=plays"
"https://www.d3football.com/seasons/2025/boxscores/20250906_nhof.xml","Not fetched: offline (option d3ballR.offline = TRUE): https://www.d3football.com/seasons/2025/boxscores/20250906_nhof.xml?view=plays"
"https://www.d3football.com/seasons/2025/boxscores/20250906_nidd.xml","Not fetched: offline (option d3ballR.offline = TRUE): https://www.d3football.com/seasons/2025/boxscores/20250906_nidd.xml?view=plays"
"https://www.d3football.com/seasons/2025/boxscores/20250906_og2i.xml","Not fetched: offline (option d3ballR.offline = TRUE): https://www.d3football.com/seasons/2025/boxscores/20250906_og2i.xml?view=plays"
"https://www.d3football.com/seasons/2025/boxscores/20250906_ol2o.xml","Not fetched: offline (option d3ballR.offline = TRUE): https://www.d3football.com/seasons/2025/boxscores/20250906_ol2o.xml?view=plays"
"https://www.d3football.com/seasons/2025/boxscores/20250906_puzg.xml","Not fetched: offline (option d3ballR.offline = TRUE): https://www.d3football.com/seasons/2025/boxscores/20250906_puzg.xml?view=plays"
"https://www.d3football.com/seasons/2025/boxscores/20250906_pzhf.xml","Not fetched: offline (option d3ballR.offline = TRUE): https://www.d3football.com/seasons/2025/boxscores/20250906_pzhf.xml?view=plays"
"https://www.d3football.com/seasons/2025/boxscores/20250906_q2oz.xml","Not fetched: offline (option d3ballR.offline = TRUE): https://www.d3football.com/seasons/2025/boxscores/20250906_q2oz.xml?view=plays"
"https://www.d3football.com/seasons/2025/boxscores/20250906_q4sa.xml","Not fetched: offline (option d3ballR.offline = TRUE): https://www.d3football.com/seasons/2025/boxscores/20250906_q4sa.xml?view=plays"
"https://www.d3football.com/seasons/2025/boxscores/20250906_qgnn.xml","Not fetched: offline (option d3ballR.offline = TRUE): https://www.d3football.com/seasons/2025/boxscores/20250906_qgnn.xml?view=plays"
"https://www.d3football.com/seasons/2025/boxscores/20250906_qqbg.xml","Not fetched: offline (option d3ballR.offline = TRUE): https://www.d3football.com/seasons/2025/boxscores/20250906_qqbg.xml?view=plays"
"https://www.d3football.com/seasons/2025/boxscores/20250906_rqq2.xml","Not fetched: offline (option d3ballR.offline = TRUE): https://www.d3football.com/seasons/2025/boxscores/20250906_rqq2.xml?view=plays"
"https://www.d3football.com/seasons/2025/boxscores/20250906_s4wd.xml","Not fetched: offline (option d3ballR.offline = TRUE): https://www.d3football.com/seasons/2025/boxscores/20250906_s4wd.xml?view=plays"
"https://www.d3football.com/seasons/2025/boxscores/20250906_sofj.xml","Not fetched: offline (option d3ballR.offline = TRUE): https://www.d3football.com/seasons/2025/boxscores/20250906_sofj.xml?view=plays"
"https://www.d3football.com/seasons/2025/boxscores/20250906_t2lv.xml","Not fetched: offline (option d3ballR.offline = TRUE): https://www.d3football.com/seasons/2025/boxscores/20250906_t2lv.xml?view=plays"
"https://www.d3football.com/seasons/2025/boxscores/20250906_t9z9.xml","Not fetched: offline (option d3ballR.offline = TRUE): https://www.d3football.com/seasons/2025/boxscores/20250906_t9z9.xml?view=plays"
"https://www.d3football.com/seasons/2025/boxscores/20250906_td14.xml","Not fetched: offline (option d3ballR.offline = TRUE): https://www.d3football.com/seasons/2025/boxscores/20250906_td14.xml?view=plays"
"https://www.d3football.com/seasons/2025/boxscores/20250906_u1p2.xml","Not fetched: offline (option d3ballR.offline = TRUE): https://www.d3football.com/seasons/2025/boxscores/20250906_u1p2.xml?view=plays"
"https://www.d3football.com/seasons/2025/boxscores/20250906_uh9c.xml","Not fetched: offline (option d3ballR.offline = TRUE): https://www.d3football.com/seasons/2025/boxscores/20250906_uh9c.xml?view=plays"
"https://www.d3football.com/seasons/2025/boxscores/20250906_uhok.xml","Not fetched: offline (option d3ballR.offline = TRUE): https://www.d3football.com/seasons/2025/boxscores/20250906_uhok.xml?view=plays"
"https://www.d3football.com/seasons/2025/boxscores/20250906_vatl.xml","Not fetched: offline (option d3ballR.offline = TRUE): https://www.d3football.com/seasons/2025/boxscores/20250906_vatl.xml?view=plays"
"https://www.d3football.com/seasons/2025/boxscores/20250906_vkzk.xml","Not fetched: offline (option d3ballR.offline = TRUE): https://www.d3football.com/seasons/2025/boxscores/20250906_vkzk.xml?view=plays"
"https://www.d3football.com/seasons/2025/boxscores/20250906_vvrk.xml","Not fetched: offline (option d3ballR.offline = TRUE): https://www.d3football.com/seasons/2025/boxscores/20250906_vvrk.xml?view=plays"
"https://www.d3football.com/seasons/2025/boxscores/20250906_was7.xml","Not fetched: offline (option d3ballR.offline = TRUE): https://www.d3football.com/seasons/2025/boxscores/20250906_was7.xml?view=plays"
"https://www.d3football.com/seasons/2025/boxscores/20250906_wf4k.xml","Not fetched: offline (option d3ballR.offline = TRUE): https://www.d3football.com/seasons/2025/boxscores/20250906_wf4k.xml?view=plays"
"https://www.d3football.com/seasons/2025/boxscores/20250906_wk1h.xml","Not fetched: offline (option d3ballR.offline = TRUE): https://www.d3football.com/seasons/2025/boxscores/20250906_wk1h.xml?view=plays"
"https://www.d3football.com/seasons/2025/boxscores/20250906_xaxw.xml","Not fetched: offline (option d3ballR.offline = TRUE): https://www.d3football.com/seasons/2025/boxscores/20250906_xaxw.xml?view=plays"
"https://www.d3football.com/seasons/2025/boxscores/20250906_yr0t.xml","Not fetched: offline (option d3ballR.offline = TRUE): https://www.d3football.com/seasons/2025/boxscores/20250906_yr0t.xml?view=plays"
"https://www.d3football.com/seasons/2025/boxscores/20250906_z0ea.xml","Not fetched: offline (option d3ballR.offline = TRUE): https://www.d3football.com/seasons/2025/boxscores/20250906_z0ea.xml?view=plays"
"https://www.d3football.com/seasons/2025/boxscores/20250906_zgnw.xml","Not fetched: offline (option d3ballR.offline = TRUE): https://www.d3football.com/seasons/2025/boxscores/20250906_zgnw.xml?view=plays"
"https://www.d3football.com/seasons/2025/boxscores/20250906_zkds.xml","Not fetched: offline (option d3ballR.offline = TRUE): https://www.d3football.com/seasons/2025/boxscores/20250906_zkds.xml?view=plays"
"https://www.d3football.com/seasons/2025/boxscores/20250913_0680.xml","Not fetched: offline (option d3ballR.offline = TRUE): https://www.d3football.com/seasons/2025/boxscores/20250913_0680.xml?view=plays"
"https://www.d3football.com/seasons/2025/boxscores/20250913_1738.xml","Not fetched: offline (option d3ballR.offline = TRUE): https://www.d3football.com/seasons/2025/boxscores/20250913_1738.xml?view=plays"
"https://www.d3football.com/seasons/2025/boxscores/20250913_1e9i.xml","Not fetched: offline (option d3ballR.offline = TRUE): https://www.d3football.com/seasons/2025/boxscores/20250913_1e9i.xml?view=plays"
"https://www.d3football.com/seasons/2025/boxscores/20250913_2coh.xml","Not fetched: offline (option d3ballR.offline = TRUE): https://www.d3football.com/seasons/2025/boxscores/20250913_2coh.xml?view=plays"
"https://www.d3football.com/seasons/2025/boxscores/20250913_2k0r.xml","Not fetched: offline (option d3ballR.offline = TRUE): https://www.d3football.com/seasons/2025/boxscores/20250913_2k0r.xml?view=plays"
"https://www.d3football.com/seasons/2025/boxscores/20250913_2q8w.xml","Not fetched: offline (option d3ballR.offline = TRUE): https://www.d3football.com/seasons/2025/boxscores/20250913_2q8w.xml?view=plays"
"https://www.d3football.com/seasons/2025/boxscores/20250913_2te5.xml","Not fetched: offline (option d3ballR.offline = TRUE): https://www.d3football.com/seasons/2025/boxscores/20250913_2te5.xml?view=plays"
"https://www.d3football.com/seasons/2025/boxscores/20250913_2yc7.xml","Not fetched: offline (option d3ballR.offline = TRUE): https://www.d3football.com/seasons/2025/boxscores/20250913_2yc7.xml?view=plays"
"https://www.d3football.com/seasons/2025/boxscores/20250913_2yjr.xml","Not fetched: offline (option d3ballR.offline = TRUE): https://www.d3football.com/seasons/2025/boxscores/20250913_2yjr.xml?view=plays"
"https://www.d3football.com/seasons/2025/boxscores/20250913_36jd.xml","Not fetched: offline (option d3ballR.offline = TRUE): https://www.d3football.com/seasons/2025/boxscores/20250913_36jd.xml?view=plays"
"https://www.d3football.com/seasons/2025/boxscores/20250913_3nbz.xml","Not fetched: offline (option d3ballR.offline = TRUE): https://www.d3football.com/seasons/2025/boxscores/20250913_3nbz.xml?view=plays"
"https://www.d3football.com/seasons/2025/boxscores/20250913_4hec.xml","Not fetched: offline (option d3ballR.offline = TRUE): https://www.d3football.com/seasons/2025/boxscores/20250913_4hec.xml?view=plays"
"https://www.d3football.com/seasons/2025/boxscores/20250913_4hzs.xml","Not fetched: offline (option d3ballR.offline = TRUE): https://www.d3football.com/seasons/2025/boxscores/20250913_4hzs.xml?view=plays"
"https://www.d3football.com/seasons/2025/boxscores/20250913_55cm.xml","Not fetched: offline (option d3ballR.offline = TRUE): https://www.d3football.com/seasons/2025/boxscores/20250913_55cm.xml?view=plays"
"https://www.d3football.com/seasons/2025/boxscores/20250913_5d37.xml","Not fetched: offline (option d3ballR.offline = TRUE): https://www.d3football.com/seasons/2025/boxscores/20250913_5d37.xml?view=plays"
"https://www.d3football.com/seasons/2025/boxscores/20250913_5ivd.xml","Not fetched: offline (option d3ballR.offline = TRUE): https://www.d3football.com/seasons/2025/boxscores/20250913_5ivd.xml?view=plays"
"https://www.d3football.com/seasons/2025/boxscores/20250913_65gl.xml","Not fetched: offline (option d3ballR.offline = TRUE): https://www.d3football.com/seasons/2025/boxscores/20250913_65gl.xml?view=plays"
"https://www.d3football.com/seasons/2025/boxscores/20250913_6b2l.xml","Not fetched: offline (option d3ballR.offline = TRUE): https://www.d3football.com/seasons/2025/boxscores/20250913_6b2l.xml?view=plays"
"https://www.d3football.com/seasons/2025/boxscores/20250913_6fo1.xml","Not fetched: offline (option d3ballR.offline = TRUE): https://www.d3football.com/seasons/2025/boxscores/20250913_6fo1.xml?view=plays"
"https://www.d3football.com/seasons/2025/boxscores/20250913_6y5g.xml","Not fetched: offline (option d3ballR.offline = TRUE): https://www.d3football.com/seasons/2025/boxscores/20250913_6y5g.xml?view=plays"
"https://www.d3football.com/seasons/2025/boxscores/20250913_77cq.xml","Not fetched: offline (option d3ballR.offline = TRUE): https://www.d3football.com/seasons/2025/boxscores/20250913_77cq.xml?view=plays"
"https://www.d3football.com/seasons/2025/boxscores/20250913_7myh.xml","Not fetched: offline (option d3ballR.offline = TRUE): https://www.d3football.com/seasons/2025/boxscores/20250913_7myh.xml?view=plays"
"https://www.d3football.com/seasons/2025/boxscores/20250913_8l2c.xml","Not fetched: offline (option d3ballR.offline = TRUE): https://www.d3football.com/seasons/2025/boxscores/20250913_8l2c.xml?view=plays"
"https://www.d3football.com/seasons/2025/boxscores/20250913_8lde.xml","Not fetched: offline (option d3ballR.offline = TRUE): https://www.d3football.com/seasons/2025/boxscores/20250913_8lde.xml?view=plays"
"https://www.d3football.com/seasons/2025/boxscores/20250913_8wzq.xml","Not fetched: offline (option d3ballR.offline = TRUE): https://www.d3football.com/seasons/2025/boxscores/20250913_8wzq.xml?view=plays"
"https://www.d3football.com/seasons/2025/boxscores/20250913_8x3b.xml","Not fetched: offline (option d3ballR.offline = TRUE): https://www.d3football.com/seasons/2025/boxscores/20250913_8x3b.xml?view=plays"
"https://www.d3football.com/seasons/2025/boxscores/20250913_8xbz.xml","Not fetched: offline (option d3ballR.offline = TRUE): https://www.d3football.com/seasons/2025/boxscores/20250913_8xbz.xml?view=plays"
"https://www.d3football.com/seasons/2025/boxscores/20250913_9oo3.xml","Not fetched: offline (option d3ballR.offline = TRUE): https://www.d3football.com/seasons/2025/boxscores/20250913_9oo3.xml?view=plays"
"https://www.d3football.com/seasons/2025/boxscores/20250913_a8k7.xml","Not fetched: offline (option d3ballR.offline = TRUE): https://www.d3football.com/seasons/2025/boxscores/20250913_a8k7.xml?view=plays"
"https://www.d3football.com/seasons/2025/boxscores/20250913_b286.xml","Not fetched: offline (option d3ballR.offline = TRUE): https://www.d3football.com/seasons/2025/boxscores/20250913_b286.xml?view=plays"
"https://www.d3football.com/seasons/2025/boxscores/20250913_bmwa.xml","Not fetched: offline (option d3ballR.offline = TRUE): https://www.d3football.com/seasons/2025/boxscores/20250913_bmwa.xml?view=plays"
"https://www.d3football.com/seasons/2025/boxscores/20250913_c7zf.xml","Not fetched: offline (option d3ballR.offline = TRUE): https://www.d3football.com/seasons/2025/boxscores/20250913_c7zf.xml?view=plays"
"https://www.d3football.com/seasons/2025/boxscores/20250913_cdoz.xml","Not fetched: offline (option d3ballR.offline = TRUE): https://www.d3football.com/seasons/2025/boxscores/20250913_cdoz.xml?view=plays"
"https://www.d3football.com/seasons/2025/boxscores/20250913_cnrb.xml","Not fetched: offline (option d3ballR.offline = TRUE): https://www.d3football.com/seasons/2025/boxscores/20250913_cnrb.xml?view=plays"
"https://www.d3football.com/seasons/2025/boxscores/20250913_crwv.xml","Not fetched: offline (option d3ballR.offline = TRUE): https://www.d3football.com/seasons/2025/boxscores/20250913_crwv.xml?view=plays"
"https://www.d3football.com/seasons/2025/boxscores/20250913_d7vl.xml","Not fetched: offline (option d3ballR.offline = TRUE): https://www.d3football.com/seasons/2025/boxscores/20250913_d7vl.xml?view=plays"
"https://www.d3football.com/seasons/2025/boxscores/20250913_d8f5.xml","Not fetched: offline (option d3ballR.offline = TRUE): https://www.d3football.com/seasons/2025/boxscores/20250913_d8f5.xml?view=plays"
"https://www.d3football.com/seasons/2025/boxscores/20250913_e4ar.xml","Not fetched: offline (option d3ballR.offline = TRUE): https://www.d3football.com/seasons/2025/boxscores/20250913_e4ar.xml?view=plays"
"https://www.d3football.com/seasons/2025/boxscores/20250913_e6vy.xml","Not fetched: offline (option d3ballR.offline = TRUE): https://www.d3football.com/seasons/2025/boxscores/20250913_e6vy.xml?view=plays"
"https://www.d3football.com/seasons/2025/boxscores/20250913_easl.xml","Not fetched: offline (option d3ballR.offline = TRUE): https://www.d3football.com/seasons/2025/boxscores/20250913_easl.xml?view=plays"
"https://www.d3football.com/seasons/2025/boxscores/20250913_en9e.xml","Not fetched: offline (option d3ballR.offline = TRUE): https://www.d3football.com/seasons/2025/boxscores/20250913_en9e.xml?view=plays"
"https://www.d3football.com/seasons/2025/boxscores/20250913_epla.xml","Not fetched: offline (option d3ballR.offline = TRUE): https://www.d3football.com/seasons/2025/boxscores/20250913_epla.xml?view=plays"
"https://www.d3football.com/seasons/2025/boxscores/20250913_fyam.xml","Not fetched: offline (option d3ballR.offline = TRUE): https://www.d3football.com/seasons/2025/boxscores/20250913_fyam.xml?view=plays"
"https://www.d3football.com/seasons/2025/boxscores/20250913_fzim.xml","Not fetched: offline (option d3ballR.offline = TRUE): https://www.d3football.com/seasons/2025/boxscores/20250913_fzim.xml?view=plays"
"https://www.d3football.com/seasons/2025/boxscores/20250913_ggmc.xml","Not fetched: offline (option d3ballR.offline = TRUE): https://www.d3football.com/seasons/2025/boxscores/20250913_ggmc.xml?view=plays"
"https://www.d3football.com/seasons/2025/boxscores/20250913_gm2p.xml","Not fetched: offline (option d3ballR.offline = TRUE): https://www.d3football.com/seasons/2025/boxscores/20250913_gm2p.xml?view=plays"
"https://www.d3football.com/seasons/2025/boxscores/20250913_h0td.xml","Not fetched: offline (option d3ballR.offline = TRUE): https://www.d3football.com/seasons/2025/boxscores/20250913_h0td.xml?view=plays"
"https://www.d3football.com/seasons/2025/boxscores/20250913_h5p6.xml","Not fetched: offline (option d3ballR.offline = TRUE): https://www.d3football.com/seasons/2025/boxscores/20250913_h5p6.xml?view=plays"
"https://www.d3football.com/seasons/2025/boxscores/20250913_hte9.xml","Not fetched: offline (option d3ballR.offline = TRUE): https://www.d3football.com/seasons/2025/boxscores/20250913_hte9.xml?view=plays"
"https://www.d3football.com/seasons/2025/boxscores/20250913_ic1r.xml","Not fetched: offline (option d3ballR.offline = TRUE): https://www.d3football.com/seasons/2025/boxscores/20250913_ic1r.xml?view=plays"
"https://www.d3football.com/seasons/2025/boxscores/20250913_jcmz.xml","Not fetched: offline (option d3ballR.offline = TRUE): https://www.d3football.com/seasons/2025/boxscores/20250913_jcmz.xml?view=plays"
"https://www.d3football.com/seasons/2025/boxscores/20250913_jxwo.xml","Not fetched: offline (option d3ballR.offline = TRUE): https://www.d3football.com/seasons/2025/boxscores/20250913_jxwo.xml?view=plays"
"https://www.d3football.com/seasons/2025/boxscores/20250913_ki1k.xml","Not fetched: offline (option d3ballR.offline = TRUE): https://www.d3football.com/seasons/2025/boxscores/20250913_ki1k.xml?view=plays"
"https://www.d3football.com/seasons/2025/boxscores/20250913_llkl.xml","Not fetched: offline (option d3ballR.offline = TRUE): https://www.d3football.com/seasons/2025/boxscores/20250913_llkl.xml?view=plays"
"https://www.d3football.com/seasons/2025/boxscores/20250913_lyzg.xml","Not fetched: offline (option d3ballR.offline = TRUE): https://www.d3football.com/seasons/2025/boxscores/20250913_lyzg.xml?view=plays"
"https://www.d3football.com/seasons/2025/boxscores/20250913_m2dl.xml","Not fetched: offline (option d3ballR.offline = TRUE): https://www.d3football.com/seasons/2025/boxscores/20250913_m2dl.xml?view=plays"
"https://www.d3football.com/seasons/2025/boxscores/20250913_mrh7.xml","Not fetched: offline (option d3ballR.offline = TRUE): https://www.d3football.com/seasons/2025/boxscores/20250913_mrh7.xml?view=plays"
"https://www.d3football.com/seasons/2025/boxscores/20250913_myuk.xml","Not fetched: offline (option d3ballR.offline = TRUE): https://www.d3football.com/seasons/2025/boxscores/20250913_myuk.xml?view=plays"
"https://www.d3football.com/seasons/2025/boxscores/20250913_mz2v.xml","Not fetched: offline (option d3ballR.offline = TRUE): https://www.d3football.com/seasons/2025/boxscores/20250913_mz2v.xml?view=plays"
"https://www.d3football.com/seasons/2025/boxscores/20250913_npl1.xml","Not fetched: offline (option d3ballR.offline = TRUE): https://www.d3football.com/seasons/2025/boxscores/20250913_npl1.xml?view=plays"
"https://www.d3football.com/seasons/2025/boxscores/20250913_o62p.xml","Not fetched: offline (option d3ballR.offline = TRUE): https://www.d3football.com/seasons/2025/boxscores/20250913_o62p.xml?view=plays"
"https://www.d3football.com/seasons/2025/boxscores/20250913_oc57.xml","Not fetched: offline (option d3ballR.offline = TRUE): https://www.d3football.com/seasons/2025/boxscores/20250913_oc57.xml?view=plays"
"https://www.d3football.com/seasons/2025/boxscores/20250913_od64.xml","Not fetched: offline (option d3ballR.offline = TRUE): https://www.d3football.com/seasons/2025/boxscores/20250913_od64.xml?view=plays"
"https://www.d3football.com/seasons/2025/boxscores/20250913_ouyb.xml","Not fetched: offline (option d3ballR.offline = TRUE): https://www.d3football.com/seasons/2025/boxscores/20250913_ouyb.xml?view=plays"
"https://www.d3football.com/seasons/2025/boxscores/20250913_ox10.xml","Not fetched: offline (option d3ballR.offline = TRUE): https://www.d3football.com/seasons/2025/boxscores/20250913_ox10.xml?view=plays"
"https://www.d3football.com/seasons/2025/boxscores/20250913_oxzn.xml","Not fetched: offline (option d3ballR.offline = TRUE): https://www.d3football.com/seasons/2025/boxscores/20250913_oxzn.xml?view=plays"
"https://www.d3football.com/seasons/2025/boxscores/20250913_pqb6.xml","Not fetched: offline (option d3ballR.offline = TRUE): https://www.d3football.com/seasons/2025/boxscores/20250913_pqb6.xml?view=plays"
"https://www.d3football.com/seasons/2025/boxscores/20250913_q5xn.xml","Not fetched: offline (option d3ballR.offline = TRUE): https://www.d3football.com/seasons/2025/boxscores/20250913_q5xn.xml?view=plays"
"https://www.d3football.com/seasons/2025/boxscores/20250913_r1hn.xml","Not fetched: offline (option d3ballR.offline = TRUE): https://www.d3football.com/seasons/2025/boxscores/20250913_r1hn.xml?view=plays"
"https://www.d3football.com/seasons/2025/boxscores/20250913_rnc9.xml","Not fetched: offline (option d3ballR.offline = TRUE): https://www.d3football.com/seasons/2025/boxscores/20250913_rnc9.xml?view=plays"
"https://www.d3football.com/seasons/2025/boxscores/20250913_rryo.xml","Not fetched: offline (option d3ballR.offline = TRUE): https://www.d3football.com/seasons/2025/boxscores/20250913_rryo.xml?view=plays"
"https://www.d3football.com/seasons/2025/boxscores/20250913_rt73.xml","Not fetched: offline (option d3ballR.offline = TRUE): https://www.d3football.com/seasons/2025/boxscores/20250913_rt73.xml?view=plays"
"https://www.d3football.com/seasons/2025/boxscores/20250913_rw3b.xml","Not fetched: offline (option d3ballR.offline = TRUE): https://www.d3football.com/seasons/2025/boxscores/20250913_rw3b.xml?view=plays"
"https://www.d3football.com/seasons/2025/boxscores/20250913_s5dd.xml","Not fetched: offline (option d3ballR.offline = TRUE): https://www.d3football.com/seasons/2025/boxscores/20250913_s5dd.xml?view=plays"
"https://www.d3football.com/seasons/2025/boxscores/20250913_shly.xml","Not fetched: offline (option d3ballR.offline = TRUE): https://www.d3football.com/seasons/2025/boxscores/20250913_shly.xml?view=plays"
"https://www.d3football.com/seasons/2025/boxscores/20250913_ss2d.xml","Not fetched: offline (option d3ballR.offline = TRUE): https://www.d3football.com/seasons/2025/boxscores/20250913_ss2d.xml?view=plays"
"https://www.d3football.com/seasons/2025/boxscores/20250913_tsw4.xml","Not fetched: offline (option d3ballR.offline = TRUE): https://www.d3football.com/seasons/2025/boxscores/20250913_tsw4.xml?view=plays"
"https://www.d3football.com/seasons/2025/boxscores/20250913_u736.xml","Not fetched: offline (option d3ballR.offline = TRUE): https://www.d3football.com/seasons/2025/boxscores/20250913_u736.xml?view=plays"
"https://www.d3football.com/seasons/2025/boxscores/20250913_u86b.xml","Not fetched: offline (option d3ballR.offline = TRUE): https://www.d3football.com/seasons/2025/boxscores/20250913_u86b.xml?view=plays"
"https://www.d3football.com/seasons/2025/boxscores/20250913_uvc5.xml","Not fetched: offline (option d3ballR.offline = TRUE): https://www.d3football.com/seasons/2025/boxscores/20250913_uvc5.xml?view=plays"
"https://www.d3football.com/seasons/2025/boxscores/20250913_uy29.xml","Not fetched: offline (option d3ballR.offline = TRUE): https://www.d3football.com/seasons/2025/boxscores/20250913_uy29.xml?view=plays"
"https://www.d3football.com/seasons/2025/boxscores/20250913_vau6.xml","Not fetched: offline (option d3ballR.offline = TRUE): https://www.d3football.com/seasons/2025/boxscores/20250913_vau6.xml?view=plays"
"https://www.d3football.com/seasons/2025/boxscores/20250913_vg5b.xml","Not fetched: offline (option d3ballR.offline = TRUE): https://www.d3football.com/seasons/2025/boxscores/20250913_vg5b.xml?view=plays"
"https://www.d3football.com/seasons/2025/boxscores/20250913_vlco.xml","Not fetched: offline (option d3ballR.offline = TRUE): https://www.d3football.com/seasons/2025/boxscores/20250913_vlco.xml?view=plays"
"https://www.d3football.com/seasons/2025/boxscores/20250913_vwc7.xml","Not fetched: offline (option d3ballR.offline = TRUE): https://www.d3football.com/seasons/2025/boxscores/20250913_vwc7.xml?view=plays"
"https://www.d3football.com/seasons/2025/boxscores/20250913_vxjv.xml","Not fetched: offline (option d3ballR.offline = TRUE): https://www.d3football.com/seasons/2025/boxscores/20250913_vxjv.xml?view=plays"
"https://www.d3football.com/seasons/2025/boxscores/20250913_w2b6.xml","Not fetched: offline (option d3ballR.offline = TRUE): https://www.d3football.com/seasons/2025/boxscores/20250913_w2b6.xml?view=plays"
"https://www.d3football.com/seasons/2025/boxscores/20250913_w344.xml","Not fetched: offline (option d3ballR.offline = TRUE): https://www.d3football.com/seasons/2025/boxscores/20250913_w344.xml?view=plays"
"https://www.d3football.com/seasons/2025/boxscores/20250913_w7x6.xml","Not fetched: offline (option d3ballR.offline = TRUE): https://www.d3football.com/seasons/2025/boxscores/20250913_w7x6.xml?view=plays"
"https://www.d3football.com/seasons/2025/boxscores/20250913_wd8f.xml","Not fetched: offline (option d3ballR.offline = TRUE): https://www.d3football.com/seasons/2025/boxscores/20250913_wd8f.xml?view=plays"
"https://www.d3football.com/seasons/2025/boxscores/20250913_whti.xml","Not fetched: offline (option d3ballR.offline = TRUE): https://www.d3football.com/seasons/2025/boxscores/20250913_whti.xml?view=plays"
"https://www.d3football.com/seasons/2025/boxscores/20250913_wjtg.xml","Not fetched: offline (option d3ballR.offline = TRUE): https://www.d3football.com/seasons/2025/boxscores/20250913_wjtg.xml?view=plays"
"https://www.d3football.com/seasons/2025/boxscores/20250913_wncr.xml","Not fetched: offline (option d3ballR.offline = TRUE): https://www.d3football.com/seasons/2025/boxscores/20250913_wncr.xml?view=plays"
"https://www.d3football.com/seasons/2025/boxscores/20250913_x5xg.xml","Not fetched: offline (option d3ballR.offline = TRUE): https://www.d3football.com/seasons/2025/boxscores/20250913_x5xg.xml?view=plays"
"https://www.d3football.com/seasons/2025/boxscores/20250913_xd8j.xml","Not fetched: offline (option d3ballR.offline = TRUE): https://www.d3football.com/seasons/2025/boxscores/20250913_xd8j.xml?view=plays"
"https://www.d3football.com/seasons/2025/boxscores/20250913_ylno.xml","Not fetched: offline (option d3ballR.offline = TRUE): https://www.d3football.com/seasons/2025/boxscores/20250913_ylno.xml?view=plays"
"https://www.d3football.com/seasons/2025/boxscores/20250913_z6qc.xml","Not fetched: offline (option d3ballR.offline = TRUE): https://www.d3football.com/seasons/2025/boxscores/20250913_z6qc.xml?view=plays"
"https://www.d3football.com/seasons/2025/boxscores/20250913_za5s.xml","Not fetched: offline (option d3ballR.offline = TRUE): https://www.d3football.com/seasons/2025/boxscores/20250913_za5s.xml?view=plays"
"https://www.d3football.com/seasons/2025/boxscores/20250913_ztwy.xml","Not fetched: offline (option d3ballR.offline = TRUE): https://www.d3football.com/seasons/2025/boxscores/20250913_ztwy.xml?view=plays"
"https://www.d3football.com/seasons/2025/boxscores/20250913_zvpb.xml","Not fetched: offline (option d3ballR.offline = TRUE): https://www.d3football.com/seasons/2025/boxscores/20250913_zvpb.xml?view=plays"
"https://www.d3football.com/seasons/2025/boxscores/20250920_012b.xml","Not fetched: offline (option d3ballR.offline = TRUE): https://www.d3football.com/seasons/2025/boxscores/20250920_012b.xml?view=plays"
"https://www.d3football.com/seasons/2025/boxscores/20250920_0aq7.xml","Not fetched: offline (option d3ballR.offline = TRUE): https://www.d3football.com/seasons/2025/boxscores/20250920_0aq7.xml?view=plays"
"https://www.d3football.com/seasons/2025/boxscores/20250920_0n80.xml","Not fetched: offline (option d3ballR.offline = TRUE): https://www.d3football.com/seasons/2025/boxscores/20250920_0n80.xml?view=plays"
"https://www.d3football.com/seasons/2025/boxscores/20250920_1q6f.xml","Not fetched: offline (option d3ballR.offline = TRUE): https://www.d3football.com/seasons/2025/boxscores/20250920_1q6f.xml?view=plays"
"https://www.d3football.com/seasons/2025/boxscores/20250920_1qoq.xml","Not fetched: offline (option d3ballR.offline = TRUE): https://www.d3football.com/seasons/2025/boxscores/20250920_1qoq.xml?view=plays"
"https://www.d3football.com/seasons/2025/boxscores/20250920_2c5k.xml","Not fetched: offline (option d3ballR.offline = TRUE): https://www.d3football.com/seasons/2025/boxscores/20250920_2c5k.xml?view=plays"
"https://www.d3football.com/seasons/2025/boxscores/20250920_2fq2.xml","Not fetched: offline (option d3ballR.offline = TRUE): https://www.d3football.com/seasons/2025/boxscores/20250920_2fq2.xml?view=plays"
"https://www.d3football.com/seasons/2025/boxscores/20250920_36p6.xml","Not fetched: offline (option d3ballR.offline = TRUE): https://www.d3football.com/seasons/2025/boxscores/20250920_36p6.xml?view=plays"
"https://www.d3football.com/seasons/2025/boxscores/20250920_3awh.xml","Not fetched: offline (option d3ballR.offline = TRUE): https://www.d3football.com/seasons/2025/boxscores/20250920_3awh.xml?view=plays"
"https://www.d3football.com/seasons/2025/boxscores/20250920_3rsf.xml","Not fetched: offline (option d3ballR.offline = TRUE): https://www.d3football.com/seasons/2025/boxscores/20250920_3rsf.xml?view=plays"
"https://www.d3football.com/seasons/2025/boxscores/20250920_3t24.xml","Not fetched: offline (option d3ballR.offline = TRUE): https://www.d3football.com/seasons/2025/boxscores/20250920_3t24.xml?view=plays"
"https://www.d3football.com/seasons/2025/boxscores/20250920_4tmb.xml","Not fetched: offline (option d3ballR.offline = TRUE): https://www.d3football.com/seasons/2025/boxscores/20250920_4tmb.xml?view=plays"
"https://www.d3football.com/seasons/2025/boxscores/20250920_5aqo.xml","Not fetched: offline (option d3ballR.offline = TRUE): https://www.d3football.com/seasons/2025/boxscores/20250920_5aqo.xml?view=plays"
"https://www.d3football.com/seasons/2025/boxscores/20250920_5bx0.xml","Not fetched: offline (option d3ballR.offline = TRUE): https://www.d3football.com/seasons/2025/boxscores/20250920_5bx0.xml?view=plays"
"https://www.d3football.com/seasons/2025/boxscores/20250920_5iyg.xml","Not fetched: offline (option d3ballR.offline = TRUE): https://www.d3football.com/seasons/2025/boxscores/20250920_5iyg.xml?view=plays"
"https://www.d3football.com/seasons/2025/boxscores/20250920_5osf.xml","Not fetched: offline (option d3ballR.offline = TRUE): https://www.d3football.com/seasons/2025/boxscores/20250920_5osf.xml?view=plays"
"https://www.d3football.com/seasons/2025/boxscores/20250920_5rb1.xml","Not fetched: offline (option d3ballR.offline = TRUE): https://www.d3football.com/seasons/2025/boxscores/20250920_5rb1.xml?view=plays"
"https://www.d3football.com/seasons/2025/boxscores/20250920_5w0q.xml","Not fetched: offline (option d3ballR.offline = TRUE): https://www.d3football.com/seasons/2025/boxscores/20250920_5w0q.xml?view=plays"
"https://www.d3football.com/seasons/2025/boxscores/20250920_66j0.xml","Not fetched: offline (option d3ballR.offline = TRUE): https://www.d3football.com/seasons/2025/boxscores/20250920_66j0.xml?view=plays"
"https://www.d3football.com/seasons/2025/boxscores/20250920_6ews.xml","Not fetched: offline (option d3ballR.offline = TRUE): https://www.d3football.com/seasons/2025/boxscores/20250920_6ews.xml?view=plays"
"https://www.d3football.com/seasons/2025/boxscores/20250920_6gbq.xml","Not fetched: offline (option d3ballR.offline = TRUE): https://www.d3football.com/seasons/2025/boxscores/20250920_6gbq.xml?view=plays"
"https://www.d3football.com/seasons/2025/boxscores/20250920_6y2o.xml","Not fetched: offline (option d3ballR.offline = TRUE): https://www.d3football.com/seasons/2025/boxscores/20250920_6y2o.xml?view=plays"
"https://www.d3football.com/seasons/2025/boxscores/20250920_7a5r.xml","Not fetched: offline (option d3ballR.offline = TRUE): https://www.d3football.com/seasons/2025/boxscores/20250920_7a5r.xml?view=plays"
"https://www.d3football.com/seasons/2025/boxscores/20250920_7khk.xml","Not fetched: offline (option d3ballR.offline = TRUE): https://www.d3football.com/seasons/2025/boxscores/20250920_7khk.xml?view=plays"
"https://www.d3football.com/seasons/2025/boxscores/20250920_7sdv.xml","Not fetched: offline (option d3ballR.offline = TRUE): https://www.d3football.com/seasons/2025/boxscores/20250920_7sdv.xml?view=plays"
"https://www.d3football.com/seasons/2025/boxscores/20250920_7u0m.xml","Not fetched: offline (option d3ballR.offline = TRUE): https://www.d3football.com/seasons/2025/boxscores/20250920_7u0m.xml?view=plays"
"https://www.d3football.com/seasons/2025/boxscores/20250920_8d6t.xml","Not fetched: offline (option d3ballR.offline = TRUE): https://www.d3football.com/seasons/2025/boxscores/20250920_8d6t.xml?view=plays"
"https://www.d3football.com/seasons/2025/boxscores/20250920_8qlx.xml","Not fetched: offline (option d3ballR.offline = TRUE): https://www.d3football.com/seasons/2025/boxscores/20250920_8qlx.xml?view=plays"
"https://www.d3football.com/seasons/2025/boxscores/20250920_90q0.xml","Not fetched: offline (option d3ballR.offline = TRUE): https://www.d3football.com/seasons/2025/boxscores/20250920_90q0.xml?view=plays"
"https://www.d3football.com/seasons/2025/boxscores/20250920_93sr.xml","Not fetched: offline (option d3ballR.offline = TRUE): https://www.d3football.com/seasons/2025/boxscores/20250920_93sr.xml?view=plays"
"https://www.d3football.com/seasons/2025/boxscores/20250920_a8p2.xml","Not fetched: offline (option d3ballR.offline = TRUE): https://www.d3football.com/seasons/2025/boxscores/20250920_a8p2.xml?view=plays"
"https://www.d3football.com/seasons/2025/boxscores/20250920_aeyn.xml","Not fetched: offline (option d3ballR.offline = TRUE): https://www.d3football.com/seasons/2025/boxscores/20250920_aeyn.xml?view=plays"
"https://www.d3football.com/seasons/2025/boxscores/20250920_apgz.xml","Not fetched: offline (option d3ballR.offline = TRUE): https://www.d3football.com/seasons/2025/boxscores/20250920_apgz.xml?view=plays"
"https://www.d3football.com/seasons/2025/boxscores/20250920_ay8q.xml","Not fetched: offline (option d3ballR.offline = TRUE): https://www.d3football.com/seasons/2025/boxscores/20250920_ay8q.xml?view=plays"
"https://www.d3football.com/seasons/2025/boxscores/20250920_b4en.xml","Not fetched: offline (option d3ballR.offline = TRUE): https://www.d3football.com/seasons/2025/boxscores/20250920_b4en.xml?view=plays"
"https://www.d3football.com/seasons/2025/boxscores/20250920_bzku.xml","Not fetched: offline (option d3ballR.offline = TRUE): https://www.d3football.com/seasons/2025/boxscores/20250920_bzku.xml?view=plays"
"https://www.d3football.com/seasons/2025/boxscores/20250920_c9mt.xml","Not fetched: offline (option d3ballR.offline = TRUE): https://www.d3football.com/seasons/2025/boxscores/20250920_c9mt.xml?view=plays"
"https://www.d3football.com/seasons/2025/boxscores/20250920_dclo.xml","Not fetched: offline (option d3ballR.offline = TRUE): https://www.d3football.com/seasons/2025/boxscores/20250920_dclo.xml?view=plays"
"https://www.d3football.com/seasons/2025/boxscores/20250920_dxkr.xml","Not fetched: offline (option d3ballR.offline = TRUE): https://www.d3football.com/seasons/2025/boxscores/20250920_dxkr.xml?view=plays"
"https://www.d3football.com/seasons/2025/boxscores/20250920_e64e.xml","Not fetched: offline (option d3ballR.offline = TRUE): https://www.d3football.com/seasons/2025/boxscores/20250920_e64e.xml?view=plays"
"https://www.d3football.com/seasons/2025/boxscores/20250920_edjf.xml","Not fetched: offline (option d3ballR.offline = TRUE): https://www.d3football.com/seasons/2025/boxscores/20250920_edjf.xml?view=plays"
"https://www.d3football.com/seasons/2025/boxscores/20250920_egk4.xml","Not fetched: offline (option d3ballR.offline = TRUE): https://www.d3football.com/seasons/2025/boxscores/20250920_egk4.xml?view=plays"
"https://www.d3football.com/seasons/2025/boxscores/20250920_ekjh.xml","Not fetched: offline (option d3ballR.offline = TRUE): https://www.d3football.com/seasons/2025/boxscores/20250920_ekjh.xml?view=plays"
"https://www.d3football.com/seasons/2025/boxscores/20250920_ev5d.xml","Not fetched: offline (option d3ballR.offline = TRUE): https://www.d3football.com/seasons/2025/boxscores/20250920_ev5d.xml?view=plays"
"https://www.d3football.com/seasons/2025/boxscores/20250920_f4jk.xml","Not fetched: offline (option d3ballR.offline = TRUE): https://www.d3football.com/seasons/2025/boxscores/20250920_f4jk.xml?view=plays"
"https://www.d3football.com/seasons/2025/boxscores/20250920_fauv.xml","Not fetched: offline (option d3ballR.offline = TRUE): https://www.d3football.com/seasons/2025/boxscores/20250920_fauv.xml?view=plays"
"https://www.d3football.com/seasons/2025/boxscores/20250920_fo39.xml","Not fetched: offline (option d3ballR.offline = TRUE): https://www.d3football.com/seasons/2025/boxscores/20250920_fo39.xml?view=plays"
"https://www.d3football.com/seasons/2025/boxscores/20250920_fq4w.xml","Not fetched: offline (option d3ballR.offline = TRUE): https://www.d3football.com/seasons/2025/boxscores/20250920_fq4w.xml?view=plays"
"https://www.d3football.com/seasons/2025/boxscores/20250920_ft9d.xml","Not fetched: offline (option d3ballR.offline = TRUE): https://www.d3football.com/seasons/2025/boxscores/20250920_ft9d.xml?view=plays"
"https://www.d3football.com/seasons/2025/boxscores/20250920_hf88.xml","Not fetched: offline (option d3ballR.offline = TRUE): https://www.d3football.com/seasons/2025/boxscores/20250920_hf88.xml?view=plays"
"https://www.d3football.com/seasons/2025/boxscores/20250920_hm9s.xml","Not fetched: offline (option d3ballR.offline = TRUE): https://www.d3football.com/seasons/2025/boxscores/20250920_hm9s.xml?view=plays"
"https://www.d3football.com/seasons/2025/boxscores/20250920_hxdx.xml","Not fetched: offline (option d3ballR.offline = TRUE): https://www.d3football.com/seasons/2025/boxscores/20250920_hxdx.xml?view=plays"
"https://www.d3football.com/seasons/2025/boxscores/20250920_i3jz.xml","Not fetched: offline (option d3ballR.offline = TRUE): https://www.d3football.com/seasons/2025/boxscores/20250920_i3jz.xml?view=plays"
"https://www.d3football.com/seasons/2025/boxscores/20250920_iatw.xml","Not fetched: offline (option d3ballR.offline = TRUE): https://www.d3football.com/seasons/2025/boxscores/20250920_iatw.xml?view=plays"
"https://www.d3football.com/seasons/2025/boxscores/20250920_id40.xml","Not fetched: offline (option d3ballR.offline = TRUE): https://www.d3football.com/seasons/2025/boxscores/20250920_id40.xml?view=plays"
"https://www.d3football.com/seasons/2025/boxscores/20250920_iflt.xml","Not fetched: offline (option d3ballR.offline = TRUE): https://www.d3football.com/seasons/2025/boxscores/20250920_iflt.xml?view=plays"
"https://www.d3football.com/seasons/2025/boxscores/20250920_ig5p.xml","Not fetched: offline (option d3ballR.offline = TRUE): https://www.d3football.com/seasons/2025/boxscores/20250920_ig5p.xml?view=plays"
"https://www.d3football.com/seasons/2025/boxscores/20250920_ij66.xml","Not fetched: offline (option d3ballR.offline = TRUE): https://www.d3football.com/seasons/2025/boxscores/20250920_ij66.xml?view=plays"
"https://www.d3football.com/seasons/2025/boxscores/20250920_ikcl.xml","Not fetched: offline (option d3ballR.offline = TRUE): https://www.d3football.com/seasons/2025/boxscores/20250920_ikcl.xml?view=plays"
"https://www.d3football.com/seasons/2025/boxscores/20250920_itrh.xml","Not fetched: offline (option d3ballR.offline = TRUE): https://www.d3football.com/seasons/2025/boxscores/20250920_itrh.xml?view=plays"
"https://www.d3football.com/seasons/2025/boxscores/20250920_j29j.xml","Not fetched: offline (option d3ballR.offline = TRUE): https://www.d3football.com/seasons/2025/boxscores/20250920_j29j.xml?view=plays"
"https://www.d3football.com/seasons/2025/boxscores/20250920_k86q.xml","Not fetched: offline (option d3ballR.offline = TRUE): https://www.d3football.com/seasons/2025/boxscores/20250920_k86q.xml?view=plays"
"https://www.d3football.com/seasons/2025/boxscores/20250920_kom0.xml","Not fetched: offline (option d3ballR.offline = TRUE): https://www.d3football.com/seasons/2025/boxscores/20250920_kom0.xml?view=plays"
"https://www.d3football.com/seasons/2025/boxscores/20250920_kqmp.xml","Not fetched: offline (option d3ballR.offline = TRUE): https://www.d3football.com/seasons/2025/boxscores/20250920_kqmp.xml?view=plays"
"https://www.d3football.com/seasons/2025/boxscores/20250920_le3j.xml","Not fetched: offline (option d3ballR.offline = TRUE): https://www.d3football.com/seasons/2025/boxscores/20250920_le3j.xml?view=plays"
"https://www.d3football.com/seasons/2025/boxscores/20250920_lsyc.xml","Not fetched: offline (option d3ballR.offline = TRUE): https://www.d3football.com/seasons/2025/boxscores/20250920_lsyc.xml?view=plays"
"https://www.d3football.com/seasons/2025/boxscores/20250920_lxik.xml","Not fetched: offline (option d3ballR.offline = TRUE): https://www.d3football.com/seasons/2025/boxscores/20250920_lxik.xml?view=plays"
"https://www.d3football.com/seasons/2025/boxscores/20250920_ly5p.xml","Not fetched: offline (option d3ballR.offline = TRUE): https://www.d3football.com/seasons/2025/boxscores/20250920_ly5p.xml?view=plays"
"https://www.d3football.com/seasons/2025/boxscores/20250920_mg9e.xml","Not fetched: offline (option d3ballR.offline = TRUE): https://www.d3football.com/seasons/2025/boxscores/20250920_mg9e.xml?view=plays"
"https://www.d3football.com/seasons/2025/boxscores/20250920_mi5e.xml","Not fetched: offline (option d3ballR.offline = TRUE): https://www.d3football.com/seasons/2025/boxscores/20250920_mi5e.xml?view=plays"
"https://www.d3football.com/seasons/2025/boxscores/20250920_ne5l.xml","Not fetched: offline (option d3ballR.offline = TRUE): https://www.d3football.com/seasons/2025/boxscores/20250920_ne5l.xml?view=plays"
"https://www.d3football.com/seasons/2025/boxscores/20250920_ofdb.xml","Not fetched: offline (option d3ballR.offline = TRUE): https://www.d3football.com/seasons/2025/boxscores/20250920_ofdb.xml?view=plays"
"https://www.d3football.com/seasons/2025/boxscores/20250920_or3t.xml","Not fetched: offline (option d3ballR.offline = TRUE): https://www.d3football.com/seasons/2025/boxscores/20250920_or3t.xml?view=plays"
"https://www.d3football.com/seasons/2025/boxscores/20250920_phpc.xml","Not fetched: offline (option d3ballR.offline = TRUE): https://www.d3football.com/seasons/2025/boxscores/20250920_phpc.xml?view=plays"
"https://www.d3football.com/seasons/2025/boxscores/20250920_q3m6.xml","Not fetched: offline (option d3ballR.offline = TRUE): https://www.d3football.com/seasons/2025/boxscores/20250920_q3m6.xml?view=plays"
"https://www.d3football.com/seasons/2025/boxscores/20250920_qqu2.xml","Not fetched: offline (option d3ballR.offline = TRUE): https://www.d3football.com/seasons/2025/boxscores/20250920_qqu2.xml?view=plays"
"https://www.d3football.com/seasons/2025/boxscores/20250920_rm23.xml","Not fetched: offline (option d3ballR.offline = TRUE): https://www.d3football.com/seasons/2025/boxscores/20250920_rm23.xml?view=plays"
"https://www.d3football.com/seasons/2025/boxscores/20250920_svu6.xml","Not fetched: offline (option d3ballR.offline = TRUE): https://www.d3football.com/seasons/2025/boxscores/20250920_svu6.xml?view=plays"
"https://www.d3football.com/seasons/2025/boxscores/20250920_t39s.xml","Not fetched: offline (option d3ballR.offline = TRUE): https://www.d3football.com/seasons/2025/boxscores/20250920_t39s.xml?view=plays"
"https://www.d3football.com/seasons/2025/boxscores/20250920_t60m.xml","Not fetched: offline (option d3ballR.offline = TRUE): https://www.d3football.com/seasons/2025/boxscores/20250920_t60m.xml?view=plays"
"https://www.d3football.com/seasons/2025/boxscores/20250920_ui2z.xml","Not fetched: offline (option d3ballR.offline = TRUE): https://www.d3football.com/seasons/2025/boxscores/20250920_ui2z.xml?view=plays"
"https://www.d3football.com/seasons/2025/boxscores/20250920_upco.xml","Not fetched: offline (option d3ballR.offline = TRUE): https://www.d3football.com/seasons/2025/boxscores/20250920_upco.xml?view=plays"
"https://www.d3football.com/seasons/2025/boxscores/20250920_vh7c.xml","Not fetched: offline (option d3ballR.offline = TRUE): https://www.d3football.com/seasons/2025/boxscores/20250920_vh7c.xml?view=plays"
"https://www.d3football.com/seasons/2025/boxscores/20250920_w0hw.xml","Not fetched: offline (option d3ballR.offline = TRUE): https://www.d3football.com/seasons/2025/boxscores/20250920_w0hw.xml?view=plays"
"https://www.d3football.com/seasons/2025/boxscores/20250920_we0j.xml","Not fetched: offline (option d3ballR.offline = TRUE): https://www.d3football.com/seasons/2025/boxscores/20250920_we0j.xml?view=plays"
"https://www.d3football.com/seasons/2025/boxscores/20250920_wxmp.xml","Not fetched: offline (option d3ballR.offline = TRUE): https://www.d3football.com/seasons/2025/boxscores/20250920_wxmp.xml?view=plays"
"https://www.d3football.com/seasons/2025/boxscores/20250920_wzcm.xml","Not fetched: offline (option d3ballR.offline = TRUE): https://www.d3football.com/seasons/2025/boxscores/20250920_wzcm.xml?view=plays"
"https://www.d3football.com/seasons/2025/boxscores/20250920_x6fh.xml","Not fetched: offline (option d3ballR.offline = TRUE): https://www.d3football.com/seasons/2025/boxscores/20250920_x6fh.xml?view=plays"
"https://www.d3football.com/seasons/2025/boxscores/20250920_xcy2.xml","Not fetched: offline (option d3ballR.offline = TRUE): https://www.d3football.com/seasons/2025/boxscores/20250920_xcy2.xml?view=plays"
"https://www.d3football.com/seasons/2025/boxscores/20250920_xic9.xml","Not fetched: offline (option d3ballR.offline = TRUE): https://www.d3football.com/seasons/2025/boxscores/20250920_xic9.xml?view=plays"
"https://www.d3football.com/seasons/2025/boxscores/20250920_xoo0.xml","Not fetched: offline (option d3ballR.offline = TRUE): https://www.d3football.com/seasons/2025/boxscores/20250920_xoo0.xml?view=plays"
"https://www.d3football.com/seasons/2025/boxscores/20250920_xx40.xml","Not fetched: offline (option d3ballR.offline = TRUE): https://www.d3football.com/seasons/2025/boxscores/20250920_xx40.xml?view=plays"
"https://www.d3football.com/seasons/2025/boxscores/20250920_ydnj.xml","Not fetched: offline (option d3ballR.offline = TRUE): https://www.d3football.com/seasons/2025/boxscores/20250920_ydnj.xml?view=plays"
"https://www.d3football.com/seasons/2025/boxscores/20250920_yf1s.xml","Not fetched: offline (option d3ballR.offline = TRUE): https://www.d3football.com/seasons/2025/boxscores/20250920_yf1s.xml?view=plays"
"https://www.d3football.com/seasons/2025/boxscores/20250920_yf5k.xml","Not fetched: offline (option d3ballR.offline = TRUE): https://www.d3football.com/seasons/2025/boxscores/20250920_yf5k.xml?view=plays"
"https://www.d3football.com/seasons/2025/boxscores/20250920_yhau.xml","Not fetched: offline (option d3ballR.offline = TRUE): https://www.d3football.com/seasons/2025/boxscores/20250920_yhau.xml?view=plays"
"https://www.d3football.com/seasons/2025/boxscores/20250920_ylbh.xml","Not fetched: offline (option d3ballR.offline = TRUE): https://www.d3football.com/seasons/2025/boxscores/20250920_ylbh.xml?view=plays"
"https://www.d3football.com/seasons/2025/boxscores/20250920_yszz.xml","Not fetched: offline (option d3ballR.offline = TRUE): https://www.d3football.com/seasons/2025/boxscores/20250920_yszz.xml?view=plays"
"https://www.d3football.com/seasons/2025/boxscores/20250920_yw0g.xml","Not fetched: offline (option d3ballR.offline = TRUE): https://www.d3football.com/seasons/2025/boxscores/20250920_yw0g.xml?view=plays"
"https://www.d3football.com/seasons/2025/boxscores/20250920_yyz1.xml","Not fetched: offline (option d3ballR.offline = TRUE): https://www.d3football.com/seasons/2025/boxscores/20250920_yyz1.xml?view=plays"
"https://www.d3football.com/seasons/2025/boxscores/20250920_zhnm.xml","Not fetched: offline (option d3ballR.offline = TRUE): https://www.d3football.com/seasons/2025/boxscores/20250920_zhnm.xml?view=plays"
"https://www.d3football.com/seasons/2025/boxscores/20250927_03mt.xml","Not fetched: offline (option d3ballR.offline = TRUE): https://www.d3football.com/seasons/2025/boxscores/20250927_03mt.xml?view=plays"
"https://www.d3football.com/seasons/2025/boxscores/20250927_08c9.xml","Not fetched: offline (option d3ballR.offline = TRUE): https://www.d3football.com/seasons/2025/boxscores/20250927_08c9.xml?view=plays"
"https://www.d3football.com/seasons/2025/boxscores/20250927_0bun.xml","Not fetched: offline (option d3ballR.offline = TRUE): https://www.d3football.com/seasons/2025/boxscores/20250927_0bun.xml?view=plays"
"https://www.d3football.com/seasons/2025/boxscores/20250927_0itn.xml","Not fetched: offline (option d3ballR.offline = TRUE): https://www.d3football.com/seasons/2025/boxscores/20250927_0itn.xml?view=plays"
"https://www.d3football.com/seasons/2025/boxscores/20250927_0kna.xml","Not fetched: offline (option d3ballR.offline = TRUE): https://www.d3football.com/seasons/2025/boxscores/20250927_0kna.xml?view=plays"
"https://www.d3football.com/seasons/2025/boxscores/20250927_19x4.xml","Not fetched: offline (option d3ballR.offline = TRUE): https://www.d3football.com/seasons/2025/boxscores/20250927_19x4.xml?view=plays"
"https://www.d3football.com/seasons/2025/boxscores/20250927_1j5p.xml","Not fetched: offline (option d3ballR.offline = TRUE): https://www.d3football.com/seasons/2025/boxscores/20250927_1j5p.xml?view=plays"
"https://www.d3football.com/seasons/2025/boxscores/20250927_1l6g.xml","Not fetched: offline (option d3ballR.offline = TRUE): https://www.d3football.com/seasons/2025/boxscores/20250927_1l6g.xml?view=plays"
"https://www.d3football.com/seasons/2025/boxscores/20250927_3kfs.xml","Not fetched: offline (option d3ballR.offline = TRUE): https://www.d3football.com/seasons/2025/boxscores/20250927_3kfs.xml?view=plays"
"https://www.d3football.com/seasons/2025/boxscores/20250927_3u3j.xml","Not fetched: offline (option d3ballR.offline = TRUE): https://www.d3football.com/seasons/2025/boxscores/20250927_3u3j.xml?view=plays"
"https://www.d3football.com/seasons/2025/boxscores/20250927_4d0z.xml","Not fetched: offline (option d3ballR.offline = TRUE): https://www.d3football.com/seasons/2025/boxscores/20250927_4d0z.xml?view=plays"
"https://www.d3football.com/seasons/2025/boxscores/20250927_4g3r.xml","Not fetched: offline (option d3ballR.offline = TRUE): https://www.d3football.com/seasons/2025/boxscores/20250927_4g3r.xml?view=plays"
"https://www.d3football.com/seasons/2025/boxscores/20250927_4kd8.xml","Not fetched: offline (option d3ballR.offline = TRUE): https://www.d3football.com/seasons/2025/boxscores/20250927_4kd8.xml?view=plays"
"https://www.d3football.com/seasons/2025/boxscores/20250927_4w65.xml","Not fetched: offline (option d3ballR.offline = TRUE): https://www.d3football.com/seasons/2025/boxscores/20250927_4w65.xml?view=plays"
"https://www.d3football.com/seasons/2025/boxscores/20250927_5j4f.xml","Not fetched: offline (option d3ballR.offline = TRUE): https://www.d3football.com/seasons/2025/boxscores/20250927_5j4f.xml?view=plays"
"https://www.d3football.com/seasons/2025/boxscores/20250927_6app.xml","Not fetched: offline (option d3ballR.offline = TRUE): https://www.d3football.com/seasons/2025/boxscores/20250927_6app.xml?view=plays"
"https://www.d3football.com/seasons/2025/boxscores/20250927_6ez2.xml","Not fetched: offline (option d3ballR.offline = TRUE): https://www.d3football.com/seasons/2025/boxscores/20250927_6ez2.xml?view=plays"
"https://www.d3football.com/seasons/2025/boxscores/20250927_6qv6.xml","Not fetched: offline (option d3ballR.offline = TRUE): https://www.d3football.com/seasons/2025/boxscores/20250927_6qv6.xml?view=plays"
"https://www.d3football.com/seasons/2025/boxscores/20250927_6vhe.xml","Not fetched: offline (option d3ballR.offline = TRUE): https://www.d3football.com/seasons/2025/boxscores/20250927_6vhe.xml?view=plays"
"https://www.d3football.com/seasons/2025/boxscores/20250927_6zcv.xml","Not fetched: offline (option d3ballR.offline = TRUE): https://www.d3football.com/seasons/2025/boxscores/20250927_6zcv.xml?view=plays"
"https://www.d3football.com/seasons/2025/boxscores/20250927_71uh.xml","Not fetched: offline (option d3ballR.offline = TRUE): https://www.d3football.com/seasons/2025/boxscores/20250927_71uh.xml?view=plays"
"https://www.d3football.com/seasons/2025/boxscores/20250927_7aif.xml","Not fetched: offline (option d3ballR.offline = TRUE): https://www.d3football.com/seasons/2025/boxscores/20250927_7aif.xml?view=plays"
"https://www.d3football.com/seasons/2025/boxscores/20250927_9g2q.xml","Not fetched: offline (option d3ballR.offline = TRUE): https://www.d3football.com/seasons/2025/boxscores/20250927_9g2q.xml?view=plays"
"https://www.d3football.com/seasons/2025/boxscores/20250927_9kaf.xml","Not fetched: offline (option d3ballR.offline = TRUE): https://www.d3football.com/seasons/2025/boxscores/20250927_9kaf.xml?view=plays"
"https://www.d3football.com/seasons/2025/boxscores/20250927_9q5i.xml","Not fetched: offline (option d3ballR.offline = TRUE): https://www.d3football.com/seasons/2025/boxscores/20250927_9q5i.xml?view=plays"
"https://www.d3football.com/seasons/2025/boxscores/20250927_9sle.xml","Not fetched: offline (option d3ballR.offline = TRUE): https://www.d3football.com/seasons/2025/boxscores/20250927_9sle.xml?view=plays"
"https://www.d3football.com/seasons/2025/boxscores/20250927_a10w.xml","Not fetched: offline (option d3ballR.offline = TRUE): https://www.d3football.com/seasons/2025/boxscores/20250927_a10w.xml?view=plays"
"https://www.d3football.com/seasons/2025/boxscores/20250927_amrj.xml","Not fetched: offline (option d3ballR.offline = TRUE): https://www.d3football.com/seasons/2025/boxscores/20250927_amrj.xml?view=plays"
"https://www.d3football.com/seasons/2025/boxscores/20250927_ar7z.xml","Not fetched: offline (option d3ballR.offline = TRUE): https://www.d3football.com/seasons/2025/boxscores/20250927_ar7z.xml?view=plays"
"https://www.d3football.com/seasons/2025/boxscores/20250927_b1ua.xml","Not fetched: offline (option d3ballR.offline = TRUE): https://www.d3football.com/seasons/2025/boxscores/20250927_b1ua.xml?view=plays"
"https://www.d3football.com/seasons/2025/boxscores/20250927_bvwf.xml","Not fetched: offline (option d3ballR.offline = TRUE): https://www.d3football.com/seasons/2025/boxscores/20250927_bvwf.xml?view=plays"
"https://www.d3football.com/seasons/2025/boxscores/20250927_clhh.xml","Not fetched: offline (option d3ballR.offline = TRUE): https://www.d3football.com/seasons/2025/boxscores/20250927_clhh.xml?view=plays"
"https://www.d3football.com/seasons/2025/boxscores/20250927_cnfi.xml","Not fetched: offline (option d3ballR.offline = TRUE): https://www.d3football.com/seasons/2025/boxscores/20250927_cnfi.xml?view=plays"
"https://www.d3football.com/seasons/2025/boxscores/20250927_dz2s.xml","Not fetched: offline (option d3ballR.offline = TRUE): https://www.d3football.com/seasons/2025/boxscores/20250927_dz2s.xml?view=plays"
"https://www.d3football.com/seasons/2025/boxscores/20250927_e0ro.xml","Not fetched: offline (option d3ballR.offline = TRUE): https://www.d3football.com/seasons/2025/boxscores/20250927_e0ro.xml?view=plays"
"https://www.d3football.com/seasons/2025/boxscores/20250927_egrs.xml","Not fetched: offline (option d3ballR.offline = TRUE): https://www.d3football.com/seasons/2025/boxscores/20250927_egrs.xml?view=plays"
"https://www.d3football.com/seasons/2025/boxscores/20250927_eir7.xml","Not fetched: offline (option d3ballR.offline = TRUE): https://www.d3football.com/seasons/2025/boxscores/20250927_eir7.xml?view=plays"
"https://www.d3football.com/seasons/2025/boxscores/20250927_ezew.xml","Not fetched: offline (option d3ballR.offline = TRUE): https://www.d3football.com/seasons/2025/boxscores/20250927_ezew.xml?view=plays"
"https://www.d3football.com/seasons/2025/boxscores/20250927_f2rp.xml","Not fetched: offline (option d3ballR.offline = TRUE): https://www.d3football.com/seasons/2025/boxscores/20250927_f2rp.xml?view=plays"
"https://www.d3football.com/seasons/2025/boxscores/20250927_faof.xml","Not fetched: offline (option d3ballR.offline = TRUE): https://www.d3football.com/seasons/2025/boxscores/20250927_faof.xml?view=plays"
"https://www.d3football.com/seasons/2025/boxscores/20250927_fbeo.xml","Not fetched: offline (option d3ballR.offline = TRUE): https://www.d3football.com/seasons/2025/boxscores/20250927_fbeo.xml?view=plays"
"https://www.d3football.com/seasons/2025/boxscores/20250927_fjhh.xml","Not fetched: offline (option d3ballR.offline = TRUE): https://www.d3football.com/seasons/2025/boxscores/20250927_fjhh.xml?view=plays"
"https://www.d3football.com/seasons/2025/boxscores/20250927_g10s.xml","Not fetched: offline (option d3ballR.offline = TRUE): https://www.d3football.com/seasons/2025/boxscores/20250927_g10s.xml?view=plays"
"https://www.d3football.com/seasons/2025/boxscores/20250927_gn4g.xml","Not fetched: offline (option d3ballR.offline = TRUE): https://www.d3football.com/seasons/2025/boxscores/20250927_gn4g.xml?view=plays"
"https://www.d3football.com/seasons/2025/boxscores/20250927_hr5v.xml","Not fetched: offline (option d3ballR.offline = TRUE): https://www.d3football.com/seasons/2025/boxscores/20250927_hr5v.xml?view=plays"
"https://www.d3football.com/seasons/2025/boxscores/20250927_hrnr.xml","Not fetched: offline (option d3ballR.offline = TRUE): https://www.d3football.com/seasons/2025/boxscores/20250927_hrnr.xml?view=plays"
"https://www.d3football.com/seasons/2025/boxscores/20250927_i73g.xml","Not fetched: offline (option d3ballR.offline = TRUE): https://www.d3football.com/seasons/2025/boxscores/20250927_i73g.xml?view=plays"
"https://www.d3football.com/seasons/2025/boxscores/20250927_i8ac.xml","Not fetched: offline (option d3ballR.offline = TRUE): https://www.d3football.com/seasons/2025/boxscores/20250927_i8ac.xml?view=plays"
"https://www.d3football.com/seasons/2025/boxscores/20250927_jqwj.xml","Not fetched: offline (option d3ballR.offline = TRUE): https://www.d3football.com/seasons/2025/boxscores/20250927_jqwj.xml?view=plays"
"https://www.d3football.com/seasons/2025/boxscores/20250927_jx36.xml","Not fetched: offline (option d3ballR.offline = TRUE): https://www.d3football.com/seasons/2025/boxscores/20250927_jx36.xml?view=plays"
"https://www.d3football.com/seasons/2025/boxscores/20250927_k6f9.xml","Not fetched: offline (option d3ballR.offline = TRUE): https://www.d3football.com/seasons/2025/boxscores/20250927_k6f9.xml?view=plays"
"https://www.d3football.com/seasons/2025/boxscores/20250927_kqa4.xml","Not fetched: offline (option d3ballR.offline = TRUE): https://www.d3football.com/seasons/2025/boxscores/20250927_kqa4.xml?view=plays"
"https://www.d3football.com/seasons/2025/boxscores/20250927_ky12.xml","Not fetched: offline (option d3ballR.offline = TRUE): https://www.d3football.com/seasons/2025/boxscores/20250927_ky12.xml?view=plays"
"https://www.d3football.com/seasons/2025/boxscores/20250927_l291.xml","Not fetched: offline (option d3ballR.offline = TRUE): https://www.d3football.com/seasons/2025/boxscores/20250927_l291.xml?view=plays"
"https://www.d3football.com/seasons/2025/boxscores/20250927_l54d.xml","Not fetched: offline (option d3ballR.offline = TRUE): https://www.d3football.com/seasons/2025/boxscores/20250927_l54d.xml?view=plays"
"https://www.d3football.com/seasons/2025/boxscores/20250927_lme8.xml","Not fetched: offline (option d3ballR.offline = TRUE): https://www.d3football.com/seasons/2025/boxscores/20250927_lme8.xml?view=plays"
"https://www.d3football.com/seasons/2025/boxscores/20250927_mren.xml","Not fetched: offline (option d3ballR.offline = TRUE): https://www.d3football.com/seasons/2025/boxscores/20250927_mren.xml?view=plays"
"https://www.d3football.com/seasons/2025/boxscores/20250927_mzk1.xml","Not fetched: offline (option d3ballR.offline = TRUE): https://www.d3football.com/seasons/2025/boxscores/20250927_mzk1.xml?view=plays"
"https://www.d3football.com/seasons/2025/boxscores/20250927_n5yi.xml","Not fetched: offline (option d3ballR.offline = TRUE): https://www.d3football.com/seasons/2025/boxscores/20250927_n5yi.xml?view=plays"
"https://www.d3football.com/seasons/2025/boxscores/20250927_ncsj.xml","Not fetched: offline (option d3ballR.offline = TRUE): https://www.d3football.com/seasons/2025/boxscores/20250927_ncsj.xml?view=plays"
"https://www.d3football.com/seasons/2025/boxscores/20250927_ngba.xml","Not fetched: offline (option d3ballR.offline = TRUE): https://www.d3football.com/seasons/2025/boxscores/20250927_ngba.xml?view=plays"
"https://www.d3football.com/seasons/2025/boxscores/20250927_nk0h.xml","Not fetched: offline (option d3ballR.offline = TRUE): https://www.d3football.com/seasons/2025/boxscores/20250927_nk0h.xml?view=plays"
"https://www.d3football.com/seasons/2025/boxscores/20250927_noe8.xml","Not fetched: offline (option d3ballR.offline = TRUE): https://www.d3football.com/seasons/2025/boxscores/20250927_noe8.xml?view=plays"
"https://www.d3football.com/seasons/2025/boxscores/20250927_nuea.xml","Not fetched: offline (option d3ballR.offline = TRUE): https://www.d3football.com/seasons/2025/boxscores/20250927_nuea.xml?view=plays"
"https://www.d3football.com/seasons/2025/boxscores/20250927_nz64.xml","Not fetched: offline (option d3ballR.offline = TRUE): https://www.d3football.com/seasons/2025/boxscores/20250927_nz64.xml?view=plays"
"https://www.d3football.com/seasons/2025/boxscores/20250927_oplb.xml","Not fetched: offline (option d3ballR.offline = TRUE): https://www.d3football.com/seasons/2025/boxscores/20250927_oplb.xml?view=plays"
"https://www.d3football.com/seasons/2025/boxscores/20250927_orwo.xml","Not fetched: offline (option d3ballR.offline = TRUE): https://www.d3football.com/seasons/2025/boxscores/20250927_orwo.xml?view=plays"
"https://www.d3football.com/seasons/2025/boxscores/20250927_p3f2.xml","Not fetched: offline (option d3ballR.offline = TRUE): https://www.d3football.com/seasons/2025/boxscores/20250927_p3f2.xml?view=plays"
"https://www.d3football.com/seasons/2025/boxscores/20250927_pqjf.xml","Not fetched: offline (option d3ballR.offline = TRUE): https://www.d3football.com/seasons/2025/boxscores/20250927_pqjf.xml?view=plays"
"https://www.d3football.com/seasons/2025/boxscores/20250927_pu6m.xml","Not fetched: offline (option d3ballR.offline = TRUE): https://www.d3football.com/seasons/2025/boxscores/20250927_pu6m.xml?view=plays"
"https://www.d3football.com/seasons/2025/boxscores/20250927_rg6z.xml","Not fetched: offline (option d3ballR.offline = TRUE): https://www.d3football.com/seasons/2025/boxscores/20250927_rg6z.xml?view=plays"
"https://www.d3football.com/seasons/2025/boxscores/20250927_rv66.xml","Not fetched: offline (option d3ballR.offline = TRUE): https://www.d3football.com/seasons/2025/boxscores/20250927_rv66.xml?view=plays"
"https://www.d3football.com/seasons/2025/boxscores/20250927_s6dy.xml","Not fetched: offline (option d3ballR.offline = TRUE): https://www.d3football.com/seasons/2025/boxscores/20250927_s6dy.xml?view=plays"
"https://www.d3football.com/seasons/2025/boxscores/20250927_st6a.xml","Not fetched: offline (option d3ballR.offline = TRUE): https://www.d3football.com/seasons/2025/boxscores/20250927_st6a.xml?view=plays"
"https://www.d3football.com/seasons/2025/boxscores/20250927_swcu.xml","Not fetched: offline (option d3ballR.offline = TRUE): https://www.d3football.com/seasons/2025/boxscores/20250927_swcu.xml?view=plays"
"https://www.d3football.com/seasons/2025/boxscores/20250927_ty65.xml","Not fetched: offline (option d3ballR.offline = TRUE): https://www.d3football.com/seasons/2025/boxscores/20250927_ty65.xml?view=plays"
"https://www.d3football.com/seasons/2025/boxscores/20250927_ubam.xml","Not fetched: offline (option d3ballR.offline = TRUE): https://www.d3football.com/seasons/2025/boxscores/20250927_ubam.xml?view=plays"
"https://www.d3football.com/seasons/2025/boxscores/20250927_vlh0.xml","Not fetched: offline (option d3ballR.offline = TRUE): https://www.d3football.com/seasons/2025/boxscores/20250927_vlh0.xml?view=plays"
"https://www.d3football.com/seasons/2025/boxscores/20250927_wpcf.xml","Not fetched: offline (option d3ballR.offline = TRUE): https://www.d3football.com/seasons/2025/boxscores/20250927_wpcf.xml?view=plays"
"https://www.d3football.com/seasons/2025/boxscores/20250927_wr0w.xml","Not fetched: offline (option d3ballR.offline = TRUE): https://www.d3football.com/seasons/2025/boxscores/20250927_wr0w.xml?view=plays"
"https://www.d3football.com/seasons/2025/boxscores/20250927_wvvq.xml","Not fetched: offline (option d3ballR.offline = TRUE): https://www.d3football.com/seasons/2025/boxscores/20250927_wvvq.xml?view=plays"
"https://www.d3football.com/seasons/2025/boxscores/20250927_y144.xml","Not fetched: offline (option d3ballR.offline = TRUE): https://www.d3football.com/seasons/2025/boxscores/20250927_y144.xml?view=plays"
"https://www.d3football.com/seasons/2025/boxscores/20250927_y56g.xml","Not fetched: offline (option d3ballR.offline = TRUE): https://www.d3football.com/seasons/2025/boxscores/20250927_y56g.xml?view=plays"
"https://www.d3football.com/seasons/2025/boxscores/20250927_za9q.xml","Not fetched: offline (option d3ballR.offline = TRUE): https://www.d3football.com/seasons/2025/boxscores/20250927_za9q.xml?view=plays"
"https://www.d3football.com/seasons/2025/boxscores/20250927_zne4.xml","Not fetched: offline (option d3ballR.offline = TRUE): https://www.d3football.com/seasons/2025/boxscores/20250927_zne4.xml?view=plays"
"https://www.d3football.com/seasons/2025/boxscores/20250927_zvzz.xml","Not fetched: offline (option d3ballR.offline = TRUE): https://www.d3football.com/seasons/2025/boxscores/20250927_zvzz.xml?view=plays"
"https://www.d3football.com/seasons/2025/boxscores/20251003_ktys.xml","Not fetched: offline (option d3ballR.offline = TRUE): https://www.d3football.com/seasons/2025/boxscores/20251003_ktys.xml?view=plays"
"https://www.d3football.com/seasons/2025/boxscores/20251004_0t4u.xml","Not fetched: offline (option d3ballR.offline = TRUE): https://www.d3football.com/seasons/2025/boxscores/20251004_0t4u.xml?view=plays"
"https://www.d3football.com/seasons/2025/boxscores/20251004_1ekt.xml","Not fetched: offline (option d3ballR.offline = TRUE): https://www.d3football.com/seasons/2025/boxscores/20251004_1ekt.xml?view=plays"
"https://www.d3football.com/seasons/2025/boxscores/20251004_1fpd.xml","Not fetched: offline (option d3ballR.offline = TRUE): https://www.d3football.com/seasons/2025/boxscores/20251004_1fpd.xml?view=plays"
"https://www.d3football.com/seasons/2025/boxscores/20251004_1gsu.xml","Not fetched: offline (option d3ballR.offline = TRUE): https://www.d3football.com/seasons/2025/boxscores/20251004_1gsu.xml?view=plays"
"https://www.d3football.com/seasons/2025/boxscores/20251004_1lej.xml","Not fetched: offline (option d3ballR.offline = TRUE): https://www.d3football.com/seasons/2025/boxscores/20251004_1lej.xml?view=plays"
"https://www.d3football.com/seasons/2025/boxscores/20251004_1oxb.xml","Not fetched: offline (option d3ballR.offline = TRUE): https://www.d3football.com/seasons/2025/boxscores/20251004_1oxb.xml?view=plays"
"https://www.d3football.com/seasons/2025/boxscores/20251004_1shb.xml","Not fetched: offline (option d3ballR.offline = TRUE): https://www.d3football.com/seasons/2025/boxscores/20251004_1shb.xml?view=plays"
"https://www.d3football.com/seasons/2025/boxscores/20251004_26pc.xml","Not fetched: offline (option d3ballR.offline = TRUE): https://www.d3football.com/seasons/2025/boxscores/20251004_26pc.xml?view=plays"
"https://www.d3football.com/seasons/2025/boxscores/20251004_271q.xml","Not fetched: offline (option d3ballR.offline = TRUE): https://www.d3football.com/seasons/2025/boxscores/20251004_271q.xml?view=plays"
"https://www.d3football.com/seasons/2025/boxscores/20251004_2kko.xml","Not fetched: offline (option d3ballR.offline = TRUE): https://www.d3football.com/seasons/2025/boxscores/20251004_2kko.xml?view=plays"
"https://www.d3football.com/seasons/2025/boxscores/20251004_2ngk.xml","Not fetched: offline (option d3ballR.offline = TRUE): https://www.d3football.com/seasons/2025/boxscores/20251004_2ngk.xml?view=plays"
"https://www.d3football.com/seasons/2025/boxscores/20251004_354d.xml","Not fetched: offline (option d3ballR.offline = TRUE): https://www.d3football.com/seasons/2025/boxscores/20251004_354d.xml?view=plays"
"https://www.d3football.com/seasons/2025/boxscores/20251004_3omj.xml","Not fetched: offline (option d3ballR.offline = TRUE): https://www.d3football.com/seasons/2025/boxscores/20251004_3omj.xml?view=plays"
"https://www.d3football.com/seasons/2025/boxscores/20251004_3puz.xml","Not fetched: offline (option d3ballR.offline = TRUE): https://www.d3football.com/seasons/2025/boxscores/20251004_3puz.xml?view=plays"
"https://www.d3football.com/seasons/2025/boxscores/20251004_3xt3.xml","Not fetched: offline (option d3ballR.offline = TRUE): https://www.d3football.com/seasons/2025/boxscores/20251004_3xt3.xml?view=plays"
"https://www.d3football.com/seasons/2025/boxscores/20251004_4bpj.xml","Not fetched: offline (option d3ballR.offline = TRUE): https://www.d3football.com/seasons/2025/boxscores/20251004_4bpj.xml?view=plays"
"https://www.d3football.com/seasons/2025/boxscores/20251004_4cgc.xml","Not fetched: offline (option d3ballR.offline = TRUE): https://www.d3football.com/seasons/2025/boxscores/20251004_4cgc.xml?view=plays"
"https://www.d3football.com/seasons/2025/boxscores/20251004_53sq.xml","Not fetched: offline (option d3ballR.offline = TRUE): https://www.d3football.com/seasons/2025/boxscores/20251004_53sq.xml?view=plays"
"https://www.d3football.com/seasons/2025/boxscores/20251004_57kf.xml","Not fetched: offline (option d3ballR.offline = TRUE): https://www.d3football.com/seasons/2025/boxscores/20251004_57kf.xml?view=plays"
"https://www.d3football.com/seasons/2025/boxscores/20251004_5sdb.xml","Not fetched: offline (option d3ballR.offline = TRUE): https://www.d3football.com/seasons/2025/boxscores/20251004_5sdb.xml?view=plays"
"https://www.d3football.com/seasons/2025/boxscores/20251004_5zl7.xml","Not fetched: offline (option d3ballR.offline = TRUE): https://www.d3football.com/seasons/2025/boxscores/20251004_5zl7.xml?view=plays"
"https://www.d3football.com/seasons/2025/boxscores/20251004_6011.xml","Not fetched: offline (option d3ballR.offline = TRUE): https://www.d3football.com/seasons/2025/boxscores/20251004_6011.xml?view=plays"
"https://www.d3football.com/seasons/2025/boxscores/20251004_60j5.xml","Not fetched: offline (option d3ballR.offline = TRUE): https://www.d3football.com/seasons/2025/boxscores/20251004_60j5.xml?view=plays"
"https://www.d3football.com/seasons/2025/boxscores/20251004_64vz.xml","Not fetched: offline (option d3ballR.offline = TRUE): https://www.d3football.com/seasons/2025/boxscores/20251004_64vz.xml?view=plays"
"https://www.d3football.com/seasons/2025/boxscores/20251004_6sus.xml","Not fetched: offline (option d3ballR.offline = TRUE): https://www.d3football.com/seasons/2025/boxscores/20251004_6sus.xml?view=plays"
"https://www.d3football.com/seasons/2025/boxscores/20251004_7p7e.xml","Not fetched: offline (option d3ballR.offline = TRUE): https://www.d3football.com/seasons/2025/boxscores/20251004_7p7e.xml?view=plays"
"https://www.d3football.com/seasons/2025/boxscores/20251004_83ae.xml","Not fetched: offline (option d3ballR.offline = TRUE): https://www.d3football.com/seasons/2025/boxscores/20251004_83ae.xml?view=plays"
"https://www.d3football.com/seasons/2025/boxscores/20251004_83oi.xml","Not fetched: offline (option d3ballR.offline = TRUE): https://www.d3football.com/seasons/2025/boxscores/20251004_83oi.xml?view=plays"
"https://www.d3football.com/seasons/2025/boxscores/20251004_8k6r.xml","Not fetched: offline (option d3ballR.offline = TRUE): https://www.d3football.com/seasons/2025/boxscores/20251004_8k6r.xml?view=plays"
"https://www.d3football.com/seasons/2025/boxscores/20251004_8kxj.xml","Not fetched: offline (option d3ballR.offline = TRUE): https://www.d3football.com/seasons/2025/boxscores/20251004_8kxj.xml?view=plays"
"https://www.d3football.com/seasons/2025/boxscores/20251004_97gq.xml","Not fetched: offline (option d3ballR.offline = TRUE): https://www.d3football.com/seasons/2025/boxscores/20251004_97gq.xml?view=plays"
"https://www.d3football.com/seasons/2025/boxscores/20251004_9jc0.xml","Not fetched: offline (option d3ballR.offline = TRUE): https://www.d3football.com/seasons/2025/boxscores/20251004_9jc0.xml?view=plays"
"https://www.d3football.com/seasons/2025/boxscores/20251004_9kt1.xml","Not fetched: offline (option d3ballR.offline = TRUE): https://www.d3football.com/seasons/2025/boxscores/20251004_9kt1.xml?view=plays"
"https://www.d3football.com/seasons/2025/boxscores/20251004_9l6i.xml","Not fetched: offline (option d3ballR.offline = TRUE): https://www.d3football.com/seasons/2025/boxscores/20251004_9l6i.xml?view=plays"
"https://www.d3football.com/seasons/2025/boxscores/20251004_acvc.xml","Not fetched: offline (option d3ballR.offline = TRUE): https://www.d3football.com/seasons/2025/boxscores/20251004_acvc.xml?view=plays"
"https://www.d3football.com/seasons/2025/boxscores/20251004_arrb.xml","Not fetched: offline (option d3ballR.offline = TRUE): https://www.d3football.com/seasons/2025/boxscores/20251004_arrb.xml?view=plays"
"https://www.d3football.com/seasons/2025/boxscores/20251004_aubs.xml","Not fetched: offline (option d3ballR.offline = TRUE): https://www.d3football.com/seasons/2025/boxscores/20251004_aubs.xml?view=plays"
"https://www.d3football.com/seasons/2025/boxscores/20251004_awvc.xml","Not fetched: offline (option d3ballR.offline = TRUE): https://www.d3football.com/seasons/2025/boxscores/20251004_awvc.xml?view=plays"
"https://www.d3football.com/seasons/2025/boxscores/20251004_az6u.xml","Not fetched: offline (option d3ballR.offline = TRUE): https://www.d3football.com/seasons/2025/boxscores/20251004_az6u.xml?view=plays"
"https://www.d3football.com/seasons/2025/boxscores/20251004_b3mj.xml","Not fetched: offline (option d3ballR.offline = TRUE): https://www.d3football.com/seasons/2025/boxscores/20251004_b3mj.xml?view=plays"
"https://www.d3football.com/seasons/2025/boxscores/20251004_bnm6.xml","Not fetched: offline (option d3ballR.offline = TRUE): https://www.d3football.com/seasons/2025/boxscores/20251004_bnm6.xml?view=plays"
"https://www.d3football.com/seasons/2025/boxscores/20251004_bq6e.xml","Not fetched: offline (option d3ballR.offline = TRUE): https://www.d3football.com/seasons/2025/boxscores/20251004_bq6e.xml?view=plays"
"https://www.d3football.com/seasons/2025/boxscores/20251004_c1e5.xml","Not fetched: offline (option d3ballR.offline = TRUE): https://www.d3football.com/seasons/2025/boxscores/20251004_c1e5.xml?view=plays"
"https://www.d3football.com/seasons/2025/boxscores/20251004_cwsy.xml","Not fetched: offline (option d3ballR.offline = TRUE): https://www.d3football.com/seasons/2025/boxscores/20251004_cwsy.xml?view=plays"
"https://www.d3football.com/seasons/2025/boxscores/20251004_e8f2.xml","Not fetched: offline (option d3ballR.offline = TRUE): https://www.d3football.com/seasons/2025/boxscores/20251004_e8f2.xml?view=plays"
"https://www.d3football.com/seasons/2025/boxscores/20251004_ec6d.xml","Not fetched: offline (option d3ballR.offline = TRUE): https://www.d3football.com/seasons/2025/boxscores/20251004_ec6d.xml?view=plays"
"https://www.d3football.com/seasons/2025/boxscores/20251004_f375.xml","Not fetched: offline (option d3ballR.offline = TRUE): https://www.d3football.com/seasons/2025/boxscores/20251004_f375.xml?view=plays"
"https://www.d3football.com/seasons/2025/boxscores/20251004_f7br.xml","Not fetched: offline (option d3ballR.offline = TRUE): https://www.d3football.com/seasons/2025/boxscores/20251004_f7br.xml?view=plays"
"https://www.d3football.com/seasons/2025/boxscores/20251004_fdfy.xml","Not fetched: offline (option d3ballR.offline = TRUE): https://www.d3football.com/seasons/2025/boxscores/20251004_fdfy.xml?view=plays"
"https://www.d3football.com/seasons/2025/boxscores/20251004_ffx2.xml","Not fetched: offline (option d3ballR.offline = TRUE): https://www.d3football.com/seasons/2025/boxscores/20251004_ffx2.xml?view=plays"
"https://www.d3football.com/seasons/2025/boxscores/20251004_fidj.xml","Not fetched: offline (option d3ballR.offline = TRUE): https://www.d3football.com/seasons/2025/boxscores/20251004_fidj.xml?view=plays"
"https://www.d3football.com/seasons/2025/boxscores/20251004_fker.xml","Not fetched: offline (option d3ballR.offline = TRUE): https://www.d3football.com/seasons/2025/boxscores/20251004_fker.xml?view=plays"
"https://www.d3football.com/seasons/2025/boxscores/20251004_g2xb.xml","Not fetched: offline (option d3ballR.offline = TRUE): https://www.d3football.com/seasons/2025/boxscores/20251004_g2xb.xml?view=plays"
"https://www.d3football.com/seasons/2025/boxscores/20251004_gavq.xml","Not fetched: offline (option d3ballR.offline = TRUE): https://www.d3football.com/seasons/2025/boxscores/20251004_gavq.xml?view=plays"
"https://www.d3football.com/seasons/2025/boxscores/20251004_gczt.xml","Not fetched: offline (option d3ballR.offline = TRUE): https://www.d3football.com/seasons/2025/boxscores/20251004_gczt.xml?view=plays"
"https://www.d3football.com/seasons/2025/boxscores/20251004_ghod.xml","Not fetched: offline (option d3ballR.offline = TRUE): https://www.d3football.com/seasons/2025/boxscores/20251004_ghod.xml?view=plays"
"https://www.d3football.com/seasons/2025/boxscores/20251004_h4xl.xml","Not fetched: offline (option d3ballR.offline = TRUE): https://www.d3football.com/seasons/2025/boxscores/20251004_h4xl.xml?view=plays"
"https://www.d3football.com/seasons/2025/boxscores/20251004_h5zy.xml","Not fetched: offline (option d3ballR.offline = TRUE): https://www.d3football.com/seasons/2025/boxscores/20251004_h5zy.xml?view=plays"
"https://www.d3football.com/seasons/2025/boxscores/20251004_hi4i.xml","Not fetched: offline (option d3ballR.offline = TRUE): https://www.d3football.com/seasons/2025/boxscores/20251004_hi4i.xml?view=plays"
"https://www.d3football.com/seasons/2025/boxscores/20251004_i1ye.xml","Not fetched: offline (option d3ballR.offline = TRUE): https://www.d3football.com/seasons/2025/boxscores/20251004_i1ye.xml?view=plays"
"https://www.d3football.com/seasons/2025/boxscores/20251004_itkv.xml","Not fetched: offline (option d3ballR.offline = TRUE): https://www.d3football.com/seasons/2025/boxscores/20251004_itkv.xml?view=plays"
"https://www.d3football.com/seasons/2025/boxscores/20251004_iui1.xml","Not fetched: offline (option d3ballR.offline = TRUE): https://www.d3football.com/seasons/2025/boxscores/20251004_iui1.xml?view=plays"
"https://www.d3football.com/seasons/2025/boxscores/20251004_iwy5.xml","Not fetched: offline (option d3ballR.offline = TRUE): https://www.d3football.com/seasons/2025/boxscores/20251004_iwy5.xml?view=plays"
"https://www.d3football.com/seasons/2025/boxscores/20251004_jdl2.xml","Not fetched: offline (option d3ballR.offline = TRUE): https://www.d3football.com/seasons/2025/boxscores/20251004_jdl2.xml?view=plays"
"https://www.d3football.com/seasons/2025/boxscores/20251004_kvxr.xml","Not fetched: offline (option d3ballR.offline = TRUE): https://www.d3football.com/seasons/2025/boxscores/20251004_kvxr.xml?view=plays"
"https://www.d3football.com/seasons/2025/boxscores/20251004_l1s1.xml","Not fetched: offline (option d3ballR.offline = TRUE): https://www.d3football.com/seasons/2025/boxscores/20251004_l1s1.xml?view=plays"
"https://www.d3football.com/seasons/2025/boxscores/20251004_lrtn.xml","Not fetched: offline (option d3ballR.offline = TRUE): https://www.d3football.com/seasons/2025/boxscores/20251004_lrtn.xml?view=plays"
"https://www.d3football.com/seasons/2025/boxscores/20251004_m13d.xml","Not fetched: offline (option d3ballR.offline = TRUE): https://www.d3football.com/seasons/2025/boxscores/20251004_m13d.xml?view=plays"
"https://www.d3football.com/seasons/2025/boxscores/20251004_m1e9.xml","Not fetched: offline (option d3ballR.offline = TRUE): https://www.d3football.com/seasons/2025/boxscores/20251004_m1e9.xml?view=plays"
"https://www.d3football.com/seasons/2025/boxscores/20251004_m2sf.xml","Not fetched: offline (option d3ballR.offline = TRUE): https://www.d3football.com/seasons/2025/boxscores/20251004_m2sf.xml?view=plays"
"https://www.d3football.com/seasons/2025/boxscores/20251004_mn95.xml","Not fetched: offline (option d3ballR.offline = TRUE): https://www.d3football.com/seasons/2025/boxscores/20251004_mn95.xml?view=plays"
"https://www.d3football.com/seasons/2025/boxscores/20251004_n967.xml","Not fetched: offline (option d3ballR.offline = TRUE): https://www.d3football.com/seasons/2025/boxscores/20251004_n967.xml?view=plays"
"https://www.d3football.com/seasons/2025/boxscores/20251004_ng1t.xml","Not fetched: offline (option d3ballR.offline = TRUE): https://www.d3football.com/seasons/2025/boxscores/20251004_ng1t.xml?view=plays"
"https://www.d3football.com/seasons/2025/boxscores/20251004_np44.xml","Not fetched: offline (option d3ballR.offline = TRUE): https://www.d3football.com/seasons/2025/boxscores/20251004_np44.xml?view=plays"
"https://www.d3football.com/seasons/2025/boxscores/20251004_oeoq.xml","Not fetched: offline (option d3ballR.offline = TRUE): https://www.d3football.com/seasons/2025/boxscores/20251004_oeoq.xml?view=plays"
"https://www.d3football.com/seasons/2025/boxscores/20251004_ouoc.xml","Not fetched: offline (option d3ballR.offline = TRUE): https://www.d3football.com/seasons/2025/boxscores/20251004_ouoc.xml?view=plays"
"https://www.d3football.com/seasons/2025/boxscores/20251004_p4gx.xml","Not fetched: offline (option d3ballR.offline = TRUE): https://www.d3football.com/seasons/2025/boxscores/20251004_p4gx.xml?view=plays"
"https://www.d3football.com/seasons/2025/boxscores/20251004_pbxo.xml","Not fetched: offline (option d3ballR.offline = TRUE): https://www.d3football.com/seasons/2025/boxscores/20251004_pbxo.xml?view=plays"
"https://www.d3football.com/seasons/2025/boxscores/20251004_pyut.xml","Not fetched: offline (option d3ballR.offline = TRUE): https://www.d3football.com/seasons/2025/boxscores/20251004_pyut.xml?view=plays"
"https://www.d3football.com/seasons/2025/boxscores/20251004_qids.xml","Not fetched: offline (option d3ballR.offline = TRUE): https://www.d3football.com/seasons/2025/boxscores/20251004_qids.xml?view=plays"
"https://www.d3football.com/seasons/2025/boxscores/20251004_quxy.xml","Not fetched: offline (option d3ballR.offline = TRUE): https://www.d3football.com/seasons/2025/boxscores/20251004_quxy.xml?view=plays"
"https://www.d3football.com/seasons/2025/boxscores/20251004_shsy.xml","Not fetched: offline (option d3ballR.offline = TRUE): https://www.d3football.com/seasons/2025/boxscores/20251004_shsy.xml?view=plays"
"https://www.d3football.com/seasons/2025/boxscores/20251004_sn30.xml","Not fetched: offline (option d3ballR.offline = TRUE): https://www.d3football.com/seasons/2025/boxscores/20251004_sn30.xml?view=plays"
"https://www.d3football.com/seasons/2025/boxscores/20251004_t05s.xml","Not fetched: offline (option d3ballR.offline = TRUE): https://www.d3football.com/seasons/2025/boxscores/20251004_t05s.xml?view=plays"
"https://www.d3football.com/seasons/2025/boxscores/20251004_t6zc.xml","Not fetched: offline (option d3ballR.offline = TRUE): https://www.d3football.com/seasons/2025/boxscores/20251004_t6zc.xml?view=plays"
"https://www.d3football.com/seasons/2025/boxscores/20251004_tbhu.xml","Not fetched: offline (option d3ballR.offline = TRUE): https://www.d3football.com/seasons/2025/boxscores/20251004_tbhu.xml?view=plays"
"https://www.d3football.com/seasons/2025/boxscores/20251004_ti5l.xml","Not fetched: offline (option d3ballR.offline = TRUE): https://www.d3football.com/seasons/2025/boxscores/20251004_ti5l.xml?view=plays"
"https://www.d3football.com/seasons/2025/boxscores/20251004_tufo.xml","Not fetched: offline (option d3ballR.offline = TRUE): https://www.d3football.com/seasons/2025/boxscores/20251004_tufo.xml?view=plays"
"https://www.d3football.com/seasons/2025/boxscores/20251004_udft.xml","Not fetched: offline (option d3ballR.offline = TRUE): https://www.d3football.com/seasons/2025/boxscores/20251004_udft.xml?view=plays"
"https://www.d3football.com/seasons/2025/boxscores/20251004_uosq.xml","Not fetched: offline (option d3ballR.offline = TRUE): https://www.d3football.com/seasons/2025/boxscores/20251004_uosq.xml?view=plays"
"https://www.d3football.com/seasons/2025/boxscores/20251004_urp0.xml","Not fetched: offline (option d3ballR.offline = TRUE): https://www.d3football.com/seasons/2025/boxscores/20251004_urp0.xml?view=plays"
"https://www.d3football.com/seasons/2025/boxscores/20251004_uzua.xml","Not fetched: offline (option d3ballR.offline = TRUE): https://www.d3football.com/seasons/2025/boxscores/20251004_uzua.xml?view=plays"
"https://www.d3football.com/seasons/2025/boxscores/20251004_v6is.xml","Not fetched: offline (option d3ballR.offline = TRUE): https://www.d3football.com/seasons/2025/boxscores/20251004_v6is.xml?view=plays"
"https://www.d3football.com/seasons/2025/boxscores/20251004_w1sl.xml","Not fetched: offline (option d3ballR.offline = TRUE): https://www.d3football.com/seasons/2025/boxscores/20251004_w1sl.xml?view=plays"
"https://www.d3football.com/seasons/2025/boxscores/20251004_wb7u.xml","Not fetched: offline (option d3ballR.offline = TRUE): https://www.d3football.com/seasons/2025/boxscores/20251004_wb7u.xml?view=plays"
"https://www.d3football.com/seasons/2025/boxscores/20251004_x33y.xml","Not fetched: offline (option d3ballR.offline = TRUE): https://www.d3football.com/seasons/2025/boxscores/20251004_x33y.xml?view=plays"
"https://www.d3football.com/seasons/2025/boxscores/20251004_xmdh.xml","Not fetched: offline (option d3ballR.offline = TRUE): https://www.d3football.com/seasons/2025/boxscores/20251004_xmdh.xml?view=plays"
"https://www.d3football.com/seasons/2025/boxscores/20251004_yc5u.xml","Not fetched: offline (option d3ballR.offline = TRUE): https://www.d3football.com/seasons/2025/boxscores/20251004_yc5u.xml?view=plays"
"https://www.d3football.com/seasons/2025/boxscores/20251004_yy2p.xml","Not fetched: offline (option d3ballR.offline = TRUE): https://www.d3football.com/seasons/2025/boxscores/20251004_yy2p.xml?view=plays"
"https://www.d3football.com/seasons/2025/boxscores/20251004_zedh.xml","Not fetched: offline (option d3ballR.offline = TRUE): https://www.d3football.com/seasons/2025/boxscores/20251004_zedh.xml?view=plays"
"https://www.d3football.com/seasons/2025/boxscores/20251004_zlas.xml","Not fetched: offline (option d3ballR.offline = TRUE): https://www.d3football.com/seasons/2025/boxscores/20251004_zlas.xml?view=plays"
"https://www.d3football.com/seasons/2025/boxscores/20251004_ztu6.xml","Not fetched: offline (option d3ballR.offline = TRUE): https://www.d3football.com/seasons/2025/boxscores/20251004_ztu6.xml?view=plays"
"https://www.d3football.com/seasons/2025/boxscores/20251004_zxz4.xml","Not fetched: offline (option d3ballR.offline = TRUE): https://www.d3football.com/seasons/2025/boxscores/20251004_zxz4.xml?view=plays"
"https://www.d3football.com/seasons/2025/boxscores/20251010_0ri6.xml","Not fetched: offline (option d3ballR.offline = TRUE): https://www.d3football.com/seasons/2025/boxscores/20251010_0ri6.xml?view=plays"
"https://www.d3football.com/seasons/2025/boxscores/20251011_0d04.xml","Not fetched: offline (option d3ballR.offline = TRUE): https://www.d3football.com/seasons/2025/boxscores/20251011_0d04.xml?view=plays"
"https://www.d3football.com/seasons/2025/boxscores/20251011_0m1x.xml","Not fetched: offline (option d3ballR.offline = TRUE): https://www.d3football.com/seasons/2025/boxscores/20251011_0m1x.xml?view=plays"
"https://www.d3football.com/seasons/2025/boxscores/20251011_0pnd.xml","Not fetched: offline (option d3ballR.offline = TRUE): https://www.d3football.com/seasons/2025/boxscores/20251011_0pnd.xml?view=plays"
"https://www.d3football.com/seasons/2025/boxscores/20251011_0yee.xml","Not fetched: offline (option d3ballR.offline = TRUE): https://www.d3football.com/seasons/2025/boxscores/20251011_0yee.xml?view=plays"
"https://www.d3football.com/seasons/2025/boxscores/20251011_1315.xml","Not fetched: offline (option d3ballR.offline = TRUE): https://www.d3football.com/seasons/2025/boxscores/20251011_1315.xml?view=plays"
"https://www.d3football.com/seasons/2025/boxscores/20251011_2llw.xml","Not fetched: offline (option d3ballR.offline = TRUE): https://www.d3football.com/seasons/2025/boxscores/20251011_2llw.xml?view=plays"
"https://www.d3football.com/seasons/2025/boxscores/20251011_2r84.xml","Not fetched: offline (option d3ballR.offline = TRUE): https://www.d3football.com/seasons/2025/boxscores/20251011_2r84.xml?view=plays"
"https://www.d3football.com/seasons/2025/boxscores/20251011_2x0c.xml","Not fetched: offline (option d3ballR.offline = TRUE): https://www.d3football.com/seasons/2025/boxscores/20251011_2x0c.xml?view=plays"
"https://www.d3football.com/seasons/2025/boxscores/20251011_36q6.xml","Not fetched: offline (option d3ballR.offline = TRUE): https://www.d3football.com/seasons/2025/boxscores/20251011_36q6.xml?view=plays"
"https://www.d3football.com/seasons/2025/boxscores/20251011_3km0.xml","Not fetched: offline (option d3ballR.offline = TRUE): https://www.d3football.com/seasons/2025/boxscores/20251011_3km0.xml?view=plays"
"https://www.d3football.com/seasons/2025/boxscores/20251011_401u.xml","Not fetched: offline (option d3ballR.offline = TRUE): https://www.d3football.com/seasons/2025/boxscores/20251011_401u.xml?view=plays"
"https://www.d3football.com/seasons/2025/boxscores/20251011_483x.xml","Not fetched: offline (option d3ballR.offline = TRUE): https://www.d3football.com/seasons/2025/boxscores/20251011_483x.xml?view=plays"
"https://www.d3football.com/seasons/2025/boxscores/20251011_49vb.xml","Not fetched: offline (option d3ballR.offline = TRUE): https://www.d3football.com/seasons/2025/boxscores/20251011_49vb.xml?view=plays"
"https://www.d3football.com/seasons/2025/boxscores/20251011_4csw.xml","Not fetched: offline (option d3ballR.offline = TRUE): https://www.d3football.com/seasons/2025/boxscores/20251011_4csw.xml?view=plays"
"https://www.d3football.com/seasons/2025/boxscores/20251011_50fr.xml","Not fetched: offline (option d3ballR.offline = TRUE): https://www.d3football.com/seasons/2025/boxscores/20251011_50fr.xml?view=plays"
"https://www.d3football.com/seasons/2025/boxscores/20251011_5nq8.xml","Not fetched: offline (option d3ballR.offline = TRUE): https://www.d3football.com/seasons/2025/boxscores/20251011_5nq8.xml?view=plays"
"https://www.d3football.com/seasons/2025/boxscores/20251011_6a94.xml","Not fetched: offline (option d3ballR.offline = TRUE): https://www.d3football.com/seasons/2025/boxscores/20251011_6a94.xml?view=plays"
"https://www.d3football.com/seasons/2025/boxscores/20251011_6ak2.xml","Not fetched: offline (option d3ballR.offline = TRUE): https://www.d3football.com/seasons/2025/boxscores/20251011_6ak2.xml?view=plays"
"https://www.d3football.com/seasons/2025/boxscores/20251011_6yv3.xml","Not fetched: offline (option d3ballR.offline = TRUE): https://www.d3football.com/seasons/2025/boxscores/20251011_6yv3.xml?view=plays"
"https://www.d3football.com/seasons/2025/boxscores/20251011_706s.xml","Not fetched: offline (option d3ballR.offline = TRUE): https://www.d3football.com/seasons/2025/boxscores/20251011_706s.xml?view=plays"
"https://www.d3football.com/seasons/2025/boxscores/20251011_7v05.xml","Not fetched: offline (option d3ballR.offline = TRUE): https://www.d3football.com/seasons/2025/boxscores/20251011_7v05.xml?view=plays"
"https://www.d3football.com/seasons/2025/boxscores/20251011_93p8.xml","Not fetched: offline (option d3ballR.offline = TRUE): https://www.d3football.com/seasons/2025/boxscores/20251011_93p8.xml?view=plays"
"https://www.d3football.com/seasons/2025/boxscores/20251011_95sr.xml","Not fetched: offline (option d3ballR.offline = TRUE): https://www.d3football.com/seasons/2025/boxscores/20251011_95sr.xml?view=plays"
"https://www.d3football.com/seasons/2025/boxscores/20251011_aosd.xml","Not fetched: offline (option d3ballR.offline = TRUE): https://www.d3football.com/seasons/2025/boxscores/20251011_aosd.xml?view=plays"
"https://www.d3football.com/seasons/2025/boxscores/20251011_atry.xml","Not fetched: offline (option d3ballR.offline = TRUE): https://www.d3football.com/seasons/2025/boxscores/20251011_atry.xml?view=plays"
"https://www.d3football.com/seasons/2025/boxscores/20251011_avtg.xml","Not fetched: offline (option d3ballR.offline = TRUE): https://www.d3football.com/seasons/2025/boxscores/20251011_avtg.xml?view=plays"
"https://www.d3football.com/seasons/2025/boxscores/20251011_azf4.xml","Not fetched: offline (option d3ballR.offline = TRUE): https://www.d3football.com/seasons/2025/boxscores/20251011_azf4.xml?view=plays"
"https://www.d3football.com/seasons/2025/boxscores/20251011_azmf.xml","Not fetched: offline (option d3ballR.offline = TRUE): https://www.d3football.com/seasons/2025/boxscores/20251011_azmf.xml?view=plays"
"https://www.d3football.com/seasons/2025/boxscores/20251011_bn95.xml","Not fetched: offline (option d3ballR.offline = TRUE): https://www.d3football.com/seasons/2025/boxscores/20251011_bn95.xml?view=plays"
"https://www.d3football.com/seasons/2025/boxscores/20251011_bonl.xml","Not fetched: offline (option d3ballR.offline = TRUE): https://www.d3football.com/seasons/2025/boxscores/20251011_bonl.xml?view=plays"
"https://www.d3football.com/seasons/2025/boxscores/20251011_bv9l.xml","Not fetched: offline (option d3ballR.offline = TRUE): https://www.d3football.com/seasons/2025/boxscores/20251011_bv9l.xml?view=plays"
"https://www.d3football.com/seasons/2025/boxscores/20251011_cwfu.xml","Not fetched: offline (option d3ballR.offline = TRUE): https://www.d3football.com/seasons/2025/boxscores/20251011_cwfu.xml?view=plays"
"https://www.d3football.com/seasons/2025/boxscores/20251011_d947.xml","Not fetched: offline (option d3ballR.offline = TRUE): https://www.d3football.com/seasons/2025/boxscores/20251011_d947.xml?view=plays"
"https://www.d3football.com/seasons/2025/boxscores/20251011_dcrz.xml","Not fetched: offline (option d3ballR.offline = TRUE): https://www.d3football.com/seasons/2025/boxscores/20251011_dcrz.xml?view=plays"
"https://www.d3football.com/seasons/2025/boxscores/20251011_dfem.xml","Not fetched: offline (option d3ballR.offline = TRUE): https://www.d3football.com/seasons/2025/boxscores/20251011_dfem.xml?view=plays"
"https://www.d3football.com/seasons/2025/boxscores/20251011_dfez.xml","Not fetched: offline (option d3ballR.offline = TRUE): https://www.d3football.com/seasons/2025/boxscores/20251011_dfez.xml?view=plays"
"https://www.d3football.com/seasons/2025/boxscores/20251011_dpuo.xml","Not fetched: offline (option d3ballR.offline = TRUE): https://www.d3football.com/seasons/2025/boxscores/20251011_dpuo.xml?view=plays"
"https://www.d3football.com/seasons/2025/boxscores/20251011_e0h0.xml","Not fetched: offline (option d3ballR.offline = TRUE): https://www.d3football.com/seasons/2025/boxscores/20251011_e0h0.xml?view=plays"
"https://www.d3football.com/seasons/2025/boxscores/20251011_e2mj.xml","Not fetched: offline (option d3ballR.offline = TRUE): https://www.d3football.com/seasons/2025/boxscores/20251011_e2mj.xml?view=plays"
"https://www.d3football.com/seasons/2025/boxscores/20251011_e3xa.xml","Not fetched: offline (option d3ballR.offline = TRUE): https://www.d3football.com/seasons/2025/boxscores/20251011_e3xa.xml?view=plays"
"https://www.d3football.com/seasons/2025/boxscores/20251011_efvw.xml","Not fetched: offline (option d3ballR.offline = TRUE): https://www.d3football.com/seasons/2025/boxscores/20251011_efvw.xml?view=plays"
"https://www.d3football.com/seasons/2025/boxscores/20251011_etjq.xml","Not fetched: offline (option d3ballR.offline = TRUE): https://www.d3football.com/seasons/2025/boxscores/20251011_etjq.xml?view=plays"
"https://www.d3football.com/seasons/2025/boxscores/20251011_eumc.xml","Not fetched: offline (option d3ballR.offline = TRUE): https://www.d3football.com/seasons/2025/boxscores/20251011_eumc.xml?view=plays"
"https://www.d3football.com/seasons/2025/boxscores/20251011_fs81.xml","Not fetched: offline (option d3ballR.offline = TRUE): https://www.d3football.com/seasons/2025/boxscores/20251011_fs81.xml?view=plays"
"https://www.d3football.com/seasons/2025/boxscores/20251011_gdtj.xml","Not fetched: offline (option d3ballR.offline = TRUE): https://www.d3football.com/seasons/2025/boxscores/20251011_gdtj.xml?view=plays"
"https://www.d3football.com/seasons/2025/boxscores/20251011_h50c.xml","Not fetched: offline (option d3ballR.offline = TRUE): https://www.d3football.com/seasons/2025/boxscores/20251011_h50c.xml?view=plays"
"https://www.d3football.com/seasons/2025/boxscores/20251011_h6v3.xml","Not fetched: offline (option d3ballR.offline = TRUE): https://www.d3football.com/seasons/2025/boxscores/20251011_h6v3.xml?view=plays"
"https://www.d3football.com/seasons/2025/boxscores/20251011_ho10.xml","Not fetched: offline (option d3ballR.offline = TRUE): https://www.d3football.com/seasons/2025/boxscores/20251011_ho10.xml?view=plays"
"https://www.d3football.com/seasons/2025/boxscores/20251011_iog6.xml","Not fetched: offline (option d3ballR.offline = TRUE): https://www.d3football.com/seasons/2025/boxscores/20251011_iog6.xml?view=plays"
"https://www.d3football.com/seasons/2025/boxscores/20251011_ip91.xml","Not fetched: offline (option d3ballR.offline = TRUE): https://www.d3football.com/seasons/2025/boxscores/20251011_ip91.xml?view=plays"
"https://www.d3football.com/seasons/2025/boxscores/20251011_j421.xml","Not fetched: offline (option d3ballR.offline = TRUE): https://www.d3football.com/seasons/2025/boxscores/20251011_j421.xml?view=plays"
"https://www.d3football.com/seasons/2025/boxscores/20251011_j7yv.xml","Not fetched: offline (option d3ballR.offline = TRUE): https://www.d3football.com/seasons/2025/boxscores/20251011_j7yv.xml?view=plays"
"https://www.d3football.com/seasons/2025/boxscores/20251011_jg99.xml","Not fetched: offline (option d3ballR.offline = TRUE): https://www.d3football.com/seasons/2025/boxscores/20251011_jg99.xml?view=plays"
"https://www.d3football.com/seasons/2025/boxscores/20251011_js9f.xml","Not fetched: offline (option d3ballR.offline = TRUE): https://www.d3football.com/seasons/2025/boxscores/20251011_js9f.xml?view=plays"
"https://www.d3football.com/seasons/2025/boxscores/20251011_kfwm.xml","Not fetched: offline (option d3ballR.offline = TRUE): https://www.d3football.com/seasons/2025/boxscores/20251011_kfwm.xml?view=plays"
"https://www.d3football.com/seasons/2025/boxscores/20251011_lfb3.xml","Not fetched: offline (option d3ballR.offline = TRUE): https://www.d3football.com/seasons/2025/boxscores/20251011_lfb3.xml?view=plays"
"https://www.d3football.com/seasons/2025/boxscores/20251011_lra0.xml","Not fetched: offline (option d3ballR.offline = TRUE): https://www.d3football.com/seasons/2025/boxscores/20251011_lra0.xml?view=plays"
"https://www.d3football.com/seasons/2025/boxscores/20251011_ls6y.xml","Not fetched: offline (option d3ballR.offline = TRUE): https://www.d3football.com/seasons/2025/boxscores/20251011_ls6y.xml?view=plays"
"https://www.d3football.com/seasons/2025/boxscores/20251011_m2jr.xml","Not fetched: offline (option d3ballR.offline = TRUE): https://www.d3football.com/seasons/2025/boxscores/20251011_m2jr.xml?view=plays"
"https://www.d3football.com/seasons/2025/boxscores/20251011_m7ii.xml","Not fetched: offline (option d3ballR.offline = TRUE): https://www.d3football.com/seasons/2025/boxscores/20251011_m7ii.xml?view=plays"
"https://www.d3football.com/seasons/2025/boxscores/20251011_mcx6.xml","Not fetched: offline (option d3ballR.offline = TRUE): https://www.d3football.com/seasons/2025/boxscores/20251011_mcx6.xml?view=plays"
"https://www.d3football.com/seasons/2025/boxscores/20251011_me37.xml","Not fetched: offline (option d3ballR.offline = TRUE): https://www.d3football.com/seasons/2025/boxscores/20251011_me37.xml?view=plays"
"https://www.d3football.com/seasons/2025/boxscores/20251011_moak.xml","Not fetched: offline (option d3ballR.offline = TRUE): https://www.d3football.com/seasons/2025/boxscores/20251011_moak.xml?view=plays"
"https://www.d3football.com/seasons/2025/boxscores/20251011_mqjy.xml","Not fetched: offline (option d3ballR.offline = TRUE): https://www.d3football.com/seasons/2025/boxscores/20251011_mqjy.xml?view=plays"
"https://www.d3football.com/seasons/2025/boxscores/20251011_mxk9.xml","Not fetched: offline (option d3ballR.offline = TRUE): https://www.d3football.com/seasons/2025/boxscores/20251011_mxk9.xml?view=plays"
"https://www.d3football.com/seasons/2025/boxscores/20251011_n348.xml","Not fetched: offline (option d3ballR.offline = TRUE): https://www.d3football.com/seasons/2025/boxscores/20251011_n348.xml?view=plays"
"https://www.d3football.com/seasons/2025/boxscores/20251011_n6nc.xml","Not fetched: offline (option d3ballR.offline = TRUE): https://www.d3football.com/seasons/2025/boxscores/20251011_n6nc.xml?view=plays"
"https://www.d3football.com/seasons/2025/boxscores/20251011_navh.xml","Not fetched: offline (option d3ballR.offline = TRUE): https://www.d3football.com/seasons/2025/boxscores/20251011_navh.xml?view=plays"
"https://www.d3football.com/seasons/2025/boxscores/20251011_ned8.xml","Not fetched: offline (option d3ballR.offline = TRUE): https://www.d3football.com/seasons/2025/boxscores/20251011_ned8.xml?view=plays"
"https://www.d3football.com/seasons/2025/boxscores/20251011_nhzr.xml","Not fetched: offline (option d3ballR.offline = TRUE): https://www.d3football.com/seasons/2025/boxscores/20251011_nhzr.xml?view=plays"
"https://www.d3football.com/seasons/2025/boxscores/20251011_nn8o.xml","Not fetched: offline (option d3ballR.offline = TRUE): https://www.d3football.com/seasons/2025/boxscores/20251011_nn8o.xml?view=plays"
"https://www.d3football.com/seasons/2025/boxscores/20251011_ocff.xml","Not fetched: offline (option d3ballR.offline = TRUE): https://www.d3football.com/seasons/2025/boxscores/20251011_ocff.xml?view=plays"
"https://www.d3football.com/seasons/2025/boxscores/20251011_oo7c.xml","Not fetched: offline (option d3ballR.offline = TRUE): https://www.d3football.com/seasons/2025/boxscores/20251011_oo7c.xml?view=plays"
"https://www.d3football.com/seasons/2025/boxscores/20251011_oy5j.xml","Not fetched: offline (option d3ballR.offline = TRUE): https://www.d3football.com/seasons/2025/boxscores/20251011_oy5j.xml?view=plays"
"https://www.d3football.com/seasons/2025/boxscores/20251011_p8pa.xml","Not fetched: offline (option d3ballR.offline = TRUE): https://www.d3football.com/seasons/2025/boxscores/20251011_p8pa.xml?view=plays"
"https://www.d3football.com/seasons/2025/boxscores/20251011_p9g8.xml","Not fetched: offline (option d3ballR.offline = TRUE): https://www.d3football.com/seasons/2025/boxscores/20251011_p9g8.xml?view=plays"
"https://www.d3football.com/seasons/2025/boxscores/20251011_pa8l.xml","Not fetched: offline (option d3ballR.offline = TRUE): https://www.d3football.com/seasons/2025/boxscores/20251011_pa8l.xml?view=plays"
"https://www.d3football.com/seasons/2025/boxscores/20251011_q2p4.xml","Not fetched: offline (option d3ballR.offline = TRUE): https://www.d3football.com/seasons/2025/boxscores/20251011_q2p4.xml?view=plays"
"https://www.d3football.com/seasons/2025/boxscores/20251011_q8vo.xml","Not fetched: offline (option d3ballR.offline = TRUE): https://www.d3football.com/seasons/2025/boxscores/20251011_q8vo.xml?view=plays"
"https://www.d3football.com/seasons/2025/boxscores/20251011_qhn8.xml","Not fetched: offline (option d3ballR.offline = TRUE): https://www.d3football.com/seasons/2025/boxscores/20251011_qhn8.xml?view=plays"
"https://www.d3football.com/seasons/2025/boxscores/20251011_qiy9.xml","Not fetched: offline (option d3ballR.offline = TRUE): https://www.d3football.com/seasons/2025/boxscores/20251011_qiy9.xml?view=plays"
"https://www.d3football.com/seasons/2025/boxscores/20251011_qp9j.xml","Not fetched: offline (option d3ballR.offline = TRUE): https://www.d3football.com/seasons/2025/boxscores/20251011_qp9j.xml?view=plays"
"https://www.d3football.com/seasons/2025/boxscores/20251011_qs6v.xml","Not fetched: offline (option d3ballR.offline = TRUE): https://www.d3football.com/seasons/2025/boxscores/20251011_qs6v.xml?view=plays"
"https://www.d3football.com/seasons/2025/boxscores/20251011_rhc9.xml","Not fetched: offline (option d3ballR.offline = TRUE): https://www.d3football.com/seasons/2025/boxscores/20251011_rhc9.xml?view=plays"
"https://www.d3football.com/seasons/2025/boxscores/20251011_rvr0.xml","Not fetched: offline (option d3ballR.offline = TRUE): https://www.d3football.com/seasons/2025/boxscores/20251011_rvr0.xml?view=plays"
"https://www.d3football.com/seasons/2025/boxscores/20251011_rvzg.xml","Not fetched: offline (option d3ballR.offline = TRUE): https://www.d3football.com/seasons/2025/boxscores/20251011_rvzg.xml?view=plays"
"https://www.d3football.com/seasons/2025/boxscores/20251011_sg6j.xml","Not fetched: offline (option d3ballR.offline = TRUE): https://www.d3football.com/seasons/2025/boxscores/20251011_sg6j.xml?view=plays"
"https://www.d3football.com/seasons/2025/boxscores/20251011_tjet.xml","Not fetched: offline (option d3ballR.offline = TRUE): https://www.d3football.com/seasons/2025/boxscores/20251011_tjet.xml?view=plays"
"https://www.d3football.com/seasons/2025/boxscores/20251011_tmcs.xml","Not fetched: offline (option d3ballR.offline = TRUE): https://www.d3football.com/seasons/2025/boxscores/20251011_tmcs.xml?view=plays"
"https://www.d3football.com/seasons/2025/boxscores/20251011_v55d.xml","Not fetched: offline (option d3ballR.offline = TRUE): https://www.d3football.com/seasons/2025/boxscores/20251011_v55d.xml?view=plays"
"https://www.d3football.com/seasons/2025/boxscores/20251011_wc5q.xml","Not fetched: offline (option d3ballR.offline = TRUE): https://www.d3football.com/seasons/2025/boxscores/20251011_wc5q.xml?view=plays"
"https://www.d3football.com/seasons/2025/boxscores/20251011_xh02.xml","Not fetched: offline (option d3ballR.offline = TRUE): https://www.d3football.com/seasons/2025/boxscores/20251011_xh02.xml?view=plays"
"https://www.d3football.com/seasons/2025/boxscores/20251011_xu6u.xml","Not fetched: offline (option d3ballR.offline = TRUE): https://www.d3football.com/seasons/2025/boxscores/20251011_xu6u.xml?view=plays"
"https://www.d3football.com/seasons/2025/boxscores/20251011_ywlf.xml","Not fetched: offline (option d3ballR.offline = TRUE): https://www.d3football.com/seasons/2025/boxscores/20251011_ywlf.xml?view=plays"
"https://www.d3football.com/seasons/2025/boxscores/20251011_zemb.xml","Not fetched: offline (option d3ballR.offline = TRUE): https://www.d3football.com/seasons/2025/boxscores/20251011_zemb.xml?view=plays"
"https://www.d3football.com/seasons/2025/boxscores/20251011_zlh0.xml","Not fetched: offline (option d3ballR.offline = TRUE): https://www.d3football.com/seasons/2025/boxscores/20251011_zlh0.xml?view=plays"
"https://www.d3football.com/seasons/2025/boxscores/20251016_hzlo.xml","Not fetched: offline (option d3ballR.offline = TRUE): https://www.d3football.com/seasons/2025/boxscores/20251016_hzlo.xml?view=plays"
"https://www.d3football.com/seasons/2025/boxscores/20251017_27mj.xml","Not fetched: offline (option d3ballR.offline = TRUE): https://www.d3football.com/seasons/2025/boxscores/20251017_27mj.xml?view=plays"
"https://www.d3football.com/seasons/2025/boxscores/20251017_9191.xml","Not fetched: offline (option d3ballR.offline = TRUE): https://www.d3football.com/seasons/2025/boxscores/20251017_9191.xml?view=plays"
"https://www.d3football.com/seasons/2025/boxscores/20251017_v1xc.xml","Not fetched: offline (option d3ballR.offline = TRUE): https://www.d3football.com/seasons/2025/boxscores/20251017_v1xc.xml?view=plays"
"https://www.d3football.com/seasons/2025/boxscores/20251018_085q.xml","Not fetched: offline (option d3ballR.offline = TRUE): https://www.d3football.com/seasons/2025/boxscores/20251018_085q.xml?view=plays"
"https://www.d3football.com/seasons/2025/boxscores/20251018_17vy.xml","Not fetched: offline (option d3ballR.offline = TRUE): https://www.d3football.com/seasons/2025/boxscores/20251018_17vy.xml?view=plays"
"https://www.d3football.com/seasons/2025/boxscores/20251018_1cf0.xml","Not fetched: offline (option d3ballR.offline = TRUE): https://www.d3football.com/seasons/2025/boxscores/20251018_1cf0.xml?view=plays"
"https://www.d3football.com/seasons/2025/boxscores/20251018_1hou.xml","Not fetched: offline (option d3ballR.offline = TRUE): https://www.d3football.com/seasons/2025/boxscores/20251018_1hou.xml?view=plays"
"https://www.d3football.com/seasons/2025/boxscores/20251018_1xk5.xml","Not fetched: offline (option d3ballR.offline = TRUE): https://www.d3football.com/seasons/2025/boxscores/20251018_1xk5.xml?view=plays"
"https://www.d3football.com/seasons/2025/boxscores/20251018_23qb.xml","Not fetched: offline (option d3ballR.offline = TRUE): https://www.d3football.com/seasons/2025/boxscores/20251018_23qb.xml?view=plays"
"https://www.d3football.com/seasons/2025/boxscores/20251018_2cx8.xml","Not fetched: offline (option d3ballR.offline = TRUE): https://www.d3football.com/seasons/2025/boxscores/20251018_2cx8.xml?view=plays"
"https://www.d3football.com/seasons/2025/boxscores/20251018_2lsb.xml","Not fetched: offline (option d3ballR.offline = TRUE): https://www.d3football.com/seasons/2025/boxscores/20251018_2lsb.xml?view=plays"
"https://www.d3football.com/seasons/2025/boxscores/20251018_366o.xml","Not fetched: offline (option d3ballR.offline = TRUE): https://www.d3football.com/seasons/2025/boxscores/20251018_366o.xml?view=plays"
"https://www.d3football.com/seasons/2025/boxscores/20251018_44dy.xml","Not fetched: offline (option d3ballR.offline = TRUE): https://www.d3football.com/seasons/2025/boxscores/20251018_44dy.xml?view=plays"
"https://www.d3football.com/seasons/2025/boxscores/20251018_4y5d.xml","Not fetched: offline (option d3ballR.offline = TRUE): https://www.d3football.com/seasons/2025/boxscores/20251018_4y5d.xml?view=plays"
"https://www.d3football.com/seasons/2025/boxscores/20251018_5gc2.xml","Not fetched: offline (option d3ballR.offline = TRUE): https://www.d3football.com/seasons/2025/boxscores/20251018_5gc2.xml?view=plays"
"https://www.d3football.com/seasons/2025/boxscores/20251018_5m54.xml","Not fetched: offline (option d3ballR.offline = TRUE): https://www.d3football.com/seasons/2025/boxscores/20251018_5m54.xml?view=plays"
"https://www.d3football.com/seasons/2025/boxscores/20251018_6ohw.xml","Not fetched: offline (option d3ballR.offline = TRUE): https://www.d3football.com/seasons/2025/boxscores/20251018_6ohw.xml?view=plays"
"https://www.d3football.com/seasons/2025/boxscores/20251018_6y68.xml","Not fetched: offline (option d3ballR.offline = TRUE): https://www.d3football.com/seasons/2025/boxscores/20251018_6y68.xml?view=plays"
"https://www.d3football.com/seasons/2025/boxscores/20251018_71xy.xml","Not fetched: offline (option d3ballR.offline = TRUE): https://www.d3football.com/seasons/2025/boxscores/20251018_71xy.xml?view=plays"
"https://www.d3football.com/seasons/2025/boxscores/20251018_7f29.xml","Not fetched: offline (option d3ballR.offline = TRUE): https://www.d3football.com/seasons/2025/boxscores/20251018_7f29.xml?view=plays"
"https://www.d3football.com/seasons/2025/boxscores/20251018_7zbg.xml","Not fetched: offline (option d3ballR.offline = TRUE): https://www.d3football.com/seasons/2025/boxscores/20251018_7zbg.xml?view=plays"
"https://www.d3football.com/seasons/2025/boxscores/20251018_822s.xml","Not fetched: offline (option d3ballR.offline = TRUE): https://www.d3football.com/seasons/2025/boxscores/20251018_822s.xml?view=plays"
"https://www.d3football.com/seasons/2025/boxscores/20251018_8333.xml","Not fetched: offline (option d3ballR.offline = TRUE): https://www.d3football.com/seasons/2025/boxscores/20251018_8333.xml?view=plays"
"https://www.d3football.com/seasons/2025/boxscores/20251018_8a03.xml","Not fetched: offline (option d3ballR.offline = TRUE): https://www.d3football.com/seasons/2025/boxscores/20251018_8a03.xml?view=plays"
"https://www.d3football.com/seasons/2025/boxscores/20251018_8qq8.xml","Not fetched: offline (option d3ballR.offline = TRUE): https://www.d3football.com/seasons/2025/boxscores/20251018_8qq8.xml?view=plays"
"https://www.d3football.com/seasons/2025/boxscores/20251018_90wy.xml","Not fetched: offline (option d3ballR.offline = TRUE): https://www.d3football.com/seasons/2025/boxscores/20251018_90wy.xml?view=plays"
"https://www.d3football.com/seasons/2025/boxscores/20251018_93do.xml","Not fetched: offline (option d3ballR.offline = TRUE): https://www.d3football.com/seasons/2025/boxscores/20251018_93do.xml?view=plays"
"https://www.d3football.com/seasons/2025/boxscores/20251018_9luj.xml","Not fetched: offline (option d3ballR.offline = TRUE): https://www.d3football.com/seasons/2025/boxscores/20251018_9luj.xml?view=plays"
"https://www.d3football.com/seasons/2025/boxscores/20251018_9m09.xml","Not fetched: offline (option d3ballR.offline = TRUE): https://www.d3football.com/seasons/2025/boxscores/20251018_9m09.xml?view=plays"
"https://www.d3football.com/seasons/2025/boxscores/20251018_9yv2.xml","Not fetched: offline (option d3ballR.offline = TRUE): https://www.d3football.com/seasons/2025/boxscores/20251018_9yv2.xml?view=plays"
"https://www.d3football.com/seasons/2025/boxscores/20251018_a1wo.xml","Not fetched: offline (option d3ballR.offline = TRUE): https://www.d3football.com/seasons/2025/boxscores/20251018_a1wo.xml?view=plays"
"https://www.d3football.com/seasons/2025/boxscores/20251018_acf5.xml","Not fetched: offline (option d3ballR.offline = TRUE): https://www.d3football.com/seasons/2025/boxscores/20251018_acf5.xml?view=plays"
"https://www.d3football.com/seasons/2025/boxscores/20251018_aodv.xml","Not fetched: offline (option d3ballR.offline = TRUE): https://www.d3football.com/seasons/2025/boxscores/20251018_aodv.xml?view=plays"
"https://www.d3football.com/seasons/2025/boxscores/20251018_atwa.xml","Not fetched: offline (option d3ballR.offline = TRUE): https://www.d3football.com/seasons/2025/boxscores/20251018_atwa.xml?view=plays"
"https://www.d3football.com/seasons/2025/boxscores/20251018_b1o8.xml","Not fetched: offline (option d3ballR.offline = TRUE): https://www.d3football.com/seasons/2025/boxscores/20251018_b1o8.xml?view=plays"
"https://www.d3football.com/seasons/2025/boxscores/20251018_b8ne.xml","Not fetched: offline (option d3ballR.offline = TRUE): https://www.d3football.com/seasons/2025/boxscores/20251018_b8ne.xml?view=plays"
"https://www.d3football.com/seasons/2025/boxscores/20251018_bkfm.xml","Not fetched: offline (option d3ballR.offline = TRUE): https://www.d3football.com/seasons/2025/boxscores/20251018_bkfm.xml?view=plays"
"https://www.d3football.com/seasons/2025/boxscores/20251018_c03m.xml","Not fetched: offline (option d3ballR.offline = TRUE): https://www.d3football.com/seasons/2025/boxscores/20251018_c03m.xml?view=plays"
"https://www.d3football.com/seasons/2025/boxscores/20251018_c1xh.xml","Not fetched: offline (option d3ballR.offline = TRUE): https://www.d3football.com/seasons/2025/boxscores/20251018_c1xh.xml?view=plays"
"https://www.d3football.com/seasons/2025/boxscores/20251018_c2vg.xml","Not fetched: offline (option d3ballR.offline = TRUE): https://www.d3football.com/seasons/2025/boxscores/20251018_c2vg.xml?view=plays"
"https://www.d3football.com/seasons/2025/boxscores/20251018_c8dp.xml","Not fetched: offline (option d3ballR.offline = TRUE): https://www.d3football.com/seasons/2025/boxscores/20251018_c8dp.xml?view=plays"
"https://www.d3football.com/seasons/2025/boxscores/20251018_ca53.xml","Not fetched: offline (option d3ballR.offline = TRUE): https://www.d3football.com/seasons/2025/boxscores/20251018_ca53.xml?view=plays"
"https://www.d3football.com/seasons/2025/boxscores/20251018_cgxl.xml","Not fetched: offline (option d3ballR.offline = TRUE): https://www.d3football.com/seasons/2025/boxscores/20251018_cgxl.xml?view=plays"
"https://www.d3football.com/seasons/2025/boxscores/20251018_cldl.xml","Not fetched: offline (option d3ballR.offline = TRUE): https://www.d3football.com/seasons/2025/boxscores/20251018_cldl.xml?view=plays"
"https://www.d3football.com/seasons/2025/boxscores/20251018_cox1.xml","Not fetched: offline (option d3ballR.offline = TRUE): https://www.d3football.com/seasons/2025/boxscores/20251018_cox1.xml?view=plays"
"https://www.d3football.com/seasons/2025/boxscores/20251018_daxb.xml","Not fetched: offline (option d3ballR.offline = TRUE): https://www.d3football.com/seasons/2025/boxscores/20251018_daxb.xml?view=plays"
"https://www.d3football.com/seasons/2025/boxscores/20251018_dp0f.xml","Not fetched: offline (option d3ballR.offline = TRUE): https://www.d3football.com/seasons/2025/boxscores/20251018_dp0f.xml?view=plays"
"https://www.d3football.com/seasons/2025/boxscores/20251018_euje.xml","Not fetched: offline (option d3ballR.offline = TRUE): https://www.d3football.com/seasons/2025/boxscores/20251018_euje.xml?view=plays"
"https://www.d3football.com/seasons/2025/boxscores/20251018_fjs8.xml","Not fetched: offline (option d3ballR.offline = TRUE): https://www.d3football.com/seasons/2025/boxscores/20251018_fjs8.xml?view=plays"
"https://www.d3football.com/seasons/2025/boxscores/20251018_fpeh.xml","Not fetched: offline (option d3ballR.offline = TRUE): https://www.d3football.com/seasons/2025/boxscores/20251018_fpeh.xml?view=plays"
"https://www.d3football.com/seasons/2025/boxscores/20251018_fw4y.xml","Not fetched: offline (option d3ballR.offline = TRUE): https://www.d3football.com/seasons/2025/boxscores/20251018_fw4y.xml?view=plays"
"https://www.d3football.com/seasons/2025/boxscores/20251018_g1cw.xml","Not fetched: offline (option d3ballR.offline = TRUE): https://www.d3football.com/seasons/2025/boxscores/20251018_g1cw.xml?view=plays"
"https://www.d3football.com/seasons/2025/boxscores/20251018_g4pd.xml","Not fetched: offline (option d3ballR.offline = TRUE): https://www.d3football.com/seasons/2025/boxscores/20251018_g4pd.xml?view=plays"
"https://www.d3football.com/seasons/2025/boxscores/20251018_gc3r.xml","Not fetched: offline (option d3ballR.offline = TRUE): https://www.d3football.com/seasons/2025/boxscores/20251018_gc3r.xml?view=plays"
"https://www.d3football.com/seasons/2025/boxscores/20251018_hxst.xml","Not fetched: offline (option d3ballR.offline = TRUE): https://www.d3football.com/seasons/2025/boxscores/20251018_hxst.xml?view=plays"
"https://www.d3football.com/seasons/2025/boxscores/20251018_i2h5.xml","Not fetched: offline (option d3ballR.offline = TRUE): https://www.d3football.com/seasons/2025/boxscores/20251018_i2h5.xml?view=plays"
"https://www.d3football.com/seasons/2025/boxscores/20251018_iacj.xml","Not fetched: offline (option d3ballR.offline = TRUE): https://www.d3football.com/seasons/2025/boxscores/20251018_iacj.xml?view=plays"
"https://www.d3football.com/seasons/2025/boxscores/20251018_ids7.xml","Not fetched: offline (option d3ballR.offline = TRUE): https://www.d3football.com/seasons/2025/boxscores/20251018_ids7.xml?view=plays"
"https://www.d3football.com/seasons/2025/boxscores/20251018_j41h.xml","Not fetched: offline (option d3ballR.offline = TRUE): https://www.d3football.com/seasons/2025/boxscores/20251018_j41h.xml?view=plays"
"https://www.d3football.com/seasons/2025/boxscores/20251018_j8y5.xml","Not fetched: offline (option d3ballR.offline = TRUE): https://www.d3football.com/seasons/2025/boxscores/20251018_j8y5.xml?view=plays"
"https://www.d3football.com/seasons/2025/boxscores/20251018_k5hc.xml","Not fetched: offline (option d3ballR.offline = TRUE): https://www.d3football.com/seasons/2025/boxscores/20251018_k5hc.xml?view=plays"
"https://www.d3football.com/seasons/2025/boxscores/20251018_lqes.xml","Not fetched: offline (option d3ballR.offline = TRUE): https://www.d3football.com/seasons/2025/boxscores/20251018_lqes.xml?view=plays"
"https://www.d3football.com/seasons/2025/boxscores/20251018_lsn7.xml","Not fetched: offline (option d3ballR.offline = TRUE): https://www.d3football.com/seasons/2025/boxscores/20251018_lsn7.xml?view=plays"
"https://www.d3football.com/seasons/2025/boxscores/20251018_lsni.xml","Not fetched: offline (option d3ballR.offline = TRUE): https://www.d3football.com/seasons/2025/boxscores/20251018_lsni.xml?view=plays"
"https://www.d3football.com/seasons/2025/boxscores/20251018_mcjj.xml","Not fetched: offline (option d3ballR.offline = TRUE): https://www.d3football.com/seasons/2025/boxscores/20251018_mcjj.xml?view=plays"
"https://www.d3football.com/seasons/2025/boxscores/20251018_muny.xml","Not fetched: offline (option d3ballR.offline = TRUE): https://www.d3football.com/seasons/2025/boxscores/20251018_muny.xml?view=plays"
"https://www.d3football.com/seasons/2025/boxscores/20251018_ncr1.xml","Not fetched: offline (option d3ballR.offline = TRUE): https://www.d3football.com/seasons/2025/boxscores/20251018_ncr1.xml?view=plays"
"https://www.d3football.com/seasons/2025/boxscores/20251018_nmgq.xml","Not fetched: offline (option d3ballR.offline = TRUE): https://www.d3football.com/seasons/2025/boxscores/20251018_nmgq.xml?view=plays"
"https://www.d3football.com/seasons/2025/boxscores/20251018_npru.xml","Not fetched: offline (option d3ballR.offline = TRUE): https://www.d3football.com/seasons/2025/boxscores/20251018_npru.xml?view=plays"
"https://www.d3football.com/seasons/2025/boxscores/20251018_nvy4.xml","Not fetched: offline (option d3ballR.offline = TRUE): https://www.d3football.com/seasons/2025/boxscores/20251018_nvy4.xml?view=plays"
"https://www.d3football.com/seasons/2025/boxscores/20251018_nwu9.xml","Not fetched: offline (option d3ballR.offline = TRUE): https://www.d3football.com/seasons/2025/boxscores/20251018_nwu9.xml?view=plays"
"https://www.d3football.com/seasons/2025/boxscores/20251018_ogq0.xml","Not fetched: offline (option d3ballR.offline = TRUE): https://www.d3football.com/seasons/2025/boxscores/20251018_ogq0.xml?view=plays"
"https://www.d3football.com/seasons/2025/boxscores/20251018_p1gd.xml","Not fetched: offline (option d3ballR.offline = TRUE): https://www.d3football.com/seasons/2025/boxscores/20251018_p1gd.xml?view=plays"
"https://www.d3football.com/seasons/2025/boxscores/20251018_p22v.xml","Not fetched: offline (option d3ballR.offline = TRUE): https://www.d3football.com/seasons/2025/boxscores/20251018_p22v.xml?view=plays"
"https://www.d3football.com/seasons/2025/boxscores/20251018_p4ay.xml","Not fetched: offline (option d3ballR.offline = TRUE): https://www.d3football.com/seasons/2025/boxscores/20251018_p4ay.xml?view=plays"
"https://www.d3football.com/seasons/2025/boxscores/20251018_p5mo.xml","Not fetched: offline (option d3ballR.offline = TRUE): https://www.d3football.com/seasons/2025/boxscores/20251018_p5mo.xml?view=plays"
"https://www.d3football.com/seasons/2025/boxscores/20251018_pb88.xml","Not fetched: offline (option d3ballR.offline = TRUE): https://www.d3football.com/seasons/2025/boxscores/20251018_pb88.xml?view=plays"
"https://www.d3football.com/seasons/2025/boxscores/20251018_peh8.xml","Not fetched: offline (option d3ballR.offline = TRUE): https://www.d3football.com/seasons/2025/boxscores/20251018_peh8.xml?view=plays"
"https://www.d3football.com/seasons/2025/boxscores/20251018_q584.xml","Not fetched: offline (option d3ballR.offline = TRUE): https://www.d3football.com/seasons/2025/boxscores/20251018_q584.xml?view=plays"
"https://www.d3football.com/seasons/2025/boxscores/20251018_qehs.xml","Not fetched: offline (option d3ballR.offline = TRUE): https://www.d3football.com/seasons/2025/boxscores/20251018_qehs.xml?view=plays"
"https://www.d3football.com/seasons/2025/boxscores/20251018_qo69.xml","Not fetched: offline (option d3ballR.offline = TRUE): https://www.d3football.com/seasons/2025/boxscores/20251018_qo69.xml?view=plays"
"https://www.d3football.com/seasons/2025/boxscores/20251018_qp1z.xml","Not fetched: offline (option d3ballR.offline = TRUE): https://www.d3football.com/seasons/2025/boxscores/20251018_qp1z.xml?view=plays"
"https://www.d3football.com/seasons/2025/boxscores/20251018_qtoo.xml","Not fetched: offline (option d3ballR.offline = TRUE): https://www.d3football.com/seasons/2025/boxscores/20251018_qtoo.xml?view=plays"
"https://www.d3football.com/seasons/2025/boxscores/20251018_rs6p.xml","Not fetched: offline (option d3ballR.offline = TRUE): https://www.d3football.com/seasons/2025/boxscores/20251018_rs6p.xml?view=plays"
"https://www.d3football.com/seasons/2025/boxscores/20251018_rzyp.xml","Not fetched: offline (option d3ballR.offline = TRUE): https://www.d3football.com/seasons/2025/boxscores/20251018_rzyp.xml?view=plays"
"https://www.d3football.com/seasons/2025/boxscores/20251018_s3o8.xml","Not fetched: offline (option d3ballR.offline = TRUE): https://www.d3football.com/seasons/2025/boxscores/20251018_s3o8.xml?view=plays"
"https://www.d3football.com/seasons/2025/boxscores/20251018_s6n3.xml","Not fetched: offline (option d3ballR.offline = TRUE): https://www.d3football.com/seasons/2025/boxscores/20251018_s6n3.xml?view=plays"
"https://www.d3football.com/seasons/2025/boxscores/20251018_t5ko.xml","Not fetched: offline (option d3ballR.offline = TRUE): https://www.d3football.com/seasons/2025/boxscores/20251018_t5ko.xml?view=plays"
"https://www.d3football.com/seasons/2025/boxscores/20251018_teml.xml","Not fetched: offline (option d3ballR.offline = TRUE): https://www.d3football.com/seasons/2025/boxscores/20251018_teml.xml?view=plays"
"https://www.d3football.com/seasons/2025/boxscores/20251018_tkfi.xml","Not fetched: offline (option d3ballR.offline = TRUE): https://www.d3football.com/seasons/2025/boxscores/20251018_tkfi.xml?view=plays"
"https://www.d3football.com/seasons/2025/boxscores/20251018_tl72.xml","Not fetched: offline (option d3ballR.offline = TRUE): https://www.d3football.com/seasons/2025/boxscores/20251018_tl72.xml?view=plays"
"https://www.d3football.com/seasons/2025/boxscores/20251018_trap.xml","Not fetched: offline (option d3ballR.offline = TRUE): https://www.d3football.com/seasons/2025/boxscores/20251018_trap.xml?view=plays"
"https://www.d3football.com/seasons/2025/boxscores/20251018_uba5.xml","Not fetched: offline (option d3ballR.offline = TRUE): https://www.d3football.com/seasons/2025/boxscores/20251018_uba5.xml?view=plays"
"https://www.d3football.com/seasons/2025/boxscores/20251018_uykj.xml","Not fetched: offline (option d3ballR.offline = TRUE): https://www.d3football.com/seasons/2025/boxscores/20251018_uykj.xml?view=plays"
"https://www.d3football.com/seasons/2025/boxscores/20251018_v1b9.xml","Not fetched: offline (option d3ballR.offline = TRUE): https://www.d3football.com/seasons/2025/boxscores/20251018_v1b9.xml?view=plays"
"https://www.d3football.com/seasons/2025/boxscores/20251018_w6gx.xml","Not fetched: offline (option d3ballR.offline = TRUE): https://www.d3football.com/seasons/2025/boxscores/20251018_w6gx.xml?view=plays"
"https://www.d3football.com/seasons/2025/boxscores/20251018_w9wb.xml","Not fetched: offline (option d3ballR.offline = TRUE): https://www.d3football.com/seasons/2025/boxscores/20251018_w9wb.xml?view=plays"
"https://www.d3football.com/seasons/2025/boxscores/20251018_wki3.xml","Not fetched: offline (option d3ballR.offline = TRUE): https://www.d3football.com/seasons/2025/boxscores/20251018_wki3.xml?view=plays"
"https://www.d3football.com/seasons/2025/boxscores/20251018_wysz.xml","Not fetched: offline (option d3ballR.offline = TRUE): https://www.d3football.com/seasons/2025/boxscores/20251018_wysz.xml?view=plays"
"https://www.d3football.com/seasons/2025/boxscores/20251018_x2s5.xml","Not fetched: offline (option d3ballR.offline = TRUE): https://www.d3football.com/seasons/2025/boxscores/20251018_x2s5.xml?view=plays"
"https://www.d3football.com/seasons/2025/boxscores/20251018_x3ve.xml","Not fetched: offline (option d3ballR.offline = TRUE): https://www.d3football.com/seasons/2025/boxscores/20251018_x3ve.xml?view=plays"
"https://www.d3football.com/seasons/2025/boxscores/20251018_xb3t.xml","Not fetched: offline (option d3ballR.offline = TRUE): https://www.d3football.com/seasons/2025/boxscores/20251018_xb3t.xml?view=plays"
"https://www.d3football.com/seasons/2025/boxscores/20251018_xwlp.xml","Not fetched: offline (option d3ballR.offline = TRUE): https://www.d3football.com/seasons/2025/boxscores/20251018_xwlp.xml?view=plays"
"https://www.d3football.com/seasons/2025/boxscores/20251018_y29z.xml","Not fetched: offline (option d3ballR.offline = TRUE): https://www.d3football.com/seasons/2025/boxscores/20251018_y29z.xml?view=plays"
"https://www.d3football.com/seasons/2025/boxscores/20251018_z2v9.xml","Not fetched: offline (option d3ballR.offline = TRUE): https://www.d3football.com/seasons/2025/boxscores/20251018_z2v9.xml?view=plays"
"https://www.d3football.com/seasons/2025/boxscores/20251018_zedq.xml","Not fetched: offline (option d3ballR.offline = TRUE): https://www.d3football.com/seasons/2025/boxscores/20251018_zedq.xml?view=plays"
"https://www.d3football.com/seasons/2025/boxscores/20251018_zqor.xml","Not fetched: offline (option d3ballR.offline = TRUE): https://www.d3football.com/seasons/2025/boxscores/20251018_zqor.xml?view=plays"
"https://www.d3football.com/seasons/2025/boxscores/20251025_024w.xml","Not fetched: offline (option d3ballR.offline = TRUE): https://www.d3football.com/seasons/2025/boxscores/20251025_024w.xml?view=plays"
"https://www.d3football.com/seasons/2025/boxscores/20251025_0m5o.xml","Not fetched: offline (option d3ballR.offline = TRUE): https://www.d3football.com/seasons/2025/boxscores/20251025_0m5o.xml?view=plays"
"https://www.d3football.com/seasons/2025/boxscores/20251025_1ojm.xml","Not fetched: offline (option d3ballR.offline = TRUE): https://www.d3football.com/seasons/2025/boxscores/20251025_1ojm.xml?view=plays"
"https://www.d3football.com/seasons/2025/boxscores/20251025_23jm.xml","Not fetched: offline (option d3ballR.offline = TRUE): https://www.d3football.com/seasons/2025/boxscores/20251025_23jm.xml?view=plays"
"https://www.d3football.com/seasons/2025/boxscores/20251025_2zva.xml","Not fetched: offline (option d3ballR.offline = TRUE): https://www.d3football.com/seasons/2025/boxscores/20251025_2zva.xml?view=plays"
"https://www.d3football.com/seasons/2025/boxscores/20251025_3f3m.xml","Not fetched: offline (option d3ballR.offline = TRUE): https://www.d3football.com/seasons/2025/boxscores/20251025_3f3m.xml?view=plays"
"https://www.d3football.com/seasons/2025/boxscores/20251025_455z.xml","Not fetched: offline (option d3ballR.offline = TRUE): https://www.d3football.com/seasons/2025/boxscores/20251025_455z.xml?view=plays"
"https://www.d3football.com/seasons/2025/boxscores/20251025_4dhm.xml","Not fetched: offline (option d3ballR.offline = TRUE): https://www.d3football.com/seasons/2025/boxscores/20251025_4dhm.xml?view=plays"
"https://www.d3football.com/seasons/2025/boxscores/20251025_4f70.xml","Not fetched: offline (option d3ballR.offline = TRUE): https://www.d3football.com/seasons/2025/boxscores/20251025_4f70.xml?view=plays"
"https://www.d3football.com/seasons/2025/boxscores/20251025_4mxm.xml","Not fetched: offline (option d3ballR.offline = TRUE): https://www.d3football.com/seasons/2025/boxscores/20251025_4mxm.xml?view=plays"
"https://www.d3football.com/seasons/2025/boxscores/20251025_4ug9.xml","Not fetched: offline (option d3ballR.offline = TRUE): https://www.d3football.com/seasons/2025/boxscores/20251025_4ug9.xml?view=plays"
"https://www.d3football.com/seasons/2025/boxscores/20251025_52x4.xml","Not fetched: offline (option d3ballR.offline = TRUE): https://www.d3football.com/seasons/2025/boxscores/20251025_52x4.xml?view=plays"
"https://www.d3football.com/seasons/2025/boxscores/20251025_543j.xml","Not fetched: offline (option d3ballR.offline = TRUE): https://www.d3football.com/seasons/2025/boxscores/20251025_543j.xml?view=plays"
"https://www.d3football.com/seasons/2025/boxscores/20251025_5bk6.xml","Not fetched: offline (option d3ballR.offline = TRUE): https://www.d3football.com/seasons/2025/boxscores/20251025_5bk6.xml?view=plays"
"https://www.d3football.com/seasons/2025/boxscores/20251025_5tyj.xml","Not fetched: offline (option d3ballR.offline = TRUE): https://www.d3football.com/seasons/2025/boxscores/20251025_5tyj.xml?view=plays"
"https://www.d3football.com/seasons/2025/boxscores/20251025_5v7u.xml","Not fetched: offline (option d3ballR.offline = TRUE): https://www.d3football.com/seasons/2025/boxscores/20251025_5v7u.xml?view=plays"
"https://www.d3football.com/seasons/2025/boxscores/20251025_5x43.xml","Not fetched: offline (option d3ballR.offline = TRUE): https://www.d3football.com/seasons/2025/boxscores/20251025_5x43.xml?view=plays"
"https://www.d3football.com/seasons/2025/boxscores/20251025_6c4m.xml","Not fetched: offline (option d3ballR.offline = TRUE): https://www.d3football.com/seasons/2025/boxscores/20251025_6c4m.xml?view=plays"
"https://www.d3football.com/seasons/2025/boxscores/20251025_6lzv.xml","Not fetched: offline (option d3ballR.offline = TRUE): https://www.d3football.com/seasons/2025/boxscores/20251025_6lzv.xml?view=plays"
"https://www.d3football.com/seasons/2025/boxscores/20251025_71yd.xml","Not fetched: offline (option d3ballR.offline = TRUE): https://www.d3football.com/seasons/2025/boxscores/20251025_71yd.xml?view=plays"
"https://www.d3football.com/seasons/2025/boxscores/20251025_7l5n.xml","Not fetched: offline (option d3ballR.offline = TRUE): https://www.d3football.com/seasons/2025/boxscores/20251025_7l5n.xml?view=plays"
"https://www.d3football.com/seasons/2025/boxscores/20251025_7qws.xml","Not fetched: offline (option d3ballR.offline = TRUE): https://www.d3football.com/seasons/2025/boxscores/20251025_7qws.xml?view=plays"
"https://www.d3football.com/seasons/2025/boxscores/20251025_7xan.xml","Not fetched: offline (option d3ballR.offline = TRUE): https://www.d3football.com/seasons/2025/boxscores/20251025_7xan.xml?view=plays"
"https://www.d3football.com/seasons/2025/boxscores/20251025_89um.xml","Not fetched: offline (option d3ballR.offline = TRUE): https://www.d3football.com/seasons/2025/boxscores/20251025_89um.xml?view=plays"
"https://www.d3football.com/seasons/2025/boxscores/20251025_8ezz.xml","Not fetched: offline (option d3ballR.offline = TRUE): https://www.d3football.com/seasons/2025/boxscores/20251025_8ezz.xml?view=plays"
"https://www.d3football.com/seasons/2025/boxscores/20251025_9f6y.xml","Not fetched: offline (option d3ballR.offline = TRUE): https://www.d3football.com/seasons/2025/boxscores/20251025_9f6y.xml?view=plays"
"https://www.d3football.com/seasons/2025/boxscores/20251025_9hv3.xml","Not fetched: offline (option d3ballR.offline = TRUE): https://www.d3football.com/seasons/2025/boxscores/20251025_9hv3.xml?view=plays"
"https://www.d3football.com/seasons/2025/boxscores/20251025_9prp.xml","Not fetched: offline (option d3ballR.offline = TRUE): https://www.d3football.com/seasons/2025/boxscores/20251025_9prp.xml?view=plays"
"https://www.d3football.com/seasons/2025/boxscores/20251025_9v5e.xml","Not fetched: offline (option d3ballR.offline = TRUE): https://www.d3football.com/seasons/2025/boxscores/20251025_9v5e.xml?view=plays"
"https://www.d3football.com/seasons/2025/boxscores/20251025_ag43.xml","Not fetched: offline (option d3ballR.offline = TRUE): https://www.d3football.com/seasons/2025/boxscores/20251025_ag43.xml?view=plays"
"https://www.d3football.com/seasons/2025/boxscores/20251025_blxx.xml","Not fetched: offline (option d3ballR.offline = TRUE): https://www.d3football.com/seasons/2025/boxscores/20251025_blxx.xml?view=plays"
"https://www.d3football.com/seasons/2025/boxscores/20251025_bmll.xml","Not fetched: offline (option d3ballR.offline = TRUE): https://www.d3football.com/seasons/2025/boxscores/20251025_bmll.xml?view=plays"
"https://www.d3football.com/seasons/2025/boxscores/20251025_bq9e.xml","Not fetched: offline (option d3ballR.offline = TRUE): https://www.d3football.com/seasons/2025/boxscores/20251025_bq9e.xml?view=plays"
"https://www.d3football.com/seasons/2025/boxscores/20251025_cd1m.xml","Not fetched: offline (option d3ballR.offline = TRUE): https://www.d3football.com/seasons/2025/boxscores/20251025_cd1m.xml?view=plays"
"https://www.d3football.com/seasons/2025/boxscores/20251025_cei1.xml","Not fetched: offline (option d3ballR.offline = TRUE): https://www.d3football.com/seasons/2025/boxscores/20251025_cei1.xml?view=plays"
"https://www.d3football.com/seasons/2025/boxscores/20251025_ciwk.xml","Not fetched: offline (option d3ballR.offline = TRUE): https://www.d3football.com/seasons/2025/boxscores/20251025_ciwk.xml?view=plays"
"https://www.d3football.com/seasons/2025/boxscores/20251025_d607.xml","Not fetched: offline (option d3ballR.offline = TRUE): https://www.d3football.com/seasons/2025/boxscores/20251025_d607.xml?view=plays"
"https://www.d3football.com/seasons/2025/boxscores/20251025_depj.xml","Not fetched: offline (option d3ballR.offline = TRUE): https://www.d3football.com/seasons/2025/boxscores/20251025_depj.xml?view=plays"
"https://www.d3football.com/seasons/2025/boxscores/20251025_dgqs.xml","Not fetched: offline (option d3ballR.offline = TRUE): https://www.d3football.com/seasons/2025/boxscores/20251025_dgqs.xml?view=plays"
"https://www.d3football.com/seasons/2025/boxscores/20251025_digk.xml","Not fetched: offline (option d3ballR.offline = TRUE): https://www.d3football.com/seasons/2025/boxscores/20251025_digk.xml?view=plays"
"https://www.d3football.com/seasons/2025/boxscores/20251025_dmry.xml","Not fetched: offline (option d3ballR.offline = TRUE): https://www.d3football.com/seasons/2025/boxscores/20251025_dmry.xml?view=plays"
"https://www.d3football.com/seasons/2025/boxscores/20251025_dope.xml","Not fetched: offline (option d3ballR.offline = TRUE): https://www.d3football.com/seasons/2025/boxscores/20251025_dope.xml?view=plays"
"https://www.d3football.com/seasons/2025/boxscores/20251025_dsey.xml","Not fetched: offline (option d3ballR.offline = TRUE): https://www.d3football.com/seasons/2025/boxscores/20251025_dsey.xml?view=plays"
"https://www.d3football.com/seasons/2025/boxscores/20251025_e4ax.xml","Not fetched: offline (option d3ballR.offline = TRUE): https://www.d3football.com/seasons/2025/boxscores/20251025_e4ax.xml?view=plays"
"https://www.d3football.com/seasons/2025/boxscores/20251025_e5ht.xml","Not fetched: offline (option d3ballR.offline = TRUE): https://www.d3football.com/seasons/2025/boxscores/20251025_e5ht.xml?view=plays"
"https://www.d3football.com/seasons/2025/boxscores/20251025_eeno.xml","Not fetched: offline (option d3ballR.offline = TRUE): https://www.d3football.com/seasons/2025/boxscores/20251025_eeno.xml?view=plays"
"https://www.d3football.com/seasons/2025/boxscores/20251025_fsf9.xml","Not fetched: offline (option d3ballR.offline = TRUE): https://www.d3football.com/seasons/2025/boxscores/20251025_fsf9.xml?view=plays"
"https://www.d3football.com/seasons/2025/boxscores/20251025_fy7l.xml","Not fetched: offline (option d3ballR.offline = TRUE): https://www.d3football.com/seasons/2025/boxscores/20251025_fy7l.xml?view=plays"
"https://www.d3football.com/seasons/2025/boxscores/20251025_gdc7.xml","Not fetched: offline (option d3ballR.offline = TRUE): https://www.d3football.com/seasons/2025/boxscores/20251025_gdc7.xml?view=plays"
"https://www.d3football.com/seasons/2025/boxscores/20251025_gmjt.xml","Not fetched: offline (option d3ballR.offline = TRUE): https://www.d3football.com/seasons/2025/boxscores/20251025_gmjt.xml?view=plays"
"https://www.d3football.com/seasons/2025/boxscores/20251025_h25m.xml","Not fetched: offline (option d3ballR.offline = TRUE): https://www.d3football.com/seasons/2025/boxscores/20251025_h25m.xml?view=plays"
"https://www.d3football.com/seasons/2025/boxscores/20251025_h5ma.xml","Not fetched: offline (option d3ballR.offline = TRUE): https://www.d3football.com/seasons/2025/boxscores/20251025_h5ma.xml?view=plays"
"https://www.d3football.com/seasons/2025/boxscores/20251025_hbmw.xml","Not fetched: offline (option d3ballR.offline = TRUE): https://www.d3football.com/seasons/2025/boxscores/20251025_hbmw.xml?view=plays"
"https://www.d3football.com/seasons/2025/boxscores/20251025_hcz5.xml","Not fetched: offline (option d3ballR.offline = TRUE): https://www.d3football.com/seasons/2025/boxscores/20251025_hcz5.xml?view=plays"
"https://www.d3football.com/seasons/2025/boxscores/20251025_hgxy.xml","Not fetched: offline (option d3ballR.offline = TRUE): https://www.d3football.com/seasons/2025/boxscores/20251025_hgxy.xml?view=plays"
"https://www.d3football.com/seasons/2025/boxscores/20251025_im7k.xml","Not fetched: offline (option d3ballR.offline = TRUE): https://www.d3football.com/seasons/2025/boxscores/20251025_im7k.xml?view=plays"
"https://www.d3football.com/seasons/2025/boxscores/20251025_iu6d.xml","Not fetched: offline (option d3ballR.offline = TRUE): https://www.d3football.com/seasons/2025/boxscores/20251025_iu6d.xml?view=plays"
"https://www.d3football.com/seasons/2025/boxscores/20251025_ixzt.xml","Not fetched: offline (option d3ballR.offline = TRUE): https://www.d3football.com/seasons/2025/boxscores/20251025_ixzt.xml?view=plays"
"https://www.d3football.com/seasons/2025/boxscores/20251025_jglz.xml","Not fetched: offline (option d3ballR.offline = TRUE): https://www.d3football.com/seasons/2025/boxscores/20251025_jglz.xml?view=plays"
"https://www.d3football.com/seasons/2025/boxscores/20251025_jupl.xml","Not fetched: offline (option d3ballR.offline = TRUE): https://www.d3football.com/seasons/2025/boxscores/20251025_jupl.xml?view=plays"
"https://www.d3football.com/seasons/2025/boxscores/20251025_jybq.xml","Not fetched: offline (option d3ballR.offline = TRUE): https://www.d3football.com/seasons/2025/boxscores/20251025_jybq.xml?view=plays"
"https://www.d3football.com/seasons/2025/boxscores/20251025_k7jb.xml","Not fetched: offline (option d3ballR.offline = TRUE): https://www.d3football.com/seasons/2025/boxscores/20251025_k7jb.xml?view=plays"
"https://www.d3football.com/seasons/2025/boxscores/20251025_kb9b.xml","Not fetched: offline (option d3ballR.offline = TRUE): https://www.d3football.com/seasons/2025/boxscores/20251025_kb9b.xml?view=plays"
"https://www.d3football.com/seasons/2025/boxscores/20251025_kvj1.xml","Not fetched: offline (option d3ballR.offline = TRUE): https://www.d3football.com/seasons/2025/boxscores/20251025_kvj1.xml?view=plays"
"https://www.d3football.com/seasons/2025/boxscores/20251025_l8zg.xml","Not fetched: offline (option d3ballR.offline = TRUE): https://www.d3football.com/seasons/2025/boxscores/20251025_l8zg.xml?view=plays"
"https://www.d3football.com/seasons/2025/boxscores/20251025_ljnt.xml","Not fetched: offline (option d3ballR.offline = TRUE): https://www.d3football.com/seasons/2025/boxscores/20251025_ljnt.xml?view=plays"
"https://www.d3football.com/seasons/2025/boxscores/20251025_lufv.xml","Not fetched: offline (option d3ballR.offline = TRUE): https://www.d3football.com/seasons/2025/boxscores/20251025_lufv.xml?view=plays"
"https://www.d3football.com/seasons/2025/boxscores/20251025_mc26.xml","Not fetched: offline (option d3ballR.offline = TRUE): https://www.d3football.com/seasons/2025/boxscores/20251025_mc26.xml?view=plays"
"https://www.d3football.com/seasons/2025/boxscores/20251025_mmln.xml","Not fetched: offline (option d3ballR.offline = TRUE): https://www.d3football.com/seasons/2025/boxscores/20251025_mmln.xml?view=plays"
"https://www.d3football.com/seasons/2025/boxscores/20251025_n5hm.xml","Not fetched: offline (option d3ballR.offline = TRUE): https://www.d3football.com/seasons/2025/boxscores/20251025_n5hm.xml?view=plays"
"https://www.d3football.com/seasons/2025/boxscores/20251025_nj99.xml","Not fetched: offline (option d3ballR.offline = TRUE): https://www.d3football.com/seasons/2025/boxscores/20251025_nj99.xml?view=plays"
"https://www.d3football.com/seasons/2025/boxscores/20251025_oc10.xml","Not fetched: offline (option d3ballR.offline = TRUE): https://www.d3football.com/seasons/2025/boxscores/20251025_oc10.xml?view=plays"
"https://www.d3football.com/seasons/2025/boxscores/20251025_ojtk.xml","Not fetched: offline (option d3ballR.offline = TRUE): https://www.d3football.com/seasons/2025/boxscores/20251025_ojtk.xml?view=plays"
"https://www.d3football.com/seasons/2025/boxscores/20251025_ow1f.xml","Not fetched: offline (option d3ballR.offline = TRUE): https://www.d3football.com/seasons/2025/boxscores/20251025_ow1f.xml?view=plays"
"https://www.d3football.com/seasons/2025/boxscores/20251025_oya2.xml","Not fetched: offline (option d3ballR.offline = TRUE): https://www.d3football.com/seasons/2025/boxscores/20251025_oya2.xml?view=plays"
"https://www.d3football.com/seasons/2025/boxscores/20251025_pa27.xml","Not fetched: offline (option d3ballR.offline = TRUE): https://www.d3football.com/seasons/2025/boxscores/20251025_pa27.xml?view=plays"
"https://www.d3football.com/seasons/2025/boxscores/20251025_pg8w.xml","Not fetched: offline (option d3ballR.offline = TRUE): https://www.d3football.com/seasons/2025/boxscores/20251025_pg8w.xml?view=plays"
"https://www.d3football.com/seasons/2025/boxscores/20251025_pnh1.xml","Not fetched: offline (option d3ballR.offline = TRUE): https://www.d3football.com/seasons/2025/boxscores/20251025_pnh1.xml?view=plays"
"https://www.d3football.com/seasons/2025/boxscores/20251025_pp9h.xml","Not fetched: offline (option d3ballR.offline = TRUE): https://www.d3football.com/seasons/2025/boxscores/20251025_pp9h.xml?view=plays"
"https://www.d3football.com/seasons/2025/boxscores/20251025_q9bp.xml","Not fetched: offline (option d3ballR.offline = TRUE): https://www.d3football.com/seasons/2025/boxscores/20251025_q9bp.xml?view=plays"
"https://www.d3football.com/seasons/2025/boxscores/20251025_rkm9.xml","Not fetched: offline (option d3ballR.offline = TRUE): https://www.d3football.com/seasons/2025/boxscores/20251025_rkm9.xml?view=plays"
"https://www.d3football.com/seasons/2025/boxscores/20251025_rto1.xml","Not fetched: offline (option d3ballR.offline = TRUE): https://www.d3football.com/seasons/2025/boxscores/20251025_rto1.xml?view=plays"
"https://www.d3football.com/seasons/2025/boxscores/20251025_slz4.xml","Not fetched: offline (option d3ballR.offline = TRUE): https://www.d3football.com/seasons/2025/boxscores/20251025_slz4.xml?view=plays"
"https://www.d3football.com/seasons/2025/boxscores/20251025_spoh.xml","Not fetched: offline (option d3ballR.offline = TRUE): https://www.d3football.com/seasons/2025/boxscores/20251025_spoh.xml?view=plays"
"https://www.d3football.com/seasons/2025/boxscores/20251025_sxum.xml","Not fetched: offline (option d3ballR.offline = TRUE): https://www.d3football.com/seasons/2025/boxscores/20251025_sxum.xml?view=plays"
"https://www.d3football.com/seasons/2025/boxscores/20251025_t9ss.xml","Not fetched: offline (option d3ballR.offline = TRUE): https://www.d3football.com/seasons/2025/boxscores/20251025_t9ss.xml?view=plays"
"https://www.d3football.com/seasons/2025/boxscores/20251025_tehf.xml","Not fetched: offline (option d3ballR.offline = TRUE): https://www.d3football.com/seasons/2025/boxscores/20251025_tehf.xml?view=plays"
"https://www.d3football.com/seasons/2025/boxscores/20251025_tfdo.xml","Not fetched: offline (option d3ballR.offline = TRUE): https://www.d3football.com/seasons/2025/boxscores/20251025_tfdo.xml?view=plays"
"https://www.d3football.com/seasons/2025/boxscores/20251025_ti9j.xml","Not fetched: offline (option d3ballR.offline = TRUE): https://www.d3football.com/seasons/2025/boxscores/20251025_ti9j.xml?view=plays"
"https://www.d3football.com/seasons/2025/boxscores/20251025_tjsi.xml","Not fetched: offline (option d3ballR.offline = TRUE): https://www.d3football.com/seasons/2025/boxscores/20251025_tjsi.xml?view=plays"
"https://www.d3football.com/seasons/2025/boxscores/20251025_uao9.xml","Not fetched: offline (option d3ballR.offline = TRUE): https://www.d3football.com/seasons/2025/boxscores/20251025_uao9.xml?view=plays"
"https://www.d3football.com/seasons/2025/boxscores/20251025_uswz.xml","Not fetched: offline (option d3ballR.offline = TRUE): https://www.d3football.com/seasons/2025/boxscores/20251025_uswz.xml?view=plays"
"https://www.d3football.com/seasons/2025/boxscores/20251025_utnd.xml","Not fetched: offline (option d3ballR.offline = TRUE): https://www.d3football.com/seasons/2025/boxscores/20251025_utnd.xml?view=plays"
"https://www.d3football.com/seasons/2025/boxscores/20251025_uu62.xml","Not fetched: offline (option d3ballR.offline = TRUE): https://www.d3football.com/seasons/2025/boxscores/20251025_uu62.xml?view=plays"
"https://www.d3football.com/seasons/2025/boxscores/20251025_uy5n.xml","Not fetched: offline (option d3ballR.offline = TRUE): https://www.d3football.com/seasons/2025/boxscores/20251025_uy5n.xml?view=plays"
"https://www.d3football.com/seasons/2025/boxscores/20251025_uzzr.xml","Not fetched: offline (option d3ballR.offline = TRUE): https://www.d3football.com/seasons/2025/boxscores/20251025_uzzr.xml?view=plays"
"https://www.d3football.com/seasons/2025/boxscores/20251025_vnjk.xml","Not fetched: offline (option d3ballR.offline = TRUE): https://www.d3football.com/seasons/2025/boxscores/20251025_vnjk.xml?view=plays"
"https://www.d3football.com/seasons/2025/boxscores/20251025_wenl.xml","Not fetched: offline (option d3ballR.offline = TRUE): https://www.d3football.com/seasons/2025/boxscores/20251025_wenl.xml?view=plays"
"https://www.d3football.com/seasons/2025/boxscores/20251025_wfq5.xml","Not fetched: offline (option d3ballR.offline = TRUE): https://www.d3football.com/seasons/2025/boxscores/20251025_wfq5.xml?view=plays"
"https://www.d3football.com/seasons/2025/boxscores/20251025_wkgm.xml","Not fetched: offline (option d3ballR.offline = TRUE): https://www.d3football.com/seasons/2025/boxscores/20251025_wkgm.xml?view=plays"
"https://www.d3football.com/seasons/2025/boxscores/20251025_ws2j.xml","Not fetched: offline (option d3ballR.offline = TRUE): https://www.d3football.com/seasons/2025/boxscores/20251025_ws2j.xml?view=plays"
"https://www.d3football.com/seasons/2025/boxscores/20251025_wyk7.xml","Not fetched: offline (option d3ballR.offline = TRUE): https://www.d3football.com/seasons/2025/boxscores/20251025_wyk7.xml?view=plays"
"https://www.d3football.com/seasons/2025/boxscores/20251025_x38p.xml","Not fetched: offline (option d3ballR.offline = TRUE): https://www.d3football.com/seasons/2025/boxscores/20251025_x38p.xml?view=plays"
"https://www.d3football.com/seasons/2025/boxscores/20251025_xd6l.xml","Not fetched: offline (option d3ballR.offline = TRUE): https://www.d3football.com/seasons/2025/boxscores/20251025_xd6l.xml?view=plays"
"https://www.d3football.com/seasons/2025/boxscores/20251025_xebw.xml","Not fetched: offline (option d3ballR.offline = TRUE): https://www.d3football.com/seasons/2025/boxscores/20251025_xebw.xml?view=plays"
"https://www.d3football.com/seasons/2025/boxscores/20251025_ybar.xml","Not fetched: offline (option d3ballR.offline = TRUE): https://www.d3football.com/seasons/2025/boxscores/20251025_ybar.xml?view=plays"
"https://www.d3football.com/seasons/2025/boxscores/20251025_ye87.xml","Not fetched: offline (option d3ballR.offline = TRUE): https://www.d3football.com/seasons/2025/boxscores/20251025_ye87.xml?view=plays"
"https://www.d3football.com/seasons/2025/boxscores/20251025_yz1u.xml","Not fetched: offline (option d3ballR.offline = TRUE): https://www.d3football.com/seasons/2025/boxscores/20251025_yz1u.xml?view=plays"
"https://www.d3football.com/seasons/2025/boxscores/20251025_z43s.xml","Not fetched: offline (option d3ballR.offline = TRUE): https://www.d3football.com/seasons/2025/boxscores/20251025_z43s.xml?view=plays"
"https://www.d3football.com/seasons/2025/boxscores/20251025_z4da.xml","Not fetched: offline (option d3ballR.offline = TRUE): https://www.d3football.com/seasons/2025/boxscores/20251025_z4da.xml?view=plays"
"https://www.d3football.com/seasons/2025/boxscores/20251025_z541.xml","Not fetched: offline (option d3ballR.offline = TRUE): https://www.d3football.com/seasons/2025/boxscores/20251025_z541.xml?view=plays"
"https://www.d3football.com/seasons/2025/boxscores/20251025_zeq7.xml","Not fetched: offline (option d3ballR.offline = TRUE): https://www.d3football.com/seasons/2025/boxscores/20251025_zeq7.xml?view=plays"
"https://www.d3football.com/seasons/2025/boxscores/20251101_0i6i.xml","Not fetched: offline (option d3ballR.offline = TRUE): https://www.d3football.com/seasons/2025/boxscores/20251101_0i6i.xml?view=plays"
"https://www.d3football.com/seasons/2025/boxscores/20251101_0jqm.xml","Not fetched: offline (option d3ballR.offline = TRUE): https://www.d3football.com/seasons/2025/boxscores/20251101_0jqm.xml?view=plays"
"https://www.d3football.com/seasons/2025/boxscores/20251101_0npb.xml","Not fetched: offline (option d3ballR.offline = TRUE): https://www.d3football.com/seasons/2025/boxscores/20251101_0npb.xml?view=plays"
"https://www.d3football.com/seasons/2025/boxscores/20251101_0rdw.xml","Not fetched: offline (option d3ballR.offline = TRUE): https://www.d3football.com/seasons/2025/boxscores/20251101_0rdw.xml?view=plays"
"https://www.d3football.com/seasons/2025/boxscores/20251101_0unn.xml","Not fetched: offline (option d3ballR.offline = TRUE): https://www.d3football.com/seasons/2025/boxscores/20251101_0unn.xml?view=plays"
"https://www.d3football.com/seasons/2025/boxscores/20251101_17jz.xml","Not fetched: offline (option d3ballR.offline = TRUE): https://www.d3football.com/seasons/2025/boxscores/20251101_17jz.xml?view=plays"
"https://www.d3football.com/seasons/2025/boxscores/20251101_1c0t.xml","Not fetched: offline (option d3ballR.offline = TRUE): https://www.d3football.com/seasons/2025/boxscores/20251101_1c0t.xml?view=plays"
"https://www.d3football.com/seasons/2025/boxscores/20251101_1gzy.xml","Not fetched: offline (option d3ballR.offline = TRUE): https://www.d3football.com/seasons/2025/boxscores/20251101_1gzy.xml?view=plays"
"https://www.d3football.com/seasons/2025/boxscores/20251101_1s8j.xml","Not fetched: offline (option d3ballR.offline = TRUE): https://www.d3football.com/seasons/2025/boxscores/20251101_1s8j.xml?view=plays"
"https://www.d3football.com/seasons/2025/boxscores/20251101_1v4d.xml","Not fetched: offline (option d3ballR.offline = TRUE): https://www.d3football.com/seasons/2025/boxscores/20251101_1v4d.xml?view=plays"
"https://www.d3football.com/seasons/2025/boxscores/20251101_1xlq.xml","Not fetched: offline (option d3ballR.offline = TRUE): https://www.d3football.com/seasons/2025/boxscores/20251101_1xlq.xml?view=plays"
"https://www.d3football.com/seasons/2025/boxscores/20251101_266t.xml","Not fetched: offline (option d3ballR.offline = TRUE): https://www.d3football.com/seasons/2025/boxscores/20251101_266t.xml?view=plays"
"https://www.d3football.com/seasons/2025/boxscores/20251101_2cro.xml","Not fetched: offline (option d3ballR.offline = TRUE): https://www.d3football.com/seasons/2025/boxscores/20251101_2cro.xml?view=plays"
"https://www.d3football.com/seasons/2025/boxscores/20251101_2ixh.xml","Not fetched: offline (option d3ballR.offline = TRUE): https://www.d3football.com/seasons/2025/boxscores/20251101_2ixh.xml?view=plays"
"https://www.d3football.com/seasons/2025/boxscores/20251101_33w1.xml","Not fetched: offline (option d3ballR.offline = TRUE): https://www.d3football.com/seasons/2025/boxscores/20251101_33w1.xml?view=plays"
"https://www.d3football.com/seasons/2025/boxscores/20251101_3bki.xml","Not fetched: offline (option d3ballR.offline = TRUE): https://www.d3football.com/seasons/2025/boxscores/20251101_3bki.xml?view=plays"
"https://www.d3football.com/seasons/2025/boxscores/20251101_3wt7.xml","Not fetched: offline (option d3ballR.offline = TRUE): https://www.d3football.com/seasons/2025/boxscores/20251101_3wt7.xml?view=plays"
"https://www.d3football.com/seasons/2025/boxscores/20251101_43c6.xml","Not fetched: offline (option d3ballR.offline = TRUE): https://www.d3football.com/seasons/2025/boxscores/20251101_43c6.xml?view=plays"
"https://www.d3football.com/seasons/2025/boxscores/20251101_4o1s.xml","Not fetched: offline (option d3ballR.offline = TRUE): https://www.d3football.com/seasons/2025/boxscores/20251101_4o1s.xml?view=plays"
"https://www.d3football.com/seasons/2025/boxscores/20251101_4r1v.xml","Not fetched: offline (option d3ballR.offline = TRUE): https://www.d3football.com/seasons/2025/boxscores/20251101_4r1v.xml?view=plays"
"https://www.d3football.com/seasons/2025/boxscores/20251101_4uk2.xml","Not fetched: offline (option d3ballR.offline = TRUE): https://www.d3football.com/seasons/2025/boxscores/20251101_4uk2.xml?view=plays"
"https://www.d3football.com/seasons/2025/boxscores/20251101_5u7s.xml","Not fetched: offline (option d3ballR.offline = TRUE): https://www.d3football.com/seasons/2025/boxscores/20251101_5u7s.xml?view=plays"
"https://www.d3football.com/seasons/2025/boxscores/20251101_5vfk.xml","Not fetched: offline (option d3ballR.offline = TRUE): https://www.d3football.com/seasons/2025/boxscores/20251101_5vfk.xml?view=plays"
"https://www.d3football.com/seasons/2025/boxscores/20251101_75we.xml","Not fetched: offline (option d3ballR.offline = TRUE): https://www.d3football.com/seasons/2025/boxscores/20251101_75we.xml?view=plays"
"https://www.d3football.com/seasons/2025/boxscores/20251101_78yk.xml","Not fetched: offline (option d3ballR.offline = TRUE): https://www.d3football.com/seasons/2025/boxscores/20251101_78yk.xml?view=plays"
"https://www.d3football.com/seasons/2025/boxscores/20251101_7f1w.xml","Not fetched: offline (option d3ballR.offline = TRUE): https://www.d3football.com/seasons/2025/boxscores/20251101_7f1w.xml?view=plays"
"https://www.d3football.com/seasons/2025/boxscores/20251101_7s9h.xml","Not fetched: offline (option d3ballR.offline = TRUE): https://www.d3football.com/seasons/2025/boxscores/20251101_7s9h.xml?view=plays"
"https://www.d3football.com/seasons/2025/boxscores/20251101_8ha3.xml","Not fetched: offline (option d3ballR.offline = TRUE): https://www.d3football.com/seasons/2025/boxscores/20251101_8ha3.xml?view=plays"
"https://www.d3football.com/seasons/2025/boxscores/20251101_8xlh.xml","Not fetched: offline (option d3ballR.offline = TRUE): https://www.d3football.com/seasons/2025/boxscores/20251101_8xlh.xml?view=plays"
"https://www.d3football.com/seasons/2025/boxscores/20251101_9455.xml","Not fetched: offline (option d3ballR.offline = TRUE): https://www.d3football.com/seasons/2025/boxscores/20251101_9455.xml?view=plays"
"https://www.d3football.com/seasons/2025/boxscores/20251101_aftt.xml","Not fetched: offline (option d3ballR.offline = TRUE): https://www.d3football.com/seasons/2025/boxscores/20251101_aftt.xml?view=plays"
"https://www.d3football.com/seasons/2025/boxscores/20251101_b024.xml","Not fetched: offline (option d3ballR.offline = TRUE): https://www.d3football.com/seasons/2025/boxscores/20251101_b024.xml?view=plays"
"https://www.d3football.com/seasons/2025/boxscores/20251101_bgf2.xml","Not fetched: offline (option d3ballR.offline = TRUE): https://www.d3football.com/seasons/2025/boxscores/20251101_bgf2.xml?view=plays"
"https://www.d3football.com/seasons/2025/boxscores/20251101_bx5q.xml","Not fetched: offline (option d3ballR.offline = TRUE): https://www.d3football.com/seasons/2025/boxscores/20251101_bx5q.xml?view=plays"
"https://www.d3football.com/seasons/2025/boxscores/20251101_c991.xml","Not fetched: offline (option d3ballR.offline = TRUE): https://www.d3football.com/seasons/2025/boxscores/20251101_c991.xml?view=plays"
"https://www.d3football.com/seasons/2025/boxscores/20251101_cp5f.xml","Not fetched: offline (option d3ballR.offline = TRUE): https://www.d3football.com/seasons/2025/boxscores/20251101_cp5f.xml?view=plays"
"https://www.d3football.com/seasons/2025/boxscores/20251101_cxsp.xml","Not fetched: offline (option d3ballR.offline = TRUE): https://www.d3football.com/seasons/2025/boxscores/20251101_cxsp.xml?view=plays"
"https://www.d3football.com/seasons/2025/boxscores/20251101_d6jj.xml","Not fetched: offline (option d3ballR.offline = TRUE): https://www.d3football.com/seasons/2025/boxscores/20251101_d6jj.xml?view=plays"
"https://www.d3football.com/seasons/2025/boxscores/20251101_dyvd.xml","Not fetched: offline (option d3ballR.offline = TRUE): https://www.d3football.com/seasons/2025/boxscores/20251101_dyvd.xml?view=plays"
"https://www.d3football.com/seasons/2025/boxscores/20251101_e6vs.xml","Not fetched: offline (option d3ballR.offline = TRUE): https://www.d3football.com/seasons/2025/boxscores/20251101_e6vs.xml?view=plays"
"https://www.d3football.com/seasons/2025/boxscores/20251101_fgk4.xml","Not fetched: offline (option d3ballR.offline = TRUE): https://www.d3football.com/seasons/2025/boxscores/20251101_fgk4.xml?view=plays"
"https://www.d3football.com/seasons/2025/boxscores/20251101_fksd.xml","Not fetched: offline (option d3ballR.offline = TRUE): https://www.d3football.com/seasons/2025/boxscores/20251101_fksd.xml?view=plays"
"https://www.d3football.com/seasons/2025/boxscores/20251101_g0dr.xml","Not fetched: offline (option d3ballR.offline = TRUE): https://www.d3football.com/seasons/2025/boxscores/20251101_g0dr.xml?view=plays"
"https://www.d3football.com/seasons/2025/boxscores/20251101_g7ws.xml","Not fetched: offline (option d3ballR.offline = TRUE): https://www.d3football.com/seasons/2025/boxscores/20251101_g7ws.xml?view=plays"
"https://www.d3football.com/seasons/2025/boxscores/20251101_gdb5.xml","Not fetched: offline (option d3ballR.offline = TRUE): https://www.d3football.com/seasons/2025/boxscores/20251101_gdb5.xml?view=plays"
"https://www.d3football.com/seasons/2025/boxscores/20251101_glah.xml","Not fetched: offline (option d3ballR.offline = TRUE): https://www.d3football.com/seasons/2025/boxscores/20251101_glah.xml?view=plays"
"https://www.d3football.com/seasons/2025/boxscores/20251101_gsrd.xml","Not fetched: offline (option d3ballR.offline = TRUE): https://www.d3football.com/seasons/2025/boxscores/20251101_gsrd.xml?view=plays"
"https://www.d3football.com/seasons/2025/boxscores/20251101_hwb9.xml","Not fetched: offline (option d3ballR.offline = TRUE): https://www.d3football.com/seasons/2025/boxscores/20251101_hwb9.xml?view=plays"
"https://www.d3football.com/seasons/2025/boxscores/20251101_hwk2.xml","Not fetched: offline (option d3ballR.offline = TRUE): https://www.d3football.com/seasons/2025/boxscores/20251101_hwk2.xml?view=plays"
"https://www.d3football.com/seasons/2025/boxscores/20251101_hyn8.xml","Not fetched: offline (option d3ballR.offline = TRUE): https://www.d3football.com/seasons/2025/boxscores/20251101_hyn8.xml?view=plays"
"https://www.d3football.com/seasons/2025/boxscores/20251101_hzo8.xml","Not fetched: offline (option d3ballR.offline = TRUE): https://www.d3football.com/seasons/2025/boxscores/20251101_hzo8.xml?view=plays"
"https://www.d3football.com/seasons/2025/boxscores/20251101_i30q.xml","Not fetched: offline (option d3ballR.offline = TRUE): https://www.d3football.com/seasons/2025/boxscores/20251101_i30q.xml?view=plays"
"https://www.d3football.com/seasons/2025/boxscores/20251101_i5lm.xml","Not fetched: offline (option d3ballR.offline = TRUE): https://www.d3football.com/seasons/2025/boxscores/20251101_i5lm.xml?view=plays"
"https://www.d3football.com/seasons/2025/boxscores/20251101_i7i8.xml","Not fetched: offline (option d3ballR.offline = TRUE): https://www.d3football.com/seasons/2025/boxscores/20251101_i7i8.xml?view=plays"
"https://www.d3football.com/seasons/2025/boxscores/20251101_id22.xml","Not fetched: offline (option d3ballR.offline = TRUE): https://www.d3football.com/seasons/2025/boxscores/20251101_id22.xml?view=plays"
"https://www.d3football.com/seasons/2025/boxscores/20251101_imdv.xml","Not fetched: offline (option d3ballR.offline = TRUE): https://www.d3football.com/seasons/2025/boxscores/20251101_imdv.xml?view=plays"
"https://www.d3football.com/seasons/2025/boxscores/20251101_imgs.xml","Not fetched: offline (option d3ballR.offline = TRUE): https://www.d3football.com/seasons/2025/boxscores/20251101_imgs.xml?view=plays"
"https://www.d3football.com/seasons/2025/boxscores/20251101_jc2y.xml","Not fetched: offline (option d3ballR.offline = TRUE): https://www.d3football.com/seasons/2025/boxscores/20251101_jc2y.xml?view=plays"
"https://www.d3football.com/seasons/2025/boxscores/20251101_jzj2.xml","Not fetched: offline (option d3ballR.offline = TRUE): https://www.d3football.com/seasons/2025/boxscores/20251101_jzj2.xml?view=plays"
"https://www.d3football.com/seasons/2025/boxscores/20251101_kwlz.xml","Not fetched: offline (option d3ballR.offline = TRUE): https://www.d3football.com/seasons/2025/boxscores/20251101_kwlz.xml?view=plays"
"https://www.d3football.com/seasons/2025/boxscores/20251101_l4zl.xml","Not fetched: offline (option d3ballR.offline = TRUE): https://www.d3football.com/seasons/2025/boxscores/20251101_l4zl.xml?view=plays"
"https://www.d3football.com/seasons/2025/boxscores/20251101_lt7y.xml","Not fetched: offline (option d3ballR.offline = TRUE): https://www.d3football.com/seasons/2025/boxscores/20251101_lt7y.xml?view=plays"
"https://www.d3football.com/seasons/2025/boxscores/20251101_mkzr.xml","Not fetched: offline (option d3ballR.offline = TRUE): https://www.d3football.com/seasons/2025/boxscores/20251101_mkzr.xml?view=plays"
"https://www.d3football.com/seasons/2025/boxscores/20251101_msqs.xml","Not fetched: offline (option d3ballR.offline = TRUE): https://www.d3football.com/seasons/2025/boxscores/20251101_msqs.xml?view=plays"
"https://www.d3football.com/seasons/2025/boxscores/20251101_mzc1.xml","Not fetched: offline (option d3ballR.offline = TRUE): https://www.d3football.com/seasons/2025/boxscores/20251101_mzc1.xml?view=plays"
"https://www.d3football.com/seasons/2025/boxscores/20251101_nl0h.xml","Not fetched: offline (option d3ballR.offline = TRUE): https://www.d3football.com/seasons/2025/boxscores/20251101_nl0h.xml?view=plays"
"https://www.d3football.com/seasons/2025/boxscores/20251101_nrsq.xml","Not fetched: offline (option d3ballR.offline = TRUE): https://www.d3football.com/seasons/2025/boxscores/20251101_nrsq.xml?view=plays"
"https://www.d3football.com/seasons/2025/boxscores/20251101_o7gl.xml","Not fetched: offline (option d3ballR.offline = TRUE): https://www.d3football.com/seasons/2025/boxscores/20251101_o7gl.xml?view=plays"
"https://www.d3football.com/seasons/2025/boxscores/20251101_ohhs.xml","Not fetched: offline (option d3ballR.offline = TRUE): https://www.d3football.com/seasons/2025/boxscores/20251101_ohhs.xml?view=plays"
"https://www.d3football.com/seasons/2025/boxscores/20251101_oifr.xml","Not fetched: offline (option d3ballR.offline = TRUE): https://www.d3football.com/seasons/2025/boxscores/20251101_oifr.xml?view=plays"
"https://www.d3football.com/seasons/2025/boxscores/20251101_oiog.xml","Not fetched: offline (option d3ballR.offline = TRUE): https://www.d3football.com/seasons/2025/boxscores/20251101_oiog.xml?view=plays"
"https://www.d3football.com/seasons/2025/boxscores/20251101_oml7.xml","Not fetched: offline (option d3ballR.offline = TRUE): https://www.d3football.com/seasons/2025/boxscores/20251101_oml7.xml?view=plays"
"https://www.d3football.com/seasons/2025/boxscores/20251101_p7c7.xml","Not fetched: offline (option d3ballR.offline = TRUE): https://www.d3football.com/seasons/2025/boxscores/20251101_p7c7.xml?view=plays"
"https://www.d3football.com/seasons/2025/boxscores/20251101_pe09.xml","Not fetched: offline (option d3ballR.offline = TRUE): https://www.d3football.com/seasons/2025/boxscores/20251101_pe09.xml?view=plays"
"https://www.d3football.com/seasons/2025/boxscores/20251101_pe1u.xml","Not fetched: offline (option d3ballR.offline = TRUE): https://www.d3football.com/seasons/2025/boxscores/20251101_pe1u.xml?view=plays"
"https://www.d3football.com/seasons/2025/boxscores/20251101_phsp.xml","Not fetched: offline (option d3ballR.offline = TRUE): https://www.d3football.com/seasons/2025/boxscores/20251101_phsp.xml?view=plays"
"https://www.d3football.com/seasons/2025/boxscores/20251101_po4a.xml","Not fetched: offline (option d3ballR.offline = TRUE): https://www.d3football.com/seasons/2025/boxscores/20251101_po4a.xml?view=plays"
"https://www.d3football.com/seasons/2025/boxscores/20251101_q0qm.xml","Not fetched: offline (option d3ballR.offline = TRUE): https://www.d3football.com/seasons/2025/boxscores/20251101_q0qm.xml?view=plays"
"https://www.d3football.com/seasons/2025/boxscores/20251101_q7h5.xml","Not fetched: offline (option d3ballR.offline = TRUE): https://www.d3football.com/seasons/2025/boxscores/20251101_q7h5.xml?view=plays"
"https://www.d3football.com/seasons/2025/boxscores/20251101_r7fu.xml","Not fetched: offline (option d3ballR.offline = TRUE): https://www.d3football.com/seasons/2025/boxscores/20251101_r7fu.xml?view=plays"
"https://www.d3football.com/seasons/2025/boxscores/20251101_rd8q.xml","Not fetched: offline (option d3ballR.offline = TRUE): https://www.d3football.com/seasons/2025/boxscores/20251101_rd8q.xml?view=plays"
"https://www.d3football.com/seasons/2025/boxscores/20251101_rmlr.xml","Not fetched: offline (option d3ballR.offline = TRUE): https://www.d3football.com/seasons/2025/boxscores/20251101_rmlr.xml?view=plays"
"https://www.d3football.com/seasons/2025/boxscores/20251101_rmum.xml","Not fetched: offline (option d3ballR.offline = TRUE): https://www.d3football.com/seasons/2025/boxscores/20251101_rmum.xml?view=plays"
"https://www.d3football.com/seasons/2025/boxscores/20251101_rs2h.xml","Not fetched: offline (option d3ballR.offline = TRUE): https://www.d3football.com/seasons/2025/boxscores/20251101_rs2h.xml?view=plays"
"https://www.d3football.com/seasons/2025/boxscores/20251101_rzpw.xml","Not fetched: offline (option d3ballR.offline = TRUE): https://www.d3football.com/seasons/2025/boxscores/20251101_rzpw.xml?view=plays"
"https://www.d3football.com/seasons/2025/boxscores/20251101_siwb.xml","Not fetched: offline (option d3ballR.offline = TRUE): https://www.d3football.com/seasons/2025/boxscores/20251101_siwb.xml?view=plays"
"https://www.d3football.com/seasons/2025/boxscores/20251101_tjry.xml","Not fetched: offline (option d3ballR.offline = TRUE): https://www.d3football.com/seasons/2025/boxscores/20251101_tjry.xml?view=plays"
"https://www.d3football.com/seasons/2025/boxscores/20251101_u6eq.xml","Not fetched: offline (option d3ballR.offline = TRUE): https://www.d3football.com/seasons/2025/boxscores/20251101_u6eq.xml?view=plays"
"https://www.d3football.com/seasons/2025/boxscores/20251101_ubsy.xml","Not fetched: offline (option d3ballR.offline = TRUE): https://www.d3football.com/seasons/2025/boxscores/20251101_ubsy.xml?view=plays"
"https://www.d3football.com/seasons/2025/boxscores/20251101_us8v.xml","Not fetched: offline (option d3ballR.offline = TRUE): https://www.d3football.com/seasons/2025/boxscores/20251101_us8v.xml?view=plays"
"https://www.d3football.com/seasons/2025/boxscores/20251101_v2bi.xml","Not fetched: offline (option d3ballR.offline = TRUE): https://www.d3football.com/seasons/2025/boxscores/20251101_v2bi.xml?view=plays"
"https://www.d3football.com/seasons/2025/boxscores/20251101_v8dk.xml","Not fetched: offline (option d3ballR.offline = TRUE): https://www.d3football.com/seasons/2025/boxscores/20251101_v8dk.xml?view=plays"
"https://www.d3football.com/seasons/2025/boxscores/20251101_vbg1.xml","Not fetched: offline (option d3ballR.offline = TRUE): https://www.d3football.com/seasons/2025/boxscores/20251101_vbg1.xml?view=plays"
"https://www.d3football.com/seasons/2025/boxscores/20251101_w7j5.xml","Not fetched: offline (option d3ballR.offline = TRUE): https://www.d3football.com/seasons/2025/boxscores/20251101_w7j5.xml?view=plays"
"https://www.d3football.com/seasons/2025/boxscores/20251101_wcrt.xml","Not fetched: offline (option d3ballR.offline = TRUE): https://www.d3football.com/seasons/2025/boxscores/20251101_wcrt.xml?view=plays"
"https://www.d3football.com/seasons/2025/boxscores/20251101_wd8w.xml","Not fetched: offline (option d3ballR.offline = TRUE): https://www.d3football.com/seasons/2025/boxscores/20251101_wd8w.xml?view=plays"
"https://www.d3football.com/seasons/2025/boxscores/20251101_wkhy.xml","Not fetched: offline (option d3ballR.offline = TRUE): https://www.d3football.com/seasons/2025/boxscores/20251101_wkhy.xml?view=plays"
"https://www.d3football.com/seasons/2025/boxscores/20251101_wmpu.xml","Not fetched: offline (option d3ballR.offline = TRUE): https://www.d3football.com/seasons/2025/boxscores/20251101_wmpu.xml?view=plays"
"https://www.d3football.com/seasons/2025/boxscores/20251101_wwv1.xml","Not fetched: offline (option d3ballR.offline = TRUE): https://www.d3football.com/seasons/2025/boxscores/20251101_wwv1.xml?view=plays"
"https://www.d3football.com/seasons/2025/boxscores/20251101_wxoq.xml","Not fetched: offline (option d3ballR.offline = TRUE): https://www.d3football.com/seasons/2025/boxscores/20251101_wxoq.xml?view=plays"
"https://www.d3football.com/seasons/2025/boxscores/20251101_xg3c.xml","Not fetched: offline (option d3ballR.offline = TRUE): https://www.d3football.com/seasons/2025/boxscores/20251101_xg3c.xml?view=plays"
"https://www.d3football.com/seasons/2025/boxscores/20251101_xnwt.xml","Not fetched: offline (option d3ballR.offline = TRUE): https://www.d3football.com/seasons/2025/boxscores/20251101_xnwt.xml?view=plays"
"https://www.d3football.com/seasons/2025/boxscores/20251101_xtc2.xml","Not fetched: offline (option d3ballR.offline = TRUE): https://www.d3football.com/seasons/2025/boxscores/20251101_xtc2.xml?view=plays"
"https://www.d3football.com/seasons/2025/boxscores/20251101_y8ak.xml","Not fetched: offline (option d3ballR.offline = TRUE): https://www.d3football.com/seasons/2025/boxscores/20251101_y8ak.xml?view=plays"
"https://www.d3football.com/seasons/2025/boxscores/20251101_yqo8.xml","Not fetched: offline (option d3ballR.offline = TRUE): https://www.d3football.com/seasons/2025/boxscores/20251101_yqo8.xml?view=plays"
"https://www.d3football.com/seasons/2025/boxscores/20251101_yuot.xml","Not fetched: offline (option d3ballR.offline = TRUE): https://www.d3football.com/seasons/2025/boxscores/20251101_yuot.xml?view=plays"
"https://www.d3football.com/seasons/2025/boxscores/20251101_zavb.xml","Not fetched: offline (option d3ballR.offline = TRUE): https://www.d3football.com/seasons/2025/boxscores/20251101_zavb.xml?view=plays"
"https://www.d3football.com/seasons/2025/boxscores/20251101_zhvs.xml","Not fetched: offline (option d3ballR.offline = TRUE): https://www.d3football.com/seasons/2025/boxscores/20251101_zhvs.xml?view=plays"
"https://www.d3football.com/seasons/2025/boxscores/20251101_zj04.xml","Not fetched: offline (option d3ballR.offline = TRUE): https://www.d3football.com/seasons/2025/boxscores/20251101_zj04.xml?view=plays"
"https://www.d3football.com/seasons/2025/boxscores/20251108_05d5.xml","Not fetched: offline (option d3ballR.offline = TRUE): https://www.d3football.com/seasons/2025/boxscores/20251108_05d5.xml?view=plays"
"https://www.d3football.com/seasons/2025/boxscores/20251108_09bo.xml","Not fetched: offline (option d3ballR.offline = TRUE): https://www.d3football.com/seasons/2025/boxscores/20251108_09bo.xml?view=plays"
"https://www.d3football.com/seasons/2025/boxscores/20251108_0v10.xml","Not fetched: offline (option d3ballR.offline = TRUE): https://www.d3football.com/seasons/2025/boxscores/20251108_0v10.xml?view=plays"
"https://www.d3football.com/seasons/2025/boxscores/20251108_0xm4.xml","Not fetched: offline (option d3ballR.offline = TRUE): https://www.d3football.com/seasons/2025/boxscores/20251108_0xm4.xml?view=plays"
"https://www.d3football.com/seasons/2025/boxscores/20251108_0y0s.xml","Not fetched: offline (option d3ballR.offline = TRUE): https://www.d3football.com/seasons/2025/boxscores/20251108_0y0s.xml?view=plays"
"https://www.d3football.com/seasons/2025/boxscores/20251108_10an.xml","Not fetched: offline (option d3ballR.offline = TRUE): https://www.d3football.com/seasons/2025/boxscores/20251108_10an.xml?view=plays"
"https://www.d3football.com/seasons/2025/boxscores/20251108_12fo.xml","Not fetched: offline (option d3ballR.offline = TRUE): https://www.d3football.com/seasons/2025/boxscores/20251108_12fo.xml?view=plays"
"https://www.d3football.com/seasons/2025/boxscores/20251108_16e2.xml","Not fetched: offline (option d3ballR.offline = TRUE): https://www.d3football.com/seasons/2025/boxscores/20251108_16e2.xml?view=plays"
"https://www.d3football.com/seasons/2025/boxscores/20251108_1bca.xml","Not fetched: offline (option d3ballR.offline = TRUE): https://www.d3football.com/seasons/2025/boxscores/20251108_1bca.xml?view=plays"
"https://www.d3football.com/seasons/2025/boxscores/20251108_1p00.xml","Not fetched: offline (option d3ballR.offline = TRUE): https://www.d3football.com/seasons/2025/boxscores/20251108_1p00.xml?view=plays"
"https://www.d3football.com/seasons/2025/boxscores/20251108_1uv6.xml","Not fetched: offline (option d3ballR.offline = TRUE): https://www.d3football.com/seasons/2025/boxscores/20251108_1uv6.xml?view=plays"
"https://www.d3football.com/seasons/2025/boxscores/20251108_2taf.xml","Not fetched: offline (option d3ballR.offline = TRUE): https://www.d3football.com/seasons/2025/boxscores/20251108_2taf.xml?view=plays"
"https://www.d3football.com/seasons/2025/boxscores/20251108_2uq2.xml","Not fetched: offline (option d3ballR.offline = TRUE): https://www.d3football.com/seasons/2025/boxscores/20251108_2uq2.xml?view=plays"
"https://www.d3football.com/seasons/2025/boxscores/20251108_2uu4.xml","Not fetched: offline (option d3ballR.offline = TRUE): https://www.d3football.com/seasons/2025/boxscores/20251108_2uu4.xml?view=plays"
"https://www.d3football.com/seasons/2025/boxscores/20251108_3rr9.xml","Not fetched: offline (option d3ballR.offline = TRUE): https://www.d3football.com/seasons/2025/boxscores/20251108_3rr9.xml?view=plays"
"https://www.d3football.com/seasons/2025/boxscores/20251108_3t3x.xml","Not fetched: offline (option d3ballR.offline = TRUE): https://www.d3football.com/seasons/2025/boxscores/20251108_3t3x.xml?view=plays"
"https://www.d3football.com/seasons/2025/boxscores/20251108_3t9w.xml","Not fetched: offline (option d3ballR.offline = TRUE): https://www.d3football.com/seasons/2025/boxscores/20251108_3t9w.xml?view=plays"
"https://www.d3football.com/seasons/2025/boxscores/20251108_3yae.xml","Not fetched: offline (option d3ballR.offline = TRUE): https://www.d3football.com/seasons/2025/boxscores/20251108_3yae.xml?view=plays"
"https://www.d3football.com/seasons/2025/boxscores/20251108_4jf2.xml","Not fetched: offline (option d3ballR.offline = TRUE): https://www.d3football.com/seasons/2025/boxscores/20251108_4jf2.xml?view=plays"
"https://www.d3football.com/seasons/2025/boxscores/20251108_58k8.xml","Not fetched: offline (option d3ballR.offline = TRUE): https://www.d3football.com/seasons/2025/boxscores/20251108_58k8.xml?view=plays"
"https://www.d3football.com/seasons/2025/boxscores/20251108_655k.xml","Not fetched: offline (option d3ballR.offline = TRUE): https://www.d3football.com/seasons/2025/boxscores/20251108_655k.xml?view=plays"
"https://www.d3football.com/seasons/2025/boxscores/20251108_65m4.xml","Not fetched: offline (option d3ballR.offline = TRUE): https://www.d3football.com/seasons/2025/boxscores/20251108_65m4.xml?view=plays"
"https://www.d3football.com/seasons/2025/boxscores/20251108_6nz8.xml","Not fetched: offline (option d3ballR.offline = TRUE): https://www.d3football.com/seasons/2025/boxscores/20251108_6nz8.xml?view=plays"
"https://www.d3football.com/seasons/2025/boxscores/20251108_6pm0.xml","Not fetched: offline (option d3ballR.offline = TRUE): https://www.d3football.com/seasons/2025/boxscores/20251108_6pm0.xml?view=plays"
"https://www.d3football.com/seasons/2025/boxscores/20251108_6vmd.xml","Not fetched: offline (option d3ballR.offline = TRUE): https://www.d3football.com/seasons/2025/boxscores/20251108_6vmd.xml?view=plays"
"https://www.d3football.com/seasons/2025/boxscores/20251108_7cw5.xml","Not fetched: offline (option d3ballR.offline = TRUE): https://www.d3football.com/seasons/2025/boxscores/20251108_7cw5.xml?view=plays"
"https://www.d3football.com/seasons/2025/boxscores/20251108_7emn.xml","Not fetched: offline (option d3ballR.offline = TRUE): https://www.d3football.com/seasons/2025/boxscores/20251108_7emn.xml?view=plays"
"https://www.d3football.com/seasons/2025/boxscores/20251108_7lwl.xml","Not fetched: offline (option d3ballR.offline = TRUE): https://www.d3football.com/seasons/2025/boxscores/20251108_7lwl.xml?view=plays"
"https://www.d3football.com/seasons/2025/boxscores/20251108_88i8.xml","Not fetched: offline (option d3ballR.offline = TRUE): https://www.d3football.com/seasons/2025/boxscores/20251108_88i8.xml?view=plays"
"https://www.d3football.com/seasons/2025/boxscores/20251108_8d91.xml","Not fetched: offline (option d3ballR.offline = TRUE): https://www.d3football.com/seasons/2025/boxscores/20251108_8d91.xml?view=plays"
"https://www.d3football.com/seasons/2025/boxscores/20251108_8e12.xml","Not fetched: offline (option d3ballR.offline = TRUE): https://www.d3football.com/seasons/2025/boxscores/20251108_8e12.xml?view=plays"
"https://www.d3football.com/seasons/2025/boxscores/20251108_8enc.xml","Not fetched: offline (option d3ballR.offline = TRUE): https://www.d3football.com/seasons/2025/boxscores/20251108_8enc.xml?view=plays"
"https://www.d3football.com/seasons/2025/boxscores/20251108_8kin.xml","Not fetched: offline (option d3ballR.offline = TRUE): https://www.d3football.com/seasons/2025/boxscores/20251108_8kin.xml?view=plays"
"https://www.d3football.com/seasons/2025/boxscores/20251108_8ojg.xml","Not fetched: offline (option d3ballR.offline = TRUE): https://www.d3football.com/seasons/2025/boxscores/20251108_8ojg.xml?view=plays"
"https://www.d3football.com/seasons/2025/boxscores/20251108_8rs8.xml","Not fetched: offline (option d3ballR.offline = TRUE): https://www.d3football.com/seasons/2025/boxscores/20251108_8rs8.xml?view=plays"
"https://www.d3football.com/seasons/2025/boxscores/20251108_9e7o.xml","Not fetched: offline (option d3ballR.offline = TRUE): https://www.d3football.com/seasons/2025/boxscores/20251108_9e7o.xml?view=plays"
"https://www.d3football.com/seasons/2025/boxscores/20251108_9l42.xml","Not fetched: offline (option d3ballR.offline = TRUE): https://www.d3football.com/seasons/2025/boxscores/20251108_9l42.xml?view=plays"
"https://www.d3football.com/seasons/2025/boxscores/20251108_a0p9.xml","Not fetched: offline (option d3ballR.offline = TRUE): https://www.d3football.com/seasons/2025/boxscores/20251108_a0p9.xml?view=plays"
"https://www.d3football.com/seasons/2025/boxscores/20251108_as9j.xml","Not fetched: offline (option d3ballR.offline = TRUE): https://www.d3football.com/seasons/2025/boxscores/20251108_as9j.xml?view=plays"
"https://www.d3football.com/seasons/2025/boxscores/20251108_avuh.xml","Not fetched: offline (option d3ballR.offline = TRUE): https://www.d3football.com/seasons/2025/boxscores/20251108_avuh.xml?view=plays"
"https://www.d3football.com/seasons/2025/boxscores/20251108_b1hr.xml","Not fetched: offline (option d3ballR.offline = TRUE): https://www.d3football.com/seasons/2025/boxscores/20251108_b1hr.xml?view=plays"
"https://www.d3football.com/seasons/2025/boxscores/20251108_b23s.xml","Not fetched: offline (option d3ballR.offline = TRUE): https://www.d3football.com/seasons/2025/boxscores/20251108_b23s.xml?view=plays"
"https://www.d3football.com/seasons/2025/boxscores/20251108_bjta.xml","Not fetched: offline (option d3ballR.offline = TRUE): https://www.d3football.com/seasons/2025/boxscores/20251108_bjta.xml?view=plays"
"https://www.d3football.com/seasons/2025/boxscores/20251108_c14j.xml","Not fetched: offline (option d3ballR.offline = TRUE): https://www.d3football.com/seasons/2025/boxscores/20251108_c14j.xml?view=plays"
"https://www.d3football.com/seasons/2025/boxscores/20251108_c5vt.xml","Not fetched: offline (option d3ballR.offline = TRUE): https://www.d3football.com/seasons/2025/boxscores/20251108_c5vt.xml?view=plays"
"https://www.d3football.com/seasons/2025/boxscores/20251108_cle3.xml","Not fetched: offline (option d3ballR.offline = TRUE): https://www.d3football.com/seasons/2025/boxscores/20251108_cle3.xml?view=plays"
"https://www.d3football.com/seasons/2025/boxscores/20251108_cn19.xml","Not fetched: offline (option d3ballR.offline = TRUE): https://www.d3football.com/seasons/2025/boxscores/20251108_cn19.xml?view=plays"
"https://www.d3football.com/seasons/2025/boxscores/20251108_dh26.xml","Not fetched: offline (option d3ballR.offline = TRUE): https://www.d3football.com/seasons/2025/boxscores/20251108_dh26.xml?view=plays"
"https://www.d3football.com/seasons/2025/boxscores/20251108_dpjk.xml","Not fetched: offline (option d3ballR.offline = TRUE): https://www.d3football.com/seasons/2025/boxscores/20251108_dpjk.xml?view=plays"
"https://www.d3football.com/seasons/2025/boxscores/20251108_dv30.xml","Not fetched: offline (option d3ballR.offline = TRUE): https://www.d3football.com/seasons/2025/boxscores/20251108_dv30.xml?view=plays"
"https://www.d3football.com/seasons/2025/boxscores/20251108_e57c.xml","Not fetched: offline (option d3ballR.offline = TRUE): https://www.d3football.com/seasons/2025/boxscores/20251108_e57c.xml?view=plays"
"https://www.d3football.com/seasons/2025/boxscores/20251108_evqs.xml","Not fetched: offline (option d3ballR.offline = TRUE): https://www.d3football.com/seasons/2025/boxscores/20251108_evqs.xml?view=plays"
"https://www.d3football.com/seasons/2025/boxscores/20251108_f8lt.xml","Not fetched: offline (option d3ballR.offline = TRUE): https://www.d3football.com/seasons/2025/boxscores/20251108_f8lt.xml?view=plays"
"https://www.d3football.com/seasons/2025/boxscores/20251108_g97k.xml","Not fetched: offline (option d3ballR.offline = TRUE): https://www.d3football.com/seasons/2025/boxscores/20251108_g97k.xml?view=plays"
"https://www.d3football.com/seasons/2025/boxscores/20251108_gc3k.xml","Not fetched: offline (option d3ballR.offline = TRUE): https://www.d3football.com/seasons/2025/boxscores/20251108_gc3k.xml?view=plays"
"https://www.d3football.com/seasons/2025/boxscores/20251108_gfa3.xml","Not fetched: offline (option d3ballR.offline = TRUE): https://www.d3football.com/seasons/2025/boxscores/20251108_gfa3.xml?view=plays"
"https://www.d3football.com/seasons/2025/boxscores/20251108_gs9e.xml","Not fetched: offline (option d3ballR.offline = TRUE): https://www.d3football.com/seasons/2025/boxscores/20251108_gs9e.xml?view=plays"
"https://www.d3football.com/seasons/2025/boxscores/20251108_gwi1.xml","Not fetched: offline (option d3ballR.offline = TRUE): https://www.d3football.com/seasons/2025/boxscores/20251108_gwi1.xml?view=plays"
"https://www.d3football.com/seasons/2025/boxscores/20251108_gxxt.xml","Not fetched: offline (option d3ballR.offline = TRUE): https://www.d3football.com/seasons/2025/boxscores/20251108_gxxt.xml?view=plays"
"https://www.d3football.com/seasons/2025/boxscores/20251108_h59b.xml","Not fetched: offline (option d3ballR.offline = TRUE): https://www.d3football.com/seasons/2025/boxscores/20251108_h59b.xml?view=plays"
"https://www.d3football.com/seasons/2025/boxscores/20251108_hr0t.xml","Not fetched: offline (option d3ballR.offline = TRUE): https://www.d3football.com/seasons/2025/boxscores/20251108_hr0t.xml?view=plays"
"https://www.d3football.com/seasons/2025/boxscores/20251108_ieua.xml","Not fetched: offline (option d3ballR.offline = TRUE): https://www.d3football.com/seasons/2025/boxscores/20251108_ieua.xml?view=plays"
"https://www.d3football.com/seasons/2025/boxscores/20251108_ihrj.xml","Not fetched: offline (option d3ballR.offline = TRUE): https://www.d3football.com/seasons/2025/boxscores/20251108_ihrj.xml?view=plays"
"https://www.d3football.com/seasons/2025/boxscores/20251108_iwhu.xml","Not fetched: offline (option d3ballR.offline = TRUE): https://www.d3football.com/seasons/2025/boxscores/20251108_iwhu.xml?view=plays"
"https://www.d3football.com/seasons/2025/boxscores/20251108_jx47.xml","Not fetched: offline (option d3ballR.offline = TRUE): https://www.d3football.com/seasons/2025/boxscores/20251108_jx47.xml?view=plays"
"https://www.d3football.com/seasons/2025/boxscores/20251108_jyrl.xml","Not fetched: offline (option d3ballR.offline = TRUE): https://www.d3football.com/seasons/2025/boxscores/20251108_jyrl.xml?view=plays"
"https://www.d3football.com/seasons/2025/boxscores/20251108_jyzn.xml","Not fetched: offline (option d3ballR.offline = TRUE): https://www.d3football.com/seasons/2025/boxscores/20251108_jyzn.xml?view=plays"
"https://www.d3football.com/seasons/2025/boxscores/20251108_k0zn.xml","Not fetched: offline (option d3ballR.offline = TRUE): https://www.d3football.com/seasons/2025/boxscores/20251108_k0zn.xml?view=plays"
"https://www.d3football.com/seasons/2025/boxscores/20251108_k9s9.xml","Not fetched: offline (option d3ballR.offline = TRUE): https://www.d3football.com/seasons/2025/boxscores/20251108_k9s9.xml?view=plays"
"https://www.d3football.com/seasons/2025/boxscores/20251108_ka36.xml","Not fetched: offline (option d3ballR.offline = TRUE): https://www.d3football.com/seasons/2025/boxscores/20251108_ka36.xml?view=plays"
"https://www.d3football.com/seasons/2025/boxscores/20251108_krd5.xml","Not fetched: offline (option d3ballR.offline = TRUE): https://www.d3football.com/seasons/2025/boxscores/20251108_krd5.xml?view=plays"
"https://www.d3football.com/seasons/2025/boxscores/20251108_ku7m.xml","Not fetched: offline (option d3ballR.offline = TRUE): https://www.d3football.com/seasons/2025/boxscores/20251108_ku7m.xml?view=plays"
"https://www.d3football.com/seasons/2025/boxscores/20251108_kzf6.xml","Not fetched: offline (option d3ballR.offline = TRUE): https://www.d3football.com/seasons/2025/boxscores/20251108_kzf6.xml?view=plays"
"https://www.d3football.com/seasons/2025/boxscores/20251108_l7ay.xml","Not fetched: offline (option d3ballR.offline = TRUE): https://www.d3football.com/seasons/2025/boxscores/20251108_l7ay.xml?view=plays"
"https://www.d3football.com/seasons/2025/boxscores/20251108_lp2d.xml","Not fetched: offline (option d3ballR.offline = TRUE): https://www.d3football.com/seasons/2025/boxscores/20251108_lp2d.xml?view=plays"
"https://www.d3football.com/seasons/2025/boxscores/20251108_lwza.xml","Not fetched: offline (option d3ballR.offline = TRUE): https://www.d3football.com/seasons/2025/boxscores/20251108_lwza.xml?view=plays"
"https://www.d3football.com/seasons/2025/boxscores/20251108_mbgi.xml","Not fetched: offline (option d3ballR.offline = TRUE): https://www.d3football.com/seasons/2025/boxscores/20251108_mbgi.xml?view=plays"
"https://www.d3football.com/seasons/2025/boxscores/20251108_ngg8.xml","Not fetched: offline (option d3ballR.offline = TRUE): https://www.d3football.com/seasons/2025/boxscores/20251108_ngg8.xml?view=plays"
"https://www.d3football.com/seasons/2025/boxscores/20251108_nm50.xml","Not fetched: offline (option d3ballR.offline = TRUE): https://www.d3football.com/seasons/2025/boxscores/20251108_nm50.xml?view=plays"
"https://www.d3football.com/seasons/2025/boxscores/20251108_orgz.xml","Not fetched: offline (option d3ballR.offline = TRUE): https://www.d3football.com/seasons/2025/boxscores/20251108_orgz.xml?view=plays"
"https://www.d3football.com/seasons/2025/boxscores/20251108_p5ch.xml","Not fetched: offline (option d3ballR.offline = TRUE): https://www.d3football.com/seasons/2025/boxscores/20251108_p5ch.xml?view=plays"
"https://www.d3football.com/seasons/2025/boxscores/20251108_pt8z.xml","Not fetched: offline (option d3ballR.offline = TRUE): https://www.d3football.com/seasons/2025/boxscores/20251108_pt8z.xml?view=plays"
"https://www.d3football.com/seasons/2025/boxscores/20251108_qzzj.xml","Not fetched: offline (option d3ballR.offline = TRUE): https://www.d3football.com/seasons/2025/boxscores/20251108_qzzj.xml?view=plays"
"https://www.d3football.com/seasons/2025/boxscores/20251108_r875.xml","Not fetched: offline (option d3ballR.offline = TRUE): https://www.d3football.com/seasons/2025/boxscores/20251108_r875.xml?view=plays"
"https://www.d3football.com/seasons/2025/boxscores/20251108_rhsg.xml","Not fetched: offline (option d3ballR.offline = TRUE): https://www.d3football.com/seasons/2025/boxscores/20251108_rhsg.xml?view=plays"
"https://www.d3football.com/seasons/2025/boxscores/20251108_rkyk.xml","Not fetched: offline (option d3ballR.offline = TRUE): https://www.d3football.com/seasons/2025/boxscores/20251108_rkyk.xml?view=plays"
"https://www.d3football.com/seasons/2025/boxscores/20251108_s1zc.xml","Not fetched: offline (option d3ballR.offline = TRUE): https://www.d3football.com/seasons/2025/boxscores/20251108_s1zc.xml?view=plays"
"https://www.d3football.com/seasons/2025/boxscores/20251108_smbh.xml","Not fetched: offline (option d3ballR.offline = TRUE): https://www.d3football.com/seasons/2025/boxscores/20251108_smbh.xml?view=plays"
"https://www.d3football.com/seasons/2025/boxscores/20251108_so36.xml","Not fetched: offline (option d3ballR.offline = TRUE): https://www.d3football.com/seasons/2025/boxscores/20251108_so36.xml?view=plays"
"https://www.d3football.com/seasons/2025/boxscores/20251108_t1ab.xml","Not fetched: offline (option d3ballR.offline = TRUE): https://www.d3football.com/seasons/2025/boxscores/20251108_t1ab.xml?view=plays"
"https://www.d3football.com/seasons/2025/boxscores/20251108_td0c.xml","Not fetched: offline (option d3ballR.offline = TRUE): https://www.d3football.com/seasons/2025/boxscores/20251108_td0c.xml?view=plays"
"https://www.d3football.com/seasons/2025/boxscores/20251108_tfg9.xml","Not fetched: offline (option d3ballR.offline = TRUE): https://www.d3football.com/seasons/2025/boxscores/20251108_tfg9.xml?view=plays"
"https://www.d3football.com/seasons/2025/boxscores/20251108_tl4c.xml","Not fetched: offline (option d3ballR.offline = TRUE): https://www.d3football.com/seasons/2025/boxscores/20251108_tl4c.xml?view=plays"
"https://www.d3football.com/seasons/2025/boxscores/20251108_ub1q.xml","Not fetched: offline (option d3ballR.offline = TRUE): https://www.d3football.com/seasons/2025/boxscores/20251108_ub1q.xml?view=plays"
"https://www.d3football.com/seasons/2025/boxscores/20251108_ug8z.xml","Not fetched: offline (option d3ballR.offline = TRUE): https://www.d3football.com/seasons/2025/boxscores/20251108_ug8z.xml?view=plays"
"https://www.d3football.com/seasons/2025/boxscores/20251108_ukbr.xml","Not fetched: offline (option d3ballR.offline = TRUE): https://www.d3football.com/seasons/2025/boxscores/20251108_ukbr.xml?view=plays"
"https://www.d3football.com/seasons/2025/boxscores/20251108_uldi.xml","Not fetched: offline (option d3ballR.offline = TRUE): https://www.d3football.com/seasons/2025/boxscores/20251108_uldi.xml?view=plays"
"https://www.d3football.com/seasons/2025/boxscores/20251108_vh0d.xml","Not fetched: offline (option d3ballR.offline = TRUE): https://www.d3football.com/seasons/2025/boxscores/20251108_vh0d.xml?view=plays"
"https://www.d3football.com/seasons/2025/boxscores/20251108_vzlp.xml","Not fetched: offline (option d3ballR.offline = TRUE): https://www.d3football.com/seasons/2025/boxscores/20251108_vzlp.xml?view=plays"
"https://www.d3football.com/seasons/2025/boxscores/20251108_w3qs.xml","Not fetched: offline (option d3ballR.offline = TRUE): https://www.d3football.com/seasons/2025/boxscores/20251108_w3qs.xml?view=plays"
"https://www.d3football.com/seasons/2025/boxscores/20251108_w9oe.xml","Not fetched: offline (option d3ballR.offline = TRUE): https://www.d3football.com/seasons/2025/boxscores/20251108_w9oe.xml?view=plays"
"https://www.d3football.com/seasons/2025/boxscores/20251108_wfal.xml","Not fetched: offline (option d3ballR.offline = TRUE): https://www.d3football.com/seasons/2025/boxscores/20251108_wfal.xml?view=plays"
"https://www.d3football.com/seasons/2025/boxscores/20251108_wjvx.xml","Not fetched: offline (option d3ballR.offline = TRUE): https://www.d3football.com/seasons/2025/boxscores/20251108_wjvx.xml?view=plays"
"https://www.d3football.com/seasons/2025/boxscores/20251108_wpbq.xml","Not fetched: offline (option d3ballR.offline = TRUE): https://www.d3football.com/seasons/2025/boxscores/20251108_wpbq.xml?view=plays"
"https://www.d3football.com/seasons/2025/boxscores/20251108_wqdk.xml","Not fetched: offline (option d3ballR.offline = TRUE): https://www.d3football.com/seasons/2025/boxscores/20251108_wqdk.xml?view=plays"
"https://www.d3football.com/seasons/2025/boxscores/20251108_wzbj.xml","Not fetched: offline (option d3ballR.offline = TRUE): https://www.d3football.com/seasons/2025/boxscores/20251108_wzbj.xml?view=plays"
"https://www.d3football.com/seasons/2025/boxscores/20251108_x0k7.xml","Not fetched: offline (option d3ballR.offline = TRUE): https://www.d3football.com/seasons/2025/boxscores/20251108_x0k7.xml?view=plays"
"https://www.d3football.com/seasons/2025/boxscores/20251108_xb1x.xml","Not fetched: offline (option d3ballR.offline = TRUE): https://www.d3football.com/seasons/2025/boxscores/20251108_xb1x.xml?view=plays"
"https://www.d3football.com/seasons/2025/boxscores/20251108_xo8e.xml","Not fetched: offline (option d3ballR.offline = TRUE): https://www.d3football.com/seasons/2025/boxscores/20251108_xo8e.xml?view=plays"
"https://www.d3football.com/seasons/2025/boxscores/20251108_xrla.xml","Not fetched: offline (option d3ballR.offline = TRUE): https://www.d3football.com/seasons/2025/boxscores/20251108_xrla.xml?view=plays"
"https://www.d3football.com/seasons/2025/boxscores/20251108_y8wu.xml","Not fetched: offline (option d3ballR.offline = TRUE): https://www.d3football.com/seasons/2025/boxscores/20251108_y8wu.xml?view=plays"
"https://www.d3football.com/seasons/2025/boxscores/20251108_ykdc.xml","Not fetched: offline (option d3ballR.offline = TRUE): https://www.d3football.com/seasons/2025/boxscores/20251108_ykdc.xml?view=plays"
"https://www.d3football.com/seasons/2025/boxscores/20251108_zucq.xml","Not fetched: offline (option d3ballR.offline = TRUE): https://www.d3football.com/seasons/2025/boxscores/20251108_zucq.xml?view=plays"
"https://www.d3football.com/seasons/2025/boxscores/20251114_ebkj.xml","Not fetched: offline (option d3ballR.offline = TRUE): https://www.d3football.com/seasons/2025/boxscores/20251114_ebkj.xml?view=plays"
"https://www.d3football.com/seasons/2025/boxscores/20251114_ha65.xml","Not fetched: offline (option d3ballR.offline = TRUE): https://www.d3football.com/seasons/2025/boxscores/20251114_ha65.xml?view=plays"
"https://www.d3football.com/seasons/2025/boxscores/20251114_nnzr.xml","Not fetched: offline (option d3ballR.offline = TRUE): https://www.d3football.com/seasons/2025/boxscores/20251114_nnzr.xml?view=plays"
"https://www.d3football.com/seasons/2025/boxscores/20251114_zidm.xml","Not fetched: offline (option d3ballR.offline = TRUE): https://www.d3football.com/seasons/2025/boxscores/20251114_zidm.xml?view=plays"
"https://www.d3football.com/seasons/2025/boxscores/20251115_0f1a.xml","Not fetched: offline (option d3ballR.offline = TRUE): https://www.d3football.com/seasons/2025/boxscores/20251115_0f1a.xml?view=plays"
"https://www.d3football.com/seasons/2025/boxscores/20251115_0hx7.xml","Not fetched: offline (option d3ballR.offline = TRUE): https://www.d3football.com/seasons/2025/boxscores/20251115_0hx7.xml?view=plays"
"https://www.d3football.com/seasons/2025/boxscores/20251115_1xn6.xml","Not fetched: offline (option d3ballR.offline = TRUE): https://www.d3football.com/seasons/2025/boxscores/20251115_1xn6.xml?view=plays"
"https://www.d3football.com/seasons/2025/boxscores/20251115_23uk.xml","Not fetched: offline (option d3ballR.offline = TRUE): https://www.d3football.com/seasons/2025/boxscores/20251115_23uk.xml?view=plays"
"https://www.d3football.com/seasons/2025/boxscores/20251115_2bai.xml","Not fetched: offline (option d3ballR.offline = TRUE): https://www.d3football.com/seasons/2025/boxscores/20251115_2bai.xml?view=plays"
"https://www.d3football.com/seasons/2025/boxscores/20251115_31su.xml","Not fetched: offline (option d3ballR.offline = TRUE): https://www.d3football.com/seasons/2025/boxscores/20251115_31su.xml?view=plays"
"https://www.d3football.com/seasons/2025/boxscores/20251115_3iuh.xml","Not fetched: offline (option d3ballR.offline = TRUE): https://www.d3football.com/seasons/2025/boxscores/20251115_3iuh.xml?view=plays"
"https://www.d3football.com/seasons/2025/boxscores/20251115_3ni7.xml","Not fetched: offline (option d3ballR.offline = TRUE): https://www.d3football.com/seasons/2025/boxscores/20251115_3ni7.xml?view=plays"
"https://www.d3football.com/seasons/2025/boxscores/20251115_3xzm.xml","Not fetched: offline (option d3ballR.offline = TRUE): https://www.d3football.com/seasons/2025/boxscores/20251115_3xzm.xml?view=plays"
"https://www.d3football.com/seasons/2025/boxscores/20251115_5dtr.xml","Not fetched: offline (option d3ballR.offline = TRUE): https://www.d3football.com/seasons/2025/boxscores/20251115_5dtr.xml?view=plays"
"https://www.d3football.com/seasons/2025/boxscores/20251115_5e2h.xml","Not fetched: offline (option d3ballR.offline = TRUE): https://www.d3football.com/seasons/2025/boxscores/20251115_5e2h.xml?view=plays"
"https://www.d3football.com/seasons/2025/boxscores/20251115_5i9x.xml","Not fetched: offline (option d3ballR.offline = TRUE): https://www.d3football.com/seasons/2025/boxscores/20251115_5i9x.xml?view=plays"
"https://www.d3football.com/seasons/2025/boxscores/20251115_5lpy.xml","Not fetched: offline (option d3ballR.offline = TRUE): https://www.d3football.com/seasons/2025/boxscores/20251115_5lpy.xml?view=plays"
"https://www.d3football.com/seasons/2025/boxscores/20251115_5zo2.xml","Not fetched: offline (option d3ballR.offline = TRUE): https://www.d3football.com/seasons/2025/boxscores/20251115_5zo2.xml?view=plays"
"https://www.d3football.com/seasons/2025/boxscores/20251115_6wik.xml","Not fetched: offline (option d3ballR.offline = TRUE): https://www.d3football.com/seasons/2025/boxscores/20251115_6wik.xml?view=plays"
"https://www.d3football.com/seasons/2025/boxscores/20251115_6ynt.xml","Not fetched: offline (option d3ballR.offline = TRUE): https://www.d3football.com/seasons/2025/boxscores/20251115_6ynt.xml?view=plays"
"https://www.d3football.com/seasons/2025/boxscores/20251115_757y.xml","Not fetched: offline (option d3ballR.offline = TRUE): https://www.d3football.com/seasons/2025/boxscores/20251115_757y.xml?view=plays"
"https://www.d3football.com/seasons/2025/boxscores/20251115_7vgf.xml","Not fetched: offline (option d3ballR.offline = TRUE): https://www.d3football.com/seasons/2025/boxscores/20251115_7vgf.xml?view=plays"
"https://www.d3football.com/seasons/2025/boxscores/20251115_7z71.xml","Not fetched: offline (option d3ballR.offline = TRUE): https://www.d3football.com/seasons/2025/boxscores/20251115_7z71.xml?view=plays"
"https://www.d3football.com/seasons/2025/boxscores/20251115_82vt.xml","Not fetched: offline (option d3ballR.offline = TRUE): https://www.d3football.com/seasons/2025/boxscores/20251115_82vt.xml?view=plays"
"https://www.d3football.com/seasons/2025/boxscores/20251115_83b6.xml","Not fetched: offline (option d3ballR.offline = TRUE): https://www.d3football.com/seasons/2025/boxscores/20251115_83b6.xml?view=plays"
"https://www.d3football.com/seasons/2025/boxscores/20251115_8d1w.xml","Not fetched: offline (option d3ballR.offline = TRUE): https://www.d3football.com/seasons/2025/boxscores/20251115_8d1w.xml?view=plays"
"https://www.d3football.com/seasons/2025/boxscores/20251115_8eat.xml","Not fetched: offline (option d3ballR.offline = TRUE): https://www.d3football.com/seasons/2025/boxscores/20251115_8eat.xml?view=plays"
"https://www.d3football.com/seasons/2025/boxscores/20251115_8idn.xml","Not fetched: offline (option d3ballR.offline = TRUE): https://www.d3football.com/seasons/2025/boxscores/20251115_8idn.xml?view=plays"
"https://www.d3football.com/seasons/2025/boxscores/20251115_8s8s.xml","Not fetched: offline (option d3ballR.offline = TRUE): https://www.d3football.com/seasons/2025/boxscores/20251115_8s8s.xml?view=plays"
"https://www.d3football.com/seasons/2025/boxscores/20251115_8sbt.xml","Not fetched: offline (option d3ballR.offline = TRUE): https://www.d3football.com/seasons/2025/boxscores/20251115_8sbt.xml?view=plays"
"https://www.d3football.com/seasons/2025/boxscores/20251115_96v9.xml","Not fetched: offline (option d3ballR.offline = TRUE): https://www.d3football.com/seasons/2025/boxscores/20251115_96v9.xml?view=plays"
"https://www.d3football.com/seasons/2025/boxscores/20251115_9ybi.xml","Not fetched: offline (option d3ballR.offline = TRUE): https://www.d3football.com/seasons/2025/boxscores/20251115_9ybi.xml?view=plays"
"https://www.d3football.com/seasons/2025/boxscores/20251115_a55y.xml","Not fetched: offline (option d3ballR.offline = TRUE): https://www.d3football.com/seasons/2025/boxscores/20251115_a55y.xml?view=plays"
"https://www.d3football.com/seasons/2025/boxscores/20251115_acbx.xml","Not fetched: offline (option d3ballR.offline = TRUE): https://www.d3football.com/seasons/2025/boxscores/20251115_acbx.xml?view=plays"
"https://www.d3football.com/seasons/2025/boxscores/20251115_aunt.xml","Not fetched: offline (option d3ballR.offline = TRUE): https://www.d3football.com/seasons/2025/boxscores/20251115_aunt.xml?view=plays"
"https://www.d3football.com/seasons/2025/boxscores/20251115_axjs.xml","Not fetched: offline (option d3ballR.offline = TRUE): https://www.d3football.com/seasons/2025/boxscores/20251115_axjs.xml?view=plays"
"https://www.d3football.com/seasons/2025/boxscores/20251115_b0cy.xml","Not fetched: offline (option d3ballR.offline = TRUE): https://www.d3football.com/seasons/2025/boxscores/20251115_b0cy.xml?view=plays"
"https://www.d3football.com/seasons/2025/boxscores/20251115_b72n.xml","Not fetched: offline (option d3ballR.offline = TRUE): https://www.d3football.com/seasons/2025/boxscores/20251115_b72n.xml?view=plays"
"https://www.d3football.com/seasons/2025/boxscores/20251115_be4a.xml","Not fetched: offline (option d3ballR.offline = TRUE): https://www.d3football.com/seasons/2025/boxscores/20251115_be4a.xml?view=plays"
"https://www.d3football.com/seasons/2025/boxscores/20251115_bkww.xml","Not fetched: offline (option d3ballR.offline = TRUE): https://www.d3football.com/seasons/2025/boxscores/20251115_bkww.xml?view=plays"
"https://www.d3football.com/seasons/2025/boxscores/20251115_bofc.xml","Not fetched: offline (option d3ballR.offline = TRUE): https://www.d3football.com/seasons/2025/boxscores/20251115_bofc.xml?view=plays"
"https://www.d3football.com/seasons/2025/boxscores/20251115_bsr3.xml","Not fetched: offline (option d3ballR.offline = TRUE): https://www.d3football.com/seasons/2025/boxscores/20251115_bsr3.xml?view=plays"
"https://www.d3football.com/seasons/2025/boxscores/20251115_cdcf.xml","Not fetched: offline (option d3ballR.offline = TRUE): https://www.d3football.com/seasons/2025/boxscores/20251115_cdcf.xml?view=plays"
"https://www.d3football.com/seasons/2025/boxscores/20251115_cdd0.xml","Not fetched: offline (option d3ballR.offline = TRUE): https://www.d3football.com/seasons/2025/boxscores/20251115_cdd0.xml?view=plays"
"https://www.d3football.com/seasons/2025/boxscores/20251115_coz2.xml","Not fetched: offline (option d3ballR.offline = TRUE): https://www.d3football.com/seasons/2025/boxscores/20251115_coz2.xml?view=plays"
"https://www.d3football.com/seasons/2025/boxscores/20251115_d97d.xml","Not fetched: offline (option d3ballR.offline = TRUE): https://www.d3football.com/seasons/2025/boxscores/20251115_d97d.xml?view=plays"
"https://www.d3football.com/seasons/2025/boxscores/20251115_drb5.xml","Not fetched: offline (option d3ballR.offline = TRUE): https://www.d3football.com/seasons/2025/boxscores/20251115_drb5.xml?view=plays"
"https://www.d3football.com/seasons/2025/boxscores/20251115_dst9.xml","Not fetched: offline (option d3ballR.offline = TRUE): https://www.d3football.com/seasons/2025/boxscores/20251115_dst9.xml?view=plays"
"https://www.d3football.com/seasons/2025/boxscores/20251115_effl.xml","Not fetched: offline (option d3ballR.offline = TRUE): https://www.d3football.com/seasons/2025/boxscores/20251115_effl.xml?view=plays"
"https://www.d3football.com/seasons/2025/boxscores/20251115_ewyn.xml","Not fetched: offline (option d3ballR.offline = TRUE): https://www.d3football.com/seasons/2025/boxscores/20251115_ewyn.xml?view=plays"
"https://www.d3football.com/seasons/2025/boxscores/20251115_exa0.xml","Not fetched: offline (option d3ballR.offline = TRUE): https://www.d3football.com/seasons/2025/boxscores/20251115_exa0.xml?view=plays"
"https://www.d3football.com/seasons/2025/boxscores/20251115_f7tv.xml","Not fetched: offline (option d3ballR.offline = TRUE): https://www.d3football.com/seasons/2025/boxscores/20251115_f7tv.xml?view=plays"
"https://www.d3football.com/seasons/2025/boxscores/20251115_fdhu.xml","Not fetched: offline (option d3ballR.offline = TRUE): https://www.d3football.com/seasons/2025/boxscores/20251115_fdhu.xml?view=plays"
"https://www.d3football.com/seasons/2025/boxscores/20251115_fhoy.xml","Not fetched: offline (option d3ballR.offline = TRUE): https://www.d3football.com/seasons/2025/boxscores/20251115_fhoy.xml?view=plays"
"https://www.d3football.com/seasons/2025/boxscores/20251115_fq8m.xml","Not fetched: offline (option d3ballR.offline = TRUE): https://www.d3football.com/seasons/2025/boxscores/20251115_fq8m.xml?view=plays"
"https://www.d3football.com/seasons/2025/boxscores/20251115_gg18.xml","Not fetched: offline (option d3ballR.offline = TRUE): https://www.d3football.com/seasons/2025/boxscores/20251115_gg18.xml?view=plays"
"https://www.d3football.com/seasons/2025/boxscores/20251115_glwd.xml","Not fetched: offline (option d3ballR.offline = TRUE): https://www.d3football.com/seasons/2025/boxscores/20251115_glwd.xml?view=plays"
"https://www.d3football.com/seasons/2025/boxscores/20251115_gvlj.xml","Not fetched: offline (option d3ballR.offline = TRUE): https://www.d3football.com/seasons/2025/boxscores/20251115_gvlj.xml?view=plays"
"https://www.d3football.com/seasons/2025/boxscores/20251115_h5jn.xml","Not fetched: offline (option d3ballR.offline = TRUE): https://www.d3football.com/seasons/2025/boxscores/20251115_h5jn.xml?view=plays"
"https://www.d3football.com/seasons/2025/boxscores/20251115_h8fs.xml","Not fetched: offline (option d3ballR.offline = TRUE): https://www.d3football.com/seasons/2025/boxscores/20251115_h8fs.xml?view=plays"
"https://www.d3football.com/seasons/2025/boxscores/20251115_hd72.xml","Not fetched: offline (option d3ballR.offline = TRUE): https://www.d3football.com/seasons/2025/boxscores/20251115_hd72.xml?view=plays"
"https://www.d3football.com/seasons/2025/boxscores/20251115_hern.xml","Not fetched: offline (option d3ballR.offline = TRUE): https://www.d3football.com/seasons/2025/boxscores/20251115_hern.xml?view=plays"
"https://www.d3football.com/seasons/2025/boxscores/20251115_iaod.xml","Not fetched: offline (option d3ballR.offline = TRUE): https://www.d3football.com/seasons/2025/boxscores/20251115_iaod.xml?view=plays"
"https://www.d3football.com/seasons/2025/boxscores/20251115_igav.xml","Not fetched: offline (option d3ballR.offline = TRUE): https://www.d3football.com/seasons/2025/boxscores/20251115_igav.xml?view=plays"
"https://www.d3football.com/seasons/2025/boxscores/20251115_io1e.xml","Not fetched: offline (option d3ballR.offline = TRUE): https://www.d3football.com/seasons/2025/boxscores/20251115_io1e.xml?view=plays"
"https://www.d3football.com/seasons/2025/boxscores/20251115_j0ef.xml","Not fetched: offline (option d3ballR.offline = TRUE): https://www.d3football.com/seasons/2025/boxscores/20251115_j0ef.xml?view=plays"
"https://www.d3football.com/seasons/2025/boxscores/20251115_jsqc.xml","Not fetched: offline (option d3ballR.offline = TRUE): https://www.d3football.com/seasons/2025/boxscores/20251115_jsqc.xml?view=plays"
"https://www.d3football.com/seasons/2025/boxscores/20251115_ko9g.xml","Not fetched: offline (option d3ballR.offline = TRUE): https://www.d3football.com/seasons/2025/boxscores/20251115_ko9g.xml?view=plays"
"https://www.d3football.com/seasons/2025/boxscores/20251115_lgbn.xml","Not fetched: offline (option d3ballR.offline = TRUE): https://www.d3football.com/seasons/2025/boxscores/20251115_lgbn.xml?view=plays"
"https://www.d3football.com/seasons/2025/boxscores/20251115_m5el.xml","Not fetched: offline (option d3ballR.offline = TRUE): https://www.d3football.com/seasons/2025/boxscores/20251115_m5el.xml?view=plays"
"https://www.d3football.com/seasons/2025/boxscores/20251115_m5t6.xml","Not fetched: offline (option d3ballR.offline = TRUE): https://www.d3football.com/seasons/2025/boxscores/20251115_m5t6.xml?view=plays"
"https://www.d3football.com/seasons/2025/boxscores/20251115_mhk5.xml","Not fetched: offline (option d3ballR.offline = TRUE): https://www.d3football.com/seasons/2025/boxscores/20251115_mhk5.xml?view=plays"
"https://www.d3football.com/seasons/2025/boxscores/20251115_nhny.xml","Not fetched: offline (option d3ballR.offline = TRUE): https://www.d3football.com/seasons/2025/boxscores/20251115_nhny.xml?view=plays"
"https://www.d3football.com/seasons/2025/boxscores/20251115_nj8u.xml","Not fetched: offline (option d3ballR.offline = TRUE): https://www.d3football.com/seasons/2025/boxscores/20251115_nj8u.xml?view=plays"
"https://www.d3football.com/seasons/2025/boxscores/20251115_nkhl.xml","Not fetched: offline (option d3ballR.offline = TRUE): https://www.d3football.com/seasons/2025/boxscores/20251115_nkhl.xml?view=plays"
"https://www.d3football.com/seasons/2025/boxscores/20251115_nxeh.xml","Not fetched: offline (option d3ballR.offline = TRUE): https://www.d3football.com/seasons/2025/boxscores/20251115_nxeh.xml?view=plays"
"https://www.d3football.com/seasons/2025/boxscores/20251115_nyha.xml","Not fetched: offline (option d3ballR.offline = TRUE): https://www.d3football.com/seasons/2025/boxscores/20251115_nyha.xml?view=plays"
"https://www.d3football.com/seasons/2025/boxscores/20251115_oq8v.xml","Not fetched: offline (option d3ballR.offline = TRUE): https://www.d3football.com/seasons/2025/boxscores/20251115_oq8v.xml?view=plays"
"https://www.d3football.com/seasons/2025/boxscores/20251115_p0ch.xml","Not fetched: offline (option d3ballR.offline = TRUE): https://www.d3football.com/seasons/2025/boxscores/20251115_p0ch.xml?view=plays"
"https://www.d3football.com/seasons/2025/boxscores/20251115_p2bj.xml","Not fetched: offline (option d3ballR.offline = TRUE): https://www.d3football.com/seasons/2025/boxscores/20251115_p2bj.xml?view=plays"
"https://www.d3football.com/seasons/2025/boxscores/20251115_phob.xml","Not fetched: offline (option d3ballR.offline = TRUE): https://www.d3football.com/seasons/2025/boxscores/20251115_phob.xml?view=plays"
"https://www.d3football.com/seasons/2025/boxscores/20251115_pshq.xml","Not fetched: offline (option d3ballR.offline = TRUE): https://www.d3football.com/seasons/2025/boxscores/20251115_pshq.xml?view=plays"
"https://www.d3football.com/seasons/2025/boxscores/20251115_q4id.xml","Not fetched: offline (option d3ballR.offline = TRUE): https://www.d3football.com/seasons/2025/boxscores/20251115_q4id.xml?view=plays"
"https://www.d3football.com/seasons/2025/boxscores/20251115_r09l.xml","Not fetched: offline (option d3ballR.offline = TRUE): https://www.d3football.com/seasons/2025/boxscores/20251115_r09l.xml?view=plays"
"https://www.d3football.com/seasons/2025/boxscores/20251115_r4dp.xml","Not fetched: offline (option d3ballR.offline = TRUE): https://www.d3football.com/seasons/2025/boxscores/20251115_r4dp.xml?view=plays"
"https://www.d3football.com/seasons/2025/boxscores/20251115_r9am.xml","Not fetched: offline (option d3ballR.offline = TRUE): https://www.d3football.com/seasons/2025/boxscores/20251115_r9am.xml?view=plays"
"https://www.d3football.com/seasons/2025/boxscores/20251115_re56.xml","Not fetched: offline (option d3ballR.offline = TRUE): https://www.d3football.com/seasons/2025/boxscores/20251115_re56.xml?view=plays"
"https://www.d3football.com/seasons/2025/boxscores/20251115_rei3.xml","Not fetched: offline (option d3ballR.offline = TRUE): https://www.d3football.com/seasons/2025/boxscores/20251115_rei3.xml?view=plays"
"https://www.d3football.com/seasons/2025/boxscores/20251115_rr3o.xml","Not fetched: offline (option d3ballR.offline = TRUE): https://www.d3football.com/seasons/2025/boxscores/20251115_rr3o.xml?view=plays"
"https://www.d3football.com/seasons/2025/boxscores/20251115_sfz1.xml","Not fetched: offline (option d3ballR.offline = TRUE): https://www.d3football.com/seasons/2025/boxscores/20251115_sfz1.xml?view=plays"
"https://www.d3football.com/seasons/2025/boxscores/20251115_tosa.xml","Not fetched: offline (option d3ballR.offline = TRUE): https://www.d3football.com/seasons/2025/boxscores/20251115_tosa.xml?view=plays"
"https://www.d3football.com/seasons/2025/boxscores/20251115_ts6v.xml","Not fetched: offline (option d3ballR.offline = TRUE): https://www.d3football.com/seasons/2025/boxscores/20251115_ts6v.xml?view=plays"
"https://www.d3football.com/seasons/2025/boxscores/20251115_ui33.xml","Not fetched: offline (option d3ballR.offline = TRUE): https://www.d3football.com/seasons/2025/boxscores/20251115_ui33.xml?view=plays"
"https://www.d3football.com/seasons/2025/boxscores/20251115_up4p.xml","Not fetched: offline (option d3ballR.offline = TRUE): https://www.d3football.com/seasons/2025/boxscores/20251115_up4p.xml?view=plays"
"https://www.d3football.com/seasons/2025/boxscores/20251115_upkg.xml","Not fetched: offline (option d3ballR.offline = TRUE): https://www.d3football.com/seasons/2025/boxscores/20251115_upkg.xml?view=plays"
"https://www.d3football.com/seasons/2025/boxscores/20251115_ut1v.xml","Not fetched: offline (option d3ballR.offline = TRUE): https://www.d3football.com/seasons/2025/boxscores/20251115_ut1v.xml?view=plays"
"https://www.d3football.com/seasons/2025/boxscores/20251115_vmde.xml","Not fetched: offline (option d3ballR.offline = TRUE): https://www.d3football.com/seasons/2025/boxscores/20251115_vmde.xml?view=plays"
"https://www.d3football.com/seasons/2025/boxscores/20251115_vqiy.xml","Not fetched: offline (option d3ballR.offline = TRUE): https://www.d3football.com/seasons/2025/boxscores/20251115_vqiy.xml?view=plays"
"https://www.d3football.com/seasons/2025/boxscores/20251115_vt5u.xml","Not fetched: offline (option d3ballR.offline = TRUE): https://www.d3football.com/seasons/2025/boxscores/20251115_vt5u.xml?view=plays"
"https://www.d3football.com/seasons/2025/boxscores/20251115_wd9p.xml","Not fetched: offline (option d3ballR.offline = TRUE): https://www.d3football.com/seasons/2025/boxscores/20251115_wd9p.xml?view=plays"
"https://www.d3football.com/seasons/2025/boxscores/20251115_y4uy.xml","Not fetched: offline (option d3ballR.offline = TRUE): https://www.d3football.com/seasons/2025/boxscores/20251115_y4uy.xml?view=plays"
"https://www.d3football.com/seasons/2025/boxscores/20251115_yedx.xml","Not fetched: offline (option d3ballR.offline = TRUE): https://www.d3football.com/seasons/2025/boxscores/20251115_yedx.xml?view=plays"
"https://www.d3football.com/seasons/2025/boxscores/20251115_ypjs.xml","Not fetched: offline (option d3ballR.offline = TRUE): https://www.d3football.com/seasons/2025/boxscores/20251115_ypjs.xml?view=plays"
"https://www.d3football.com/seasons/2025/boxscores/20251115_zrqc.xml","Not fetched: offline (option d3ballR.offline = TRUE): https://www.d3football.com/seasons/2025/boxscores/20251115_zrqc.xml?view=plays"
"https://www.d3football.com/seasons/2025/boxscores/20251121_dny8.xml","Not fetched: offline (option d3ballR.offline = TRUE): https://www.d3football.com/seasons/2025/boxscores/20251121_dny8.xml?view=plays"
"https://www.d3football.com/seasons/2025/boxscores/20251122_0a83.xml","Not fetched: offline (option d3ballR.offline = TRUE): https://www.d3football.com/seasons/2025/boxscores/20251122_0a83.xml?view=plays"
"https://www.d3football.com/seasons/2025/boxscores/20251122_1788.xml","Not fetched: offline (option d3ballR.offline = TRUE): https://www.d3football.com/seasons/2025/boxscores/20251122_1788.xml?view=plays"
"https://www.d3football.com/seasons/2025/boxscores/20251122_3cjz.xml","Not fetched: offline (option d3ballR.offline = TRUE): https://www.d3football.com/seasons/2025/boxscores/20251122_3cjz.xml?view=plays"
"https://www.d3football.com/seasons/2025/boxscores/20251122_3edr.xml","Not fetched: offline (option d3ballR.offline = TRUE): https://www.d3football.com/seasons/2025/boxscores/20251122_3edr.xml?view=plays"
"https://www.d3football.com/seasons/2025/boxscores/20251122_44ni.xml","Not fetched: offline (option d3ballR.offline = TRUE): https://www.d3football.com/seasons/2025/boxscores/20251122_44ni.xml?view=plays"
"https://www.d3football.com/seasons/2025/boxscores/20251122_667w.xml","Not fetched: offline (option d3ballR.offline = TRUE): https://www.d3football.com/seasons/2025/boxscores/20251122_667w.xml?view=plays"
"https://www.d3football.com/seasons/2025/boxscores/20251122_7g8y.xml","Not fetched: offline (option d3ballR.offline = TRUE): https://www.d3football.com/seasons/2025/boxscores/20251122_7g8y.xml?view=plays"
"https://www.d3football.com/seasons/2025/boxscores/20251122_7r3l.xml","Not fetched: offline (option d3ballR.offline = TRUE): https://www.d3football.com/seasons/2025/boxscores/20251122_7r3l.xml?view=plays"
"https://www.d3football.com/seasons/2025/boxscores/20251122_7wwr.xml","Not fetched: offline (option d3ballR.offline = TRUE): https://www.d3football.com/seasons/2025/boxscores/20251122_7wwr.xml?view=plays"
"https://www.d3football.com/seasons/2025/boxscores/20251122_8ewe.xml","Not fetched: offline (option d3ballR.offline = TRUE): https://www.d3football.com/seasons/2025/boxscores/20251122_8ewe.xml?view=plays"
"https://www.d3football.com/seasons/2025/boxscores/20251122_dfrn.xml","Not fetched: offline (option d3ballR.offline = TRUE): https://www.d3football.com/seasons/2025/boxscores/20251122_dfrn.xml?view=plays"
"https://www.d3football.com/seasons/2025/boxscores/20251122_hx94.xml","Not fetched: offline (option d3ballR.offline = TRUE): https://www.d3football.com/seasons/2025/boxscores/20251122_hx94.xml?view=plays"
"https://www.d3football.com/seasons/2025/boxscores/20251122_ii7v.xml","Not fetched: offline (option d3ballR.offline = TRUE): https://www.d3football.com/seasons/2025/boxscores/20251122_ii7v.xml?view=plays"
"https://www.d3football.com/seasons/2025/boxscores/20251122_p3e7.xml","Not fetched: offline (option d3ballR.offline = TRUE): https://www.d3football.com/seasons/2025/boxscores/20251122_p3e7.xml?view=plays"
"https://www.d3football.com/seasons/2025/boxscores/20251122_p9ff.xml","Not fetched: offline (option d3ballR.offline = TRUE): https://www.d3football.com/seasons/2025/boxscores/20251122_p9ff.xml?view=plays"
"https://www.d3football.com/seasons/2025/boxscores/20251122_z95l.xml","Not fetched: offline (option d3ballR.offline = TRUE): https://www.d3football.com/seasons/2025/boxscores/20251122_z95l.xml?view=plays"
"https://www.d3football.com/seasons/2025/boxscores/20251129_0tvc.xml","Not fetched: offline (option d3ballR.offline = TRUE): https://www.d3football.com/seasons/2025/boxscores/20251129_0tvc.xml?view=plays"
"https://www.d3football.com/seasons/2025/boxscores/20251129_3gqf.xml","Not fetched: offline (option d3ballR.offline = TRUE): https://www.d3football.com/seasons/2025/boxscores/20251129_3gqf.xml?view=plays"
"https://www.d3football.com/seasons/2025/boxscores/20251129_4bix.xml","Not fetched: offline (option d3ballR.offline = TRUE): https://www.d3football.com/seasons/2025/boxscores/20251129_4bix.xml?view=plays"
"https://www.d3football.com/seasons/2025/boxscores/20251129_57m9.xml","Not fetched: offline (option d3ballR.offline = TRUE): https://www.d3football.com/seasons/2025/boxscores/20251129_57m9.xml?view=plays"
"https://www.d3football.com/seasons/2025/boxscores/20251129_admb.xml","Not fetched: offline (option d3ballR.offline = TRUE): https://www.d3football.com/seasons/2025/boxscores/20251129_admb.xml?view=plays"
"https://www.d3football.com/seasons/2025/boxscores/20251129_b9kr.xml","Not fetched: offline (option d3ballR.offline = TRUE): https://www.d3football.com/seasons/2025/boxscores/20251129_b9kr.xml?view=plays"
"https://www.d3football.com/seasons/2025/boxscores/20251129_ghzw.xml","Not fetched: offline (option d3ballR.offline = TRUE): https://www.d3football.com/seasons/2025/boxscores/20251129_ghzw.xml?view=plays"
"https://www.d3football.com/seasons/2025/boxscores/20251129_p6rx.xml","Not fetched: offline (option d3ballR.offline = TRUE): https://www.d3football.com/seasons/2025/boxscores/20251129_p6rx.xml?view=plays"
"https://www.d3football.com/seasons/2025/boxscores/20251129_r5ne.xml","Not fetched: offline (option d3ballR.offline = TRUE): https://www.d3football.com/seasons/2025/boxscores/20251129_r5ne.xml?view=plays"
"https://www.d3football.com/seasons/2025/boxscores/20251129_s26k.xml","Not fetched: offline (option d3ballR.offline = TRUE): https://www.d3football.com/seasons/2025/boxscores/20251129_s26k.xml?view=plays"
"https://www.d3football.com/seasons/2025/boxscores/20251129_t77k.xml","Not fetched: offline (option d3ballR.offline = TRUE): https://www.d3football.com/seasons/2025/boxscores/20251129_t77k.xml?view=plays"
"https://www.d3football.com/seasons/2025/boxscores/20251129_txw9.xml","Not fetched: offline (option d3ballR.offline = TRUE): https://www.d3football.com/seasons/2025/boxscores/20251129_txw9.xml?view=plays"
"https://www.d3football.com/seasons/2025/boxscores/20251129_y0qp.xml","Not fetched: offline (option d3ballR.offline = TRUE): https://www.d3football.com/seasons/2025/boxscores/20251129_y0qp.xml?view=plays"
"https://www.d3football.com/seasons/2025/boxscores/20251206_bkyu.xml","Not fetched: offline (option d3ballR.offline = TRUE): https://www.d3football.com/seasons/2025/boxscores/20251206_bkyu.xml?view=plays"
"https://www.d3football.com/seasons/2025/boxscores/20251206_msui.xml","Not fetched: offline (option d3ballR.offline = TRUE): https://www.d3football.com/seasons/2025/boxscores/20251206_msui.xml?view=plays"
"https://www.d3football.com/seasons/2025/boxscores/20251206_pt6d.xml","Not fetched: offline (option d3ballR.offline = TRUE): https://www.d3football.com/seasons/2025/boxscores/20251206_pt6d.xml?view=plays"
"https://www.d3football.com/seasons/2025/boxscores/20251206_rxq5.xml","Not fetched: offline (option d3ballR.offline = TRUE): https://www.d3football.com/seasons/2025/boxscores/20251206_rxq5.xml?view=plays"
"https://www.d3football.com/seasons/2025/boxscores/20251206_snpc.xml","Not fetched: offline (option d3ballR.offline = TRUE): https://www.d3football.com/seasons/2025/boxscores/20251206_snpc.xml?view=plays"
"https://www.d3football.com/seasons/2025/boxscores/20251206_t8r2.xml","Not fetched: offline (option d3ballR.offline = TRUE): https://www.d3football.com/seasons/2025/boxscores/20251206_t8r2.xml?view=plays"
"https://www.d3football.com/seasons/2025/boxscores/20251206_v1xq.xml","Not fetched: offline (option d3ballR.offline = TRUE): https://www.d3football.com/seasons/2025/boxscores/20251206_v1xq.xml?view=plays"
"https://www.d3football.com/seasons/2025/boxscores/20251213_5hrf.xml","Not fetched: offline (option d3ballR.offline = TRUE): https://www.d3football.com/seasons/2025/boxscores/20251213_5hrf.xml?view=plays"
"https://www.d3football.com/seasons/2025/boxscores/20251213_7ppt.xml","Not fetched: offline (option d3ballR.offline = TRUE): https://www.d3football.com/seasons/2025/boxscores/20251213_7ppt.xml?view=plays"
"https://www.d3football.com/seasons/2025/boxscores/20251213_z53j.xml","Not fetched: offline (option d3ballR.offline = TRUE): https://www.d3football.com/seasons/2025/boxscores/20251213_z53j.xml?view=plays"
"https://www.d3football.com/seasons/2025/boxscores/20251220_0smg.xml","Not fetched: offline (option d3ballR.offline = TRUE): https://www.d3football.com/seasons/2025/boxscores/20251220_0smg.xml?view=plays"
