"game_id","season","game_date","week","season_type","home","away","boxscore_url","scoreboard_view","status","away_score","home_score","site_note","date_text","text_date"
"20250904_2g4w",2025,"2025-09-04",1,"regular","Buffalo State","Brockport","https://www.d3football.com/seasons/2025/boxscores/20250904_2g4w.xml",1,"Final",41,0,,"Sep. 4","2025-09-04"
"20250904_d231",2025,"2025-09-04",1,"regular","UW-Eau Claire","Carroll","https://www.d3football.com/seasons/2025/boxscores/20250904_d231.xml",1,"Final",7,29,,"Sep. 4","2025-09-04"
"20250904_e307",2025,"2025-09-04",1,"regular","Valley City State","Augsburg","https://www.d3football.com/seasons/2025/boxscores/20250904_e307.xml",1,"Final",0,27,,"Sep. 4","2025-09-04"
"20250904_hjux",2025,"2025-09-04",1,"regular","Heidelberg","Hiram","https://www.d3football.com/seasons/2025/boxscores/20250904_hjux.xml",1,"Final",27,65,,"Sep. 4","2025-09-04"
"20250904_hz19",2025,"2025-09-04",1,"regular","Lebanon Valley","Franklin and Marshall","https://www.d3football.com/seasons/2025/boxscores/20250904_hz19.xml",1,"Final",31,21,,"Sep. 4","2025-09-04"
"20250904_ndb9",2025,"2025-09-04",1,"regular","Illinois College","Greenville","https://www.d3football.com/seasons/2025/boxscores/20250904_ndb9.xml",1,"Final",9,28,,"Sep. 4","2025-09-04"
"20250904_x3up",2025,"2025-09-04",1,"regular","N.C. Wesleyan","Averett","https://www.d3football.com/seasons/2025/boxscores/20250904_x3up.xml",1,"Final",12,64,,"Sep. 4","2025-09-04"
"20250904_x4o2",2025,"2025-09-04",1,"regular","Belhaven","Millsaps","https://www.d3football.com/seasons/2025/boxscores/20250904_x4o2.xml",1,"Final",24,50,,"Sep. 4","2025-09-04"
"20250904_x9dy",2025,"2025-09-04",1,"regular","Howard Payne","Pacific","https://www.d3football.com/seasons/2025/boxscores/20250904_x9dy.xml",1,"Final",13,21,,"Sep. 4","2025-09-04"
"20250904_xvn8",2025,"2025-09-04",1,"regular","Cornell","Coe","https://www.d3football.com/seasons/2025/boxscores/20250904_xvn8.xml",1,"Final",62,6,,"Sep. 4","2025-09-04"
"20250904_zbay",2025,"2025-09-04",1,"regular","Westminster (Pa.)","Marietta","https://www.d3football.com/seasons/2025/boxscores/20250904_zbay.xml",1,"Final",12,8,,"Sep. 4","2025-09-04"
"20250904_zik0",2025,"2025-09-04",1,"regular","Texas Lutheran","Trinity (Texas)","https://www.d3football.com/seasons/2025/boxscores/20250904_zik0.xml",1,"Final",26,14,,"Sep. 4","2025-09-04"
"20250905_0otb",2025,"2025-09-05",1,"regular","Curry","Bridgewater State","https://www.d3football.com/seasons/2025/boxscores/20250905_0otb.xml",1,"Final",28,35,,"Sep. 5","2025-09-05"
"20250905_2ic2",2025,"2025-09-05",1,"regular","Alfred","Hobart","https://www.d3football.com/seasons/2025/boxscores/20250905_2ic2.xml",1,"Final",23,28,,"Sep. 5","2025-09-05"
"20250905_5sfv",2025,"2025-09-05",1,"regular","St. Lawrence","Norwich","https://www.d3football.com/seasons/2025/boxscores/20250905_5sfv.xml",1,"Final",3,19,,"Sep. 5","2025-09-05"
"20250905_8wt2",2025,"2025-09-05",1,"regular","Muhlenberg","Moravian","https://www.d3football.com/seasons/2025/boxscores/20250905_8wt2.xml",1,"Final",19,38,,"Sep. 5","2025-09-05"
"20250905_9lhe",2025,"2025-09-05",1,"regular","Thiel","Concordia (Wis.)","https://www.d3football.com/seasons/2025/boxscores/20250905_9lhe.xml",1,"Final",27,8,,"Sep. 5","2025-09-05"
"20250905_9opj",2025,"2025-09-05",1,"regular","Catholic","McDaniel","https://www.d3football.com/seasons/2025/boxscores/20250905_9opj.xml",1,"Final",7,10,,"Sep. 5","2025-09-05"
"20250905_j032",2025,"2025-09-05",1,"regular","Alvernia","Ursinus","https://www.d3football.com/seasons/2025/boxscores/20250905_j032.xml",1,"Final",41,17,,"Sep. 5","2025-09-05"
"20250905_jdn4",2025,"2025-09-05",1,"regular","Randolph-Macon","Dickinson","https://www.d3football.com/seasons/2025/boxscores/20250905_jdn4.xml",1,"Final",34,48,,"Sep. 5","2025-09-05"
"20250905_jir1",2025,"2025-09-05",1,"regular","Fitchburg State","Dean","https://www.d3football.com/seasons/2025/boxscores/20250905_jir1.xml",1,"Final",14,49,,"Sep. 5","2025-09-05"
"20250905_p2em",2025,"2025-09-05",1,"regular","Gallaudet","Albright","https://www.d3football.com/seasons/2025/boxscores/20250905_p2em.xml",1,"Final",9,7,,"Sep. 5","2025-09-05"
"20250905_qsmw",2025,"2025-09-05",1,"regular","Merchant Marine","Montclair State","https://www.d3football.com/seasons/2025/boxscores/20250905_qsmw.xml",1,"Final",15,29,,"Sep. 5","2025-09-05"
"20250905_rgw0",2025,"2025-09-05",1,"regular","Massachusetts Maritime","SUNY-Maritime","https://www.d3football.com/seasons/2025/boxscores/20250905_rgw0.xml",1,"Final",21,14,,"Sep. 5","2025-09-05"
"20250905_wr9m",2025,"2025-09-05",1,"regular","Gettysburg","Juniata","https://www.d3football.com/seasons/2025/boxscores/20250905_wr9m.xml",1,"Final",31,30,,"Sep. 5","2025-09-05"
"20250906_034w",2025,"2025-09-06",1,"regular","Austin","Kalamazoo","https://www.d3football.com/seasons/2025/boxscores/20250906_034w.xml",1,"Final",14,10,,"Sep. 6","2025-09-06"
"20250906_09bx",2025,"2025-09-06",1,"regular","Mount Union","Wheaton (Ill.)","https://www.d3football.com/seasons/2025/boxscores/20250906_09bx.xml",1,"Final",29,37,,"Sep. 6","2025-09-06"
"20250906_10mp",2025,"2025-09-06",1,"regular","Rockford","Beloit","https://www.d3football.com/seasons/2025/boxscores/20250906_10mp.xml",1,"Final",15,19,,"Sep. 6","2025-09-06"
"20250906_1c8m",2025,"2025-09-06",1,"regular","Western Connecticut","William Paterson","https://www.d3football.com/seasons/2025/boxscores/20250906_1c8m.xml",1,"Final",20,21,,"Sep. 6","2025-09-06"
"20250906_1qeq",2025,"2025-09-06",1,"regular","Grinnell","Macalester","https://www.d3football.com/seasons/2025/boxscores/20250906_1qeq.xml",1,"Final",20,15,,"Sep. 6","2025-09-06"
"20250906_1qqy",2025,"2025-09-06",1,"regular","Eastern","Anna Maria","https://www.d3football.com/seasons/2025/boxscores/20250906_1qqy.xml",1,"Final",7,46,,"Sep. 6","2025-09-06"
"20250906_26ks",2025,"2025-09-06",1,"regular","Delaware Valley","Hampden-Sydney","https://www.d3football.com/seasons/2025/boxscores/20250906_26ks.xml",1,"Final",38,9,,"Sep. 6","2025-09-06"
"20250906_29l4",2025,"2025-09-06",1,"regular","East Texas Baptist","Lyon","https://www.d3football.com/seasons/2025/boxscores/20250906_29l4.xml",1,"Final",8,47,,"Sep. 6","2025-09-06"
"20250906_2lhd",2025,"2025-09-06",1,"regular","Muskingum","Mount St. Joseph","https://www.d3football.com/seasons/2025/boxscores/20250906_2lhd.xml",1,"Final",33,27,,"Sep. 6","2025-09-06"
"20250906_2q6t",2025,"2025-09-06",1,"regular","Hendrix","Maryville (Tenn.)","https://www.d3football.com/seasons/2025/boxscores/20250906_2q6t.xml",1,"Final",40,14,,"Sep. 6","2025-09-06"
"20250906_2yy3",2025,"2025-09-06",1,"regular","Southern Virginia","Apprentice","https://www.d3football.com/seasons/2025/boxscores/20250906_2yy3.xml",1,"Final",6,27,,"Sep. 6","2025-09-06"
"20250906_35p9",2025,"2025-09-06",1,"regular","Loras","Hope","https://www.d3football.com/seasons/2025/boxscores/20250906_35p9.xml",1,"Final",62,0,,"Sep. 6","2025-09-06"
"20250906_3f7l",2025,"2025-09-06",1,"regular","Mary Hardin-Baylor","Bethel (Tenn.)","https://www.d3football.com/seasons/2025/boxscores/20250906_3f7l.xml",1,"Final",23,30,,"Sep. 6","2025-09-06"
"20250906_3hu1",2025,"2025-09-06",1,"regular","FDU-Florham","St. John Fisher","https://www.d3football.com/seasons/2025/boxscores/20250906_3hu1.xml",1,"Final",21,0,,"Sep. 6","2025-09-06"
"20250906_41ka",2025,"2025-09-06",1,"regular","Linfield","UW-Oshkosh","https://www.d3football.com/seasons/2025/boxscores/20250906_41ka.xml",1,"Final",31,14,,"Sep. 6","2025-09-06"
"20250906_45l3",2025,"2025-09-06",1,"regular","St. Vincent","Hilbert","https://www.d3football.com/seasons/2025/boxscores/20250906_45l3.xml",1,"Final",7,28,,"Sep. 6","2025-09-06"
"20250906_5qby",2025,"2025-09-06",1,"regular","Ithaca","Johns Hopkins","https://www.d3football.com/seasons/2025/boxscores/20250906_5qby.xml",1,"Final",42,14,,"Sep. 6","2025-09-06"
"20250906_5t3v",2025,"2025-09-06",1,"regular","Wilmington","Wooster","https://www.d3football.com/seasons/2025/boxscores/20250906_5t3v.xml",1,"Final",35,59,,"Sep. 6","2025-09-06"
"20250906_5u5q",2025,"2025-09-06",1,"regular","Waynesburg","John Carroll","https://www.d3football.com/seasons/2025/boxscores/20250906_5u5q.xml",1,"Final",48,14,,"Sep. 6","2025-09-06"
"20250906_616y",2025,"2025-09-06",1,"regular","Endicott","Misericordia","https://www.d3football.com/seasons/2025/boxscores/20250906_616y.xml",1,"Final",21,31,,"Sep. 6","2025-09-06"
"20250906_6mvd",2025,"2025-09-06",1,"regular","Lakeland","Carthage","https://www.d3football.com/seasons/2025/boxscores/20250906_6mvd.xml",1,"Final",51,40,,"Sep. 6","2025-09-06"
"20250906_70fv",2025,"2025-09-06",1,"regular","University of New England","Coast Guard","https://www.d3football.com/seasons/2025/boxscores/20250906_70fv.xml",1,"Final - OT",49,56,,"Sep. 6","2025-09-06"
"20250906_71s2",2025,"2025-09-06",1,"regular","Wittenberg","Baldwin Wallace","https://www.d3football.com/seasons/2025/boxscores/20250906_71s2.xml",1,"Final",31,13,,"Sep. 6","2025-09-06"
"20250906_806w",2025,"2025-09-06",1,"regular","St. Norbert","Wabash","https://www.d3football.com/seasons/2025/boxscores/20250906_806w.xml",1,"Final",55,21,,"Sep. 6","2025-09-06"
"20250906_85f2",2025,"2025-09-06",1,"regular","Washington and Jefferson","Utica","https://www.d3football.com/seasons/2025/boxscores/20250906_85f2.xml",1,"Final",49,31,,"Sep. 6","2025-09-06"
"20250906_8da1",2025,"2025-09-06",1,"regular","Anderson","Alfred State","https://www.d3football.com/seasons/2025/boxscores/20250906_8da1.xml",1,"Final",6,7,,"Sep. 6","2025-09-06"
"20250906_8hxj",2025,"2025-09-06",1,"regular","Bluffton","Kenyon","https://www.d3football.com/seasons/2025/boxscores/20250906_8hxj.xml",1,"Final",17,20,,"Sep. 6","2025-09-06"
"20250906_8o5p",2025,"2025-09-06",1,"regular","UW-Stevens Point","Albion","https://www.d3football.com/seasons/2025/boxscores/20250906_8o5p.xml",1,"Final - OT",21,28,,"Sep. 6","2025-09-06"
"20250906_8xam",2025,"2025-09-06",1,"regular","Point","LaGrange","https://www.d3football.com/seasons/2025/boxscores/20250906_8xam.xml",1,"Final",36,14,,"Sep. 6","2025-09-06"
"20250906_91x0",2025,"2025-09-06",1,"regular","Widener","Geneva","https://www.d3football.com/seasons/2025/boxscores/20250906_91x0.xml",1,"Final",18,44,,"Sep. 6","2025-09-06"
"20250906_ao7f",2025,"2025-09-06",1,"regular","Concordia-Moorhead","Mayville St.","https://www.d3football.com/seasons/2025/boxscores/20250906_ao7f.xml",1,"Final",6,17,,"Sep. 6","2025-09-06"
"20250906_c11m",2025,"2025-09-06",1,"regular","Western New England","Springfield","https://www.d3football.com/seasons/2025/boxscores/20250906_c11m.xml",1,"Final",22,23,,"Sep. 6","2025-09-06"
"20250906_d0ep",2025,"2025-09-06",1,"regular","Franklin","Ohio Northern","https://www.d3football.com/seasons/2025/boxscores/20250906_d0ep.xml",1,"Final",20,27,,"Sep. 6","2025-09-06"
"20250906_d1ph",2025,"2025-09-06",1,"regular","Hamline","Crown","https://www.d3football.com/seasons/2025/boxscores/20250906_d1ph.xml",1,"Final",21,28,,"Sep. 6","2025-09-06"
"20250906_dcg5",2025,"2025-09-06",1,"regular","Dakota St.","Nebraska Wesleyan","https://www.d3football.com/seasons/2025/boxscores/20250906_dcg5.xml",1,"Final",7,37,,"Sep. 6","2025-09-06"
"20250906_due6",2025,"2025-09-06",1,"regular","Lycoming","TCNJ","https://www.d3football.com/seasons/2025/boxscores/20250906_due6.xml",1,"Final",27,24,,"Sep. 6","2025-09-06"
"20250906_e064",2025,"2025-09-06",1,"regular","Chicago","Carnegie Mellon","https://www.d3football.com/seasons/2025/boxscores/20250906_e064.xml",1,"Final",20,0,,"Sep. 6","2025-09-06"
"20250906_eq8n",2025,"2025-09-06",1,"regular","Roanoke","Virginia-Lynchburg","https://www.d3football.com/seasons/2025/boxscores/20250906_eq8n.xml",1,"Final",7,23,,"Sep. 6","2025-09-06"
"20250906_ex14",2025,"2025-09-06",1,"regular","Eureka","Knox","https://www.d3football.com/seasons/2025/boxscores/20250906_ex14.xml",1,"Final",13,14,,"Sep. 6","2025-09-06"
"20250906_f4wr",2025,"2025-09-06",1,"regular","UW-Whitewater","Carleton","https://www.d3football.com/seasons/2025/boxscores/20250906_f4wr.xml",1,"Final",14,45,,"Sep. 6","2025-09-06"
"20250906_fm5a",2025,"2025-09-06",1,"regular","New England College","Plymouth State","https://www.d3football.com/seasons/2025/boxscores/20250906_fm5a.xml",1,"Final",49,21,,"Sep. 6","2025-09-06"
"20250906_fw2w",2025,"2025-09-06",1,"regular","St. Olaf","Northwestern (Minn.)","https://www.d3football.com/seasons/2025/boxscores/20250906_fw2w.xml",1,"Final",7,32,,"Sep. 6","2025-09-06"
"20250906_glc4",2025,"2025-09-06",1,"regular","UW-Stout","Dubuque","https://www.d3football.com/seasons/2025/boxscores/20250906_glc4.xml",1,"Final",35,38,,"Sep. 6","2025-09-06"
"20250906_hbla",2025,"2025-09-06",1,"regular","Rowan","Case Western Reserve","https://www.d3football.com/seasons/2025/boxscores/20250906_hbla.xml",1,"Final",17,17,,"Sep. 6","2025-09-06"
"20250906_ipvv",2025,"2025-09-06",1,"regular","Rose-Hulman","DePauw","https://www.d3football.com/seasons/2025/boxscores/20250906_ipvv.xml",1,"Final",40,0,,"Sep. 6","2025-09-06"
"20250906_j3h2",2025,"2025-09-06",1,"regular","Susquehanna","Union","https://www.d3football.com/seasons/2025/boxscores/20250906_j3h2.xml",1,"Final",14,33,,"Sep. 6","2025-09-06"
"20250906_j5s3",2025,"2025-09-06",1,"regular","Bethany","Sewanee","https://www.d3football.com/seasons/2025/boxscores/20250906_j5s3.xml",1,"Final",41,6,,"Sep. 6","2025-09-06"
"20250906_jdae",2025,"2025-09-06",1,"regular","Rochester","Olivet","https://www.d3football.com/seasons/2025/boxscores/20250906_jdae.xml",1,"Final",17,38,,"Sep. 6","2025-09-06"
"20250906_k8vz",2025,"2025-09-06",1,"regular","Manchester","Westminster (Mo.)","https://www.d3football.com/seasons/2025/boxscores/20250906_k8vz.xml",1,"Final",21,14,,"Sep. 6","2025-09-06"
"20250906_kbs4",2025,"2025-09-06",1,"regular","Concordia-Chicago","Minnesota-Morris","https://www.d3football.com/seasons/2025/boxscores/20250906_kbs4.xml",1,"Final",16,17,,"Sep. 6","2025-09-06"
"20250906_kd8h",2025,"2025-09-06",1,"regular","MIT","Nichols","https://www.d3football.com/seasons/2025/boxscores/20250906_kd8h.xml",1,"Final",13,46,,"Sep. 6","2025-09-06"
"20250906_khao",2025,"2025-09-06",1,"regular","Kean","Morrisville State","https://www.d3football.com/seasons/2025/boxscores/20250906_khao.xml",1,"Final",14,17,,"Sep. 6","2025-09-06"
"20250906_km6t",2025,"2025-09-06",1,"regular","Aurora","UW-Platteville","https://www.d3football.com/seasons/2025/boxscores/20250906_km6t.xml",1,"Final",41,0,,"Sep. 6","2025-09-06"
"20250906_kuih",2025,"2025-09-06",1,"regular","Wisconsin Lutheran","St. Scholastica","https://www.d3football.com/seasons/2025/boxscores/20250906_kuih.xml",1,"Final",41,27,,"Sep. 6","2025-09-06"
"20250906_lo04",2025,"2025-09-06",1,"regular","Illinois Wesleyan","Central","https://www.d3football.com/seasons/2025/boxscores/20250906_lo04.xml",1,"Final",27,18,,"Sep. 6","2025-09-06"
"20250906_lq0t",2025,"2025-09-06",1,"regular","Christopher Newport","Trine","https://www.d3football.com/seasons/2025/boxscores/20250906_lq0t.xml",1,"Final",7,38,,"Sep. 6","2025-09-06"
"20250906_ls6a",2025,"2025-09-06",1,"regular","Centre","Hanover","https://www.d3football.com/seasons/2025/boxscores/20250906_ls6a.xml",1,"Final",15,23,,"Sep. 6","2025-09-06"
"20250906_m4ph",2025,"2025-09-06",1,"regular","Valparaiso","Adrian","https://www.d3football.com/seasons/2025/boxscores/20250906_m4ph.xml",1,"Final",10,7,,"Sep. 6","2025-09-06"
"20250906_mww9",2025,"2025-09-06",1,"regular","Willamette","Pomona-Pitzer","https://www.d3football.com/seasons/2025/boxscores/20250906_mww9.xml",1,"Final",41,17,,"Sep. 6","2025-09-06"
"20250906_nhof",2025,"2025-09-06",1,"regular","McMurry","Southwestern","https://www.d3football.com/seasons/2025/boxscores/20250906_nhof.xml",1,"Final",27,19,,"Sep. 6","2025-09-06"
"20250906_nidd",2025,"2025-09-06",1,"regular","Guilford","Greensboro","https://www.d3football.com/seasons/2025/boxscores/20250906_nidd.xml",1,"Final",21,7,,"Sep. 6","2025-09-06"
"20250906_og2i",2025,"2025-09-06",1,"regular","Washington U.","Rhodes","https://www.d3football.com/seasons/2025/boxscores/20250906_og2i.xml",1,"Final",0,49,,"Sep. 6","2025-09-06"
"20250906_ol2o",2025,"2025-09-06",1,"regular","Claremont-Mudd-Scripps","Lake Forest","https://www.d3football.com/seasons/2025/boxscores/20250906_ol2o.xml",1,"Final",7,14,"@ Chandler, Arizona","Sep. 6","2025-09-06"
"20250906_puzg",2025,"2025-09-06",1,"regular","Bridgewater","Stevenson","https://www.d3football.com/seasons/2025/boxscores/20250906_puzg.xml",1,"Final",32,27,,"Sep. 6","2025-09-06"
"20250906_pzhf",2025,"2025-09-06",1,"regular","Puget Sound","Lewis and Clark","https://www.d3football.com/seasons/2025/boxscores/20250906_pzhf.xml",1,"Final",56,20,,"Sep. 6","2025-09-06"
"20250906_q2oz",2025,"2025-09-06",1,"regular","Whitworth","Gustavus Adolphus","https://www.d3football.com/seasons/2025/boxscores/20250906_q2oz.xml",1,"Final",10,23,,"Sep. 6","2025-09-06"
"20250906_q4sa",2025,"2025-09-06",1,"regular","Wartburg","Monmouth","https://www.d3football.com/seasons/2025/boxscores/20250906_q4sa.xml",1,"Final",7,21,,"Sep. 6","2025-09-06"
"20250906_qgnn",2025,"2025-09-06",1,"regular","Allegheny","Denison","https://www.d3football.com/seasons/2025/boxscores/20250906_qgnn.xml",1,"Final",35,24,,"Sep. 6","2025-09-06"
"20250906_qqbg",2025,"2025-09-06",1,"regular","Otterbein","Ohio Wesleyan","https://www.d3football.com/seasons/2025/boxscores/20250906_qqbg.xml",1,"Final",65,28,,"Sep. 6","2025-09-06"
"20250906_rqq2",2025,"2025-09-06",1,"regular","UW-River Falls","Alma","https://www.d3football.com/seasons/2025/boxscores/20250906_rqq2.xml",1,"Final",33,45,,"Sep. 6","2025-09-06"
"20250906_s4wd",2025,"2025-09-06",1,"regular","Luther","Millikin","https://www.d3football.com/seasons/2025/boxscores/20250906_s4wd.xml",1,"Final",33,3,,"Sep. 6","2025-09-06"
"20250906_sofj",2025,"2025-09-06",1,"regular","Lawrence","Martin Luther","https://www.d3football.com/seasons/2025/boxscores/20250906_sofj.xml",1,"Final",33,14,,"Sep. 6","2025-09-06"
"20250906_t2lv",2025,"2025-09-06",1,"regular","Wilkes","King's","https://www.d3football.com/seasons/2025/boxscores/20250906_t2lv.xml",1,"Final",16,19,,"Sep. 6","2025-09-06"
"20250906_t9z9",2025,"2025-09-06",1,"regular","Redlands","George Fox","https://www.d3football.com/seasons/2025/boxscores/20250906_t9z9.xml",1,"Final",7,10,,"Sep. 6","2025-09-06"
"20250906_td14",2025,"2025-09-06",1,"regular","Berry","Huntingdon","https://www.d3football.com/seasons/2025/boxscores/20250906_td14.xml",1,"Final",28,58,,"Sep. 6","2025-09-06"
"20250906_u1p2",2025,"2025-09-06",1,"regular","Cortland","Grove City","https://www.d3football.com/seasons/2025/boxscores/20250906_u1p2.xml",1,"Final",31,14,,"Sep. 6","2025-09-06"
"20250906_uh9c",2025,"2025-09-06",1,"regular","Brevard","Ky. Christian","https://www.d3football.com/seasons/2025/boxscores/20250906_uh9c.xml",1,"Final",41,20,,"Sep. 6","2025-09-06"
"20250906_uhok",2025,"2025-09-06",1,"regular","Cal Lutheran","Pacific Lutheran","https://www.d3football.com/seasons/2025/boxscores/20250906_uhok.xml",1,"Final",15,18,,"Sep. 6","2025-09-06"
"20250906_vatl",2025,"2025-09-06",1,"regular","Washington and Lee","Salisbury","https://www.d3football.com/seasons/2025/boxscores/20250906_vatl.xml",1,"Final",42,21,,"Sep. 6","2025-09-06"
"20250906_vkzk",2025,"2025-09-06",1,"regular","Benedictine","Buena Vista","https://www.d3football.com/seasons/2025/boxscores/20250906_vkzk.xml",1,"Final",0,35,,"Sep. 6","2025-09-06"
"20250906_vvrk",2025,"2025-09-06",1,"regular","Simpson","Augustana","https://www.d3football.com/seasons/2025/boxscores/20250906_vvrk.xml",1,"Final - OT",42,41,,"Sep. 6","2025-09-06"
"20250906_was7",2025,"2025-09-06",1,"regular","Chapman","Hardin-Simmons","https://www.d3football.com/seasons/2025/boxscores/20250906_was7.xml",1,"Final",37,30,,"Sep. 6","2025-09-06"
"20250906_wf4k",2025,"2025-09-06",1,"regular","Framingham State","Husson","https://www.d3football.com/seasons/2025/boxscores/20250906_wf4k.xml",1,"Final",40,13,,"Sep. 6","2025-09-06"
"20250906_wk1h",2025,"2025-09-06",1,"regular","Westfield State","Vermont State Castleton","https://www.d3football.com/seasons/2025/boxscores/20250906_wk1h.xml",1,"Final",16,12,,"Sep. 6","2025-09-06"
"20250906_xaxw",2025,"2025-09-06",1,"regular","WPI","RPI","https://www.d3football.com/seasons/2025/boxscores/20250906_xaxw.xml",1,"Final",26,9,,"Sep. 6","2025-09-06"
"20250906_yr0t",2025,"2025-09-06",1,"regular","Salve Regina","Mass-Dartmouth","https://www.d3football.com/seasons/2025/boxscores/20250906_yr0t.xml",1,"Final",13,34,,"Sep. 6","2025-09-06"
"20250906_z0ea",2025,"2025-09-06",1,"regular","Oberlin","Calvin","https://www.d3football.com/seasons/2025/boxscores/20250906_z0ea.xml",1,"Final",88,6,,"Sep. 6","2025-09-06"
"20250906_zgnw",2025,"2025-09-06",1,"regular","Ripon","North Park","https://www.d3football.com/seasons/2025/boxscores/20250906_zgnw.xml",1,"Final",35,19,,"Sep. 6","2025-09-06"
"20250906_zkds",2025,"2025-09-06",1,"regular","Shenandoah","Methodist","https://www.d3football.com/seasons/2025/boxscores/20250906_zkds.xml",1,"Final",6,25,,"Sep. 6","2025-09-06"
,2025,"2025-09-06",1,"regular","Hartwick","Maine Maritime",,1,"Final",7,56,,"Sep. 6","2025-09-06"
"20250913_0680",2025,"2025-09-13",2,"regular","Martin Luther","Luther","https://www.d3football.com/seasons/2025/boxscores/20250913_0680.xml",2,"Final",0,34,,"Sep. 13","2025-09-13"
"20250913_1738",2025,"2025-09-13",2,"regular","Westminster (Mo.)","Eureka","https://www.d3football.com/seasons/2025/boxscores/20250913_1738.xml",2,"Final",6,29,,"Sep. 13","2025-09-13"
"20250913_1e9i",2025,"2025-09-13",2,"regular","Centre","DePauw","https://www.d3football.com/seasons/2025/boxscores/20250913_1e9i.xml",2,"Final",35,14,,"Sep. 13","2025-09-13"
"20250913_2coh",2025,"2025-09-13",2,"regular","Monmouth","Lawrence","https://www.d3football.com/seasons/2025/boxscores/20250913_2coh.xml",2,"Final",7,78,,"Sep. 13","2025-09-13"
"20250913_2k0r",2025,"2025-09-13",2,"regular","Olivet","Madonna","https://www.d3football.com/seasons/2025/boxscores/20250913_2k0r.xml",2,"Final",45,28,,"Sep. 13","2025-09-13"
"20250913_2q8w",2025,"2025-09-13",2,"regular","Grinnell","Beloit","https://www.d3football.com/seasons/2025/boxscores/20250913_2q8w.xml",2,"Final",0,24,,"Sep. 13","2025-09-13"
"20250913_2te5",2025,"2025-09-13",2,"regular","Plymouth State","Worcester State","https://www.d3football.com/seasons/2025/boxscores/20250913_2te5.xml",2,"Final - OT",46,47,,"Sep. 13","2025-09-13"
"20250913_2yc7",2025,"2025-09-13",2,"regular","Grove City","Mount Union","https://www.d3football.com/seasons/2025/boxscores/20250913_2yc7.xml",2,"Final",49,14,,"Sep. 13","2025-09-13"
"20250913_2yjr",2025,"2025-09-13",2,"regular","Brockport","Hobart","https://www.d3football.com/seasons/2025/boxscores/20250913_2yjr.xml",2,"Final",10,14,,"Sep. 13","2025-09-13"
"20250913_36jd",2025,"2025-09-13",2,"regular","Eastern","Alvernia","https://www.d3football.com/seasons/2025/boxscores/20250913_36jd.xml",2,"Final",14,24,,"Sep. 13","2025-09-13"
"20250913_3nbz",2025,"2025-09-13",2,"regular","Lakeland","Greenville","https://www.d3football.com/seasons/2025/boxscores/20250913_3nbz.xml",2,"Final",29,28,,"Sep. 13","2025-09-13"
"20250913_4hec",2025,"2025-09-13",2,"regular","Lyon","Arkansas Baptist","https://www.d3football.com/seasons/2025/boxscores/20250913_4hec.xml",2,"Final",20,19,,"Sep. 13","2025-09-13"
"20250913_4hzs",2025,"2025-09-13",2,"regular","SUNY-Maritime","Anderson","https://www.d3football.com/seasons/2025/boxscores/20250913_4hzs.xml",2,"Final",0,48,,"Sep. 13","2025-09-13"
"20250913_55cm",2025,"2025-09-13",2,"regular","Southwestern","Puget Sound","https://www.d3football.com/seasons/2025/boxscores/20250913_55cm.xml",2,"Final",43,51,,"Sep. 13","2025-09-13"
"20250913_5d37",2025,"2025-09-13",2,"regular","Wabash","Case Western Reserve","https://www.d3football.com/seasons/2025/boxscores/20250913_5d37.xml",2,"Final",28,38,,"Sep. 13","2025-09-13"
"20250913_5ivd",2025,"2025-09-13",2,"regular","Bluffton","Albion","https://www.d3football.com/seasons/2025/boxscores/20250913_5ivd.xml",2,"Final - OT",45,39,,"Sep. 13","2025-09-13"
"20250913_65gl",2025,"2025-09-13",2,"regular","Wittenberg","Washington and Lee","https://www.d3football.com/seasons/2025/boxscores/20250913_65gl.xml",2,"Final",21,24,,"Sep. 13","2025-09-13"
"20250913_6b2l",2025,"2025-09-13",2,"regular","Capital","Catholic","https://www.d3football.com/seasons/2025/boxscores/20250913_6b2l.xml",2,"Final",20,36,,"Sep. 13","2025-09-13"
"20250913_6fo1",2025,"2025-09-13",2,"regular","Huntingdon","Hendrix","https://www.d3football.com/seasons/2025/boxscores/20250913_6fo1.xml",2,"Final",30,28,,"Sep. 13","2025-09-13"
"20250913_6i95",2025,"2025-09-13",2,"regular","Carnegie Mellon","UW-La Crosse","https://www.d3football.com/seasons/2025/boxscores/20250913_6i95.xml",2,"Final",38,14,,"Sep. 13","2025-09-13"
"20250913_6y5g",2025,"2025-09-13",2,"regular","Alfred","Ithaca","https://www.d3football.com/seasons/2025/boxscores/20250913_6y5g.xml",2,"Final",45,14,,"Sep. 13","2025-09-13"
"20250913_77cq",2025,"2025-09-13",2,"regular","Hamilton","Williams","https://www.d3football.com/seasons/2025/boxscores/20250913_77cq.xml",2,"Final",24,17,,"Sep. 13","2025-09-13"
"20250913_7myh",2025,"2025-09-13",2,"regular","Pacific Lutheran","Simpson (Calif.)","https://www.d3football.com/seasons/2025/boxscores/20250913_7myh.xml",2,"Final",16,42,,"Sep. 13","2025-09-13"
"20250913_8770",2025,"2025-09-13",2,"regular","Johns Hopkins","John Carroll","https://www.d3football.com/seasons/2025/boxscores/20250913_8770.xml",2,"Final",13,27,,"Sep. 13","2025-09-13"
"20250913_8l2c",2025,"2025-09-13",2,"regular","Salve Regina","Western New England","https://www.d3football.com/seasons/2025/boxscores/20250913_8l2c.xml",2,"Final - OT",28,34,,"Sep. 13","2025-09-13"
"20250913_8lde",2025,"2025-09-13",2,"regular","Baldwin Wallace","Wilmington","https://www.d3football.com/seasons/2025/boxscores/20250913_8lde.xml",2,"Final",21,63,,"Sep. 13","2025-09-13"
"20250913_8wif",2025,"2025-09-13",2,"regular","Gettysburg","Christopher Newport","https://www.d3football.com/seasons/2025/boxscores/20250913_8wif.xml",2,"Final",49,14,,"Sep. 13","2025-09-13"
"20250913_8wzq",2025,"2025-09-13",2,"regular","Buffalo State","Hartwick","https://www.d3football.com/seasons/2025/boxscores/20250913_8wzq.xml",2,"Final",29,27,,"Sep. 13","2025-09-13"
"20250913_8x3b",2025,"2025-09-13",2,"regular","Bridgewater State","Westfield State","https://www.d3football.com/seasons/2025/boxscores/20250913_8x3b.xml",2,"Final",16,29,,"Sep. 13","2025-09-13"
"20250913_8xbz",2025,"2025-09-13",2,"regular","Ohio Northern","Heidelberg","https://www.d3football.com/seasons/2025/boxscores/20250913_8xbz.xml",2,"Final",13,33,,"Sep. 13","2025-09-13"
"20250913_9oo3",2025,"2025-09-13",2,"regular","New England College","MIT","https://www.d3football.com/seasons/2025/boxscores/20250913_9oo3.xml",2,"Final",55,0,,"Sep. 13","2025-09-13"
"20250913_a8k7",2025,"2025-09-13",2,"regular","St. Xavier","UW-Whitewater","https://www.d3football.com/seasons/2025/boxscores/20250913_a8k7.xml",2,"Final",37,0,,"Sep. 13","2025-09-13"
"20250913_b286",2025,"2025-09-13",2,"regular","Anna Maria","Framingham State","https://www.d3football.com/seasons/2025/boxscores/20250913_b286.xml",2,"Final",31,25,,"Sep. 13","2025-09-13"
"20250913_bmwa",2025,"2025-09-13",2,"regular","Coast Guard","Curry","https://www.d3football.com/seasons/2025/boxscores/20250913_bmwa.xml",2,"Final",24,34,,"Sep. 13","2025-09-13"
"20250913_c7zf",2025,"2025-09-13",2,"regular","Eastern Ore.","Whitworth","https://www.d3football.com/seasons/2025/boxscores/20250913_c7zf.xml",2,"Final",10,16,,"Sep. 13","2025-09-13"
"20250913_cdoz",2025,"2025-09-13",2,"regular","St. John Fisher","St. Lawrence","https://www.d3football.com/seasons/2025/boxscores/20250913_cdoz.xml",2,"Final",23,28,,"Sep. 13","2025-09-13"
"20250913_cnrb",2025,"2025-09-13",2,"regular","Methodist","Guilford","https://www.d3football.com/seasons/2025/boxscores/20250913_cnrb.xml",2,"Final",42,40,,"Sep. 13","2025-09-13"
"20250913_crwv",2025,"2025-09-13",2,"regular","Dean","Massachusetts Maritime","https://www.d3football.com/seasons/2025/boxscores/20250913_crwv.xml",2,"Final",28,0,,"Sep. 13","2025-09-13"
"20250913_d7vl",2025,"2025-09-13",2,"regular","Hardin-Simmons","McMurry","https://www.d3football.com/seasons/2025/boxscores/20250913_d7vl.xml",2,"Final",19,24,,"Sep. 13","2025-09-13"
"20250913_d8f5",2025,"2025-09-13",2,"regular","Mass-Dartmouth","Fitchburg State","https://www.d3football.com/seasons/2025/boxscores/20250913_d8f5.xml",2,"Final",24,25,,"Sep. 13","2025-09-13"
"20250913_e4ar",2025,"2025-09-13",2,"regular","Montclair State","Lycoming","https://www.d3football.com/seasons/2025/boxscores/20250913_e4ar.xml",2,"Final",24,27,,"Sep. 13","2025-09-13"
"20250913_e6vy",2025,"2025-09-13",2,"regular","Delaware Valley","King's","https://www.d3football.com/seasons/2025/boxscores/20250913_e6vy.xml",2,"Final",7,49,,"Sep. 13","2025-09-13"
"20250913_easl",2025,"2025-09-13",2,"regular","Hiram","Oberlin","https://www.d3football.com/seasons/2025/boxscores/20250913_easl.xml",2,"Final",21,58,,"Sep. 13","2025-09-13"
"20250913_en9e",2025,"2025-09-13",2,"regular","Rowan","Moravian","https://www.d3football.com/seasons/2025/boxscores/20250913_en9e.xml",2,"Final",0,56,,"Sep. 13","2025-09-13"
"20250913_epla",2025,"2025-09-13",2,"regular","Rhodes","Austin","https://www.d3football.com/seasons/2025/boxscores/20250913_epla.xml",2,"Final",17,31,,"Sep. 13","2025-09-13"
"20250913_f947",2025,"2025-09-13",2,"regular","Dickinson","Waynesburg","https://www.d3football.com/seasons/2025/boxscores/20250913_f947.xml",2,"Final",19,52,,"Sep. 13","2025-09-13"
"20250913_fyam",2025,"2025-09-13",2,"regular","Central","Randolph-Macon","https://www.d3football.com/seasons/2025/boxscores/20250913_fyam.xml",2,"Final",0,10,,"Sep. 13","2025-09-13"
"20250913_fzim",2025,"2025-09-13",2,"regular","Alma","Denison","https://www.d3football.com/seasons/2025/boxscores/20250913_fzim.xml",2,"Final",27,53,,"Sep. 13","2025-09-13"
"20250913_ggmc",2025,"2025-09-13",2,"regular","Greensboro","Roanoke","https://www.d3football.com/seasons/2025/boxscores/20250913_ggmc.xml",2,"Final",32,22,,"Sep. 13","2025-09-13"
"20250913_gm2p",2025,"2025-09-13",2,"regular","Nichols","Merchant Marine","https://www.d3football.com/seasons/2025/boxscores/20250913_gm2p.xml",2,"Final",56,24,,"Sep. 13","2025-09-13"
"20250913_h0td",2025,"2025-09-13",2,"regular","Misericordia","Albright","https://www.d3football.com/seasons/2025/boxscores/20250913_h0td.xml",2,"Final",21,42,,"Sep. 13","2025-09-13"
"20250913_h5p6",2025,"2025-09-13",2,"regular","Averett","Southern Virginia","https://www.d3football.com/seasons/2025/boxscores/20250913_h5p6.xml",2,"Final",46,14,,"Sep. 13","2025-09-13"
"20250913_hte9",2025,"2025-09-13",2,"regular","Manchester","Concordia-Chicago","https://www.d3football.com/seasons/2025/boxscores/20250913_hte9.xml",2,"Final",35,14,,"Sep. 13","2025-09-13"
"20250913_ic1r",2025,"2025-09-13",2,"regular","East Texas Baptist","Okla. Panhandle","https://www.d3football.com/seasons/2025/boxscores/20250913_ic1r.xml",2,"Final",0,28,,"Sep. 13","2025-09-13"
"20250913_jcmz",2025,"2025-09-13",2,"regular","Trine","Rose-Hulman","https://www.d3football.com/seasons/2025/boxscores/20250913_jcmz.xml",2,"Final",10,27,,"Sep. 13","2025-09-13"
"20250913_jqge",2025,"2025-09-13",2,"regular","Endicott","Muhlenberg","https://www.d3football.com/seasons/2025/boxscores/20250913_jqge.xml",2,"Final",28,20,,"Sep. 13","2025-09-13"
"20250913_jxwo",2025,"2025-09-13",2,"regular","Juniata","Allegheny","https://www.d3football.com/seasons/2025/boxscores/20250913_jxwo.xml",2,"Final",38,40,,"Sep. 13","2025-09-13"
"20250913_ki1k",2025,"2025-09-13",2,"regular","Stevenson","Widener","https://www.d3football.com/seasons/2025/boxscores/20250913_ki1k.xml",2,"Final",3,19,,"Sep. 13","2025-09-13"
"20250913_llkl",2025,"2025-09-13",2,"regular","Hanover","Butler","https://www.d3football.com/seasons/2025/boxscores/20250913_llkl.xml",2,"Final",16,7,,"Sep. 13","2025-09-13"
"20250913_lyzg",2025,"2025-09-13",2,"regular","Benedictine","Loras","https://www.d3football.com/seasons/2025/boxscores/20250913_lyzg.xml",2,"Final",13,20,,"Sep. 13","2025-09-13"
"20250913_m2dl",2025,"2025-09-13",2,"regular","Adrian","Thiel","https://www.d3football.com/seasons/2025/boxscores/20250913_m2dl.xml",2,"Final",0,76,,"Sep. 13","2025-09-13"
"20250913_mc0u",2025,"2025-09-13",2,"regular","Franklin and Marshall","Westminster (Pa.)","https://www.d3football.com/seasons/2025/boxscores/20250913_mc0u.xml",2,"Final",27,7,,"Sep. 13","2025-09-13"
"20250913_mrh7",2025,"2025-09-13",2,"regular","Calvin","Concordia (Wis.)","https://www.d3football.com/seasons/2025/boxscores/20250913_mrh7.xml",2,"Final",7,34,,"Sep. 13","2025-09-13"
"20250913_myuk",2025,"2025-09-13",2,"regular","Willamette","Pacific","https://www.d3football.com/seasons/2025/boxscores/20250913_myuk.xml",2,"Final",42,0,,"Sep. 13","2025-09-13"
"20250913_mz2v",2025,"2025-09-13",2,"regular","Springfield","Husson","https://www.d3football.com/seasons/2025/boxscores/20250913_mz2v.xml",2,"Final",6,38,,"Sep. 13","2025-09-13"
"20250913_npl1",2025,"2025-09-13",2,"regular","Hampden-Sydney","Washington and Jefferson","https://www.d3football.com/seasons/2025/boxscores/20250913_npl1.xml",2,"Final",31,38,,"Sep. 13","2025-09-13"
"20250913_o62p",2025,"2025-09-13",2,"regular","UW-River Falls","Coe","https://www.d3football.com/seasons/2025/boxscores/20250913_o62p.xml",2,"Final",47,59,,"Sep. 13","2025-09-13"
"20250913_oc57",2025,"2025-09-13",2,"regular","Illinois College","Lake Forest","https://www.d3football.com/seasons/2025/boxscores/20250913_oc57.xml",2,"Final - OT",25,28,,"Sep. 13","2025-09-13"
"20250913_od64",2025,"2025-09-13",2,"regular","Wesleyan","Middlebury","https://www.d3football.com/seasons/2025/boxscores/20250913_od64.xml",2,"Final",17,31,,"Sep. 13","2025-09-13"
"20250913_ouyb",2025,"2025-09-13",2,"regular","Vermont State Castleton","Norwich","https://www.d3football.com/seasons/2025/boxscores/20250913_ouyb.xml",2,"Final",8,30,,"Sep. 13","2025-09-13"
"20250913_ox10",2025,"2025-09-13",2,"regular","Trinity (Texas)","Belhaven","https://www.d3football.com/seasons/2025/boxscores/20250913_ox10.xml",2,"Final",0,49,,"Sep. 13","2025-09-13"
"20250913_oxzn",2025,"2025-09-13",2,"regular","Bates","Amherst","https://www.d3football.com/seasons/2025/boxscores/20250913_oxzn.xml",2,"Final - 2OT",23,26,,"Sep. 13","2025-09-13"
"20250913_pqb6",2025,"2025-09-13",2,"regular","Bowdoin","Tufts","https://www.d3football.com/seasons/2025/boxscores/20250913_pqb6.xml",2,"Final",13,0,,"Sep. 13","2025-09-13"
"20250913_q5xn",2025,"2025-09-13",2,"regular","Texas Lutheran","Howard Payne","https://www.d3football.com/seasons/2025/boxscores/20250913_q5xn.xml",2,"Final",28,18,,"Sep. 13","2025-09-13"
"20250913_r1hn",2025,"2025-09-13",2,"regular","Cornell","Chicago","https://www.d3football.com/seasons/2025/boxscores/20250913_r1hn.xml",2,"Final",28,12,,"Sep. 13","2025-09-13"
"20250913_rnc9",2025,"2025-09-13",2,"regular","Elmhurst","Rockford","https://www.d3football.com/seasons/2025/boxscores/20250913_rnc9.xml",2,"Final",30,34,,"Sep. 13","2025-09-13"
"20250913_rryo",2025,"2025-09-13",2,"regular","Susquehanna","Bridgewater","https://www.d3football.com/seasons/2025/boxscores/20250913_rryo.xml",2,"Final",17,56,,"Sep. 13","2025-09-13"
"20250913_rt73",2025,"2025-09-13",2,"regular","Utica","RPI","https://www.d3football.com/seasons/2025/boxscores/20250913_rt73.xml",2,"Final",14,41,,"Sep. 13","2025-09-13"
"20250913_rw3b",2025,"2025-09-13",2,"regular","Marietta","Otterbein","https://www.d3football.com/seasons/2025/boxscores/20250913_rw3b.xml",2,"Final",31,47,,"Sep. 13","2025-09-13"
"20250913_s5dd",2025,"2025-09-13",2,"regular","LaGrange","Berry","https://www.d3football.com/seasons/2025/boxscores/20250913_s5dd.xml",2,"Final",48,0,,"Sep. 13","2025-09-13"
"20250913_shly",2025,"2025-09-13",2,"regular","North Central (Ill.)","UW-Oshkosh","https://www.d3football.com/seasons/2025/boxscores/20250913_shly.xml",2,"Final",14,45,,"Sep. 13","2025-09-13"
"20250913_ss2d",2025,"2025-09-13",2,"regular","Geneva","Shenandoah","https://www.d3football.com/seasons/2025/boxscores/20250913_ss2d.xml",2,"Final",29,28,,"Sep. 13","2025-09-13"
"20250913_tsw4",2025,"2025-09-13",2,"regular","University of New England","WPI","https://www.d3football.com/seasons/2025/boxscores/20250913_tsw4.xml",2,"Final",3,41,,"Sep. 13","2025-09-13"
"20250913_u736",2025,"2025-09-13",2,"regular","Knox","Ripon","https://www.d3football.com/seasons/2025/boxscores/20250913_u736.xml",2,"Final",50,7,,"Sep. 13","2025-09-13"
"20250913_u86b",2025,"2025-09-13",2,"regular","Morrisville State","Rochester","https://www.d3football.com/seasons/2025/boxscores/20250913_u86b.xml",2,"Final",30,14,,"Sep. 13","2025-09-13"
"20250913_uvc5",2025,"2025-09-13",2,"regular","Sewanee","Brevard","https://www.d3football.com/seasons/2025/boxscores/20250913_uvc5.xml",2,"Final",26,10,,"Sep. 13","2025-09-13"
"20250913_uy29",2025,"2025-09-13",2,"regular","Ohio Wesleyan","Maryville (Tenn.)","https://www.d3football.com/seasons/2025/boxscores/20250913_uy29.xml",2,"Final",48,24,,"Sep. 13","2025-09-13"
"20250913_v6wh",2025,"2025-09-13",2,"regular","Ursinus","Kean","https://www.d3football.com/seasons/2025/boxscores/20250913_v6wh.xml",2,"Final",14,42,,"Sep. 13","2025-09-13"
"20250913_vau6",2025,"2025-09-13",2,"regular","Hilbert","Alfred State","https://www.d3football.com/seasons/2025/boxscores/20250913_vau6.xml",2,"Final",49,13,,"Sep. 13","2025-09-13"
"20250913_vg5b",2025,"2025-09-13",2,"regular","Kalamazoo","Bethany","https://www.d3football.com/seasons/2025/boxscores/20250913_vg5b.xml",2,"Final",7,50,,"Sep. 13","2025-09-13"
"20250913_vlco",2025,"2025-09-13",2,"regular","Nebraska Wesleyan","Mayville St.","https://www.d3football.com/seasons/2025/boxscores/20250913_vlco.xml",2,"Final - OT",20,13,,"Sep. 13","2025-09-13"
"20250913_vwc7",2025,"2025-09-13",2,"regular","Dubuque","UW-Platteville","https://www.d3football.com/seasons/2025/boxscores/20250913_vwc7.xml",2,"Final",56,27,,"Sep. 13","2025-09-13"
"20250913_vxjv",2025,"2025-09-13",2,"regular","Kenyon","UW-Eau Claire","https://www.d3football.com/seasons/2025/boxscores/20250913_vxjv.xml",2,"Final",35,6,,"Sep. 13","2025-09-13"
"20250913_w2b6",2025,"2025-09-13",2,"regular","Cortland","Union","https://www.d3football.com/seasons/2025/boxscores/20250913_w2b6.xml",2,"Final",6,30,,"Sep. 13","2025-09-13"
"20250913_w344",2025,"2025-09-13",2,"regular","UW-Stout","Wartburg","https://www.d3football.com/seasons/2025/boxscores/20250913_w344.xml",2,"Final",16,0,,"Sep. 13","2025-09-13"
"20250913_w7x6",2025,"2025-09-13",2,"regular","Buena Vista","Wisconsin Lutheran","https://www.d3football.com/seasons/2025/boxscores/20250913_w7x6.xml",2,"Final",6,17,,"Sep. 13","2025-09-13"
"20250913_wd8f",2025,"2025-09-13",2,"regular","Millsaps","Centenary (La.)","https://www.d3football.com/seasons/2025/boxscores/20250913_wd8f.xml",2,"Final",14,56,,"Sep. 13","2025-09-13"
"20250913_whti",2025,"2025-09-13",2,"regular","TCNJ","Wilkes","https://www.d3football.com/seasons/2025/boxscores/20250913_whti.xml",2,"Final",3,17,,"Sep. 13","2025-09-13"
"20250913_wjtg",2025,"2025-09-13",2,"regular","Lewis and Clark","George Fox","https://www.d3football.com/seasons/2025/boxscores/20250913_wjtg.xml",2,"Final",10,38,,"Sep. 13","2025-09-13"
"20250913_wncr",2025,"2025-09-13",2,"regular","Lebanon Valley","FDU-Florham","https://www.d3football.com/seasons/2025/boxscores/20250913_wncr.xml",2,"Final",13,37,,"Sep. 13","2025-09-13"
"20250913_x5xg",2025,"2025-09-13",2,"regular","Crown","Simpson","https://www.d3football.com/seasons/2025/boxscores/20250913_x5xg.xml",2,"Final",45,7,,"Sep. 13","2025-09-13"
"20250913_xd8j",2025,"2025-09-13",2,"regular","Colby","Trinity (Conn.)","https://www.d3football.com/seasons/2025/boxscores/20250913_xd8j.xml",2,"Final",6,13,,"Sep. 13","2025-09-13"
"20250913_ylno",2025,"2025-09-13",2,"regular","Bethel","Northwestern (Minn.)","https://www.d3football.com/seasons/2025/boxscores/20250913_ylno.xml",2,"Final",3,50,,"Sep. 13","2025-09-13"
"20250913_yo3z",2025,"2025-09-13",2,"regular","McDaniel","Salisbury","https://www.d3football.com/seasons/2025/boxscores/20250913_yo3z.xml",2,"Final",62,7,,"Sep. 13","2025-09-13"
"20250913_z6qc",2025,"2025-09-13",2,"regular","St. John's","Minnesota-Morris","https://www.d3football.com/seasons/2025/boxscores/20250913_z6qc.xml",2,"Final",0,49,,"Sep. 13","2025-09-13"
"20250913_za5s",2025,"2025-09-13",2,"regular","Franklin","Hope","https://www.d3football.com/seasons/2025/boxscores/20250913_za5s.xml",2,"Final",38,14,,"Sep. 13","2025-09-13"
"20250913_ztwy",2025,"2025-09-13",2,"regular","Mount St. Joseph","Aurora","https://www.d3football.com/seasons/2025/boxscores/20250913_ztwy.xml",2,"Final",35,28,,"Sep. 13","2025-09-13"
"20250913_zvpb",2025,"2025-09-13",2,"regular","Wooster","St. Vincent","https://www.d3football.com/seasons/2025/boxscores/20250913_zvpb.xml",2,"Final",14,28,,"Sep. 13","2025-09-13"
,2025,"2025-09-13",2,"regular","Apprentice","N.C. Wesleyan",,2,"Final",49,16,,"Sep. 13","2025-09-13"
,2025,"2025-09-13",2,"regular","UW-Stevens Point","St. Norbert",,2,"Final",17,41,,"Sep. 13","2025-09-13"
"20250920_012b",2025,"2025-09-20",3,"regular","Kalamazoo","Anderson","https://www.d3football.com/seasons/2025/boxscores/20250920_012b.xml",3,"Final",0,27,,"Sep. 20","2025-09-20"
"20250920_0aq7",2025,"2025-09-20",3,"regular","Brevard","Erskine","https://www.d3football.com/seasons/2025/boxscores/20250920_0aq7.xml",3,"Final",34,38,,"Sep. 20","2025-09-20"
"20250920_0n80",2025,"2025-09-20",3,"regular","Trine","Franklin","https://www.d3football.com/seasons/2025/boxscores/20250920_0n80.xml",3,"Final",27,35,,"Sep. 20","2025-09-20"
"20250920_1q6f",2025,"2025-09-20",3,"regular","Olivet","Bluffton","https://www.d3football.com/seasons/2025/boxscores/20250920_1q6f.xml",3,"Final",37,28,,"Sep. 20","2025-09-20"
"20250920_1qoq",2025,"2025-09-20",3,"regular","Union","Morrisville State","https://www.d3football.com/seasons/2025/boxscores/20250920_1qoq.xml",3,"Final",7,31,,"Sep. 20","2025-09-20"
"20250920_2c5k",2025,"2025-09-20",3,"regular","Dubuque","Loras","https://www.d3football.com/seasons/2025/boxscores/20250920_2c5k.xml",3,"Final",27,34,,"Sep. 20","2025-09-20"
"20250920_2fq2",2025,"2025-09-20",3,"regular","Centenary (La.)","East Texas Baptist","https://www.d3football.com/seasons/2025/boxscores/20250920_2fq2.xml",3,"Final",50,33,,"Sep. 20","2025-09-20"
"20250920_36p6",2025,"2025-09-20",3,"regular","Lebanon Valley","Eastern","https://www.d3football.com/seasons/2025/boxscores/20250920_36p6.xml",3,"Final",21,24,,"Sep. 20","2025-09-20"
"20250920_3awh",2025,"2025-09-20",3,"regular","Hartwick","Cortland","https://www.d3football.com/seasons/2025/boxscores/20250920_3awh.xml",3,"Final",59,9,,"Sep. 20","2025-09-20"
"20250920_3rsf",2025,"2025-09-20",3,"regular","Simpson","Wartburg","https://www.d3football.com/seasons/2025/boxscores/20250920_3rsf.xml",3,"Final",27,13,,"Sep. 20","2025-09-20"
"20250920_3t24",2025,"2025-09-20",3,"regular","Keystone","Southern Virginia","https://www.d3football.com/seasons/2025/boxscores/20250920_3t24.xml",3,"Final",42,0,,"Sep. 20","2025-09-20"
"20250920_4tmb",2025,"2025-09-20",3,"regular","St. Olaf","Concordia-Moorhead","https://www.d3football.com/seasons/2025/boxscores/20250920_4tmb.xml",3,"Final",16,17,,"Sep. 20","2025-09-20"
"20250920_5aqo",2025,"2025-09-20",3,"regular","DePauw","Kenyon","https://www.d3football.com/seasons/2025/boxscores/20250920_5aqo.xml",3,"Final",14,35,,"Sep. 20","2025-09-20"
"20250920_5bx0",2025,"2025-09-20",3,"regular","Coe","Nebraska Wesleyan","https://www.d3football.com/seasons/2025/boxscores/20250920_5bx0.xml",3,"Final",14,62,,"Sep. 20","2025-09-20"
"20250920_5iyg",2025,"2025-09-20",3,"regular","Middlebury","Bowdoin","https://www.d3football.com/seasons/2025/boxscores/20250920_5iyg.xml",3,"Final",10,31,,"Sep. 20","2025-09-20"
"20250920_5osf",2025,"2025-09-20",3,"regular","Amherst","Hamilton","https://www.d3football.com/seasons/2025/boxscores/20250920_5osf.xml",3,"Final",13,23,,"Sep. 20","2025-09-20"
"20250920_5rb1",2025,"2025-09-20",3,"regular","Dean","Westfield State","https://www.d3football.com/seasons/2025/boxscores/20250920_5rb1.xml",3,"Final",48,6,,"Sep. 20","2025-09-20"
"20250920_5w0q",2025,"2025-09-20",3,"regular","Heidelberg","Calvin","https://www.d3football.com/seasons/2025/boxscores/20250920_5w0q.xml",3,"Final - OT",40,37,,"Sep. 20","2025-09-20"
"20250920_6638",2025,"2025-09-20",3,"regular","Wilkes","Muhlenberg","https://www.d3football.com/seasons/2025/boxscores/20250920_6638.xml",3,"Final",26,18,,"Sep. 20","2025-09-20"
"20250920_66j0",2025,"2025-09-20",3,"regular","Gustavus Adolphus","Bethel","https://www.d3football.com/seasons/2025/boxscores/20250920_66j0.xml",3,"Final",41,7,,"Sep. 20","2025-09-20"
"20250920_6c77",2025,"2025-09-20",3,"regular","McDaniel","Juniata","https://www.d3football.com/seasons/2025/boxscores/20250920_6c77.xml",3,"Final",7,24,,"Sep. 20","2025-09-20"
"20250920_6ews",2025,"2025-09-20",3,"regular","Linfield","Chapman","https://www.d3football.com/seasons/2025/boxscores/20250920_6ews.xml",3,"Final",13,28,,"Sep. 20","2025-09-20"
"20250920_6gbq",2025,"2025-09-20",3,"regular","Bridgewater","Randolph-Macon","https://www.d3football.com/seasons/2025/boxscores/20250920_6gbq.xml",3,"Final",27,3,,"Sep. 20","2025-09-20"
"20250920_6y2o",2025,"2025-09-20",3,"regular","Muskingum","Wilmington","https://www.d3football.com/seasons/2025/boxscores/20250920_6y2o.xml",3,"Final",49,56,,"Sep. 20","2025-09-20"
"20250920_7a5r",2025,"2025-09-20",3,"regular","Western New England","Worcester State","https://www.d3football.com/seasons/2025/boxscores/20250920_7a5r.xml",3,"Final",13,48,,"Sep. 20","2025-09-20"
"20250920_7khk",2025,"2025-09-20",3,"regular","Aurora","Benedictine","https://www.d3football.com/seasons/2025/boxscores/20250920_7khk.xml",3,"Final",36,35,,"Sep. 20","2025-09-20"
"20250920_7sdv",2025,"2025-09-20",3,"regular","Beloit","Knox","https://www.d3football.com/seasons/2025/boxscores/20250920_7sdv.xml",3,"Final",16,14,,"Sep. 20","2025-09-20"
"20250920_7u0m",2025,"2025-09-20",3,"regular","Carleton","Macalester","https://www.d3football.com/seasons/2025/boxscores/20250920_7u0m.xml",3,"Final",7,51,,"Sep. 20","2025-09-20"
"20250920_8d6t",2025,"2025-09-20",3,"regular","Lake Forest","Monmouth","https://www.d3football.com/seasons/2025/boxscores/20250920_8d6t.xml",3,"Final",49,6,,"Sep. 20","2025-09-20"
"20250920_8qlx",2025,"2025-09-20",3,"regular","Massachusetts Maritime","Anna Maria","https://www.d3football.com/seasons/2025/boxscores/20250920_8qlx.xml",3,"Final - OT",33,27,,"Sep. 20","2025-09-20"
"20250920_90q0",2025,"2025-09-20",3,"regular","Bridgewater State","Plymouth State","https://www.d3football.com/seasons/2025/boxscores/20250920_90q0.xml",3,"Final",42,21,,"Sep. 20","2025-09-20"
"20250920_93sr",2025,"2025-09-20",3,"regular","Allegheny","Thiel","https://www.d3football.com/seasons/2025/boxscores/20250920_93sr.xml",3,"Final",0,26,,"Sep. 20","2025-09-20"
"20250920_a8p2",2025,"2025-09-20",3,"regular","Hardin-Simmons","Louisiana Christian","https://www.d3football.com/seasons/2025/boxscores/20250920_a8p2.xml",3,"Final",17,52,,"Sep. 20","2025-09-20"
"20250920_aeyn",2025,"2025-09-20",3,"regular","La Verne","Willamette","https://www.d3football.com/seasons/2025/boxscores/20250920_aeyn.xml",3,"Final",29,14,,"Sep. 20","2025-09-20"
"20250920_apgz",2025,"2025-09-20",3,"regular","UW-Platteville","Springfield","https://www.d3football.com/seasons/2025/boxscores/20250920_apgz.xml",3,"Final",12,28,,"Sep. 20","2025-09-20"
"20250920_ay8q",2025,"2025-09-20",3,"regular","Northwestern (Minn.)","UW-Stout","https://www.d3football.com/seasons/2025/boxscores/20250920_ay8q.xml",3,"Final",56,13,,"Sep. 20","2025-09-20"
"20250920_b4en",2025,"2025-09-20",3,"regular","Southwestern","Texas Lutheran","https://www.d3football.com/seasons/2025/boxscores/20250920_b4en.xml",3,"Final",38,35,,"Sep. 20","2025-09-20"
"20250920_bzku",2025,"2025-09-20",3,"regular","Williams","Colby","https://www.d3football.com/seasons/2025/boxscores/20250920_bzku.xml",3,"Final",0,38,,"Sep. 20","2025-09-20"
"20250920_c9mt",2025,"2025-09-20",3,"regular","North Central (Ill.)","Carthage","https://www.d3football.com/seasons/2025/boxscores/20250920_c9mt.xml",3,"Final",0,62,,"Sep. 20","2025-09-20"
"20250920_dclo",2025,"2025-09-20",3,"regular","Alma","Hanover","https://www.d3football.com/seasons/2025/boxscores/20250920_dclo.xml",3,"Final",24,23,,"Sep. 20","2025-09-20"
"20250920_dxkr",2025,"2025-09-20",3,"regular","Widener","Misericordia","https://www.d3football.com/seasons/2025/boxscores/20250920_dxkr.xml",3,"Final",21,7,,"Sep. 20","2025-09-20"
"20250920_dyvl",2025,"2025-09-20",3,"regular","Susquehanna","Johns Hopkins","https://www.d3football.com/seasons/2025/boxscores/20250920_dyvl.xml",3,"Final",40,22,,"Sep. 20","2025-09-20"
"20250920_e64e",2025,"2025-09-20",3,"regular","Ohio Wesleyan","Wittenberg","https://www.d3football.com/seasons/2025/boxscores/20250920_e64e.xml",3,"Final",55,17,,"Sep. 20","2025-09-20"
"20250920_ed92",2025,"2025-09-20",3,"regular","Western Connecticut","Gettysburg","https://www.d3football.com/seasons/2025/boxscores/20250920_ed92.xml",3,"Final",21,55,,"Sep. 20","2025-09-20"
"20250920_edjf",2025,"2025-09-20",3,"regular","Waynesburg","Hiram","https://www.d3football.com/seasons/2025/boxscores/20250920_edjf.xml",3,"Final",27,35,,"Sep. 20","2025-09-20"
"20250920_egk4",2025,"2025-09-20",3,"regular","UW-Oshkosh","Roosevelt","https://www.d3football.com/seasons/2025/boxscores/20250920_egk4.xml",3,"Final",21,38,,"Sep. 20","2025-09-20"
"20250920_ekjh",2025,"2025-09-20",3,"regular","Trinity (Conn.)","Bates","https://www.d3football.com/seasons/2025/boxscores/20250920_ekjh.xml",3,"Final",13,30,,"Sep. 20","2025-09-20"
"20250920_ev5d",2025,"2025-09-20",3,"regular","UW-Eau Claire","Martin Luther","https://www.d3football.com/seasons/2025/boxscores/20250920_ev5d.xml",3,"Final",6,42,,"Sep. 20","2025-09-20"
"20250920_evn8",2025,"2025-09-20",3,"regular","Lycoming","Dickinson","https://www.d3football.com/seasons/2025/boxscores/20250920_evn8.xml",3,"Final",52,29,,"Sep. 20","2025-09-20"
"20250920_f4jk",2025,"2025-09-20",3,"regular","Capital","Baldwin Wallace","https://www.d3football.com/seasons/2025/boxscores/20250920_f4jk.xml",3,"Final",44,7,,"Sep. 20","2025-09-20"
"20250920_fauv",2025,"2025-09-20",3,"regular","UW-La Crosse","Wayne St. (Mich.)","https://www.d3football.com/seasons/2025/boxscores/20250920_fauv.xml",3,"Final",22,31,,"Sep. 20","2025-09-20"
"20250920_fo39",2025,"2025-09-20",3,"regular","Howard Payne","Wayland Baptist","https://www.d3football.com/seasons/2025/boxscores/20250920_fo39.xml",3,"Final",21,18,,"Sep. 20","2025-09-20"
"20250920_fq4w",2025,"2025-09-20",3,"regular","RPI","Brockport","https://www.d3football.com/seasons/2025/boxscores/20250920_fq4w.xml",3,"Final - OT",24,30,,"Sep. 20","2025-09-20"
"20250920_ft9d",2025,"2025-09-20",3,"regular","Davidson","Greensboro","https://www.d3football.com/seasons/2025/boxscores/20250920_ft9d.xml",3,"Final",0,48,,"Sep. 20","2025-09-20"
"20250920_hf88",2025,"2025-09-20",3,"regular","Puget Sound","Cal Lutheran","https://www.d3football.com/seasons/2025/boxscores/20250920_hf88.xml",3,"Final",55,28,,"Sep. 20","2025-09-20"
"20250920_hm9s",2025,"2025-09-20",3,"regular","Alvernia","Stevenson","https://www.d3football.com/seasons/2025/boxscores/20250920_hm9s.xml",3,"Final",35,13,,"Sep. 20","2025-09-20"
"20250920_hxdx",2025,"2025-09-20",3,"regular","Chicago","Illinois College","https://www.d3football.com/seasons/2025/boxscores/20250920_hxdx.xml",3,"Final",21,24,,"Sep. 20","2025-09-20"
"20250920_i3jz",2025,"2025-09-20",3,"regular","William Paterson","Salve Regina","https://www.d3football.com/seasons/2025/boxscores/20250920_i3jz.xml",3,"Final",24,12,,"Sep. 20","2025-09-20"
"20250920_iatw",2025,"2025-09-20",3,"regular","Hobart","Utica","https://www.d3football.com/seasons/2025/boxscores/20250920_iatw.xml",3,"Final",17,20,,"Sep. 20","2025-09-20"
"20250920_id40",2025,"2025-09-20",3,"regular","Mary Hardin-Baylor","UW-Whitewater","https://www.d3football.com/seasons/2025/boxscores/20250920_id40.xml",3,"Final",26,6,,"Sep. 20","2025-09-20"
"20250920_iflt",2025,"2025-09-20",3,"regular","Norwich","Maine Maritime","https://www.d3football.com/seasons/2025/boxscores/20250920_iflt.xml",3,"Final",0,63,,"Sep. 20","2025-09-20"
"20250920_ig5p",2025,"2025-09-20",3,"regular","Geneva","St. Vincent","https://www.d3football.com/seasons/2025/boxscores/20250920_ig5p.xml",3,"Final",35,55,,"Sep. 20","2025-09-20"
"20250920_ij66",2025,"2025-09-20",3,"regular","Hope","Mount St. Joseph","https://www.d3football.com/seasons/2025/boxscores/20250920_ij66.xml",3,"Final",28,31,,"Sep. 20","2025-09-20"
"20250920_ikcl",2025,"2025-09-20",3,"regular","Pacific Lutheran","Trinity (Texas)","https://www.d3football.com/seasons/2025/boxscores/20250920_ikcl.xml",3,"Final",45,8,,"Sep. 20","2025-09-20"
"20250920_itrh",2025,"2025-09-20",3,"regular","Albright","Delaware Valley","https://www.d3football.com/seasons/2025/boxscores/20250920_itrh.xml",3,"Final",35,28,,"Sep. 20","2025-09-20"
"20250920_j29j",2025,"2025-09-20",3,"regular","Lawrence","Cornell","https://www.d3football.com/seasons/2025/boxscores/20250920_j29j.xml",3,"Final",20,0,,"Sep. 20","2025-09-20"
"20250920_k86q",2025,"2025-09-20",3,"regular","Augustana","Wheaton (Ill.)","https://www.d3football.com/seasons/2025/boxscores/20250920_k86q.xml",3,"Final",50,7,,"Sep. 20","2025-09-20"
"20250920_kom0",2025,"2025-09-20",3,"regular","Hamline","St. John's","https://www.d3football.com/seasons/2025/boxscores/20250920_kom0.xml",3,"Final",59,0,,"Sep. 20","2025-09-20"
"20250920_kqmp",2025,"2025-09-20",3,"regular","Washington and Lee","Guilford","https://www.d3football.com/seasons/2025/boxscores/20250920_kqmp.xml",3,"Final",7,35,,"Sep. 20","2025-09-20"
"20250920_l58t",2025,"2025-09-20",3,"regular","Carnegie Mellon","Berry","https://www.d3football.com/seasons/2025/boxscores/20250920_l58t.xml",3,"Final",9,17,,"Sep. 20","2025-09-20"
"20250920_le3j",2025,"2025-09-20",3,"regular","Hendrix","Millsaps","https://www.d3football.com/seasons/2025/boxscores/20250920_le3j.xml",3,"Final",41,19,,"Sep. 20","2025-09-20"
"20250920_lsyc",2025,"2025-09-20",3,"regular","Framingham State","Mass-Dartmouth","https://www.d3football.com/seasons/2025/boxscores/20250920_lsyc.xml",3,"Final",10,14,,"Sep. 20","2025-09-20"
"20250920_lxik",2025,"2025-09-20",3,"regular","Vermont State Castleton","University of New England","https://www.d3football.com/seasons/2025/boxscores/20250920_lxik.xml",3,"Final",35,8,,"Sep. 20","2025-09-20"
"20250920_ly5p",2025,"2025-09-20",3,"regular","Adrian","Manchester","https://www.d3football.com/seasons/2025/boxscores/20250920_ly5p.xml",3,"Final",0,57,,"Sep. 20","2025-09-20"
"20250920_mg9e",2025,"2025-09-20",3,"regular","Wisconsin Lutheran","Concordia (Wis.)","https://www.d3football.com/seasons/2025/boxscores/20250920_mg9e.xml",3,"Final",27,20,,"Sep. 20","2025-09-20"
"20250920_mi5e",2025,"2025-09-20",3,"regular","LaGrange","Centre","https://www.d3football.com/seasons/2025/boxscores/20250920_mi5e.xml",3,"Final",6,20,,"Sep. 20","2025-09-20"
"20250920_ne5l",2025,"2025-09-20",3,"regular","Alfred State","Buffalo State","https://www.d3football.com/seasons/2025/boxscores/20250920_ne5l.xml",3,"Final",20,56,,"Sep. 20","2025-09-20"
"20250920_ofdb",2025,"2025-09-20",3,"regular","Husson","WPI","https://www.d3football.com/seasons/2025/boxscores/20250920_ofdb.xml",3,"Final",15,13,,"Sep. 20","2025-09-20"
"20250920_or3t",2025,"2025-09-20",3,"regular","Fitchburg State","New England College","https://www.d3football.com/seasons/2025/boxscores/20250920_or3t.xml",3,"Final",0,48,,"Sep. 20","2025-09-20"
"20250920_phpc",2025,"2025-09-20",3,"regular","St. Lawrence","Alfred","https://www.d3football.com/seasons/2025/boxscores/20250920_phpc.xml",3,"Final",35,13,,"Sep. 20","2025-09-20"
"20250920_puiy",2025,"2025-09-20",3,"regular","Franklin and Marshall","Catholic","https://www.d3football.com/seasons/2025/boxscores/20250920_puiy.xml",3,"Final",7,42,,"Sep. 20","2025-09-20"
"20250920_q3m6",2025,"2025-09-20",3,"regular","Ripon","Grinnell","https://www.d3football.com/seasons/2025/boxscores/20250920_q3m6.xml",3,"Final",20,30,,"Sep. 20","2025-09-20"
"20250920_qqu2",2025,"2025-09-20",3,"regular","George Fox","Claremont-Mudd-Scripps","https://www.d3football.com/seasons/2025/boxscores/20250920_qqu2.xml",3,"Final",28,21,,"Sep. 20","2025-09-20"
"20250920_rm23",2025,"2025-09-20",3,"regular","Belhaven","UW-River Falls","https://www.d3football.com/seasons/2025/boxscores/20250920_rm23.xml",3,"Final",65,0,,"Sep. 20","2025-09-20"
"20250920_s44c",2025,"2025-09-20",3,"regular","Moravian","Ursinus","https://www.d3football.com/seasons/2025/boxscores/20250920_s44c.xml",3,"Final",35,7,,"Sep. 20","2025-09-20"
"20250920_svu6",2025,"2025-09-20",3,"regular","Huntingdon","McMurry","https://www.d3football.com/seasons/2025/boxscores/20250920_svu6.xml",3,"Final",46,52,,"Sep. 20","2025-09-20"
"20250920_t39s",2025,"2025-09-20",3,"regular","Rockford","Eureka","https://www.d3football.com/seasons/2025/boxscores/20250920_t39s.xml",3,"Final",40,20,,"Sep. 20","2025-09-20"
"20250920_t60m",2025,"2025-09-20",3,"regular","Luther","Central","https://www.d3football.com/seasons/2025/boxscores/20250920_t60m.xml",3,"Final",63,26,,"Sep. 20","2025-09-20"
"20250920_ui2z",2025,"2025-09-20",3,"regular","N.C. Wesleyan","Sewanee","https://www.d3football.com/seasons/2025/boxscores/20250920_ui2z.xml",3,"Final",33,0,,"Sep. 20","2025-09-20"
"20250920_upco",2025,"2025-09-20",3,"regular","Albion","Rose-Hulman","https://www.d3football.com/seasons/2025/boxscores/20250920_upco.xml",3,"Final",17,25,,"Sep. 20","2025-09-20"
"20250920_vh7c",2025,"2025-09-20",3,"regular","King's","FDU-Florham","https://www.d3football.com/seasons/2025/boxscores/20250920_vh7c.xml",3,"Final",21,27,,"Sep. 20","2025-09-20"
"20250920_w0hw",2025,"2025-09-20",3,"regular","St. Scholastica","Augsburg","https://www.d3football.com/seasons/2025/boxscores/20250920_w0hw.xml",3,"Final",30,23,,"Sep. 20","2025-09-20"
"20250920_we0j",2025,"2025-09-20",3,"regular","Carroll","Washington U.","https://www.d3football.com/seasons/2025/boxscores/20250920_we0j.xml",3,"Final",41,29,,"Sep. 20","2025-09-20"
"20250920_wxmp",2025,"2025-09-20",3,"regular","Gallaudet","Averett","https://www.d3football.com/seasons/2025/boxscores/20250920_wxmp.xml",3,"Final",30,39,,"Sep. 20","2025-09-20"
"20250920_wzcm",2025,"2025-09-20",3,"regular","Pomona-Pitzer","Lewis and Clark","https://www.d3football.com/seasons/2025/boxscores/20250920_wzcm.xml",3,"Final",21,3,,"Sep. 20","2025-09-20"
"20250920_x6fh",2025,"2025-09-20",3,"regular","Tufts","Wesleyan","https://www.d3football.com/seasons/2025/boxscores/20250920_x6fh.xml",3,"Final",20,22,,"Sep. 20","2025-09-20"
"20250920_xcy2",2025,"2025-09-20",3,"regular","Endicott","SUNY-Maritime","https://www.d3football.com/seasons/2025/boxscores/20250920_xcy2.xml",3,"Final",7,41,,"Sep. 20","2025-09-20"
"20250920_xic9",2025,"2025-09-20",3,"regular","Case Western Reserve","Westminster (Pa.)","https://www.d3football.com/seasons/2025/boxscores/20250920_xic9.xml",3,"Final",28,23,,"Sep. 20","2025-09-20"
"20250920_xoo0",2025,"2025-09-20",3,"regular","Coast Guard","Nichols","https://www.d3football.com/seasons/2025/boxscores/20250920_xoo0.xml",3,"Final",60,92,,"Sep. 20","2025-09-20"
"20250920_xx40",2025,"2025-09-20",3,"regular","Millikin","North Park","https://www.d3football.com/seasons/2025/boxscores/20250920_xx40.xml",3,"Final",17,22,,"Sep. 20","2025-09-20"
"20250920_ydnj",2025,"2025-09-20",3,"regular","Concordia-Chicago","St. Norbert","https://www.d3football.com/seasons/2025/boxscores/20250920_ydnj.xml",3,"Final",59,28,,"Sep. 20","2025-09-20"
"20250920_yf1s",2025,"2025-09-20",3,"regular","Hilbert","Ithaca","https://www.d3football.com/seasons/2025/boxscores/20250920_yf1s.xml",3,"Final",65,3,,"Sep. 20","2025-09-20"
"20250920_yf5k",2025,"2025-09-20",3,"regular","Wooster","Wabash","https://www.d3football.com/seasons/2025/boxscores/20250920_yf5k.xml",3,"Final",34,7,,"Sep. 20","2025-09-20"
"20250920_yhau",2025,"2025-09-20",3,"regular","Hampden-Sydney","Shenandoah","https://www.d3football.com/seasons/2025/boxscores/20250920_yhau.xml",3,"Final",7,42,,"Sep. 20","2025-09-20"
"20250920_ylbh",2025,"2025-09-20",3,"regular","John Carroll","Oberlin","https://www.d3football.com/seasons/2025/boxscores/20250920_ylbh.xml",3,"Final",0,63,,"Sep. 20","2025-09-20"
"20250920_yszz",2025,"2025-09-20",3,"regular","Whitworth","Redlands","https://www.d3football.com/seasons/2025/boxscores/20250920_yszz.xml",3,"Final",34,17,,"Sep. 20","2025-09-20"
"20250920_yw0g",2025,"2025-09-20",3,"regular","Crown","Minnesota-Morris","https://www.d3football.com/seasons/2025/boxscores/20250920_yw0g.xml",3,"Final",20,30,,"Sep. 20","2025-09-20"
"20250920_yyz1",2025,"2025-09-20",3,"regular","Rochester","St. John Fisher","https://www.d3football.com/seasons/2025/boxscores/20250920_yyz1.xml",3,"Final",21,28,,"Sep. 20","2025-09-20"
"20250920_zhnm",2025,"2025-09-20",3,"regular","Illinois Wesleyan","Elmhurst","https://www.d3football.com/seasons/2025/boxscores/20250920_zhnm.xml",3,"Final",6,42,,"Sep. 20","2025-09-20"
,2025,"2025-09-20",3,"regular","Greenville","Lyon",,3,"Cancelled",,,,"Sep. 20","2025-09-20"
,2025,"2025-09-20",3,"regular","Pacific","UW-Stevens Point",,3,"Final",36,13,,"Sep. 20","2025-09-20"
"20250927_03mt",2025,"2025-09-27",4,"regular","MIT","Springfield","https://www.d3football.com/seasons/2025/boxscores/20250927_03mt.xml",4,"Final",31,7,,"Sep. 27","2025-09-27"
"20250927_08c9",2025,"2025-09-27",4,"regular","Bates","Wesleyan","https://www.d3football.com/seasons/2025/boxscores/20250927_08c9.xml",4,"Final",23,7,,"Sep. 27","2025-09-27"
"20250927_0bun",2025,"2025-09-27",4,"regular","Mars Hill","Mary Hardin-Baylor","https://www.d3football.com/seasons/2025/boxscores/20250927_0bun.xml",4,"Final",7,21,,"Sep. 27","2025-09-27"
"20250927_0itn",2025,"2025-09-27",4,"regular","King's","Eastern","https://www.d3football.com/seasons/2025/boxscores/20250927_0itn.xml",4,"Final",39,37,,"Sep. 27","2025-09-27"
"20250927_0kna",2025,"2025-09-27",4,"regular","Nichols","New England College","https://www.d3football.com/seasons/2025/boxscores/20250927_0kna.xml",4,"Final",21,41,,"Sep. 27","2025-09-27"
"20250927_19x4",2025,"2025-09-27",4,"regular","Redlands","Cal Lutheran","https://www.d3football.com/seasons/2025/boxscores/20250927_19x4.xml",4,"Final",27,10,,"Sep. 27","2025-09-27"
"20250927_1j5p",2025,"2025-09-27",4,"regular","Nebraska Wesleyan","Luther","https://www.d3football.com/seasons/2025/boxscores/20250927_1j5p.xml",4,"Final",7,44,,"Sep. 27","2025-09-27"
"20250927_1l6g",2025,"2025-09-27",4,"regular","Wartburg","Coe","https://www.d3football.com/seasons/2025/boxscores/20250927_1l6g.xml",4,"Final",7,17,,"Sep. 27","2025-09-27"
"20250927_3kfs",2025,"2025-09-27",4,"regular","Anna Maria","Mass-Dartmouth","https://www.d3football.com/seasons/2025/boxscores/20250927_3kfs.xml",4,"Final",43,47,,"Sep. 27","2025-09-27"
"20250927_3u3j",2025,"2025-09-27",4,"regular","Kenyon","John Carroll","https://www.d3football.com/seasons/2025/boxscores/20250927_3u3j.xml",4,"Final",52,0,,"Sep. 27","2025-09-27"
"20250927_4d0z",2025,"2025-09-27",4,"regular","Hope","Alma","https://www.d3football.com/seasons/2025/boxscores/20250927_4d0z.xml",4,"Final - OT",29,26,,"Sep. 27","2025-09-27"
"20250927_4g3r",2025,"2025-09-27",4,"regular","Hilbert","Buffalo State","https://www.d3football.com/seasons/2025/boxscores/20250927_4g3r.xml",4,"Final",15,8,,"Sep. 27","2025-09-27"
"20250927_4kd8",2025,"2025-09-27",4,"regular","Delaware Valley","Lebanon Valley","https://www.d3football.com/seasons/2025/boxscores/20250927_4kd8.xml",4,"Final",21,18,,"Sep. 27","2025-09-27"
"20250927_4w65",2025,"2025-09-27",4,"regular","Concordia-Moorhead","Gustavus Adolphus","https://www.d3football.com/seasons/2025/boxscores/20250927_4w65.xml",4,"Final",13,14,,"Sep. 27","2025-09-27"
"20250927_5j4f",2025,"2025-09-27",4,"regular","Morrisville State","Cortland","https://www.d3football.com/seasons/2025/boxscores/20250927_5j4f.xml",4,"Final",48,3,,"Sep. 27","2025-09-27"
"20250927_6app",2025,"2025-09-27",4,"regular","Husson","Endicott","https://www.d3football.com/seasons/2025/boxscores/20250927_6app.xml",4,"Final",48,14,,"Sep. 27","2025-09-27"
"20250927_6ez2",2025,"2025-09-27",4,"regular","Baldwin Wallace","Mount Union","https://www.d3football.com/seasons/2025/boxscores/20250927_6ez2.xml",4,"Final",42,23,,"Sep. 27","2025-09-27"
"20250927_6qv6",2025,"2025-09-27",4,"regular","St. Vincent","Hiram","https://www.d3football.com/seasons/2025/boxscores/20250927_6qv6.xml",4,"Final",40,38,,"Sep. 27","2025-09-27"
"20250927_6vhe",2025,"2025-09-27",4,"regular","St. Scholastica","Macalester","https://www.d3football.com/seasons/2025/boxscores/20250927_6vhe.xml",4,"Final - 2OT",34,37,,"Sep. 27","2025-09-27"
"20250927_6zcv",2025,"2025-09-27",4,"regular","Christopher Newport","Susquehanna","https://www.d3football.com/seasons/2025/boxscores/20250927_6zcv.xml",4,"Final",27,41,,"Sep. 27","2025-09-27"
"20250927_71uh",2025,"2025-09-27",4,"regular","Moravian","William Paterson","https://www.d3football.com/seasons/2025/boxscores/20250927_71uh.xml",4,"Final",38,14,,"Sep. 27","2025-09-27"
"20250927_7aif",2025,"2025-09-27",4,"regular","Brockport","Hartwick","https://www.d3football.com/seasons/2025/boxscores/20250927_7aif.xml",4,"Final",0,56,,"Sep. 27","2025-09-27"
"20250927_9g2q",2025,"2025-09-27",4,"regular","Hendrix","Rhodes","https://www.d3football.com/seasons/2025/boxscores/20250927_9g2q.xml",4,"Final",28,47,,"Sep. 27","2025-09-27"
"20250927_9kaf",2025,"2025-09-27",4,"regular","Lyon","Westminster (Mo.)","https://www.d3football.com/seasons/2025/boxscores/20250927_9kaf.xml",4,"Final",24,38,,"Sep. 27","2025-09-27"
"20250927_9q5i",2025,"2025-09-27",4,"regular","Thiel","Waynesburg","https://www.d3football.com/seasons/2025/boxscores/20250927_9q5i.xml",4,"Final",45,14,,"Sep. 27","2025-09-27"
"20250927_9sle",2025,"2025-09-27",4,"regular","Williams","Trinity (Conn.)","https://www.d3football.com/seasons/2025/boxscores/20250927_9sle.xml",4,"Final - OT",34,28,,"Sep. 27","2025-09-27"
"20250927_a10w",2025,"2025-09-27",4,"regular","St. John's","Augsburg","https://www.d3football.com/seasons/2025/boxscores/20250927_a10w.xml",4,"Final",0,63,,"Sep. 27","2025-09-27"
"20250927_amrj",2025,"2025-09-27",4,"regular","Amherst","Tufts","https://www.d3football.com/seasons/2025/boxscores/20250927_amrj.xml",4,"Final",14,30,,"Sep. 27","2025-09-27"
"20250927_ar7z",2025,"2025-09-27",4,"regular","Catholic","Salisbury","https://www.d3football.com/seasons/2025/boxscores/20250927_ar7z.xml",4,"Final",55,6,,"Sep. 27","2025-09-27"
"20250927_b1ua",2025,"2025-09-27",4,"regular","Utica","Alfred State","https://www.d3football.com/seasons/2025/boxscores/20250927_b1ua.xml",4,"Final",13,45,,"Sep. 27","2025-09-27"
"20250927_bvwf",2025,"2025-09-27",4,"regular","WPI","Coast Guard","https://www.d3football.com/seasons/2025/boxscores/20250927_bvwf.xml",4,"Final",49,21,,"Sep. 27","2025-09-27"
"20250927_clhh",2025,"2025-09-27",4,"regular","Union","St. Lawrence","https://www.d3football.com/seasons/2025/boxscores/20250927_clhh.xml",4,"Final",12,44,,"Sep. 27","2025-09-27"
"20250927_cnfi",2025,"2025-09-27",4,"regular","University of New England","Western New England","https://www.d3football.com/seasons/2025/boxscores/20250927_cnfi.xml",4,"Final",31,37,,"Sep. 27","2025-09-27"
"20250927_dz2s",2025,"2025-09-27",4,"regular","Averett","Bridgewater","https://www.d3football.com/seasons/2025/boxscores/20250927_dz2s.xml",4,"Final",41,14,,"Sep. 27","2025-09-27"
"20250927_e0ro",2025,"2025-09-27",4,"regular","Roanoke","Gallaudet","https://www.d3football.com/seasons/2025/boxscores/20250927_e0ro.xml",4,"Final",14,38,,"Sep. 27","2025-09-27"
"20250927_egrs",2025,"2025-09-27",4,"regular","Augustana","Millikin","https://www.d3football.com/seasons/2025/boxscores/20250927_egrs.xml",4,"Final",6,33,,"Sep. 27","2025-09-27"
"20250927_eir7",2025,"2025-09-27",4,"regular","Capital","Marietta","https://www.d3football.com/seasons/2025/boxscores/20250927_eir7.xml",4,"Final",24,21,,"Sep. 27","2025-09-27"
"20250927_ezew",2025,"2025-09-27",4,"regular","Framingham State","Bridgewater State","https://www.d3football.com/seasons/2025/boxscores/20250927_ezew.xml",4,"Final - OT",40,46,,"Sep. 27","2025-09-27"
"20250927_f2rp",2025,"2025-09-27",4,"regular","Albion","Trine","https://www.d3football.com/seasons/2025/boxscores/20250927_f2rp.xml",4,"Final",38,35,,"Sep. 27","2025-09-27"
"20250927_faof",2025,"2025-09-27",4,"regular","Buena Vista","Simpson","https://www.d3football.com/seasons/2025/boxscores/20250927_faof.xml",4,"Final",41,0,,"Sep. 27","2025-09-27"
"20250927_fbeo",2025,"2025-09-27",4,"regular","Texas Lutheran","East Texas Baptist","https://www.d3football.com/seasons/2025/boxscores/20250927_fbeo.xml",4,"Final",24,21,,"Sep. 27","2025-09-27"
"20250927_fjhh",2025,"2025-09-27",4,"regular","Montclair State","Wilkes","https://www.d3football.com/seasons/2025/boxscores/20250927_fjhh.xml",4,"Final",24,21,,"Sep. 27","2025-09-27"
"20250927_g10s",2025,"2025-09-27",4,"regular","Rockford","Lakeland","https://www.d3football.com/seasons/2025/boxscores/20250927_g10s.xml",4,"Final",35,7,,"Sep. 27","2025-09-27"
"20250927_gn4g",2025,"2025-09-27",4,"regular","Wheaton (Ill.)","Carroll","https://www.d3football.com/seasons/2025/boxscores/20250927_gn4g.xml",4,"Final",13,61,,"Sep. 27","2025-09-27"
"20250927_hr5v",2025,"2025-09-27",4,"regular","Wisconsin Lutheran","Concordia-Chicago","https://www.d3football.com/seasons/2025/boxscores/20250927_hr5v.xml",4,"Final",6,28,,"Sep. 27","2025-09-27"
"20250927_hrnr",2025,"2025-09-27",4,"regular","Wabash","Denison","https://www.d3football.com/seasons/2025/boxscores/20250927_hrnr.xml",4,"Final",0,36,,"Sep. 27","2025-09-27"
"20250927_i73g",2025,"2025-09-27",4,"regular","Albright","Widener","https://www.d3football.com/seasons/2025/boxscores/20250927_i73g.xml",4,"Final",9,35,,"Sep. 27","2025-09-27"
"20250927_i8ac",2025,"2025-09-27",4,"regular","Maryville (Tenn.)","Pikeville","https://www.d3football.com/seasons/2025/boxscores/20250927_i8ac.xml",4,"Final",30,34,,"Sep. 27","2025-09-27"
"20250927_jqwj",2025,"2025-09-27",4,"regular","Wittenberg","DePauw","https://www.d3football.com/seasons/2025/boxscores/20250927_jqwj.xml",4,"Final",28,0,,"Sep. 27","2025-09-27"
"20250927_jx36",2025,"2025-09-27",4,"regular","FDU-Florham","Stevenson","https://www.d3football.com/seasons/2025/boxscores/20250927_jx36.xml",4,"Final",55,20,,"Sep. 27","2025-09-27"
"20250927_k6f9",2025,"2025-09-27",4,"regular","Carthage","Illinois Wesleyan","https://www.d3football.com/seasons/2025/boxscores/20250927_k6f9.xml",4,"Final",34,10,,"Sep. 27","2025-09-27"
"20250927_kqa4",2025,"2025-09-27",4,"regular","Central","Dubuque","https://www.d3football.com/seasons/2025/boxscores/20250927_kqa4.xml",4,"Final",16,35,,"Sep. 27","2025-09-27"
"20250927_ky12",2025,"2025-09-27",4,"regular","Carleton","St. Olaf","https://www.d3football.com/seasons/2025/boxscores/20250927_ky12.xml",4,"Final",28,35,,"Sep. 27","2025-09-27"
"20250927_l291",2025,"2025-09-27",4,"regular","St. John Fisher","Alfred","https://www.d3football.com/seasons/2025/boxscores/20250927_l291.xml",4,"Final",7,21,,"Sep. 27","2025-09-27"
"20250927_l54d",2025,"2025-09-27",4,"regular","Westfield State","Worcester State","https://www.d3football.com/seasons/2025/boxscores/20250927_l54d.xml",4,"Final",22,31,,"Sep. 27","2025-09-27"
"20250927_lme8",2025,"2025-09-27",4,"regular","RPI","Rochester","https://www.d3football.com/seasons/2025/boxscores/20250927_lme8.xml",4,"Final",3,31,,"Sep. 27","2025-09-27"
"20250927_mren",2025,"2025-09-27",4,"regular","Calvin","Kalamazoo","https://www.d3football.com/seasons/2025/boxscores/20250927_mren.xml",4,"Final",16,24,,"Sep. 27","2025-09-27"
"20250927_mzk1",2025,"2025-09-27",4,"regular","Ithaca","Hobart","https://www.d3football.com/seasons/2025/boxscores/20250927_mzk1.xml",4,"Final",7,13,,"Sep. 27","2025-09-27"
"20250927_n5yi",2025,"2025-09-27",4,"regular","Pomona-Pitzer","Claremont-Mudd-Scripps","https://www.d3football.com/seasons/2025/boxscores/20250927_n5yi.xml",4,"Final",17,25,,"Sep. 27","2025-09-27"
"20250927_ncsj",2025,"2025-09-27",4,"regular","Salve Regina","SUNY-Maritime","https://www.d3football.com/seasons/2025/boxscores/20250927_ncsj.xml",4,"Final",20,28,,"Sep. 27","2025-09-27"
"20250927_ngba",2025,"2025-09-27",4,"regular","Plymouth State","Massachusetts Maritime","https://www.d3football.com/seasons/2025/boxscores/20250927_ngba.xml",4,"Final",10,14,,"Sep. 27","2025-09-27"
"20250927_nk0h",2025,"2025-09-27",4,"regular","Chapman","La Verne","https://www.d3football.com/seasons/2025/boxscores/20250927_nk0h.xml",4,"Final",6,56,,"Sep. 27","2025-09-27"
"20250927_noe8",2025,"2025-09-27",4,"regular","Grove City","Washington and Jefferson","https://www.d3football.com/seasons/2025/boxscores/20250927_noe8.xml",4,"Final",34,14,,"Sep. 27","2025-09-27"
"20250927_nuea",2025,"2025-09-27",4,"regular","Concordia (Wis.)","Benedictine","https://www.d3football.com/seasons/2025/boxscores/20250927_nuea.xml",4,"Final - 2OT",20,28,,"Sep. 27","2025-09-27"
"20250927_nz64",2025,"2025-09-27",4,"regular","Curry","Dean","https://www.d3football.com/seasons/2025/boxscores/20250927_nz64.xml",4,"Final",12,52,,"Sep. 27","2025-09-27"
"20250927_oplb",2025,"2025-09-27",4,"regular","Wilmington","Ohio Northern","https://www.d3football.com/seasons/2025/boxscores/20250927_oplb.xml",4,"Final",41,35,,"Sep. 27","2025-09-27"
"20250927_orwo",2025,"2025-09-27",4,"regular","Methodist","Apprentice","https://www.d3football.com/seasons/2025/boxscores/20250927_orwo.xml",4,"Final",19,20,,"Sep. 27","2025-09-27"
"20250927_p3f2",2025,"2025-09-27",4,"regular","North Park","Elmhurst","https://www.d3football.com/seasons/2025/boxscores/20250927_p3f2.xml",4,"Final",6,34,,"Sep. 27","2025-09-27"
"20250927_pqjf",2025,"2025-09-27",4,"regular","Olivet","Adrian","https://www.d3football.com/seasons/2025/boxscores/20250927_pqjf.xml",4,"Final",59,27,,"Sep. 27","2025-09-27"
"20250927_pu6m",2025,"2025-09-27",4,"regular","Guilford","Hampden-Sydney","https://www.d3football.com/seasons/2025/boxscores/20250927_pu6m.xml",4,"Final",69,14,,"Sep. 27","2025-09-27"
"20250927_rg6z",2025,"2025-09-27",4,"regular","Hamilton","Bowdoin","https://www.d3football.com/seasons/2025/boxscores/20250927_rg6z.xml",4,"Final",13,27,,"Sep. 27","2025-09-27"
"20250927_rv66",2025,"2025-09-27",4,"regular","Bethany","Case Western Reserve","https://www.d3football.com/seasons/2025/boxscores/20250927_rv66.xml",4,"Final",55,0,,"Sep. 27","2025-09-27"
"20250927_s6dy",2025,"2025-09-27",4,"regular","Norwich","Merchant Marine","https://www.d3football.com/seasons/2025/boxscores/20250927_s6dy.xml",4,"Final",49,0,,"Sep. 27","2025-09-27"
"20250927_st6a",2025,"2025-09-27",4,"regular","Colby","Middlebury","https://www.d3football.com/seasons/2025/boxscores/20250927_st6a.xml",4,"Final",27,17,,"Sep. 27","2025-09-27"
"20250927_swcu",2025,"2025-09-27",4,"regular","Randolph-Macon","Washington and Lee","https://www.d3football.com/seasons/2025/boxscores/20250927_swcu.xml",4,"Final",6,24,,"Sep. 27","2025-09-27"
"20250927_ty65",2025,"2025-09-27",4,"regular","Eureka","Aurora","https://www.d3football.com/seasons/2025/boxscores/20250927_ty65.xml",4,"Final",66,0,,"Sep. 27","2025-09-27"
"20250927_ubam",2025,"2025-09-27",4,"regular","Washington U.","North Central (Ill.)","https://www.d3football.com/seasons/2025/boxscores/20250927_ubam.xml",4,"Final",44,14,,"Sep. 27","2025-09-27"
"20250927_vlh0",2025,"2025-09-27",4,"regular","Misericordia","Alvernia","https://www.d3football.com/seasons/2025/boxscores/20250927_vlh0.xml",4,"Final",10,41,,"Sep. 27","2025-09-27"
"20250927_wpcf",2025,"2025-09-27",4,"regular","Allegheny","Geneva","https://www.d3football.com/seasons/2025/boxscores/20250927_wpcf.xml",4,"Final",28,16,,"Sep. 27","2025-09-27"
"20250927_wr0w",2025,"2025-09-27",4,"regular","Kean","Western Connecticut","https://www.d3football.com/seasons/2025/boxscores/20250927_wr0w.xml",4,"Final",38,7,,"Sep. 27","2025-09-27"
"20250927_wvvq",2025,"2025-09-27",4,"regular","Hamline","Bethel","https://www.d3football.com/seasons/2025/boxscores/20250927_wvvq.xml",4,"Final",62,12,,"Sep. 27","2025-09-27"
"20250927_y144",2025,"2025-09-27",4,"regular","Otterbein","Muskingum","https://www.d3football.com/seasons/2025/boxscores/20250927_y144.xml",4,"Final",37,13,,"Sep. 27","2025-09-27"
"20250927_y56g",2025,"2025-09-27",4,"regular","Lycoming","Rowan","https://www.d3football.com/seasons/2025/boxscores/20250927_y56g.xml",4,"Final",34,23,,"Sep. 27","2025-09-27"
"20250927_za9q",2025,"2025-09-27",4,"regular","McMurry","Howard Payne","https://www.d3football.com/seasons/2025/boxscores/20250927_za9q.xml",4,"Final",24,31,,"Sep. 27","2025-09-27"
"20250927_zne4",2025,"2025-09-27",4,"regular","TCNJ","Juniata","https://www.d3football.com/seasons/2025/boxscores/20250927_zne4.xml",4,"Final",0,35,,"Sep. 27","2025-09-27"
"20250927_zvzz",2025,"2025-09-27",4,"regular","Oberlin","Wooster","https://www.d3football.com/seasons/2025/boxscores/20250927_zvzz.xml",4,"Final",38,0,,"Sep. 27","2025-09-27"
,2025,"2025-09-27",4,"regular","Maine Maritime","Keystone",,4,"Final",47,22,,"Sep. 27","2025-09-27"
"20251003_ktys",2025,"2025-10-03",5,"regular","Mass-Dartmouth","Massachusetts Maritime","https://www.d3football.com/seasons/2025/boxscores/20251003_ktys.xml",5,"Final",7,31,,"Oct. 3","2025-10-03"
"20251003_tcdm",2025,"2025-10-03",5,"regular","Johns Hopkins","Dickinson","https://www.d3football.com/seasons/2025/boxscores/20251003_tcdm.xml",5,"Final",10,55,,"Oct. 3","2025-10-03"
"20251004_0t4u",2025,"2025-10-04",5,"regular","Kean","Montclair State","https://www.d3football.com/seasons/2025/boxscores/20251004_0t4u.xml",5,"Final",38,28,,"Oct. 4","2025-10-04"
"20251004_1ekt",2025,"2025-10-04",5,"regular","Bluffton","Manchester","https://www.d3football.com/seasons/2025/boxscores/20251004_1ekt.xml",5,"Final",23,39,,"Oct. 4","2025-10-04"
"20251004_1fpd",2025,"2025-10-04",5,"regular","Bowdoin","Williams","https://www.d3football.com/seasons/2025/boxscores/20251004_1fpd.xml",5,"Final",35,17,,"Oct. 4","2025-10-04"
"20251004_1gsu",2025,"2025-10-04",5,"regular","Trinity (Conn.)","Tufts","https://www.d3football.com/seasons/2025/boxscores/20251004_1gsu.xml",5,"Final",14,41,,"Oct. 4","2025-10-04"
"20251004_1lej",2025,"2025-10-04",5,"regular","La Verne","Pomona-Pitzer","https://www.d3football.com/seasons/2025/boxscores/20251004_1lej.xml",5,"Final",34,12,,"Oct. 4","2025-10-04"
"20251004_1oxb",2025,"2025-10-04",5,"regular","Hobart","RPI","https://www.d3football.com/seasons/2025/boxscores/20251004_1oxb.xml",5,"Final",36,10,,"Oct. 4","2025-10-04"
"20251004_1shb",2025,"2025-10-04",5,"regular","Crown","Northwestern (Minn.)","https://www.d3football.com/seasons/2025/boxscores/20251004_1shb.xml",5,"Final",3,22,,"Oct. 4","2025-10-04"
"20251004_26pc",2025,"2025-10-04",5,"regular","Pacific","Whitworth","https://www.d3football.com/seasons/2025/boxscores/20251004_26pc.xml",5,"Final",28,14,,"Oct. 4","2025-10-04"
"20251004_271q",2025,"2025-10-04",5,"regular","St. Lawrence","Hilbert","https://www.d3football.com/seasons/2025/boxscores/20251004_271q.xml",5,"Final",14,45,,"Oct. 4","2025-10-04"
"20251004_2kko",2025,"2025-10-04",5,"regular","UW-Oshkosh","UW-River Falls","https://www.d3football.com/seasons/2025/boxscores/20251004_2kko.xml",5,"Final",17,21,,"Oct. 4","2025-10-04"
"20251004_2ngk",2025,"2025-10-04",5,"regular","William Paterson","Vermont State Castleton","https://www.d3football.com/seasons/2025/boxscores/20251004_2ngk.xml",5,"Final",7,32,,"Oct. 4","2025-10-04"
"20251004_354d",2025,"2025-10-04",5,"regular","Illinois College","Lawrence","https://www.d3football.com/seasons/2025/boxscores/20251004_354d.xml",5,"Final",0,59,,"Oct. 4","2025-10-04"
"20251004_3omj",2025,"2025-10-04",5,"regular","Luther","Wartburg","https://www.d3football.com/seasons/2025/boxscores/20251004_3omj.xml",5,"Final",36,3,,"Oct. 4","2025-10-04"
"20251004_3puz",2025,"2025-10-04",5,"regular","Alfred","Hartwick","https://www.d3football.com/seasons/2025/boxscores/20251004_3puz.xml",5,"Final",24,45,,"Oct. 4","2025-10-04"
"20251004_3xt3",2025,"2025-10-04",5,"regular","Hiram","Washington and Jefferson","https://www.d3football.com/seasons/2025/boxscores/20251004_3xt3.xml",5,"Final",70,13,,"Oct. 4","2025-10-04"
"20251004_4bpj",2025,"2025-10-04",5,"regular","Lewis and Clark","Puget Sound","https://www.d3football.com/seasons/2025/boxscores/20251004_4bpj.xml",5,"Final",21,58,,"Oct. 4","2025-10-04"
"20251004_4cgc",2025,"2025-10-04",5,"regular","Wilkes","Catholic","https://www.d3football.com/seasons/2025/boxscores/20251004_4cgc.xml",5,"Final",13,15,,"Oct. 4","2025-10-04"
"20251004_53sq",2025,"2025-10-04",5,"regular","Greenville","Westminster (Mo.)","https://www.d3football.com/seasons/2025/boxscores/20251004_53sq.xml",5,"Final",24,38,,"Oct. 4","2025-10-04"
"20251004_57kf",2025,"2025-10-04",5,"regular","Alfred State","Morrisville State","https://www.d3football.com/seasons/2025/boxscores/20251004_57kf.xml",5,"Final",21,41,,"Oct. 4","2025-10-04"
"20251004_5sdb",2025,"2025-10-04",5,"regular","Grinnell","Monmouth","https://www.d3football.com/seasons/2025/boxscores/20251004_5sdb.xml",5,"Final",49,9,,"Oct. 4","2025-10-04"
"20251004_5zl7",2025,"2025-10-04",5,"regular","Maine Maritime","Nichols","https://www.d3football.com/seasons/2025/boxscores/20251004_5zl7.xml",5,"Final",49,20,,"Oct. 4","2025-10-04"
"20251004_6011",2025,"2025-10-04",5,"regular","Geneva","Grove City","https://www.d3football.com/seasons/2025/boxscores/20251004_6011.xml",5,"Final",22,9,,"Oct. 4","2025-10-04"
"20251004_60j5",2025,"2025-10-04",5,"regular","Cal Lutheran","Claremont-Mudd-Scripps","https://www.d3football.com/seasons/2025/boxscores/20251004_60j5.xml",5,"Final",17,22,,"Oct. 4","2025-10-04"
"20251004_64vz",2025,"2025-10-04",5,"regular","Knox","Chicago","https://www.d3football.com/seasons/2025/boxscores/20251004_64vz.xml",5,"Final",52,0,,"Oct. 4","2025-10-04"
"20251004_6sus",2025,"2025-10-04",5,"regular","UW-Whitewater","UW-La Crosse","https://www.d3football.com/seasons/2025/boxscores/20251004_6sus.xml",5,"Final - 2OT",23,20,,"Oct. 4","2025-10-04"
"20251004_7p7e",2025,"2025-10-04",5,"regular","Roanoke","Randolph-Macon","https://www.d3football.com/seasons/2025/boxscores/20251004_7p7e.xml",5,"Final",35,17,,"Oct. 4","2025-10-04"
"20251004_83ae",2025,"2025-10-04",5,"regular","Elmhurst","Carthage","https://www.d3football.com/seasons/2025/boxscores/20251004_83ae.xml",5,"Final",31,7,,"Oct. 4","2025-10-04"
"20251004_83oi",2025,"2025-10-04",5,"regular","North Central (Ill.)","Wheaton (Ill.)","https://www.d3football.com/seasons/2025/boxscores/20251004_83oi.xml",5,"Final",0,35,,"Oct. 4","2025-10-04"
"20251004_8k6r",2025,"2025-10-04",5,"regular","St. Norbert","Concordia (Wis.)","https://www.d3football.com/seasons/2025/boxscores/20251004_8k6r.xml",5,"Final",24,17,,"Oct. 4","2025-10-04"
"20251004_8kxj",2025,"2025-10-04",5,"regular","Juniata","Western Connecticut","https://www.d3football.com/seasons/2025/boxscores/20251004_8kxj.xml",5,"Final",63,15,,"Oct. 4","2025-10-04"
"20251004_97gq",2025,"2025-10-04",5,"regular","Coe","Buena Vista","https://www.d3football.com/seasons/2025/boxscores/20251004_97gq.xml",5,"Final",10,37,,"Oct. 4","2025-10-04"
"20251004_9jc0",2025,"2025-10-04",5,"regular","Endicott","University of New England","https://www.d3football.com/seasons/2025/boxscores/20251004_9jc0.xml",5,"Final",14,53,,"Oct. 4","2025-10-04"
"20251004_9kt1",2025,"2025-10-04",5,"regular","Buffalo State","Union","https://www.d3football.com/seasons/2025/boxscores/20251004_9kt1.xml",5,"Final",28,6,,"Oct. 4","2025-10-04"
"20251004_9l6i",2025,"2025-10-04",5,"regular","Bethel","St. John's","https://www.d3football.com/seasons/2025/boxscores/20251004_9l6i.xml",5,"Final",10,17,,"Oct. 4","2025-10-04"
"20251004_acvc",2025,"2025-10-04",5,"regular","UW-Platteville","UW-Stevens Point","https://www.d3football.com/seasons/2025/boxscores/20251004_acvc.xml",5,"Final",0,52,,"Oct. 4","2025-10-04"
"20251004_arrb",2025,"2025-10-04",5,"regular","Westfield State","Anna Maria","https://www.d3football.com/seasons/2025/boxscores/20251004_arrb.xml",5,"Final",41,14,,"Oct. 4","2025-10-04"
"20251004_aubs",2025,"2025-10-04",5,"regular","Shenandoah","Bridgewater","https://www.d3football.com/seasons/2025/boxscores/20251004_aubs.xml",5,"Final",21,24,,"Oct. 4","2025-10-04"
"20251004_awvc",2025,"2025-10-04",5,"regular","Southern Virginia","Greensboro","https://www.d3football.com/seasons/2025/boxscores/20251004_awvc.xml",5,"Final",22,35,,"Oct. 4","2025-10-04"
"20251004_az6u",2025,"2025-10-04",5,"regular","LaGrange","N.C. Wesleyan","https://www.d3football.com/seasons/2025/boxscores/20251004_az6u.xml",5,"Final",24,41,,"Oct. 4","2025-10-04"
"20251004_b3mj",2025,"2025-10-04",5,"regular","Dean","Plymouth State","https://www.d3football.com/seasons/2025/boxscores/20251004_b3mj.xml",5,"Final",34,0,,"Oct. 4","2025-10-04"
"20251004_bnm6",2025,"2025-10-04",5,"regular","Benedictine","Rockford","https://www.d3football.com/seasons/2025/boxscores/20251004_bnm6.xml",5,"Final",9,42,,"Oct. 4","2025-10-04"
"20251004_bq6e",2025,"2025-10-04",5,"regular","Rose-Hulman","Hanover","https://www.d3football.com/seasons/2025/boxscores/20251004_bq6e.xml",5,"Final",44,10,,"Oct. 4","2025-10-04"
"20251004_c1e5",2025,"2025-10-04",5,"regular","Ohio Northern","Marietta","https://www.d3football.com/seasons/2025/boxscores/20251004_c1e5.xml",5,"Final",9,42,,"Oct. 4","2025-10-04"
"20251004_cwsy",2025,"2025-10-04",5,"regular","UW-Eau Claire","UW-Stout","https://www.d3football.com/seasons/2025/boxscores/20251004_cwsy.xml",5,"Final",42,17,,"Oct. 4","2025-10-04"
"20251004_e8f2",2025,"2025-10-04",5,"regular","New England College","Curry","https://www.d3football.com/seasons/2025/boxscores/20251004_e8f2.xml",5,"Final",62,7,,"Oct. 4","2025-10-04"
"20251004_ec6d",2025,"2025-10-04",5,"regular","Belhaven","Brevard","https://www.d3football.com/seasons/2025/boxscores/20251004_ec6d.xml",5,"Final - OT",20,23,,"Oct. 4","2025-10-04"
"20251004_f375",2025,"2025-10-04",5,"regular","Lycoming","Moravian","https://www.d3football.com/seasons/2025/boxscores/20251004_f375.xml",5,"Final",0,17,,"Oct. 4","2025-10-04"
"20251004_f7br",2025,"2025-10-04",5,"regular","Salisbury","TCNJ","https://www.d3football.com/seasons/2025/boxscores/20251004_f7br.xml",5,"Final",10,55,,"Oct. 4","2025-10-04"
"20251004_fdfy",2025,"2025-10-04",5,"regular","Berry","Rhodes","https://www.d3football.com/seasons/2025/boxscores/20251004_fdfy.xml",5,"Final",14,54,,"Oct. 4","2025-10-04"
"20251004_ffx2",2025,"2025-10-04",5,"regular","Gallaudet","Guilford","https://www.d3football.com/seasons/2025/boxscores/20251004_ffx2.xml",5,"Final",55,0,,"Oct. 4","2025-10-04"
"20251004_fidj",2025,"2025-10-04",5,"regular","Ripon","Lake Forest","https://www.d3football.com/seasons/2025/boxscores/20251004_fidj.xml",5,"Final",38,0,,"Oct. 4","2025-10-04"
"20251004_fker",2025,"2025-10-04",5,"regular","Middlebury","Amherst","https://www.d3football.com/seasons/2025/boxscores/20251004_fker.xml",5,"Final",27,17,,"Oct. 4","2025-10-04"
"20251004_g2xb",2025,"2025-10-04",5,"regular","Austin","Centenary (La.)","https://www.d3football.com/seasons/2025/boxscores/20251004_g2xb.xml",5,"Final",15,41,,"Oct. 4","2025-10-04"
"20251004_gavq",2025,"2025-10-04",5,"regular","North Park","Augustana","https://www.d3football.com/seasons/2025/boxscores/20251004_gavq.xml",5,"Final",24,21,,"Oct. 4","2025-10-04"
"20251004_gczt",2025,"2025-10-04",5,"regular","Bates","Colby","https://www.d3football.com/seasons/2025/boxscores/20251004_gczt.xml",5,"Final - OT",13,6,,"Oct. 4","2025-10-04"
"20251004_ghod",2025,"2025-10-04",5,"regular","Concordia-Chicago","Eureka","https://www.d3football.com/seasons/2025/boxscores/20251004_ghod.xml",5,"Final",20,49,,"Oct. 4","2025-10-04"
"20251004_gwn0",2025,"2025-10-04",5,"regular","Carnegie Mellon","McDaniel","https://www.d3football.com/seasons/2025/boxscores/20251004_gwn0.xml",5,"Final",7,56,,"Oct. 4","2025-10-04"
"20251004_h4xl",2025,"2025-10-04",5,"regular","Hardin-Simmons","Howard Payne","https://www.d3football.com/seasons/2025/boxscores/20251004_h4xl.xml",5,"Final",14,69,,"Oct. 4","2025-10-04"
"20251004_h5zy",2025,"2025-10-04",5,"regular","Minnesota-Morris","Martin Luther","https://www.d3football.com/seasons/2025/boxscores/20251004_h5zy.xml",5,"Final",28,35,,"Oct. 4","2025-10-04"
"20251004_hi4i",2025,"2025-10-04",5,"regular","Merchant Marine","MIT","https://www.d3football.com/seasons/2025/boxscores/20251004_hi4i.xml",5,"Final",3,6,,"Oct. 4","2025-10-04"
"20251004_i1ye",2025,"2025-10-04",5,"regular","East Texas Baptist","Mary Hardin-Baylor","https://www.d3football.com/seasons/2025/boxscores/20251004_i1ye.xml",5,"Final",42,28,,"Oct. 4","2025-10-04"
"20251004_itkv",2025,"2025-10-04",5,"regular","Wooster","Wittenberg","https://www.d3football.com/seasons/2025/boxscores/20251004_itkv.xml",5,"Final",12,14,,"Oct. 4","2025-10-04"
"20251004_iui1",2025,"2025-10-04",5,"regular","George Fox","Linfield","https://www.d3football.com/seasons/2025/boxscores/20251004_iui1.xml",5,"Final",35,17,,"Oct. 4","2025-10-04"
"20251004_iwy5",2025,"2025-10-04",5,"regular","Rochester","Ithaca","https://www.d3football.com/seasons/2025/boxscores/20251004_iwy5.xml",5,"Final",10,6,,"Oct. 4","2025-10-04"
"20251004_jdl2",2025,"2025-10-04",5,"regular","Washington U.","Illinois Wesleyan","https://www.d3football.com/seasons/2025/boxscores/20251004_jdl2.xml",5,"Final",40,42,,"Oct. 4","2025-10-04"
"20251004_k167",2025,"2025-10-04",5,"regular","Muhlenberg","Ursinus","https://www.d3football.com/seasons/2025/boxscores/20251004_k167.xml",5,"Final",36,39,,"Oct. 4","2025-10-04"
"20251004_kvxr",2025,"2025-10-04",5,"regular","Concordia-Moorhead","St. Scholastica","https://www.d3football.com/seasons/2025/boxscores/20251004_kvxr.xml",5,"Final",21,49,,"Oct. 4","2025-10-04"
"20251004_l1s1",2025,"2025-10-04",5,"regular","Mount Union","Otterbein","https://www.d3football.com/seasons/2025/boxscores/20251004_l1s1.xml",5,"Final",7,62,,"Oct. 4","2025-10-04"
"20251004_lrtn",2025,"2025-10-04",5,"regular","John Carroll","Wabash","https://www.d3football.com/seasons/2025/boxscores/20251004_lrtn.xml",5,"Final",28,31,,"Oct. 4","2025-10-04"
"20251004_m13d",2025,"2025-10-04",5,"regular","Centre","Millsaps","https://www.d3football.com/seasons/2025/boxscores/20251004_m13d.xml",5,"Final",36,37,,"Oct. 4","2025-10-04"
"20251004_m1e9",2025,"2025-10-04",5,"regular","Denison","Ohio Wesleyan","https://www.d3football.com/seasons/2025/boxscores/20251004_m1e9.xml",5,"Final",20,35,,"Oct. 4","2025-10-04"
"20251004_m2sf",2025,"2025-10-04",5,"regular","Waynesburg","Allegheny","https://www.d3football.com/seasons/2025/boxscores/20251004_m2sf.xml",5,"Final",21,11,,"Oct. 4","2025-10-04"
"20251004_mn95",2025,"2025-10-04",5,"regular","Westminster (Pa.)","Bethany","https://www.d3football.com/seasons/2025/boxscores/20251004_mn95.xml",5,"Final",0,52,,"Oct. 4","2025-10-04"
"20251004_n967",2025,"2025-10-04",5,"regular","Beloit","Cornell","https://www.d3football.com/seasons/2025/boxscores/20251004_n967.xml",5,"Final",26,19,,"Oct. 4","2025-10-04"
"20251004_ng1t",2025,"2025-10-04",5,"regular","Heidelberg","Capital","https://www.d3football.com/seasons/2025/boxscores/20251004_ng1t.xml",5,"Final",27,30,,"Oct. 4","2025-10-04"
"20251004_np44",2025,"2025-10-04",5,"regular","SUNY-Maritime","Coast Guard","https://www.d3football.com/seasons/2025/boxscores/20251004_np44.xml",5,"Final",28,26,,"Oct. 4","2025-10-04"
"20251004_oeoq",2025,"2025-10-04",5,"regular","St. John Fisher","Brockport","https://www.d3football.com/seasons/2025/boxscores/20251004_oeoq.xml",5,"Final - OT",24,31,,"Oct. 4","2025-10-04"
"20251004_ouoc",2025,"2025-10-04",5,"regular","Pacific Lutheran","Willamette","https://www.d3football.com/seasons/2025/boxscores/20251004_ouoc.xml",5,"Final",28,31,,"Oct. 4","2025-10-04"
"20251004_p4gx",2025,"2025-10-04",5,"regular","Rowan","Christopher Newport","https://www.d3football.com/seasons/2025/boxscores/20251004_p4gx.xml",5,"Final - 2OT",49,41,,"Oct. 4","2025-10-04"
"20251004_pbxo",2025,"2025-10-04",5,"regular","Trinity (Texas)","Southwestern","https://www.d3football.com/seasons/2025/boxscores/20251004_pbxo.xml",5,"Final",14,65,,"Oct. 4","2025-10-04"
"20251004_pyut",2025,"2025-10-04",5,"regular","Lakeland","Aurora","https://www.d3football.com/seasons/2025/boxscores/20251004_pyut.xml",5,"Final",49,28,,"Oct. 4","2025-10-04"
"20251004_qids",2025,"2025-10-04",5,"regular","Hampden-Sydney","Washington and Lee","https://www.d3football.com/seasons/2025/boxscores/20251004_qids.xml",5,"Final",42,34,,"Oct. 4","2025-10-04"
"20251004_quxy",2025,"2025-10-04",5,"regular","Worcester State","Bridgewater State","https://www.d3football.com/seasons/2025/boxscores/20251004_quxy.xml",5,"Final",10,19,,"Oct. 4","2025-10-04"
"20251004_s1ak",2025,"2025-10-04",5,"regular","Gettysburg","Franklin and Marshall","https://www.d3football.com/seasons/2025/boxscores/20251004_s1ak.xml",5,"Final",35,28,,"Oct. 4","2025-10-04"
"20251004_shsy",2025,"2025-10-04",5,"regular","Muskingum","Franklin","https://www.d3football.com/seasons/2025/boxscores/20251004_shsy.xml",5,"Final",34,33,,"Oct. 4","2025-10-04"
"20251004_sn30",2025,"2025-10-04",5,"regular","Alma","Calvin","https://www.d3football.com/seasons/2025/boxscores/20251004_sn30.xml",5,"Final",6,55,,"Oct. 4","2025-10-04"
"20251004_t05s",2025,"2025-10-04",5,"regular","Norwich","WPI","https://www.d3football.com/seasons/2025/boxscores/20251004_t05s.xml",5,"Final",14,7,,"Oct. 4","2025-10-04"
"20251004_t6zc",2025,"2025-10-04",5,"regular","Fitchburg State","Framingham State","https://www.d3football.com/seasons/2025/boxscores/20251004_t6zc.xml",5,"Final",22,12,,"Oct. 4","2025-10-04"
"20251004_tbhu",2025,"2025-10-04",5,"regular","Gustavus Adolphus","Carleton","https://www.d3football.com/seasons/2025/boxscores/20251004_tbhu.xml",5,"Final",45,28,,"Oct. 4","2025-10-04"
"20251004_ti5l",2025,"2025-10-04",5,"regular","St. Vincent","Case Western Reserve","https://www.d3football.com/seasons/2025/boxscores/20251004_ti5l.xml",5,"Final",42,14,,"Oct. 4","2025-10-04"
"20251004_tufo",2025,"2025-10-04",5,"regular","Trine","Hope","https://www.d3football.com/seasons/2025/boxscores/20251004_tufo.xml",5,"Final",55,35,,"Oct. 4","2025-10-04"
"20251004_udft",2025,"2025-10-04",5,"regular","Mount St. Joseph","Anderson","https://www.d3football.com/seasons/2025/boxscores/20251004_udft.xml",5,"Final",21,41,,"Oct. 4","2025-10-04"
"20251004_uosq",2025,"2025-10-04",5,"regular","Huntingdon","Methodist","https://www.d3football.com/seasons/2025/boxscores/20251004_uosq.xml",5,"Final",0,26,,"Oct. 4","2025-10-04"
"20251004_urp0",2025,"2025-10-04",5,"regular","DePauw","Oberlin","https://www.d3football.com/seasons/2025/boxscores/20251004_urp0.xml",5,"Final",0,75,,"Oct. 4","2025-10-04"
"20251004_uzua",2025,"2025-10-04",5,"regular","Springfield","Salve Regina","https://www.d3football.com/seasons/2025/boxscores/20251004_uzua.xml",5,"Final",14,28,,"Oct. 4","2025-10-04"
"20251004_v6is",2025,"2025-10-04",5,"regular","Augsburg","St. Olaf","https://www.d3football.com/seasons/2025/boxscores/20251004_v6is.xml",5,"Final",13,44,,"Oct. 4","2025-10-04"
"20251004_w1sl",2025,"2025-10-04",5,"regular","Dubuque","Nebraska Wesleyan","https://www.d3football.com/seasons/2025/boxscores/20251004_w1sl.xml",5,"Final",10,21,,"Oct. 4","2025-10-04"
"20251004_wb7u",2025,"2025-10-04",5,"regular","Macalester","Hamline","https://www.d3football.com/seasons/2025/boxscores/20251004_wb7u.xml",5,"Final",0,29,,"Oct. 4","2025-10-04"
"20251004_x33y",2025,"2025-10-04",5,"regular","Chapman","Redlands","https://www.d3football.com/seasons/2025/boxscores/20251004_x33y.xml",5,"Final",0,27,,"Oct. 4","2025-10-04"
"20251004_xmdh",2025,"2025-10-04",5,"regular","Adrian","Albion","https://www.d3football.com/seasons/2025/boxscores/20251004_xmdh.xml",5,"Final",7,28,,"Oct. 4","2025-10-04"
"20251004_yc5u",2025,"2025-10-04",5,"regular","Loras","Central","https://www.d3football.com/seasons/2025/boxscores/20251004_yc5u.xml",5,"Final",45,27,,"Oct. 4","2025-10-04"
"20251004_yy2p",2025,"2025-10-04",5,"regular","Millikin","Carroll","https://www.d3football.com/seasons/2025/boxscores/20251004_yy2p.xml",5,"Final",28,17,,"Oct. 4","2025-10-04"
"20251004_zedh",2025,"2025-10-04",5,"regular","Wesleyan","Hamilton","https://www.d3football.com/seasons/2025/boxscores/20251004_zedh.xml",5,"Final",14,56,,"Oct. 4","2025-10-04"
"20251004_zlas",2025,"2025-10-04",5,"regular","Western New England","Husson","https://www.d3football.com/seasons/2025/boxscores/20251004_zlas.xml",5,"Final",10,35,,"Oct. 4","2025-10-04"
"20251004_ztu6",2025,"2025-10-04",5,"regular","Cortland","Utica","https://www.d3football.com/seasons/2025/boxscores/20251004_ztu6.xml",5,"Final",13,28,,"Oct. 4","2025-10-04"
"20251004_zxz4",2025,"2025-10-04",5,"regular","Kalamazoo","Olivet","https://www.d3football.com/seasons/2025/boxscores/20251004_zxz4.xml",5,"Final",47,44,,"Oct. 4","2025-10-04"
,2025,"2025-10-04",5,"regular","Sewanee","Maryville (Tenn.)",,5,"Final",40,7,,"Oct. 4","2025-10-04"
"20251010_0ri6",2025,"2025-10-10",6,"regular","Stevenson","King's","https://www.d3football.com/seasons/2025/boxscores/20251010_0ri6.xml",6,"Final",35,28,,"Oct. 10","2025-10-10"
"20251011_0d04",2025,"2025-10-11",6,"regular","Case Western Reserve","Allegheny","https://www.d3football.com/seasons/2025/boxscores/20251011_0d04.xml",6,"Final",21,62,,"Oct. 11","2025-10-11"
"20251011_0m1x",2025,"2025-10-11",6,"regular","Centenary (La.)","Texas Lutheran","https://www.d3football.com/seasons/2025/boxscores/20251011_0m1x.xml",6,"Final",55,27,,"Oct. 11","2025-10-11"
"20251011_0pnd",2025,"2025-10-11",6,"regular","Tufts","Bates","https://www.d3football.com/seasons/2025/boxscores/20251011_0pnd.xml",6,"Final",35,28,,"Oct. 11","2025-10-11"
"20251011_0yee",2025,"2025-10-11",6,"regular","Colby","Wesleyan","https://www.d3football.com/seasons/2025/boxscores/20251011_0yee.xml",6,"Final",24,7,,"Oct. 11","2025-10-11"
"20251011_1315",2025,"2025-10-11",6,"regular","UW-River Falls","UW-Platteville","https://www.d3football.com/seasons/2025/boxscores/20251011_1315.xml",6,"Final",21,31,,"Oct. 11","2025-10-11"
"20251011_2llw",2025,"2025-10-11",6,"regular","Buena Vista","Luther","https://www.d3football.com/seasons/2025/boxscores/20251011_2llw.xml",6,"Final",7,31,,"Oct. 11","2025-10-11"
"20251011_2r84",2025,"2025-10-11",6,"regular","Pomona-Pitzer","Chapman","https://www.d3football.com/seasons/2025/boxscores/20251011_2r84.xml",6,"Final",17,10,,"Oct. 11","2025-10-11"
"20251011_2x0c",2025,"2025-10-11",6,"regular","Berry","Trinity (Texas)","https://www.d3football.com/seasons/2025/boxscores/20251011_2x0c.xml",6,"Final",6,29,,"Oct. 11","2025-10-11"
"20251011_36q6",2025,"2025-10-11",6,"regular","Moravian","Wilkes","https://www.d3football.com/seasons/2025/boxscores/20251011_36q6.xml",6,"Final",26,7,,"Oct. 11","2025-10-11"
"20251011_3km0",2025,"2025-10-11",6,"regular","Claremont-Mudd-Scripps","Redlands","https://www.d3football.com/seasons/2025/boxscores/20251011_3km0.xml",6,"Final",17,10,,"Oct. 11","2025-10-11"
"20251011_401u",2025,"2025-10-11",6,"regular","North Central (Ill.)","Millikin","https://www.d3football.com/seasons/2025/boxscores/20251011_401u.xml",6,"Final",10,59,,"Oct. 11","2025-10-11"
"20251011_483x",2025,"2025-10-11",6,"regular","Carthage","Washington U.","https://www.d3football.com/seasons/2025/boxscores/20251011_483x.xml",6,"Final - 2OT",31,23,,"Oct. 11","2025-10-11"
"20251011_49vb",2025,"2025-10-11",6,"regular","St. Olaf","Gustavus Adolphus","https://www.d3football.com/seasons/2025/boxscores/20251011_49vb.xml",6,"Final",35,21,,"Oct. 11","2025-10-11"
"20251011_4csw",2025,"2025-10-11",6,"regular","Vermont State Castleton","Christopher Newport","https://www.d3football.com/seasons/2025/boxscores/20251011_4csw.xml",6,"Final",69,7,,"Oct. 11","2025-10-11"
"20251011_50fr",2025,"2025-10-11",6,"regular","Northwestern (Minn.)","Greenville","https://www.d3football.com/seasons/2025/boxscores/20251011_50fr.xml",6,"Final",23,20,,"Oct. 11","2025-10-11"
"20251011_5nq8",2025,"2025-10-11",6,"regular","UW-La Crosse","UW-Eau Claire","https://www.d3football.com/seasons/2025/boxscores/20251011_5nq8.xml",6,"Final",21,41,,"Oct. 11","2025-10-11"
"20251011_6a94",2025,"2025-10-11",6,"regular","Martin Luther","Crown","https://www.d3football.com/seasons/2025/boxscores/20251011_6a94.xml",6,"Final",17,7,,"Oct. 11","2025-10-11"
"20251011_6ak2",2025,"2025-10-11",6,"regular","Nebraska Wesleyan","Loras","https://www.d3football.com/seasons/2025/boxscores/20251011_6ak2.xml",6,"Final",31,28,,"Oct. 11","2025-10-11"
"20251011_6yv3",2025,"2025-10-11",6,"regular","Eureka","Benedictine","https://www.d3football.com/seasons/2025/boxscores/20251011_6yv3.xml",6,"Final",56,0,,"Oct. 11","2025-10-11"
"20251011_706s",2025,"2025-10-11",6,"regular","Wabash","Ohio Wesleyan","https://www.d3football.com/seasons/2025/boxscores/20251011_706s.xml",6,"Final",27,44,,"Oct. 11","2025-10-11"
"20251011_7v05",2025,"2025-10-11",6,"regular","Carroll","North Park","https://www.d3football.com/seasons/2025/boxscores/20251011_7v05.xml",6,"Final",10,24,,"Oct. 11","2025-10-11"
"20251011_93p8",2025,"2025-10-11",6,"regular","Anderson","Bluffton","https://www.d3football.com/seasons/2025/boxscores/20251011_93p8.xml",6,"Final",49,7,,"Oct. 11","2025-10-11"
"20251011_95sr",2025,"2025-10-11",6,"regular","Utica","Morrisville State","https://www.d3football.com/seasons/2025/boxscores/20251011_95sr.xml",6,"Final",21,27,,"Oct. 11","2025-10-11"
"20251011_98xu",2025,"2025-10-11",6,"regular","Dickinson","Gettysburg","https://www.d3football.com/seasons/2025/boxscores/20251011_98xu.xml",6,"Final",21,49,,"Oct. 11","2025-10-11"
"20251011_aosd",2025,"2025-10-11",6,"regular","Guilford","Shenandoah","https://www.d3football.com/seasons/2025/boxscores/20251011_aosd.xml",6,"Final",45,7,,"Oct. 11","2025-10-11"
"20251011_atry",2025,"2025-10-11",6,"regular","Mount St. Joseph","Hanover","https://www.d3football.com/seasons/2025/boxscores/20251011_atry.xml",6,"Final",45,21,,"Oct. 11","2025-10-11"
"20251011_avtg",2025,"2025-10-11",6,"regular","Puget Sound","Pacific Lutheran","https://www.d3football.com/seasons/2025/boxscores/20251011_avtg.xml",6,"Final",41,27,,"Oct. 11","2025-10-11"
"20251011_azf4",2025,"2025-10-11",6,"regular","Grove City","Waynesburg","https://www.d3football.com/seasons/2025/boxscores/20251011_azf4.xml",6,"Final",14,24,,"Oct. 11","2025-10-11"
"20251011_azmf",2025,"2025-10-11",6,"regular","Hamline","Concordia-Moorhead","https://www.d3football.com/seasons/2025/boxscores/20251011_azmf.xml",6,"Final",58,12,,"Oct. 11","2025-10-11"
"20251011_bn95",2025,"2025-10-11",6,"regular","Wisconsin Lutheran","St. Norbert","https://www.d3football.com/seasons/2025/boxscores/20251011_bn95.xml",6,"Final",17,14,,"Oct. 11","2025-10-11"
"20251011_bonl",2025,"2025-10-11",6,"regular","Franklin","Rose-Hulman","https://www.d3football.com/seasons/2025/boxscores/20251011_bonl.xml",6,"Final",35,34,,"Oct. 11","2025-10-11"
"20251011_bv9l",2025,"2025-10-11",6,"regular","TCNJ","William Paterson","https://www.d3football.com/seasons/2025/boxscores/20251011_bv9l.xml",6,"Final",0,42,,"Oct. 11","2025-10-11"
"20251011_cwfu",2025,"2025-10-11",6,"regular","Oberlin","Kenyon","https://www.d3football.com/seasons/2025/boxscores/20251011_cwfu.xml",6,"Final",57,2,,"Oct. 11","2025-10-11"
"20251011_d947",2025,"2025-10-11",6,"regular","Otterbein","Baldwin Wallace","https://www.d3football.com/seasons/2025/boxscores/20251011_d947.xml",6,"Final",56,14,,"Oct. 11","2025-10-11"
"20251011_dcrz",2025,"2025-10-11",6,"regular","Rhodes","Millsaps","https://www.d3football.com/seasons/2025/boxscores/20251011_dcrz.xml",6,"Final",45,19,,"Oct. 11","2025-10-11"
"20251011_dfem",2025,"2025-10-11",6,"regular","Hamilton","Trinity (Conn.)","https://www.d3football.com/seasons/2025/boxscores/20251011_dfem.xml",6,"Final",49,0,,"Oct. 11","2025-10-11"
"20251011_dfez",2025,"2025-10-11",6,"regular","Willamette","Lewis and Clark","https://www.d3football.com/seasons/2025/boxscores/20251011_dfez.xml",6,"Final",28,20,,"Oct. 11","2025-10-11"
"20251011_dpuo",2025,"2025-10-11",6,"regular","Salisbury","Kean","https://www.d3football.com/seasons/2025/boxscores/20251011_dpuo.xml",6,"Final",24,38,,"Oct. 11","2025-10-11"
"20251011_e0h0",2025,"2025-10-11",6,"regular","Thiel","Geneva","https://www.d3football.com/seasons/2025/boxscores/20251011_e0h0.xml",6,"Final",51,38,,"Oct. 11","2025-10-11"
"20251011_e2mj",2025,"2025-10-11",6,"regular","Linfield","Pacific","https://www.d3football.com/seasons/2025/boxscores/20251011_e2mj.xml",6,"Final",6,23,,"Oct. 11","2025-10-11"
"20251011_e3xa",2025,"2025-10-11",6,"regular","Wooster","Denison","https://www.d3football.com/seasons/2025/boxscores/20251011_e3xa.xml",6,"Final",28,7,,"Oct. 11","2025-10-11"
"20251011_efvw",2025,"2025-10-11",6,"regular","Illinois Wesleyan","Wheaton (Ill.)","https://www.d3football.com/seasons/2025/boxscores/20251011_efvw.xml",6,"Final",65,21,,"Oct. 11","2025-10-11"
"20251011_etjq",2025,"2025-10-11",6,"regular","Manchester","Capital","https://www.d3football.com/seasons/2025/boxscores/20251011_etjq.xml",6,"Final",52,27,,"Oct. 11","2025-10-11"
"20251011_eumc",2025,"2025-10-11",6,"regular","Bridgewater","Roanoke","https://www.d3football.com/seasons/2025/boxscores/20251011_eumc.xml",6,"Final",24,14,,"Oct. 11","2025-10-11"
"20251011_ew1x",2025,"2025-10-11",6,"regular","Ursinus","McDaniel","https://www.d3football.com/seasons/2025/boxscores/20251011_ew1x.xml",6,"Final",0,52,,"Oct. 11","2025-10-11"
"20251011_fs81",2025,"2025-10-11",6,"regular","Catholic","Juniata","https://www.d3football.com/seasons/2025/boxscores/20251011_fs81.xml",6,"Final",17,20,,"Oct. 11","2025-10-11"
"20251011_gdtj",2025,"2025-10-11",6,"regular","La Verne","Cal Lutheran","https://www.d3football.com/seasons/2025/boxscores/20251011_gdtj.xml",6,"Final",23,19,,"Oct. 11","2025-10-11"
"20251011_h50c",2025,"2025-10-11",6,"regular","Maryville (Tenn.)","Centre","https://www.d3football.com/seasons/2025/boxscores/20251011_h50c.xml",6,"Final",13,33,,"Oct. 11","2025-10-11"
"20251011_h6v3",2025,"2025-10-11",6,"regular","Brevard","Southern Virginia","https://www.d3football.com/seasons/2025/boxscores/20251011_h6v3.xml",6,"Final",32,35,,"Oct. 11","2025-10-11"
"20251011_ho10",2025,"2025-10-11",6,"regular","Hardin-Simmons","Mary Hardin-Baylor","https://www.d3football.com/seasons/2025/boxscores/20251011_ho10.xml",6,"Final",7,34,,"Oct. 11","2025-10-11"
"20251011_iog6",2025,"2025-10-11",6,"regular","Howard Payne","East Texas Baptist","https://www.d3football.com/seasons/2025/boxscores/20251011_iog6.xml",6,"Final",18,36,,"Oct. 11","2025-10-11"
"20251011_ip91",2025,"2025-10-11",6,"regular","Bethany","St. Vincent","https://www.d3football.com/seasons/2025/boxscores/20251011_ip91.xml",6,"Final",57,35,,"Oct. 11","2025-10-11"
"20251011_j421",2025,"2025-10-11",6,"regular","Wittenberg","John Carroll","https://www.d3football.com/seasons/2025/boxscores/20251011_j421.xml",6,"Final",44,7,,"Oct. 11","2025-10-11"
"20251011_j7yv",2025,"2025-10-11",6,"regular","Monmouth","Illinois College","https://www.d3football.com/seasons/2025/boxscores/20251011_j7yv.xml",6,"Final",15,48,,"Oct. 11","2025-10-11"
"20251011_jg99",2025,"2025-10-11",6,"regular","Hendrix","Austin","https://www.d3football.com/seasons/2025/boxscores/20251011_jg99.xml",6,"Final",21,60,,"Oct. 11","2025-10-11"
"20251011_js9f",2025,"2025-10-11",6,"regular","St. Lawrence","Ithaca","https://www.d3football.com/seasons/2025/boxscores/20251011_js9f.xml",6,"Final",24,7,,"Oct. 11","2025-10-11"
"20251011_kfwm",2025,"2025-10-11",6,"regular","Westminster (Mo.)","Minnesota-Morris","https://www.d3football.com/seasons/2025/boxscores/20251011_kfwm.xml",6,"Final",30,27,,"Oct. 11","2025-10-11"
"20251011_kqku",2025,"2025-10-11",6,"regular","Franklin and Marshall","Muhlenberg","https://www.d3football.com/seasons/2025/boxscores/20251011_kqku.xml",6,"Final",27,28,,"Oct. 11","2025-10-11"
"20251011_lfb3",2025,"2025-10-11",6,"regular","New Haven","Western Connecticut","https://www.d3football.com/seasons/2025/boxscores/20251011_lfb3.xml",6,"Final",0,69,,"Oct. 11","2025-10-11"
"20251011_lra0",2025,"2025-10-11",6,"regular","Hartwick","St. John Fisher","https://www.d3football.com/seasons/2025/boxscores/20251011_lra0.xml",6,"Final",35,21,,"Oct. 11","2025-10-11"
"20251011_ls6y",2025,"2025-10-11",6,"regular","Concordia (Wis.)","Lakeland","https://www.d3football.com/seasons/2025/boxscores/20251011_ls6y.xml",6,"Final - OT",34,41,,"Oct. 11","2025-10-11"
"20251011_m2jr",2025,"2025-10-11",6,"regular","UW-Stout","UW-Oshkosh","https://www.d3football.com/seasons/2025/boxscores/20251011_m2jr.xml",6,"Final",16,27,,"Oct. 11","2025-10-11"
"20251011_m7ii",2025,"2025-10-11",6,"regular","Greensboro","Huntingdon","https://www.d3football.com/seasons/2025/boxscores/20251011_m7ii.xml",6,"Final",17,10,,"Oct. 11","2025-10-11"
"20251011_mcx6",2025,"2025-10-11",6,"regular","Marietta","Heidelberg","https://www.d3football.com/seasons/2025/boxscores/20251011_mcx6.xml",6,"Final",30,27,,"Oct. 11","2025-10-11"
"20251011_me37",2025,"2025-10-11",6,"regular","Curry","Maine Maritime","https://www.d3football.com/seasons/2025/boxscores/20251011_me37.xml",6,"Final",0,60,,"Oct. 11","2025-10-11"
"20251011_moak",2025,"2025-10-11",6,"regular","N.C. Wesleyan","Belhaven","https://www.d3football.com/seasons/2025/boxscores/20251011_moak.xml",6,"Final",41,38,,"Oct. 11","2025-10-11"
"20251011_mqjy",2025,"2025-10-11",6,"regular","Alvernia","Albright","https://www.d3football.com/seasons/2025/boxscores/20251011_mqjy.xml",6,"Final",38,14,,"Oct. 11","2025-10-11"
"20251011_mxk9",2025,"2025-10-11",6,"regular","Washington and Jefferson","Westminster (Pa.)","https://www.d3football.com/seasons/2025/boxscores/20251011_mxk9.xml",6,"Final",7,24,,"Oct. 11","2025-10-11"
"20251011_n348",2025,"2025-10-11",6,"regular","Widener","FDU-Florham","https://www.d3football.com/seasons/2025/boxscores/20251011_n348.xml",6,"Final - OT",17,20,,"Oct. 11","2025-10-11"
"20251011_n6nc",2025,"2025-10-11",6,"regular","Susquehanna","Lycoming","https://www.d3football.com/seasons/2025/boxscores/20251011_n6nc.xml",6,"Final",7,69,,"Oct. 11","2025-10-11"
"20251011_navh",2025,"2025-10-11",6,"regular","St. Scholastica","Carleton","https://www.d3football.com/seasons/2025/boxscores/20251011_navh.xml",6,"Final",41,14,,"Oct. 11","2025-10-11"
"20251011_ned8",2025,"2025-10-11",6,"regular","Lebanon Valley","Misericordia","https://www.d3football.com/seasons/2025/boxscores/20251011_ned8.xml",6,"Final",23,21,,"Oct. 11","2025-10-11"
"20251011_nhzr",2025,"2025-10-11",6,"regular","Montclair State","Rowan","https://www.d3football.com/seasons/2025/boxscores/20251011_nhzr.xml",6,"Final",38,26,,"Oct. 11","2025-10-11"
"20251011_nn8o",2025,"2025-10-11",6,"regular","Aurora","Rockford","https://www.d3football.com/seasons/2025/boxscores/20251011_nn8o.xml",6,"Final",0,48,,"Oct. 11","2025-10-11"
"20251011_ocff",2025,"2025-10-11",6,"regular","RPI","Buffalo State","https://www.d3football.com/seasons/2025/boxscores/20251011_ocff.xml",6,"Final",13,57,,"Oct. 11","2025-10-11"
"20251011_oo7c",2025,"2025-10-11",6,"regular","Merchant Marine","SUNY-Maritime","https://www.d3football.com/seasons/2025/boxscores/20251011_oo7c.xml",6,"Final",34,14,,"Oct. 11","2025-10-11"
"20251011_oy5j",2025,"2025-10-11",6,"regular","Union","Hobart","https://www.d3football.com/seasons/2025/boxscores/20251011_oy5j.xml",6,"Final",16,33,,"Oct. 11","2025-10-11"
"20251011_p8pa",2025,"2025-10-11",6,"regular","Chicago","Lawrence","https://www.d3football.com/seasons/2025/boxscores/20251011_p8pa.xml",6,"Final",0,66,,"Oct. 11","2025-10-11"
"20251011_p9g8",2025,"2025-10-11",6,"regular","McMurry","Lyon","https://www.d3football.com/seasons/2025/boxscores/20251011_p9g8.xml",6,"Final",7,65,,"Oct. 11","2025-10-11"
"20251011_pa8l",2025,"2025-10-11",6,"regular","Muskingum","Ohio Northern","https://www.d3football.com/seasons/2025/boxscores/20251011_pa8l.xml",6,"Final",54,16,,"Oct. 11","2025-10-11"
"20251011_q2p4",2025,"2025-10-11",6,"regular","Washington and Lee","Gallaudet","https://www.d3football.com/seasons/2025/boxscores/20251011_q2p4.xml",6,"Final",0,45,,"Oct. 11","2025-10-11"
"20251011_q8vo",2025,"2025-10-11",6,"regular","Randolph-Macon","Averett","https://www.d3football.com/seasons/2025/boxscores/20251011_q8vo.xml",6,"Final",20,77,,"Oct. 11","2025-10-11"
"20251011_qhn8",2025,"2025-10-11",6,"regular","Knox","Grinnell","https://www.d3football.com/seasons/2025/boxscores/20251011_qhn8.xml",6,"Final",17,20,,"Oct. 11","2025-10-11"
"20251011_qiy9",2025,"2025-10-11",6,"regular","St. John's","Macalester","https://www.d3football.com/seasons/2025/boxscores/20251011_qiy9.xml",6,"Final",0,70,,"Oct. 11","2025-10-11"
"20251011_qp9j",2025,"2025-10-11",6,"regular","Lake Forest","Beloit","https://www.d3football.com/seasons/2025/boxscores/20251011_qp9j.xml",6,"Final",0,59,,"Oct. 11","2025-10-11"
"20251011_qs6v",2025,"2025-10-11",6,"regular","Bowdoin","Amherst","https://www.d3football.com/seasons/2025/boxscores/20251011_qs6v.xml",6,"Final",34,7,,"Oct. 11","2025-10-11"
"20251011_rhc9",2025,"2025-10-11",6,"regular","Wilmington","Mount Union","https://www.d3football.com/seasons/2025/boxscores/20251011_rhc9.xml",6,"Final",59,0,,"Oct. 11","2025-10-11"
"20251011_rvr0",2025,"2025-10-11",6,"regular","Augsburg","Bethel","https://www.d3football.com/seasons/2025/boxscores/20251011_rvr0.xml",6,"Final",56,7,,"Oct. 11","2025-10-11"
"20251011_rvzg",2025,"2025-10-11",6,"regular","Wartburg","Dubuque","https://www.d3football.com/seasons/2025/boxscores/20251011_rvzg.xml",6,"Final",7,33,,"Oct. 11","2025-10-11"
"20251011_sg6j",2025,"2025-10-11",6,"regular","Whitworth","George Fox","https://www.d3football.com/seasons/2025/boxscores/20251011_sg6j.xml",6,"Final",16,40,,"Oct. 11","2025-10-11"
"20251011_t8bp",2025,"2025-10-11",6,"regular","Johns Hopkins","Carnegie Mellon","https://www.d3football.com/seasons/2025/boxscores/20251011_t8bp.xml",6,"Final",27,28,,"Oct. 11","2025-10-11"
"20251011_tjet",2025,"2025-10-11",6,"regular","Rochester","Hilbert","https://www.d3football.com/seasons/2025/boxscores/20251011_tjet.xml",6,"Final",0,38,,"Oct. 11","2025-10-11"
"20251011_tmcs",2025,"2025-10-11",6,"regular","Methodist","LaGrange","https://www.d3football.com/seasons/2025/boxscores/20251011_tmcs.xml",6,"Final",26,7,,"Oct. 11","2025-10-11"
"20251011_v55d",2025,"2025-10-11",6,"regular","Williams","Middlebury","https://www.d3football.com/seasons/2025/boxscores/20251011_v55d.xml",6,"Final",17,24,,"Oct. 11","2025-10-11"
"20251011_wc5q",2025,"2025-10-11",6,"regular","Simpson","Coe","https://www.d3football.com/seasons/2025/boxscores/20251011_wc5q.xml",6,"Final",34,7,,"Oct. 11","2025-10-11"
"20251011_xh02",2025,"2025-10-11",6,"regular","Worcester State","Fitchburg State","https://www.d3football.com/seasons/2025/boxscores/20251011_xh02.xml",6,"Final",21,6,,"Oct. 11","2025-10-11"
"20251011_xu6u",2025,"2025-10-11",6,"regular","Southwestern","Sewanee","https://www.d3football.com/seasons/2025/boxscores/20251011_xu6u.xml",6,"Final",31,39,,"Oct. 11","2025-10-11"
"20251011_ywlf",2025,"2025-10-11",6,"regular","UW-Stevens Point","UW-Whitewater","https://www.d3football.com/seasons/2025/boxscores/20251011_ywlf.xml",6,"Final",45,14,,"Oct. 11","2025-10-11"
"20251011_zemb",2025,"2025-10-11",6,"regular","Eastern","Delaware Valley","https://www.d3football.com/seasons/2025/boxscores/20251011_zemb.xml",6,"Final",20,37,,"Oct. 11","2025-10-11"
"20251011_zlh0",2025,"2025-10-11",6,"regular","Cornell","Ripon","https://www.d3football.com/seasons/2025/boxscores/20251011_zlh0.xml",6,"Final",22,14,,"Oct. 11","2025-10-11"
,2025,"2025-10-11",6,"regular","Elmhurst","Augustana",,6,"Final",48,7,,"Oct. 11","2025-10-11"
"20251016_hzlo",2025,"2025-10-16",7,"regular","Olivet","Trine","https://www.d3football.com/seasons/2025/boxscores/20251016_hzlo.xml",7,"Final",59,7,,"Oct. 16","2025-10-16"
"20251017_27mj",2025,"2025-10-17",7,"regular","UW-Whitewater","UW-Stout","https://www.d3football.com/seasons/2025/boxscores/20251017_27mj.xml",7,"Final",2,34,,"Oct. 17","2025-10-17"
"20251017_9191",2025,"2025-10-17",7,"regular","WPI","Springfield","https://www.d3football.com/seasons/2025/boxscores/20251017_9191.xml",7,"Final",24,10,,"Oct. 17","2025-10-17"
"20251017_v1xc",2025,"2025-10-17",7,"regular","Maine Maritime","University of New England","https://www.d3football.com/seasons/2025/boxscores/20251017_v1xc.xml",7,"Final",77,14,,"Oct. 17","2025-10-17"
"20251018_085q",2025,"2025-10-18",7,"regular","Ohio Wesleyan","Wooster","https://www.d3football.com/seasons/2025/boxscores/20251018_085q.xml",7,"Final",24,20,,"Oct. 18","2025-10-18"
"20251018_17vy",2025,"2025-10-18",7,"regular","Plymouth State","Anna Maria","https://www.d3football.com/seasons/2025/boxscores/20251018_17vy.xml",7,"Final",35,28,,"Oct. 18","2025-10-18"
"20251018_1cf0",2025,"2025-10-18",7,"regular","UW-Oshkosh","UW-Eau Claire","https://www.d3football.com/seasons/2025/boxscores/20251018_1cf0.xml",7,"Final",21,28,,"Oct. 18","2025-10-18"
"20251018_1hou",2025,"2025-10-18",7,"regular","Allegheny","Grove City","https://www.d3football.com/seasons/2025/boxscores/20251018_1hou.xml",7,"Final",42,6,,"Oct. 18","2025-10-18"
"20251018_1xk5",2025,"2025-10-18",7,"regular","Lakeland","Wisconsin Lutheran","https://www.d3football.com/seasons/2025/boxscores/20251018_1xk5.xml",7,"Final",34,31,,"Oct. 18","2025-10-18"
"20251018_23qb",2025,"2025-10-18",7,"regular","Carleton","Hamline","https://www.d3football.com/seasons/2025/boxscores/20251018_23qb.xml",7,"Final",14,63,,"Oct. 18","2025-10-18"
"20251018_2cx8",2025,"2025-10-18",7,"regular","Loras","Wartburg","https://www.d3football.com/seasons/2025/boxscores/20251018_2cx8.xml",7,"Final",40,20,,"Oct. 18","2025-10-18"
"20251018_2lsb",2025,"2025-10-18",7,"regular","George Fox","Lewis and Clark","https://www.d3football.com/seasons/2025/boxscores/20251018_2lsb.xml",7,"Final",28,42,,"Oct. 18","2025-10-18"
"20251018_366o",2025,"2025-10-18",7,"regular","Luther","Simpson","https://www.d3football.com/seasons/2025/boxscores/20251018_366o.xml",7,"Final",36,3,,"Oct. 18","2025-10-18"
"20251018_44dy",2025,"2025-10-18",7,"regular","Bates","Williams","https://www.d3football.com/seasons/2025/boxscores/20251018_44dy.xml",7,"Final",37,30,,"Oct. 18","2025-10-18"
"20251018_4y5d",2025,"2025-10-18",7,"regular","Bridgewater","Gallaudet","https://www.d3football.com/seasons/2025/boxscores/20251018_4y5d.xml",7,"Final",13,73,,"Oct. 18","2025-10-18"
"20251018_5gc2",2025,"2025-10-18",7,"regular","Waynesburg","Geneva","https://www.d3football.com/seasons/2025/boxscores/20251018_5gc2.xml",7,"Final",62,20,,"Oct. 18","2025-10-18"
"20251018_5m54",2025,"2025-10-18",7,"regular","Wheaton (Ill.)","Carthage","https://www.d3football.com/seasons/2025/boxscores/20251018_5m54.xml",7,"Final",21,47,,"Oct. 18","2025-10-18"
"20251018_6ohw",2025,"2025-10-18",7,"regular","FDU-Florham","Delaware Valley","https://www.d3football.com/seasons/2025/boxscores/20251018_6ohw.xml",7,"Final",41,14,,"Oct. 18","2025-10-18"
"20251018_6y68",2025,"2025-10-18",7,"regular","Massachusetts Maritime","Fitchburg State","https://www.d3football.com/seasons/2025/boxscores/20251018_6y68.xml",7,"Final",0,10,,"Oct. 18","2025-10-18"
"20251018_71xy",2025,"2025-10-18",7,"regular","North Park","North Central (Ill.)","https://www.d3football.com/seasons/2025/boxscores/20251018_71xy.xml",7,"Final",75,0,,"Oct. 18","2025-10-18"
"20251018_7f29",2025,"2025-10-18",7,"regular","Kenyon","Wabash","https://www.d3football.com/seasons/2025/boxscores/20251018_7f29.xml",7,"Final",46,12,,"Oct. 18","2025-10-18"
"20251018_7zbg",2025,"2025-10-18",7,"regular","Mary Hardin-Baylor","Texas Wesleyan","https://www.d3football.com/seasons/2025/boxscores/20251018_7zbg.xml",7,"Final",19,28,,"Oct. 18","2025-10-18"
"20251018_822s",2025,"2025-10-18",7,"regular","Rockford","Concordia-Chicago","https://www.d3football.com/seasons/2025/boxscores/20251018_822s.xml",7,"Final",37,26,,"Oct. 18","2025-10-18"
"20251018_8333",2025,"2025-10-18",7,"regular","Marietta","Muskingum","https://www.d3football.com/seasons/2025/boxscores/20251018_8333.xml",7,"Final",35,31,,"Oct. 18","2025-10-18"
"20251018_8a03",2025,"2025-10-18",7,"regular","Central","Nebraska Wesleyan","https://www.d3football.com/seasons/2025/boxscores/20251018_8a03.xml",7,"Final",13,34,,"Oct. 18","2025-10-18"
"20251018_8qq8",2025,"2025-10-18",7,"regular","Juniata","Susquehanna","https://www.d3football.com/seasons/2025/boxscores/20251018_8qq8.xml",7,"Final",56,7,,"Oct. 18","2025-10-18"
"20251018_90wy",2025,"2025-10-18",7,"regular","Aurora","Concordia (Wis.)","https://www.d3football.com/seasons/2025/boxscores/20251018_90wy.xml",7,"Final",54,45,,"Oct. 18","2025-10-18"
"20251018_93do",2025,"2025-10-18",7,"regular","Franklin","Manchester","https://www.d3football.com/seasons/2025/boxscores/20251018_93do.xml",7,"Final",21,48,,"Oct. 18","2025-10-18"
"20251018_9luj",2025,"2025-10-18",7,"regular","Augustana","Carroll","https://www.d3football.com/seasons/2025/boxscores/20251018_9luj.xml",7,"Final",24,31,,"Oct. 18","2025-10-18"
"20251018_9m09",2025,"2025-10-18",7,"regular","Albion","Alma","https://www.d3football.com/seasons/2025/boxscores/20251018_9m09.xml",7,"Final",48,27,,"Oct. 18","2025-10-18"
"20251018_9yv2",2025,"2025-10-18",7,"regular","East Texas Baptist","Hardin-Simmons","https://www.d3football.com/seasons/2025/boxscores/20251018_9yv2.xml",7,"Final",34,16,,"Oct. 18","2025-10-18"
"20251018_a1wo",2025,"2025-10-18",7,"regular","Husson","New England College","https://www.d3football.com/seasons/2025/boxscores/20251018_a1wo.xml",7,"Final",0,48,,"Oct. 18","2025-10-18"
"20251018_acf5",2025,"2025-10-18",7,"regular","Claremont-Mudd-Scripps","La Verne","https://www.d3football.com/seasons/2025/boxscores/20251018_acf5.xml",7,"Final",19,22,,"Oct. 18","2025-10-18"
"20251018_aodv",2025,"2025-10-18",7,"regular","Ohio Northern","Capital","https://www.d3football.com/seasons/2025/boxscores/20251018_aodv.xml",7,"Final",0,56,,"Oct. 18","2025-10-18"
"20251018_atwa",2025,"2025-10-18",7,"regular","Bethel","St. Olaf","https://www.d3football.com/seasons/2025/boxscores/20251018_atwa.xml",7,"Final",10,64,,"Oct. 18","2025-10-18"
"20251018_b1o8",2025,"2025-10-18",7,"regular","Framingham State","Westfield State","https://www.d3football.com/seasons/2025/boxscores/20251018_b1o8.xml",7,"Final",24,35,,"Oct. 18","2025-10-18"
"20251018_b8ne",2025,"2025-10-18",7,"regular","Eastern","Albright","https://www.d3football.com/seasons/2025/boxscores/20251018_b8ne.xml",7,"Final",10,17,,"Oct. 18","2025-10-18"
"20251018_bkfm",2025,"2025-10-18",7,"regular","Lake Forest","Grinnell","https://www.d3football.com/seasons/2025/boxscores/20251018_bkfm.xml",7,"Final",0,70,,"Oct. 18","2025-10-18"
"20251018_c03m",2025,"2025-10-18",7,"regular","Westminster (Pa.)","Thiel","https://www.d3football.com/seasons/2025/boxscores/20251018_c03m.xml",7,"Final",6,48,,"Oct. 18","2025-10-18"
"20251018_c1xh",2025,"2025-10-18",7,"regular","Austin","McMurry","https://www.d3football.com/seasons/2025/boxscores/20251018_c1xh.xml",7,"Final",31,13,,"Oct. 18","2025-10-18"
"20251018_c2vg",2025,"2025-10-18",7,"regular","Montclair State","Salisbury","https://www.d3football.com/seasons/2025/boxscores/20251018_c2vg.xml",7,"Final",56,21,,"Oct. 18","2025-10-18"
"20251018_c8dp",2025,"2025-10-18",7,"regular","Gustavus Adolphus","St. Scholastica","https://www.d3football.com/seasons/2025/boxscores/20251018_c8dp.xml",7,"Final",6,45,,"Oct. 18","2025-10-18"
"20251018_ca53",2025,"2025-10-18",7,"regular","Apprentice","Keystone","https://www.d3football.com/seasons/2025/boxscores/20251018_ca53.xml",7,"Final",21,45,,"Oct. 18","2025-10-18"
"20251018_cgxl",2025,"2025-10-18",7,"regular","Bridgewater State","Dean","https://www.d3football.com/seasons/2025/boxscores/20251018_cgxl.xml",7,"Final",25,47,,"Oct. 18","2025-10-18"
"20251018_cldl",2025,"2025-10-18",7,"regular","Texas Lutheran","Hendrix","https://www.d3football.com/seasons/2025/boxscores/20251018_cldl.xml",7,"Final",48,50,,"Oct. 18","2025-10-18"
"20251018_cox1",2025,"2025-10-18",7,"regular","Calvin","Adrian","https://www.d3football.com/seasons/2025/boxscores/20251018_cox1.xml",7,"Final",48,17,,"Oct. 18","2025-10-18"
"20251018_daxb",2025,"2025-10-18",7,"regular","Linfield","Whitworth","https://www.d3football.com/seasons/2025/boxscores/20251018_daxb.xml",7,"Final",30,20,,"Oct. 18","2025-10-18"
"20251018_dp0f",2025,"2025-10-18",7,"regular","Lawrence","Beloit","https://www.d3football.com/seasons/2025/boxscores/20251018_dp0f.xml",7,"Final",34,0,,"Oct. 18","2025-10-18"
"20251018_euje",2025,"2025-10-18",7,"regular","Chicago","Ripon","https://www.d3football.com/seasons/2025/boxscores/20251018_euje.xml",7,"Final",12,37,,"Oct. 18","2025-10-18"
"20251018_fjs8",2025,"2025-10-18",7,"regular","Monmouth","Cornell","https://www.d3football.com/seasons/2025/boxscores/20251018_fjs8.xml",7,"Final",3,45,,"Oct. 18","2025-10-18"
"20251018_fpeh",2025,"2025-10-18",7,"regular","Wesleyan","Bowdoin","https://www.d3football.com/seasons/2025/boxscores/20251018_fpeh.xml",7,"Final",25,17,,"Oct. 18","2025-10-18"
"20251018_fw4y",2025,"2025-10-18",7,"regular","Southern Virginia","Methodist","https://www.d3football.com/seasons/2025/boxscores/20251018_fw4y.xml",7,"Final",13,30,,"Oct. 18","2025-10-18"
"20251018_g1cw",2025,"2025-10-18",7,"regular","Curry","Nichols","https://www.d3football.com/seasons/2025/boxscores/20251018_g1cw.xml",7,"Final",27,71,,"Oct. 18","2025-10-18"
"20251018_g4pd",2025,"2025-10-18",7,"regular","Catholic","Moravian","https://www.d3football.com/seasons/2025/boxscores/20251018_g4pd.xml",7,"Final - OT",20,26,,"Oct. 18","2025-10-18"
"20251018_gc3r",2025,"2025-10-18",7,"regular","Rowan","William Paterson","https://www.d3football.com/seasons/2025/boxscores/20251018_gc3r.xml",7,"Final",16,45,,"Oct. 18","2025-10-18"
"20251018_hxst",2025,"2025-10-18",7,"regular","Macalester","Augsburg","https://www.d3football.com/seasons/2025/boxscores/20251018_hxst.xml",7,"Final",32,21,,"Oct. 18","2025-10-18"
"20251018_i2h5",2025,"2025-10-18",7,"regular","Coast Guard","MIT","https://www.d3football.com/seasons/2025/boxscores/20251018_i2h5.xml",7,"Final",14,24,,"Oct. 18","2025-10-18"
"20251018_iacj",2025,"2025-10-18",7,"regular","Brockport","Alfred State","https://www.d3football.com/seasons/2025/boxscores/20251018_iacj.xml",7,"Final",14,48,,"Oct. 18","2025-10-18"
"20251018_ids7",2025,"2025-10-18",7,"regular","Pacific Lutheran","Pacific","https://www.d3football.com/seasons/2025/boxscores/20251018_ids7.xml",7,"Final",29,47,,"Oct. 18","2025-10-18"
"20251018_j41h",2025,"2025-10-18",7,"regular","Hope","Kalamazoo","https://www.d3football.com/seasons/2025/boxscores/20251018_j41h.xml",7,"Final",21,56,,"Oct. 18","2025-10-18"
"20251018_j8y5",2025,"2025-10-18",7,"regular","Concordia-Moorhead","St. John's","https://www.d3football.com/seasons/2025/boxscores/20251018_j8y5.xml",7,"Final",41,6,,"Oct. 18","2025-10-18"
"20251018_k5hc",2025,"2025-10-18",7,"regular","Washington U.","Elmhurst","https://www.d3football.com/seasons/2025/boxscores/20251018_k5hc.xml",7,"Final",0,17,,"Oct. 18","2025-10-18"
"20251018_lqes",2025,"2025-10-18",7,"regular","Christopher Newport","Kean","https://www.d3football.com/seasons/2025/boxscores/20251018_lqes.xml",7,"Final",0,49,,"Oct. 18","2025-10-18"
"20251018_lsn7",2025,"2025-10-18",7,"regular","Illinois College","Knox","https://www.d3football.com/seasons/2025/boxscores/20251018_lsn7.xml",7,"Final",14,64,,"Oct. 18","2025-10-18"
"20251018_lsni",2025,"2025-10-18",7,"regular","Widener","Lebanon Valley","https://www.d3football.com/seasons/2025/boxscores/20251018_lsni.xml",7,"Final",34,14,,"Oct. 18","2025-10-18"
"20251018_mcjj",2025,"2025-10-18",7,"regular","Stevenson","Misericordia","https://www.d3football.com/seasons/2025/boxscores/20251018_mcjj.xml",7,"Final",29,28,,"Oct. 18","2025-10-18"
"20251018_mhk5",2025,"2025-10-18",7,"regular","McDaniel","Muhlenberg","https://www.d3football.com/seasons/2025/boxscores/20251018_mhk5.xml",7,"Final",56,7,,"Oct. 18","2025-10-18"
"20251018_muny",2025,"2025-10-18",7,"regular","UW-Platteville","UW-La Crosse","https://www.d3football.com/seasons/2025/boxscores/20251018_muny.xml",7,"Final",21,38,,"Oct. 18","2025-10-18"
"20251018_ncr1",2025,"2025-10-18",7,"regular","Hanover","Anderson","https://www.d3football.com/seasons/2025/boxscores/20251018_ncr1.xml",7,"Final",0,58,,"Oct. 18","2025-10-18"
"20251018_nmgq",2025,"2025-10-18",7,"regular","St. Norbert","Eureka","https://www.d3football.com/seasons/2025/boxscores/20251018_nmgq.xml",7,"Final",0,44,,"Oct. 18","2025-10-18"
"20251018_npru",2025,"2025-10-18",7,"regular","Centre","Southwestern","https://www.d3football.com/seasons/2025/boxscores/20251018_npru.xml",7,"Final",16,19,,"Oct. 18","2025-10-18"
"20251018_nvy4",2025,"2025-10-18",7,"regular","Millsaps","Maryville (Tenn.)","https://www.d3football.com/seasons/2025/boxscores/20251018_nvy4.xml",7,"Final",21,31,,"Oct. 18","2025-10-18"
"20251018_nwu9",2025,"2025-10-18",7,"regular","Belhaven","Greensboro","https://www.d3football.com/seasons/2025/boxscores/20251018_nwu9.xml",7,"Final",26,41,,"Oct. 18","2025-10-18"
"20251018_ogq0",2025,"2025-10-18",7,"regular","Crown","Westminster (Mo.)","https://www.d3football.com/seasons/2025/boxscores/20251018_ogq0.xml",7,"Final",6,19,,"Oct. 18","2025-10-18"
"20251018_p1gd",2025,"2025-10-18",7,"regular","Huntingdon","N.C. Wesleyan","https://www.d3football.com/seasons/2025/boxscores/20251018_p1gd.xml",7,"Final",21,20,,"Oct. 18","2025-10-18"
"20251018_p22v",2025,"2025-10-18",7,"regular","Vermont State Castleton","TCNJ","https://www.d3football.com/seasons/2025/boxscores/20251018_p22v.xml",7,"Final",48,7,,"Oct. 18","2025-10-18"
"20251018_p4ay",2025,"2025-10-18",7,"regular","Cortland","Alfred","https://www.d3football.com/seasons/2025/boxscores/20251018_p4ay.xml",7,"Final",12,65,,"Oct. 18","2025-10-18"
"20251018_p5mo",2025,"2025-10-18",7,"regular","Heidelberg","Mount Union","https://www.d3football.com/seasons/2025/boxscores/20251018_p5mo.xml",7,"Final",38,6,,"Oct. 18","2025-10-18"
"20251018_pb88",2025,"2025-10-18",7,"regular","Guilford","Randolph-Macon","https://www.d3football.com/seasons/2025/boxscores/20251018_pb88.xml",7,"Final",47,0,,"Oct. 18","2025-10-18"
"20251018_peh8",2025,"2025-10-18",7,"regular","Bethany","Hiram","https://www.d3football.com/seasons/2025/boxscores/20251018_peh8.xml",7,"Final",42,21,,"Oct. 18","2025-10-18"
"20251018_q4jr",2025,"2025-10-18",7,"regular","Dickinson","Franklin and Marshall","https://www.d3football.com/seasons/2025/boxscores/20251018_q4jr.xml",7,"Final",23,20,,"Oct. 18","2025-10-18"
"20251018_q584",2025,"2025-10-18",7,"regular","Redlands","Pomona-Pitzer","https://www.d3football.com/seasons/2025/boxscores/20251018_q584.xml",7,"Final",14,16,,"Oct. 18","2025-10-18"
"20251018_qehs",2025,"2025-10-18",7,"regular","SUNY-Maritime","Norwich","https://www.d3football.com/seasons/2025/boxscores/20251018_qehs.xml",7,"Final",0,42,,"Oct. 18","2025-10-18"
"20251018_qo69",2025,"2025-10-18",7,"regular","Hamilton","Tufts","https://www.d3football.com/seasons/2025/boxscores/20251018_qo69.xml",7,"Final",38,28,,"Oct. 18","2025-10-18"
"20251018_qp1z",2025,"2025-10-18",7,"regular","Millikin","Illinois Wesleyan","https://www.d3football.com/seasons/2025/boxscores/20251018_qp1z.xml",7,"Final",49,27,,"Oct. 18","2025-10-18"
"20251018_qtoo",2025,"2025-10-18",7,"regular","King's","Alvernia","https://www.d3football.com/seasons/2025/boxscores/20251018_qtoo.xml",7,"Final",0,52,,"Oct. 18","2025-10-18"
"20251018_rd3r",2025,"2025-10-18",7,"regular","Johns Hopkins","Ursinus","https://www.d3football.com/seasons/2025/boxscores/20251018_rd3r.xml",7,"Final",21,52,,"Oct. 18","2025-10-18"
"20251018_rs6p",2025,"2025-10-18",7,"regular","Mass-Dartmouth","Worcester State","https://www.d3football.com/seasons/2025/boxscores/20251018_rs6p.xml",7,"Final",7,32,,"Oct. 18","2025-10-18"
"20251018_rzyp",2025,"2025-10-18",7,"regular","Trinity (Conn.)","Middlebury","https://www.d3football.com/seasons/2025/boxscores/20251018_rzyp.xml",7,"Final",26,28,,"Oct. 18","2025-10-18"
"20251018_s3o8",2025,"2025-10-18",7,"regular","Sewanee","Berry","https://www.d3football.com/seasons/2025/boxscores/20251018_s3o8.xml",7,"Final",44,7,,"Oct. 18","2025-10-18"
"20251018_s6n3",2025,"2025-10-18",7,"regular","LaGrange","Brevard","https://www.d3football.com/seasons/2025/boxscores/20251018_s6n3.xml",7,"Final",10,17,,"Oct. 18","2025-10-18"
"20251018_t5ko",2025,"2025-10-18",7,"regular","Minnesota-Morris","Northwestern (Minn.)","https://www.d3football.com/seasons/2025/boxscores/20251018_t5ko.xml",7,"Final",21,3,,"Oct. 18","2025-10-18"
"20251018_teml",2025,"2025-10-18",7,"regular","Cal Lutheran","Chapman","https://www.d3football.com/seasons/2025/boxscores/20251018_teml.xml",7,"Final",35,25,,"Oct. 18","2025-10-18"
"20251018_tkfi",2025,"2025-10-18",7,"regular","Averett","Hampden-Sydney","https://www.d3football.com/seasons/2025/boxscores/20251018_tkfi.xml",7,"Final",67,7,,"Oct. 18","2025-10-18"
"20251018_tl72",2025,"2025-10-18",7,"regular","Puget Sound","Willamette","https://www.d3football.com/seasons/2025/boxscores/20251018_tl72.xml",7,"Final",28,45,,"Oct. 18","2025-10-18"
"20251018_trap",2025,"2025-10-18",7,"regular","Western Connecticut","Lycoming","https://www.d3football.com/seasons/2025/boxscores/20251018_trap.xml",7,"Final",42,24,,"Oct. 18","2025-10-18"
"20251018_uba5",2025,"2025-10-18",7,"regular","St. Vincent","Washington and Jefferson","https://www.d3football.com/seasons/2025/boxscores/20251018_uba5.xml",7,"Final",56,10,,"Oct. 18","2025-10-18"
"20251018_uxv5",2025,"2025-10-18",7,"regular","Carnegie Mellon","Gettysburg","https://www.d3football.com/seasons/2025/boxscores/20251018_uxv5.xml",7,"Final",20,44,,"Oct. 18","2025-10-18"
"20251018_uykj",2025,"2025-10-18",7,"regular","Martin Luther","Greenville","https://www.d3football.com/seasons/2025/boxscores/20251018_uykj.xml",7,"Final",39,41,,"Oct. 18","2025-10-18"
"20251018_v1b9",2025,"2025-10-18",7,"regular","UW-Stevens Point","UW-River Falls","https://www.d3football.com/seasons/2025/boxscores/20251018_v1b9.xml",7,"Final",52,7,,"Oct. 18","2025-10-18"
"20251018_w6gx",2025,"2025-10-18",7,"regular","Lyon","Centenary (La.)","https://www.d3football.com/seasons/2025/boxscores/20251018_w6gx.xml",7,"Final - OT",23,20,,"Oct. 18","2025-10-18"
"20251018_w9wb",2025,"2025-10-18",7,"regular","Trinity (Texas)","Rhodes","https://www.d3football.com/seasons/2025/boxscores/20251018_w9wb.xml",7,"Final",0,63,,"Oct. 18","2025-10-18"
"20251018_wki3",2025,"2025-10-18",7,"regular","Roanoke","Shenandoah","https://www.d3football.com/seasons/2025/boxscores/20251018_wki3.xml",7,"Final",33,20,,"Oct. 18","2025-10-18"
"20251018_wysz",2025,"2025-10-18",7,"regular","Amherst","Colby","https://www.d3football.com/seasons/2025/boxscores/20251018_wysz.xml",7,"Final",13,9,,"Oct. 18","2025-10-18"
"20251018_x2s5",2025,"2025-10-18",7,"regular","DePauw","John Carroll","https://www.d3football.com/seasons/2025/boxscores/20251018_x2s5.xml",7,"Final",31,27,,"Oct. 18","2025-10-18"
"20251018_x3ve",2025,"2025-10-18",7,"regular","Wittenberg","Denison","https://www.d3football.com/seasons/2025/boxscores/20251018_x3ve.xml",7,"Final",43,40,,"Oct. 18","2025-10-18"
"20251018_xb3t",2025,"2025-10-18",7,"regular","Endicott","Western New England","https://www.d3football.com/seasons/2025/boxscores/20251018_xb3t.xml",7,"Final",24,45,,"Oct. 18","2025-10-18"
"20251018_xwlp",2025,"2025-10-18",7,"regular","Salve Regina","Merchant Marine","https://www.d3football.com/seasons/2025/boxscores/20251018_xwlp.xml",7,"Final",38,34,,"Oct. 18","2025-10-18"
"20251018_y29z",2025,"2025-10-18",7,"regular","Dubuque","Buena Vista","https://www.d3football.com/seasons/2025/boxscores/20251018_y29z.xml",7,"Final",20,47,,"Oct. 18","2025-10-18"
"20251018_z2v9",2025,"2025-10-18",7,"regular","Bluffton","Mount St. Joseph","https://www.d3football.com/seasons/2025/boxscores/20251018_z2v9.xml",7,"Final",35,7,,"Oct. 18","2025-10-18"
"20251018_zedq",2025,"2025-10-18",7,"regular","Baldwin Wallace","Rose-Hulman","https://www.d3football.com/seasons/2025/boxscores/20251018_zedq.xml",7,"Final",20,52,,"Oct. 18","2025-10-18"
"20251018_zqor",2025,"2025-10-18",7,"regular","Otterbein","Wilmington","https://www.d3football.com/seasons/2025/boxscores/20251018_zqor.xml",7,"Final",54,41,,"Oct. 18","2025-10-18"
"20251025_024w",2025,"2025-10-25",8,"regular","Shenandoah","Averett","https://www.d3football.com/seasons/2025/boxscores/20251025_024w.xml",8,"Final",3,48,,"Oct. 25","2025-10-25"
"20251025_0m5o",2025,"2025-10-25",8,"regular","Curry","Western New England","https://www.d3football.com/seasons/2025/boxscores/20251025_0m5o.xml",8,"Final",31,52,,"Oct. 25","2025-10-25"
"20251025_1ojm",2025,"2025-10-25",8,"regular","Massachusetts Maritime","Framingham State","https://www.d3football.com/seasons/2025/boxscores/20251025_1ojm.xml",8,"Final",12,14,,"Oct. 25","2025-10-25"
"20251025_23jm",2025,"2025-10-25",8,"regular","Tufts","Williams","https://www.d3football.com/seasons/2025/boxscores/20251025_23jm.xml",8,"Final",20,41,,"Oct. 25","2025-10-25"
"20251025_2zva",2025,"2025-10-25",8,"regular","Carroll","Elmhurst","https://www.d3football.com/seasons/2025/boxscores/20251025_2zva.xml",8,"Final",7,47,,"Oct. 25","2025-10-25"
"20251025_3c40",2025,"2025-10-25",8,"regular","Muhlenberg","Carnegie Mellon","https://www.d3football.com/seasons/2025/boxscores/20251025_3c40.xml",8,"Final",23,27,,"Oct. 25","2025-10-25"
"20251025_3f3m",2025,"2025-10-25",8,"regular","Mary Hardin-Baylor","Howard Payne","https://www.d3football.com/seasons/2025/boxscores/20251025_3f3m.xml",8,"Final",17,41,,"Oct. 25","2025-10-25"
"20251025_455z",2025,"2025-10-25",8,"regular","Hiram","Allegheny","https://www.d3football.com/seasons/2025/boxscores/20251025_455z.xml",8,"Final",28,13,,"Oct. 25","2025-10-25"
"20251025_4dhm",2025,"2025-10-25",8,"regular","Coe","Luther","https://www.d3football.com/seasons/2025/boxscores/20251025_4dhm.xml",8,"Final",21,42,,"Oct. 25","2025-10-25"
"20251025_4f70",2025,"2025-10-25",8,"regular","Albright","FDU-Florham","https://www.d3football.com/seasons/2025/boxscores/20251025_4f70.xml",8,"Final",18,32,,"Oct. 25","2025-10-25"
"20251025_4mxm",2025,"2025-10-25",8,"regular","Buena Vista","Loras","https://www.d3football.com/seasons/2025/boxscores/20251025_4mxm.xml",8,"Final",28,14,,"Oct. 25","2025-10-25"
"20251025_4ug9",2025,"2025-10-25",8,"regular","Washington and Jefferson","Waynesburg","https://www.d3football.com/seasons/2025/boxscores/20251025_4ug9.xml",8,"Final",0,56,,"Oct. 25","2025-10-25"
"20251025_52x4",2025,"2025-10-25",8,"regular","UW-Stout","UW-Stevens Point","https://www.d3football.com/seasons/2025/boxscores/20251025_52x4.xml",8,"Final",22,42,,"Oct. 25","2025-10-25"
"20251025_543j",2025,"2025-10-25",8,"regular","Bethel","Macalester","https://www.d3football.com/seasons/2025/boxscores/20251025_543j.xml",8,"Final",0,53,,"Oct. 25","2025-10-25"
"20251025_5bk6",2025,"2025-10-25",8,"regular","Washington and Lee","Bridgewater","https://www.d3football.com/seasons/2025/boxscores/20251025_5bk6.xml",8,"Final - OT",17,20,,"Oct. 25","2025-10-25"
"20251025_5tyj",2025,"2025-10-25",8,"regular","Middlebury","Bates","https://www.d3football.com/seasons/2025/boxscores/20251025_5tyj.xml",8,"Final",16,34,,"Oct. 25","2025-10-25"
"20251025_5v7u",2025,"2025-10-25",8,"regular","Susquehanna","Catholic","https://www.d3football.com/seasons/2025/boxscores/20251025_5v7u.xml",8,"Final",13,69,,"Oct. 25","2025-10-25"
"20251025_5x43",2025,"2025-10-25",8,"regular","Geneva","Bethany","https://www.d3football.com/seasons/2025/boxscores/20251025_5x43.xml",8,"Final",28,75,,"Oct. 25","2025-10-25"
"20251025_6c4m",2025,"2025-10-25",8,"regular","MIT","Salve Regina","https://www.d3football.com/seasons/2025/boxscores/20251025_6c4m.xml",8,"Final",20,28,,"Oct. 25","2025-10-25"
"20251025_6lzv",2025,"2025-10-25",8,"regular","Hardin-Simmons","Nelson","https://www.d3football.com/seasons/2025/boxscores/20251025_6lzv.xml",8,"Final",14,68,,"Oct. 25","2025-10-25"
"20251025_71yd",2025,"2025-10-25",8,"regular","Lebanon Valley","King's","https://www.d3football.com/seasons/2025/boxscores/20251025_71yd.xml",8,"Final",21,20,,"Oct. 25","2025-10-25"
"20251025_7l5n",2025,"2025-10-25",8,"regular","Mount St. Joseph","Franklin","https://www.d3football.com/seasons/2025/boxscores/20251025_7l5n.xml",8,"Final",21,52,,"Oct. 25","2025-10-25"
"20251025_7qws",2025,"2025-10-25",8,"regular","Worcester State","Dean","https://www.d3football.com/seasons/2025/boxscores/20251025_7qws.xml",8,"Final",27,52,,"Oct. 25","2025-10-25"
"20251025_7xan",2025,"2025-10-25",8,"regular","Kalamazoo","Albion","https://www.d3football.com/seasons/2025/boxscores/20251025_7xan.xml",8,"Final",26,30,,"Oct. 25","2025-10-25"
"20251025_89um",2025,"2025-10-25",8,"regular","Cornell","Lake Forest","https://www.d3football.com/seasons/2025/boxscores/20251025_89um.xml",8,"Final",49,24,,"Oct. 25","2025-10-25"
"20251025_8ezz",2025,"2025-10-25",8,"regular","Augsburg","Concordia-Moorhead","https://www.d3football.com/seasons/2025/boxscores/20251025_8ezz.xml",8,"Final",26,7,,"Oct. 25","2025-10-25"
"20251025_9f6y",2025,"2025-10-25",8,"regular","Olivet","Alma","https://www.d3football.com/seasons/2025/boxscores/20251025_9f6y.xml",8,"Final",53,21,,"Oct. 25","2025-10-25"
"20251025_9hv3",2025,"2025-10-25",8,"regular","Delaware Valley","Stevenson","https://www.d3football.com/seasons/2025/boxscores/20251025_9hv3.xml",8,"Final",38,41,,"Oct. 25","2025-10-25"
"20251025_9prp",2025,"2025-10-25",8,"regular","Anna Maria","Fitchburg State","https://www.d3football.com/seasons/2025/boxscores/20251025_9prp.xml",8,"Final",22,30,,"Oct. 25","2025-10-25"
"20251025_9v5e",2025,"2025-10-25",8,"regular","Hanover","Manchester","https://www.d3football.com/seasons/2025/boxscores/20251025_9v5e.xml",8,"Final",7,76,,"Oct. 25","2025-10-25"
"20251025_ag43",2025,"2025-10-25",8,"regular","William Paterson","Christopher Newport","https://www.d3football.com/seasons/2025/boxscores/20251025_ag43.xml",8,"Final",52,7,,"Oct. 25","2025-10-25"
"20251025_blxx",2025,"2025-10-25",8,"regular","University of New England","Husson","https://www.d3football.com/seasons/2025/boxscores/20251025_blxx.xml",8,"Final",28,38,,"Oct. 25","2025-10-25"
"20251025_bmll",2025,"2025-10-25",8,"regular","Colby","Hamilton","https://www.d3football.com/seasons/2025/boxscores/20251025_bmll.xml",8,"Final",10,17,,"Oct. 25","2025-10-25"
"20251025_bq9e",2025,"2025-10-25",8,"regular","Eureka","Wisconsin Lutheran","https://www.d3football.com/seasons/2025/boxscores/20251025_bq9e.xml",8,"Final",42,12,,"Oct. 25","2025-10-25"
"20251025_cd1m",2025,"2025-10-25",8,"regular","Centenary (La.)","McMurry","https://www.d3football.com/seasons/2025/boxscores/20251025_cd1m.xml",8,"Final",52,6,,"Oct. 25","2025-10-25"
"20251025_cei1",2025,"2025-10-25",8,"regular","Rowan","Salisbury","https://www.d3football.com/seasons/2025/boxscores/20251025_cei1.xml",8,"Final",31,28,,"Oct. 25","2025-10-25"
"20251025_ciwk",2025,"2025-10-25",8,"regular","Adrian","Hope","https://www.d3football.com/seasons/2025/boxscores/20251025_ciwk.xml",8,"Final",19,17,,"Oct. 25","2025-10-25"
"20251025_d607",2025,"2025-10-25",8,"regular","Carthage","Millikin","https://www.d3football.com/seasons/2025/boxscores/20251025_d607.xml",8,"Final",7,24,,"Oct. 25","2025-10-25"
"20251025_depj",2025,"2025-10-25",8,"regular","Wesleyan","Amherst","https://www.d3football.com/seasons/2025/boxscores/20251025_depj.xml",8,"Final",21,31,,"Oct. 25","2025-10-25"
"20251025_dgqs",2025,"2025-10-25",8,"regular","Concordia-Chicago","Concordia (Wis.)","https://www.d3football.com/seasons/2025/boxscores/20251025_dgqs.xml",8,"Final",47,20,,"Oct. 25","2025-10-25"
"20251025_digk",2025,"2025-10-25",8,"regular","Calvin","Trine","https://www.d3football.com/seasons/2025/boxscores/20251025_digk.xml",8,"Final",31,34,,"Oct. 25","2025-10-25"
"20251025_dmry",2025,"2025-10-25",8,"regular","LaGrange","Huntingdon","https://www.d3football.com/seasons/2025/boxscores/20251025_dmry.xml",8,"Final",14,30,,"Oct. 25","2025-10-25"
"20251025_dope",2025,"2025-10-25",8,"regular","North Central (Ill.)","Augustana","https://www.d3football.com/seasons/2025/boxscores/20251025_dope.xml",8,"Final",14,76,,"Oct. 25","2025-10-25"
"20251025_dsey",2025,"2025-10-25",8,"regular","Hamline","Gustavus Adolphus","https://www.d3football.com/seasons/2025/boxscores/20251025_dsey.xml",8,"Final",63,9,,"Oct. 25","2025-10-25"
"20251025_e4ax",2025,"2025-10-25",8,"regular","Misericordia","Eastern","https://www.d3football.com/seasons/2025/boxscores/20251025_e4ax.xml",8,"Final",28,21,,"Oct. 25","2025-10-25"
"20251025_e5ht",2025,"2025-10-25",8,"regular","Wheaton (Ill.)","Washington U.","https://www.d3football.com/seasons/2025/boxscores/20251025_e5ht.xml",8,"Final",24,28,,"Oct. 25","2025-10-25"
"20251025_eeno",2025,"2025-10-25",8,"regular","Bowdoin","Trinity (Conn.)","https://www.d3football.com/seasons/2025/boxscores/20251025_eeno.xml",8,"Final",45,3,,"Oct. 25","2025-10-25"
"20251025_fsf9",2025,"2025-10-25",8,"regular","New England College","Maine Maritime","https://www.d3football.com/seasons/2025/boxscores/20251025_fsf9.xml",8,"Final",10,14,,"Oct. 25","2025-10-25"
"20251025_fy7l",2025,"2025-10-25",8,"regular","Morrisville State","Brockport","https://www.d3football.com/seasons/2025/boxscores/20251025_fy7l.xml",8,"Final",61,3,,"Oct. 25","2025-10-25"
"20251025_gdc7",2025,"2025-10-25",8,"regular","Pacific Lutheran","Linfield","https://www.d3football.com/seasons/2025/boxscores/20251025_gdc7.xml",8,"Final",31,15,,"Oct. 25","2025-10-25"
"20251025_gmjt",2025,"2025-10-25",8,"regular","Trinity (Texas)","Centre","https://www.d3football.com/seasons/2025/boxscores/20251025_gmjt.xml",8,"Final",14,19,,"Oct. 25","2025-10-25"
"20251025_h25m",2025,"2025-10-25",8,"regular","Thiel","Case Western Reserve","https://www.d3football.com/seasons/2025/boxscores/20251025_h25m.xml",8,"Final",55,7,,"Oct. 25","2025-10-25"
"20251025_h5ma",2025,"2025-10-25",8,"regular","Bridgewater State","Mass-Dartmouth","https://www.d3football.com/seasons/2025/boxscores/20251025_h5ma.xml",8,"Final",15,35,,"Oct. 25","2025-10-25"
"20251025_hbmw",2025,"2025-10-25",8,"regular","St. John's","Carleton","https://www.d3football.com/seasons/2025/boxscores/20251025_hbmw.xml",8,"Final",10,49,,"Oct. 25","2025-10-25"
"20251025_hcz5",2025,"2025-10-25",8,"regular","Cal Lutheran","Redlands","https://www.d3football.com/seasons/2025/boxscores/20251025_hcz5.xml",8,"Final - 2OT",30,24,,"Oct. 25","2025-10-25"
"20251025_hgxy",2025,"2025-10-25",8,"regular","Northwestern (Minn.)","Crown","https://www.d3football.com/seasons/2025/boxscores/20251025_hgxy.xml",8,"Final",16,24,,"Oct. 25","2025-10-25"
"20251025_htre",2025,"2025-10-25",8,"regular","Ursinus","Franklin and Marshall","https://www.d3football.com/seasons/2025/boxscores/20251025_htre.xml",8,"Final",52,20,,"Oct. 25","2025-10-25"
"20251025_im7k",2025,"2025-10-25",8,"regular","Coast Guard","Norwich","https://www.d3football.com/seasons/2025/boxscores/20251025_im7k.xml",8,"Final",28,59,,"Oct. 25","2025-10-25"
"20251025_iu6d",2025,"2025-10-25",8,"regular","Gallaudet","Randolph-Macon","https://www.d3football.com/seasons/2025/boxscores/20251025_iu6d.xml",8,"Final",47,7,,"Oct. 25","2025-10-25"
"20251025_ixzt",2025,"2025-10-25",8,"regular","Springfield","Merchant Marine","https://www.d3football.com/seasons/2025/boxscores/20251025_ixzt.xml",8,"Final",7,35,,"Oct. 25","2025-10-25"
"20251025_jglz",2025,"2025-10-25",8,"regular","Berry","Millsaps","https://www.d3football.com/seasons/2025/boxscores/20251025_jglz.xml",8,"Final",20,43,,"Oct. 25","2025-10-25"
"20251025_jupl",2025,"2025-10-25",8,"regular","Baldwin Wallace","Marietta","https://www.d3football.com/seasons/2025/boxscores/20251025_jupl.xml",8,"Final",0,38,,"Oct. 25","2025-10-25"
"20251025_jybq",2025,"2025-10-25",8,"regular","Vermont State Castleton","Montclair State","https://www.d3football.com/seasons/2025/boxscores/20251025_jybq.xml",8,"Final",48,20,,"Oct. 25","2025-10-25"
"20251025_k7jb",2025,"2025-10-25",8,"regular","Hampden-Sydney","Roanoke","https://www.d3football.com/seasons/2025/boxscores/20251025_k7jb.xml",8,"Final",10,35,,"Oct. 25","2025-10-25"
"20251025_kb9b",2025,"2025-10-25",8,"regular","Ithaca","Union","https://www.d3football.com/seasons/2025/boxscores/20251025_kb9b.xml",8,"Final",19,14,,"Oct. 25","2025-10-25"
"20251025_kvj1",2025,"2025-10-25",8,"regular","Westfield State","Plymouth State","https://www.d3football.com/seasons/2025/boxscores/20251025_kvj1.xml",8,"Final",42,35,,"Oct. 25","2025-10-25"
"20251025_l8zg",2025,"2025-10-25",8,"regular","UW-La Crosse","UW-Oshkosh","https://www.d3football.com/seasons/2025/boxscores/20251025_l8zg.xml",8,"Final",13,44,,"Oct. 25","2025-10-25"
"20251025_ljnt",2025,"2025-10-25",8,"regular","St. John Fisher","Cortland","https://www.d3football.com/seasons/2025/boxscores/20251025_ljnt.xml",8,"Final",31,7,,"Oct. 25","2025-10-25"
"20251025_lufv",2025,"2025-10-25",8,"regular","Illinois Wesleyan","North Park","https://www.d3football.com/seasons/2025/boxscores/20251025_lufv.xml",8,"Final",21,49,,"Oct. 25","2025-10-25"
"20251025_mc26",2025,"2025-10-25",8,"regular","Rose-Hulman","Bluffton","https://www.d3football.com/seasons/2025/boxscores/20251025_mc26.xml",8,"Final - 2OT",30,27,,"Oct. 25","2025-10-25"
"20251025_mepx",2025,"2025-10-25",8,"regular","McDaniel","Dickinson","https://www.d3football.com/seasons/2025/boxscores/20251025_mepx.xml",8,"Final",23,20,,"Oct. 25","2025-10-25"
"20251025_mmln",2025,"2025-10-25",8,"regular","Greenville","Minnesota-Morris","https://www.d3football.com/seasons/2025/boxscores/20251025_mmln.xml",8,"Final",20,27,,"Oct. 25","2025-10-25"
"20251025_n5hm",2025,"2025-10-25",8,"regular","Chapman","Claremont-Mudd-Scripps","https://www.d3football.com/seasons/2025/boxscores/20251025_n5hm.xml",8,"Final - 2OT",31,37,,"Oct. 25","2025-10-25"
"20251025_nj99",2025,"2025-10-25",8,"regular","Texas Lutheran","Austin","https://www.d3football.com/seasons/2025/boxscores/20251025_nj99.xml",8,"Final",7,55,,"Oct. 25","2025-10-25"
"20251025_oc10",2025,"2025-10-25",8,"regular","N.C. Wesleyan","Southern Virginia","https://www.d3football.com/seasons/2025/boxscores/20251025_oc10.xml",8,"Final",19,10,,"Oct. 25","2025-10-25"
"20251025_ojtk",2025,"2025-10-25",8,"regular","Ripon","Illinois College","https://www.d3football.com/seasons/2025/boxscores/20251025_ojtk.xml",8,"Final",31,0,,"Oct. 25","2025-10-25"
"20251025_ow1f",2025,"2025-10-25",8,"regular","Southwestern","Maryville (Tenn.)","https://www.d3football.com/seasons/2025/boxscores/20251025_ow1f.xml",8,"Final",44,13,,"Oct. 25","2025-10-25"
"20251025_oya2",2025,"2025-10-25",8,"regular","Capital","Otterbein","https://www.d3football.com/seasons/2025/boxscores/20251025_oya2.xml",8,"Final",20,19,,"Oct. 25","2025-10-25"
"20251025_pa27",2025,"2025-10-25",8,"regular","Denison","DePauw","https://www.d3football.com/seasons/2025/boxscores/20251025_pa27.xml",8,"Final",35,28,,"Oct. 25","2025-10-25"
"20251025_pg8w",2025,"2025-10-25",8,"regular","Oberlin","Wittenberg","https://www.d3football.com/seasons/2025/boxscores/20251025_pg8w.xml",8,"Final",52,0,,"Oct. 25","2025-10-25"
"20251025_pnh1",2025,"2025-10-25",8,"regular","Alfred State","Hartwick","https://www.d3football.com/seasons/2025/boxscores/20251025_pnh1.xml",8,"Final",28,54,,"Oct. 25","2025-10-25"
"20251025_pp9h",2025,"2025-10-25",8,"regular","WPI","SUNY-Maritime","https://www.d3football.com/seasons/2025/boxscores/20251025_pp9h.xml",8,"Final",28,7,,"Oct. 25","2025-10-25"
"20251025_q9bp",2025,"2025-10-25",8,"regular","Rhodes","Sewanee","https://www.d3football.com/seasons/2025/boxscores/20251025_q9bp.xml",8,"Final",28,6,,"Oct. 25","2025-10-25"
"20251025_rkm9",2025,"2025-10-25",8,"regular","Anderson","Wilmington","https://www.d3football.com/seasons/2025/boxscores/20251025_rkm9.xml",8,"Final",34,23,,"Oct. 25","2025-10-25"
"20251025_rto1",2025,"2025-10-25",8,"regular","Beloit","Monmouth","https://www.d3football.com/seasons/2025/boxscores/20251025_rto1.xml",8,"Final",72,0,,"Oct. 25","2025-10-25"
"20251025_slz4",2025,"2025-10-25",8,"regular","Nichols","Endicott","https://www.d3football.com/seasons/2025/boxscores/20251025_slz4.xml",8,"Final",56,3,,"Oct. 25","2025-10-25"
"20251025_spoh",2025,"2025-10-25",8,"regular","John Carroll","Wooster","https://www.d3football.com/seasons/2025/boxscores/20251025_spoh.xml",8,"Final",7,66,,"Oct. 25","2025-10-25"
"20251025_sxum",2025,"2025-10-25",8,"regular","Grove City","Westminster (Pa.)","https://www.d3football.com/seasons/2025/boxscores/20251025_sxum.xml",8,"Final",7,14,,"Oct. 25","2025-10-25"
"20251025_t9ss",2025,"2025-10-25",8,"regular","St. Norbert","Rockford","https://www.d3football.com/seasons/2025/boxscores/20251025_t9ss.xml",8,"Final",10,61,,"Oct. 25","2025-10-25"
"20251025_tehf",2025,"2025-10-25",8,"regular","Westminster (Mo.)","Martin Luther","https://www.d3football.com/seasons/2025/boxscores/20251025_tehf.xml",8,"Final",38,28,,"Oct. 25","2025-10-25"
"20251025_tfdo",2025,"2025-10-25",8,"regular","Hobart","St. Lawrence","https://www.d3football.com/seasons/2025/boxscores/20251025_tfdo.xml",8,"Final",17,49,,"Oct. 25","2025-10-25"
"20251025_ti9j",2025,"2025-10-25",8,"regular","Wartburg","Central","https://www.d3football.com/seasons/2025/boxscores/20251025_ti9j.xml",8,"Final",13,28,,"Oct. 25","2025-10-25"
"20251025_tjsi",2025,"2025-10-25",8,"regular","Moravian","Western Connecticut","https://www.d3football.com/seasons/2025/boxscores/20251025_tjsi.xml",8,"Final",28,35,,"Oct. 25","2025-10-25"
"20251025_uao9",2025,"2025-10-25",8,"regular","Benedictine","Lakeland","https://www.d3football.com/seasons/2025/boxscores/20251025_uao9.xml",8,"Final",35,42,,"Oct. 25","2025-10-25"
"20251025_uswz",2025,"2025-10-25",8,"regular","St. Olaf","St. Scholastica","https://www.d3football.com/seasons/2025/boxscores/20251025_uswz.xml",8,"Final",41,44,,"Oct. 25","2025-10-25"
"20251025_utnd",2025,"2025-10-25",8,"regular","Greensboro","Brevard","https://www.d3football.com/seasons/2025/boxscores/20251025_utnd.xml",8,"Final",34,7,,"Oct. 25","2025-10-25"
"20251025_uu62",2025,"2025-10-25",8,"regular","Simpson","Dubuque","https://www.d3football.com/seasons/2025/boxscores/20251025_uu62.xml",8,"Final",7,27,,"Oct. 25","2025-10-25"
"20251025_uy5n",2025,"2025-10-25",8,"regular","Alfred","Utica","https://www.d3football.com/seasons/2025/boxscores/20251025_uy5n.xml",8,"Final",51,28,,"Oct. 25","2025-10-25"
"20251025_uzzr",2025,"2025-10-25",8,"regular","Belhaven","Methodist","https://www.d3football.com/seasons/2025/boxscores/20251025_uzzr.xml",8,"Final",7,28,,"Oct. 25","2025-10-25"
"20251025_vnjk",2025,"2025-10-25",8,"regular","UW-Eau Claire","UW-River Falls","https://www.d3football.com/seasons/2025/boxscores/20251025_vnjk.xml",8,"Final",73,21,,"Oct. 25","2025-10-25"
"20251025_wenl",2025,"2025-10-25",8,"regular","UW-Whitewater","UW-Platteville","https://www.d3football.com/seasons/2025/boxscores/20251025_wenl.xml",8,"Final",19,29,,"Oct. 25","2025-10-25"
"20251025_wfq5",2025,"2025-10-25",8,"regular","Hilbert","RPI","https://www.d3football.com/seasons/2025/boxscores/20251025_wfq5.xml",8,"Final",69,14,,"Oct. 25","2025-10-25"
"20251025_wkgm",2025,"2025-10-25",8,"regular","Buffalo State","Rochester","https://www.d3football.com/seasons/2025/boxscores/20251025_wkgm.xml",8,"Final",23,3,,"Oct. 25","2025-10-25"
"20251025_ws2j",2025,"2025-10-25",8,"regular","Lewis and Clark","Whitworth","https://www.d3football.com/seasons/2025/boxscores/20251025_ws2j.xml",8,"Final",42,35,,"Oct. 25","2025-10-25"
"20251025_wyk7",2025,"2025-10-25",8,"regular","Muskingum","Heidelberg","https://www.d3football.com/seasons/2025/boxscores/20251025_wyk7.xml",8,"Final",29,14,,"Oct. 25","2025-10-25"
"20251025_x38p",2025,"2025-10-25",8,"regular","Lycoming","Wilkes","https://www.d3football.com/seasons/2025/boxscores/20251025_x38p.xml",8,"Final",21,31,,"Oct. 25","2025-10-25"
"20251025_xd6l",2025,"2025-10-25",8,"regular","Alvernia","Widener","https://www.d3football.com/seasons/2025/boxscores/20251025_xd6l.xml",8,"Final",32,14,,"Oct. 25","2025-10-25"
"20251025_xebw",2025,"2025-10-25",8,"regular","Pacific","Willamette","https://www.d3football.com/seasons/2025/boxscores/20251025_xebw.xml",8,"Final",14,35,,"Oct. 25","2025-10-25"
"20251025_ybar",2025,"2025-10-25",8,"regular","Kean","TCNJ","https://www.d3football.com/seasons/2025/boxscores/20251025_ybar.xml",8,"Final",24,7,,"Oct. 25","2025-10-25"
"20251025_ye87",2025,"2025-10-25",8,"regular","Hendrix","Lyon","https://www.d3football.com/seasons/2025/boxscores/20251025_ye87.xml",8,"Final",21,38,,"Oct. 25","2025-10-25"
"20251025_yvrv",2025,"2025-10-25",8,"regular","Gettysburg","Johns Hopkins","https://www.d3football.com/seasons/2025/boxscores/20251025_yvrv.xml",8,"Final",59,21,,"Oct. 25","2025-10-25"
"20251025_yz1u",2025,"2025-10-25",8,"regular","George Fox","Puget Sound","https://www.d3football.com/seasons/2025/boxscores/20251025_yz1u.xml",8,"Final",23,48,,"Oct. 25","2025-10-25"
"20251025_z43s",2025,"2025-10-25",8,"regular","Kenyon","Ohio Wesleyan","https://www.d3football.com/seasons/2025/boxscores/20251025_z43s.xml",8,"Final",55,13,,"Oct. 25","2025-10-25"
"20251025_z4da",2025,"2025-10-25",8,"regular","Pomona-Pitzer","La Verne","https://www.d3football.com/seasons/2025/boxscores/20251025_z4da.xml",8,"Final",26,8,,"Oct. 25","2025-10-25"
"20251025_z541",2025,"2025-10-25",8,"regular","Grinnell","Chicago","https://www.d3football.com/seasons/2025/boxscores/20251025_z541.xml",8,"Final",38,7,,"Oct. 25","2025-10-25"
"20251025_zeq7",2025,"2025-10-25",8,"regular","Mount Union","Ohio Northern","https://www.d3football.com/seasons/2025/boxscores/20251025_zeq7.xml",8,"Final",7,33,,"Oct. 25","2025-10-25"
,2025,"2025-10-25",8,"regular","Lawrence","Knox",,8,"Cancelled",,,,"Oct. 25","2025-10-25"
"20251101_0i6i",2025,"2025-11-01",9,"regular","Roanoke","Guilford","https://www.d3football.com/seasons/2025/boxscores/20251101_0i6i.xml",9,"Final",20,21,,"Nov. 1","2025-11-01"
"20251101_0jqm",2025,"2025-11-01",9,"regular","Brockport","Alfred","https://www.d3football.com/seasons/2025/boxscores/20251101_0jqm.xml",9,"Final",0,51,,"Nov. 1","2025-11-01"
"20251101_0npb",2025,"2025-11-01",9,"regular","Ohio Wesleyan","DePauw","https://www.d3football.com/seasons/2025/boxscores/20251101_0npb.xml",9,"Final",40,10,,"Nov. 1","2025-11-01"
"20251101_0rdw",2025,"2025-11-01",9,"regular","King's","Albright","https://www.d3football.com/seasons/2025/boxscores/20251101_0rdw.xml",9,"Final",14,24,,"Nov. 1","2025-11-01"
"20251101_0unn",2025,"2025-11-01",9,"regular","Western New England","New England College","https://www.d3football.com/seasons/2025/boxscores/20251101_0unn.xml",9,"Final",0,55,,"Nov. 1","2025-11-01"
"20251101_17jz",2025,"2025-11-01",9,"regular","Kalamazoo","Adrian","https://www.d3football.com/seasons/2025/boxscores/20251101_17jz.xml",9,"Final",34,7,,"Nov. 1","2025-11-01"
"20251101_1c0t",2025,"2025-11-01",9,"regular","Carroll","North Central (Ill.)","https://www.d3football.com/seasons/2025/boxscores/20251101_1c0t.xml",9,"Final",64,7,,"Nov. 1","2025-11-01"
"20251101_1gzy",2025,"2025-11-01",9,"regular","Lakeland","Concordia-Chicago","https://www.d3football.com/seasons/2025/boxscores/20251101_1gzy.xml",9,"Final",16,47,,"Nov. 1","2025-11-01"
"20251101_1s8j",2025,"2025-11-01",9,"regular","Rochester","Hobart","https://www.d3football.com/seasons/2025/boxscores/20251101_1s8j.xml",9,"Final - OT",28,21,,"Nov. 1","2025-11-01"
"20251101_1v4d",2025,"2025-11-01",9,"regular","Salve Regina","Coast Guard","https://www.d3football.com/seasons/2025/boxscores/20251101_1v4d.xml",9,"Final",36,31,,"Nov. 1","2025-11-01"
"20251101_1xlq",2025,"2025-11-01",9,"regular","Dean","Mass-Dartmouth","https://www.d3football.com/seasons/2025/boxscores/20251101_1xlq.xml",9,"Final",48,7,,"Nov. 1","2025-11-01"
"20251101_266t",2025,"2025-11-01",9,"regular","UW-Platteville","UW-Oshkosh","https://www.d3football.com/seasons/2025/boxscores/20251101_266t.xml",9,"Final",14,21,,"Nov. 1","2025-11-01"
"20251101_2cro",2025,"2025-11-01",9,"regular","Trine","Alma","https://www.d3football.com/seasons/2025/boxscores/20251101_2cro.xml",9,"Final",42,28,,"Nov. 1","2025-11-01"
"20251101_2ixh",2025,"2025-11-01",9,"regular","Gustavus Adolphus","St. John's","https://www.d3football.com/seasons/2025/boxscores/20251101_2ixh.xml",9,"Final",31,13,,"Nov. 1","2025-11-01"
"20251101_33w1",2025,"2025-11-01",9,"regular","Gallaudet","Hampden-Sydney","https://www.d3football.com/seasons/2025/boxscores/20251101_33w1.xml",9,"Final",61,8,,"Nov. 1","2025-11-01"
"20251101_3bki",2025,"2025-11-01",9,"regular","Norwich","Springfield","https://www.d3football.com/seasons/2025/boxscores/20251101_3bki.xml",9,"Final",48,6,,"Nov. 1","2025-11-01"
"20251101_3wt7",2025,"2025-11-01",9,"regular","Grove City","St. Vincent","https://www.d3football.com/seasons/2025/boxscores/20251101_3wt7.xml",9,"Final",14,59,,"Nov. 1","2025-11-01"
"20251101_43c6",2025,"2025-11-01",9,"regular","Concordia-Moorhead","Bethel","https://www.d3football.com/seasons/2025/boxscores/20251101_43c6.xml",9,"Final",55,9,,"Nov. 1","2025-11-01"
"20251101_4o1s",2025,"2025-11-01",9,"regular","North Park","Carthage","https://www.d3football.com/seasons/2025/boxscores/20251101_4o1s.xml",9,"Final",10,14,,"Nov. 1","2025-11-01"
"20251101_4r1v",2025,"2025-11-01",9,"regular","Willamette","George Fox","https://www.d3football.com/seasons/2025/boxscores/20251101_4r1v.xml",9,"Final",31,9,,"Nov. 1","2025-11-01"
"20251101_4uk2",2025,"2025-11-01",9,"regular","Worcester State","Anna Maria","https://www.d3football.com/seasons/2025/boxscores/20251101_4uk2.xml",9,"Final",45,35,,"Nov. 1","2025-11-01"
"20251101_5u7s",2025,"2025-11-01",9,"regular","Hendrix","Centenary (La.)","https://www.d3football.com/seasons/2025/boxscores/20251101_5u7s.xml",9,"Final",10,64,,"Nov. 1","2025-11-01"
"20251101_5vfk",2025,"2025-11-01",9,"regular","Puget Sound","Pacific","https://www.d3football.com/seasons/2025/boxscores/20251101_5vfk.xml",9,"Final",52,35,,"Nov. 1","2025-11-01"
"20251101_75we",2025,"2025-11-01",9,"regular","Linfield","Lewis and Clark","https://www.d3football.com/seasons/2025/boxscores/20251101_75we.xml",9,"Final",21,29,,"Nov. 1","2025-11-01"
"20251101_78yk",2025,"2025-11-01",9,"regular","Hamilton","Middlebury","https://www.d3football.com/seasons/2025/boxscores/20251101_78yk.xml",9,"Final",24,21,,"Nov. 1","2025-11-01"
"20251101_7f1w",2025,"2025-11-01",9,"regular","Utica","St. John Fisher","https://www.d3football.com/seasons/2025/boxscores/20251101_7f1w.xml",9,"Final",7,31,,"Nov. 1","2025-11-01"
"20251101_7s9h",2025,"2025-11-01",9,"regular","Loras","Simpson","https://www.d3football.com/seasons/2025/boxscores/20251101_7s9h.xml",9,"Final",28,27,,"Nov. 1","2025-11-01"
"20251101_8ha3",2025,"2025-11-01",9,"regular","Austin","Lyon","https://www.d3football.com/seasons/2025/boxscores/20251101_8ha3.xml",9,"Final",40,28,,"Nov. 1","2025-11-01"
"20251101_8xlh",2025,"2025-11-01",9,"regular","Central","Buena Vista","https://www.d3football.com/seasons/2025/boxscores/20251101_8xlh.xml",9,"Final",27,52,,"Nov. 1","2025-11-01"
"20251101_9455",2025,"2025-11-01",9,"regular","Centre","Berry","https://www.d3football.com/seasons/2025/boxscores/20251101_9455.xml",9,"Final",31,13,,"Nov. 1","2025-11-01"
"20251101_aftt",2025,"2025-11-01",9,"regular","Catholic","Lycoming","https://www.d3football.com/seasons/2025/boxscores/20251101_aftt.xml",9,"Final",38,12,,"Nov. 1","2025-11-01"
"20251101_b024",2025,"2025-11-01",9,"regular","Dubuque","Coe","https://www.d3football.com/seasons/2025/boxscores/20251101_b024.xml",9,"Final",19,7,,"Nov. 1","2025-11-01"
"20251101_bgf2",2025,"2025-11-01",9,"regular","Illinois College","Grinnell","https://www.d3football.com/seasons/2025/boxscores/20251101_bgf2.xml",9,"Final",7,14,,"Nov. 1","2025-11-01"
"20251101_bikc",2025,"2025-11-01",9,"regular","Muhlenberg","Johns Hopkins","https://www.d3football.com/seasons/2025/boxscores/20251101_bikc.xml",9,"Final",47,26,,"Nov. 1","2025-11-01"
"20251101_bx5q",2025,"2025-11-01",9,"regular","Wabash","Wittenberg","https://www.d3football.com/seasons/2025/boxscores/20251101_bx5q.xml",9,"Final",21,28,,"Nov. 1","2025-11-01"
"20251101_c991",2025,"2025-11-01",9,"regular","La Verne","Redlands","https://www.d3football.com/seasons/2025/boxscores/20251101_c991.xml",9,"Final",29,14,,"Nov. 1","2025-11-01"
"20251101_cp5f",2025,"2025-11-01",9,"regular","Wilkes","Juniata","https://www.d3football.com/seasons/2025/boxscores/20251101_cp5f.xml",9,"Final",7,38,,"Nov. 1","2025-11-01"
"20251101_cxsp",2025,"2025-11-01",9,"regular","FDU-Florham","Misericordia","https://www.d3football.com/seasons/2025/boxscores/20251101_cxsp.xml",9,"Final",35,16,,"Nov. 1","2025-11-01"
"20251101_d6jj",2025,"2025-11-01",9,"regular","Bowdoin","Bates","https://www.d3football.com/seasons/2025/boxscores/20251101_d6jj.xml",9,"Final",9,17,,"Nov. 1","2025-11-01"
"20251101_dlys",2025,"2025-11-01",9,"regular","Dickinson","Carnegie Mellon","https://www.d3football.com/seasons/2025/boxscores/20251101_dlys.xml",9,"Final",70,29,,"Nov. 1","2025-11-01"
"20251101_dyvd",2025,"2025-11-01",9,"regular","Elmhurst","Wheaton (Ill.)","https://www.d3football.com/seasons/2025/boxscores/20251101_dyvd.xml",9,"Final",65,0,,"Nov. 1","2025-11-01"
"20251101_e6vs",2025,"2025-11-01",9,"regular","Trinity (Conn.)","Amherst","https://www.d3football.com/seasons/2025/boxscores/20251101_e6vs.xml",9,"Final",7,14,,"Nov. 1","2025-11-01"
"20251101_fgk4",2025,"2025-11-01",9,"regular","TCNJ","Rowan","https://www.d3football.com/seasons/2025/boxscores/20251101_fgk4.xml",9,"Final",44,30,,"Nov. 1","2025-11-01"
"20251101_fksd",2025,"2025-11-01",9,"regular","Williams","Wesleyan","https://www.d3football.com/seasons/2025/boxscores/20251101_fksd.xml",9,"Final - OT",34,28,,"Nov. 1","2025-11-01"
"20251101_g0dr",2025,"2025-11-01",9,"regular","Heidelberg","Otterbein","https://www.d3football.com/seasons/2025/boxscores/20251101_g0dr.xml",9,"Final",13,69,,"Nov. 1","2025-11-01"
"20251101_g7ws",2025,"2025-11-01",9,"regular","Anderson","Franklin","https://www.d3football.com/seasons/2025/boxscores/20251101_g7ws.xml",9,"Final",41,7,,"Nov. 1","2025-11-01"
"20251101_gdb5",2025,"2025-11-01",9,"regular","Westminster (Pa.)","Allegheny","https://www.d3football.com/seasons/2025/boxscores/20251101_gdb5.xml",9,"Final",21,57,,"Nov. 1","2025-11-01"
"20251101_glah",2025,"2025-11-01",9,"regular","Salisbury","William Paterson","https://www.d3football.com/seasons/2025/boxscores/20251101_glah.xml",9,"Final",7,51,,"Nov. 1","2025-11-01"
"20251101_gsrd",2025,"2025-11-01",9,"regular","St. Lawrence","RPI","https://www.d3football.com/seasons/2025/boxscores/20251101_gsrd.xml",9,"Final",48,0,,"Nov. 1","2025-11-01"
"20251101_hwb9",2025,"2025-11-01",9,"regular","Lake Forest","Lawrence","https://www.d3football.com/seasons/2025/boxscores/20251101_hwb9.xml",9,"Final",0,72,,"Nov. 1","2025-11-01"
"20251101_hwk2",2025,"2025-11-01",9,"regular","Plymouth State","Framingham State","https://www.d3football.com/seasons/2025/boxscores/20251101_hwk2.xml",9,"Final",26,28,,"Nov. 1","2025-11-01"
"20251101_hyn8",2025,"2025-11-01",9,"regular","Ithaca","Buffalo State","https://www.d3football.com/seasons/2025/boxscores/20251101_hyn8.xml",9,"Final",7,49,,"Nov. 1","2025-11-01"
"20251101_hzo8",2025,"2025-11-01",9,"regular","Westminster (Mo.)","Greenville","https://www.d3football.com/seasons/2025/boxscores/20251101_hzo8.xml",9,"Final",7,24,,"Nov. 1","2025-11-01"
"20251101_i30q",2025,"2025-11-01",9,"regular","UW-River Falls","UW-Whitewater","https://www.d3football.com/seasons/2025/boxscores/20251101_i30q.xml",9,"Final",14,52,,"Nov. 1","2025-11-01"
"20251101_i5lm",2025,"2025-11-01",9,"regular","Husson","Curry","https://www.d3football.com/seasons/2025/boxscores/20251101_i5lm.xml",9,"Final",40,21,,"Nov. 1","2025-11-01"
"20251101_i7i8",2025,"2025-11-01",9,"regular","Carleton","Augsburg","https://www.d3football.com/seasons/2025/boxscores/20251101_i7i8.xml",9,"Final",17,48,,"Nov. 1","2025-11-01"
"20251101_id22",2025,"2025-11-01",9,"regular","Westfield State","Massachusetts Maritime","https://www.d3football.com/seasons/2025/boxscores/20251101_id22.xml",9,"Final - OT",21,14,,"Nov. 1","2025-11-01"
"20251101_imdv",2025,"2025-11-01",9,"regular","Maryville (Tenn.)","Rhodes","https://www.d3football.com/seasons/2025/boxscores/20251101_imdv.xml",9,"Final",22,42,,"Nov. 1","2025-11-01"
"20251101_imgs",2025,"2025-11-01",9,"regular","McMurry","Texas Lutheran","https://www.d3football.com/seasons/2025/boxscores/20251101_imgs.xml",9,"Final",42,13,,"Nov. 1","2025-11-01"
"20251101_jc2y",2025,"2025-11-01",9,"regular","Macalester","St. Olaf","https://www.d3football.com/seasons/2025/boxscores/20251101_jc2y.xml",9,"Final",6,27,,"Nov. 1","2025-11-01"
"20251101_jzj2",2025,"2025-11-01",9,"regular","Wooster","Kenyon","https://www.d3football.com/seasons/2025/boxscores/20251101_jzj2.xml",9,"Final",6,49,,"Nov. 1","2025-11-01"
"20251101_k2em",2025,"2025-11-01",9,"regular","Franklin and Marshall","McDaniel","https://www.d3football.com/seasons/2025/boxscores/20251101_k2em.xml",9,"Final",3,24,,"Nov. 1","2025-11-01"
"20251101_kwlz",2025,"2025-11-01",9,"regular","Denison","Oberlin","https://www.d3football.com/seasons/2025/boxscores/20251101_kwlz.xml",9,"Final",9,62,,"Nov. 1","2025-11-01"
"20251101_l1ok",2025,"2025-11-01",9,"regular","Ursinus","Gettysburg","https://www.d3football.com/seasons/2025/boxscores/20251101_l1ok.xml",9,"Final",13,40,,"Nov. 1","2025-11-01"
"20251101_l4zl",2025,"2025-11-01",9,"regular","Washington and Jefferson","Case Western Reserve","https://www.d3football.com/seasons/2025/boxscores/20251101_l4zl.xml",9,"Final",17,28,,"Nov. 1","2025-11-01"
"20251101_lt7y",2025,"2025-11-01",9,"regular","Knox","Cornell","https://www.d3football.com/seasons/2025/boxscores/20251101_lt7y.xml",9,"Final",35,14,,"Nov. 1","2025-11-01"
"20251101_mkzr",2025,"2025-11-01",9,"regular","Calvin","Olivet","https://www.d3football.com/seasons/2025/boxscores/20251101_mkzr.xml",9,"Final",20,50,,"Nov. 1","2025-11-01"
"20251101_msqs",2025,"2025-11-01",9,"regular","Alfred State","Cortland","https://www.d3football.com/seasons/2025/boxscores/20251101_msqs.xml",9,"Final",49,7,,"Nov. 1","2025-11-01"
"20251101_mzc1",2025,"2025-11-01",9,"regular","Southern Virginia","Belhaven","https://www.d3football.com/seasons/2025/boxscores/20251101_mzc1.xml",9,"Final",41,19,,"Nov. 1","2025-11-01"
"20251101_nl0h",2025,"2025-11-01",9,"regular","Brevard","Huntingdon","https://www.d3football.com/seasons/2025/boxscores/20251101_nl0h.xml",9,"Final",32,26,,"Nov. 1","2025-11-01"
"20251101_nrsq",2025,"2025-11-01",9,"regular","Bluffton","Hanover","https://www.d3football.com/seasons/2025/boxscores/20251101_nrsq.xml",9,"Final",48,0,,"Nov. 1","2025-11-01"
"20251101_o7gl",2025,"2025-11-01",9,"regular","Wisconsin Lutheran","Aurora","https://www.d3football.com/seasons/2025/boxscores/20251101_o7gl.xml",9,"Final",49,42,,"Nov. 1","2025-11-01"
"20251101_ohhs",2025,"2025-11-01",9,"regular","Chapman","Pomona-Pitzer","https://www.d3football.com/seasons/2025/boxscores/20251101_ohhs.xml",9,"Final",14,22,,"Nov. 1","2025-11-01"
"20251101_oifr",2025,"2025-11-01",9,"regular","Sewanee","Trinity (Texas)","https://www.d3football.com/seasons/2025/boxscores/20251101_oifr.xml",9,"Final",32,3,,"Nov. 1","2025-11-01"
"20251101_oiog",2025,"2025-11-01",9,"regular","Western Connecticut","Susquehanna","https://www.d3football.com/seasons/2025/boxscores/20251101_oiog.xml",9,"Final",34,0,,"Nov. 1","2025-11-01"
"20251101_oml7",2025,"2025-11-01",9,"regular","Muskingum","Baldwin Wallace","https://www.d3football.com/seasons/2025/boxscores/20251101_oml7.xml",9,"Final",35,28,,"Nov. 1","2025-11-01"
"20251101_p7c7",2025,"2025-11-01",9,"regular","Howard Payne","Hardin-Simmons","https://www.d3football.com/seasons/2025/boxscores/20251101_p7c7.xml",9,"Final",54,24,,"Nov. 1","2025-11-01"
"20251101_pe09",2025,"2025-11-01",9,"regular","Albion","Hope","https://www.d3football.com/seasons/2025/boxscores/20251101_pe09.xml",9,"Final",62,0,,"Nov. 1","2025-11-01"
"20251101_pe1u",2025,"2025-11-01",9,"regular","Minnesota-Morris","Crown","https://www.d3football.com/seasons/2025/boxscores/20251101_pe1u.xml",9,"Final",34,15,,"Nov. 1","2025-11-01"
"20251101_phsp",2025,"2025-11-01",9,"regular","St. Scholastica","Hamline","https://www.d3football.com/seasons/2025/boxscores/20251101_phsp.xml",9,"Final",18,49,,"Nov. 1","2025-11-01"
"20251101_po4a",2025,"2025-11-01",9,"regular","UW-Stevens Point","UW-Eau Claire","https://www.d3football.com/seasons/2025/boxscores/20251101_po4a.xml",9,"Final",36,39,,"Nov. 1","2025-11-01"
"20251101_q0qm",2025,"2025-11-01",9,"regular","Fitchburg State","Bridgewater State","https://www.d3football.com/seasons/2025/boxscores/20251101_q0qm.xml",9,"Final",38,18,,"Nov. 1","2025-11-01"
"20251101_q7h5",2025,"2025-11-01",9,"regular","Chicago","Monmouth","https://www.d3football.com/seasons/2025/boxscores/20251101_q7h5.xml",9,"Final",29,0,,"Nov. 1","2025-11-01"
"20251101_r7fu",2025,"2025-11-01",9,"regular","Alvernia","Delaware Valley","https://www.d3football.com/seasons/2025/boxscores/20251101_r7fu.xml",9,"Final",43,10,,"Nov. 1","2025-11-01"
"20251101_rd8q",2025,"2025-11-01",9,"regular","Mount Union","Capital","https://www.d3football.com/seasons/2025/boxscores/20251101_rd8q.xml",9,"Final",17,65,,"Nov. 1","2025-11-01"
"20251101_rmlr",2025,"2025-11-01",9,"regular","Averett","Washington and Lee","https://www.d3football.com/seasons/2025/boxscores/20251101_rmlr.xml",9,"Final",61,21,,"Nov. 1","2025-11-01"
"20251101_rmum",2025,"2025-11-01",9,"regular","Claremont-Mudd-Scripps","Cal Lutheran","https://www.d3football.com/seasons/2025/boxscores/20251101_rmum.xml",9,"Final",21,18,,"Nov. 1","2025-11-01"
"20251101_rs2h",2025,"2025-11-01",9,"regular","Widener","Eastern","https://www.d3football.com/seasons/2025/boxscores/20251101_rs2h.xml",9,"Final",35,0,,"Nov. 1","2025-11-01"
"20251101_rzpw",2025,"2025-11-01",9,"regular","Martin Luther","Northwestern (Minn.)","https://www.d3football.com/seasons/2025/boxscores/20251101_rzpw.xml",9,"Final",24,17,,"Nov. 1","2025-11-01"
"20251101_siwb",2025,"2025-11-01",9,"regular","Greensboro","LaGrange","https://www.d3football.com/seasons/2025/boxscores/20251101_siwb.xml",9,"Final",49,20,,"Nov. 1","2025-11-01"
"20251101_tjry",2025,"2025-11-01",9,"regular","Millikin","Washington U.","https://www.d3football.com/seasons/2025/boxscores/20251101_tjry.xml",9,"Final",38,7,,"Nov. 1","2025-11-01"
"20251101_u6eq",2025,"2025-11-01",9,"regular","Union","Hilbert","https://www.d3football.com/seasons/2025/boxscores/20251101_u6eq.xml",9,"Final",13,34,,"Nov. 1","2025-11-01"
"20251101_ubsy",2025,"2025-11-01",9,"regular","Methodist","N.C. Wesleyan","https://www.d3football.com/seasons/2025/boxscores/20251101_ubsy.xml",9,"Final",48,17,,"Nov. 1","2025-11-01"
"20251101_us8v",2025,"2025-11-01",9,"regular","Mary Hardin-Baylor","East Texas Baptist","https://www.d3football.com/seasons/2025/boxscores/20251101_us8v.xml",9,"Final",14,62,,"Nov. 1","2025-11-01"
"20251101_v2bi",2025,"2025-11-01",9,"regular","MIT","WPI","https://www.d3football.com/seasons/2025/boxscores/20251101_v2bi.xml",9,"Final",7,19,,"Nov. 1","2025-11-01"
"20251101_v8dk",2025,"2025-11-01",9,"regular","Concordia (Wis.)","Rockford","https://www.d3football.com/seasons/2025/boxscores/20251101_v8dk.xml",9,"Final",0,35,,"Nov. 1","2025-11-01"
"20251101_vbg1",2025,"2025-11-01",9,"regular","Christopher Newport","Montclair State","https://www.d3football.com/seasons/2025/boxscores/20251101_vbg1.xml",9,"Final",42,49,,"Nov. 1","2025-11-01"
"20251101_w7j5",2025,"2025-11-01",9,"regular","Tufts","Colby","https://www.d3football.com/seasons/2025/boxscores/20251101_w7j5.xml",9,"Final",33,6,,"Nov. 1","2025-11-01"
"20251101_wcrt",2025,"2025-11-01",9,"regular","UW-La Crosse","UW-Stout","https://www.d3football.com/seasons/2025/boxscores/20251101_wcrt.xml",9,"Final",14,31,,"Nov. 1","2025-11-01"
"20251101_wd8w",2025,"2025-11-01",9,"regular","Stevenson","Lebanon Valley","https://www.d3football.com/seasons/2025/boxscores/20251101_wd8w.xml",9,"Final",13,15,,"Nov. 1","2025-11-01"
"20251101_wkhy",2025,"2025-11-01",9,"regular","Nebraska Wesleyan","Wartburg","https://www.d3football.com/seasons/2025/boxscores/20251101_wkhy.xml",9,"Final",34,10,,"Nov. 1","2025-11-01"
"20251101_wmpu",2025,"2025-11-01",9,"regular","Bethany","Waynesburg","https://www.d3football.com/seasons/2025/boxscores/20251101_wmpu.xml",9,"Final",48,28,,"Nov. 1","2025-11-01"
"20251101_wwv1",2025,"2025-11-01",9,"regular","Whitworth","Pacific Lutheran","https://www.d3football.com/seasons/2025/boxscores/20251101_wwv1.xml",9,"Final",6,10,,"Nov. 1","2025-11-01"
"20251101_wxoq",2025,"2025-11-01",9,"regular","Augustana","Illinois Wesleyan","https://www.d3football.com/seasons/2025/boxscores/20251101_wxoq.xml",9,"Final",21,42,,"Nov. 1","2025-11-01"
"20251101_xg3c",2025,"2025-11-01",9,"regular","Manchester","Rose-Hulman","https://www.d3football.com/seasons/2025/boxscores/20251101_xg3c.xml",9,"Final",35,13,,"Nov. 1","2025-11-01"
"20251101_xnwt",2025,"2025-11-01",9,"regular","St. Norbert","Benedictine","https://www.d3football.com/seasons/2025/boxscores/20251101_xnwt.xml",9,"Final",17,24,,"Nov. 1","2025-11-01"
"20251101_xtc2",2025,"2025-11-01",9,"regular","Ohio Northern","Mount St. Joseph","https://www.d3football.com/seasons/2025/boxscores/20251101_xtc2.xml",9,"Final",42,49,,"Nov. 1","2025-11-01"
"20251101_y8ak",2025,"2025-11-01",9,"regular","Randolph-Macon","Shenandoah","https://www.d3football.com/seasons/2025/boxscores/20251101_y8ak.xml",9,"Final",14,31,,"Nov. 1","2025-11-01"
"20251101_yqo8",2025,"2025-11-01",9,"regular","Endicott","Maine Maritime","https://www.d3football.com/seasons/2025/boxscores/20251101_yqo8.xml",9,"Final",7,69,,"Nov. 1","2025-11-01"
"20251101_yuot",2025,"2025-11-01",9,"regular","Wilmington","Marietta","https://www.d3football.com/seasons/2025/boxscores/20251101_yuot.xml",9,"Final",44,14,,"Nov. 1","2025-11-01"
"20251101_zavb",2025,"2025-11-01",9,"regular","University of New England","Nichols","https://www.d3football.com/seasons/2025/boxscores/20251101_zavb.xml",9,"Final",34,58,,"Nov. 1","2025-11-01"
"20251101_zhvs",2025,"2025-11-01",9,"regular","Millsaps","Southwestern","https://www.d3football.com/seasons/2025/boxscores/20251101_zhvs.xml",9,"Final",24,27,,"Nov. 1","2025-11-01"
"20251101_zj04",2025,"2025-11-01",9,"regular","Kean","Vermont State Castleton","https://www.d3football.com/seasons/2025/boxscores/20251101_zj04.xml",9,"Final",9,14,,"Nov. 1","2025-11-01"
,2025,"2025-11-01",9,"regular","Hartwick","Morrisville State",,9,"Final",13,24,,"Nov. 1","2025-11-01"
,2025,"2025-11-01",9,"regular","Hiram","Thiel",,9,"Final",48,20,,"Nov. 1","2025-11-01"
,2025,"2025-11-01",9,"regular","Ripon","Beloit",,9,"Final",0,49,,"Nov. 1","2025-11-01"
"20251108_05d5",2025,"2025-11-08",10,"regular","Centenary (La.)","Austin","https://www.d3football.com/seasons/2025/boxscores/20251108_05d5.xml",10,"Final",20,10,,"Nov. 8","2025-11-08"
"20251108_09bo",2025,"2025-11-08",10,"regular","Misericordia","Delaware Valley","https://www.d3football.com/seasons/2025/boxscores/20251108_09bo.xml",10,"Final",51,20,,"Nov. 8","2025-11-08"
"20251108_0v10",2025,"2025-11-08",10,"regular","Colby","Bowdoin","https://www.d3football.com/seasons/2025/boxscores/20251108_0v10.xml",10,"Final",6,16,,"Nov. 8","2025-11-08"
"20251108_0xm4",2025,"2025-11-08",10,"regular","Monmouth","Ripon","https://www.d3football.com/seasons/2025/boxscores/20251108_0xm4.xml",10,"Final",3,58,,"Nov. 8","2025-11-08"
"20251108_0y0s",2025,"2025-11-08",10,"regular","Rowan","Vermont State Castleton","https://www.d3football.com/seasons/2025/boxscores/20251108_0y0s.xml",10,"Final",7,62,,"Nov. 8","2025-11-08"
"20251108_10an",2025,"2025-11-08",10,"regular","UW-Platteville","UW-Stout","https://www.d3football.com/seasons/2025/boxscores/20251108_10an.xml",10,"Final",23,24,,"Nov. 8","2025-11-08"
"20251108_12fo",2025,"2025-11-08",10,"regular","Christopher Newport","Salisbury","https://www.d3football.com/seasons/2025/boxscores/20251108_12fo.xml",10,"Final",42,45,,"Nov. 8","2025-11-08"
"20251108_16e2",2025,"2025-11-08",10,"regular","Eureka","Lakeland","https://www.d3football.com/seasons/2025/boxscores/20251108_16e2.xml",10,"Final",40,12,,"Nov. 8","2025-11-08"
"20251108_1bca",2025,"2025-11-08",10,"regular","Coe","Loras","https://www.d3football.com/seasons/2025/boxscores/20251108_1bca.xml",10,"Final",7,63,,"Nov. 8","2025-11-08"
"20251108_1p00",2025,"2025-11-08",10,"regular","UW-Oshkosh","UW-Stevens Point","https://www.d3football.com/seasons/2025/boxscores/20251108_1p00.xml",10,"Final",15,41,,"Nov. 8","2025-11-08"
"20251108_1uv6",2025,"2025-11-08",10,"regular","Alfred State","Alfred","https://www.d3football.com/seasons/2025/boxscores/20251108_1uv6.xml",10,"Final",28,35,,"Nov. 8","2025-11-08"
"20251108_2taf",2025,"2025-11-08",10,"regular","Rhodes","Southwestern","https://www.d3football.com/seasons/2025/boxscores/20251108_2taf.xml",10,"Final",35,22,,"Nov. 8","2025-11-08"
"20251108_2uq2",2025,"2025-11-08",10,"regular","Huntingdon","Southern Virginia","https://www.d3football.com/seasons/2025/boxscores/20251108_2uq2.xml",10,"Final",21,44,,"Nov. 8","2025-11-08"
"20251108_2uu4",2025,"2025-11-08",10,"regular","Norwich","Salve Regina","https://www.d3football.com/seasons/2025/boxscores/20251108_2uu4.xml",10,"Final",38,10,,"Nov. 8","2025-11-08"
"20251108_3rr9",2025,"2025-11-08",10,"regular","Middlebury","Tufts","https://www.d3football.com/seasons/2025/boxscores/20251108_3rr9.xml",10,"Final - OT",30,33,,"Nov. 8","2025-11-08"
"20251108_3t3x",2025,"2025-11-08",10,"regular","Amherst","Williams","https://www.d3football.com/seasons/2025/boxscores/20251108_3t3x.xml",10,"Final",13,14,,"Nov. 8","2025-11-08"
"20251108_3t9w",2025,"2025-11-08",10,"regular","Carthage","Augustana","https://www.d3football.com/seasons/2025/boxscores/20251108_3t9w.xml",10,"Final",23,3,,"Nov. 8","2025-11-08"
"20251108_3ubg",2025,"2025-11-08",10,"regular","Carnegie Mellon","Franklin and Marshall","https://www.d3football.com/seasons/2025/boxscores/20251108_3ubg.xml",10,"Final",31,24,,"Nov. 8","2025-11-08"
"20251108_3yae",2025,"2025-11-08",10,"regular","William Paterson","Kean","https://www.d3football.com/seasons/2025/boxscores/20251108_3yae.xml",10,"Final",17,7,,"Nov. 8","2025-11-08"
"20251108_4jf2",2025,"2025-11-08",10,"regular","Eastern","FDU-Florham","https://www.d3football.com/seasons/2025/boxscores/20251108_4jf2.xml",10,"Final",7,28,,"Nov. 8","2025-11-08"
"20251108_58k8",2025,"2025-11-08",10,"regular","Western Connecticut","Catholic","https://www.d3football.com/seasons/2025/boxscores/20251108_58k8.xml",10,"Final",19,52,,"Nov. 8","2025-11-08"
"20251108_655k",2025,"2025-11-08",10,"regular","Greenville","Northwestern (Minn.)","https://www.d3football.com/seasons/2025/boxscores/20251108_655k.xml",10,"Final",17,14,,"Nov. 8","2025-11-08"
"20251108_65m4",2025,"2025-11-08",10,"regular","Trinity (Texas)","Millsaps","https://www.d3football.com/seasons/2025/boxscores/20251108_65m4.xml",10,"Final",24,42,,"Nov. 8","2025-11-08"
"20251108_6nz8",2025,"2025-11-08",10,"regular","Puget Sound","Linfield","https://www.d3football.com/seasons/2025/boxscores/20251108_6nz8.xml",10,"Final",77,14,,"Nov. 8","2025-11-08"
"20251108_6pm0",2025,"2025-11-08",10,"regular","Widener","King's","https://www.d3football.com/seasons/2025/boxscores/20251108_6pm0.xml",10,"Final",24,40,,"Nov. 8","2025-11-08"
"20251108_6vmd",2025,"2025-11-08",10,"regular","LaGrange","Belhaven","https://www.d3football.com/seasons/2025/boxscores/20251108_6vmd.xml",10,"Final",6,38,,"Nov. 8","2025-11-08"
"20251108_7cw5",2025,"2025-11-08",10,"regular","Macalester","Concordia-Moorhead","https://www.d3football.com/seasons/2025/boxscores/20251108_7cw5.xml",10,"Final",17,14,,"Nov. 8","2025-11-08"
"20251108_7emn",2025,"2025-11-08",10,"regular","Westminster (Pa.)","Hiram","https://www.d3football.com/seasons/2025/boxscores/20251108_7emn.xml",10,"Final",0,76,,"Nov. 8","2025-11-08"
"20251108_7lwl",2025,"2025-11-08",10,"regular","Curry","University of New England","https://www.d3football.com/seasons/2025/boxscores/20251108_7lwl.xml",10,"Final",30,47,,"Nov. 8","2025-11-08"
"20251108_88i8",2025,"2025-11-08",10,"regular","Hanover","Otterbein","https://www.d3football.com/seasons/2025/boxscores/20251108_88i8.xml",10,"Final",8,49,,"Nov. 8","2025-11-08"
"20251108_8d91",2025,"2025-11-08",10,"regular","Framingham State","Dean","https://www.d3football.com/seasons/2025/boxscores/20251108_8d91.xml",10,"Final",6,31,,"Nov. 8","2025-11-08"
"20251108_8e12",2025,"2025-11-08",10,"regular","N.C. Wesleyan","Greensboro","https://www.d3football.com/seasons/2025/boxscores/20251108_8e12.xml",10,"Final",38,29,,"Nov. 8","2025-11-08"
"20251108_8enc",2025,"2025-11-08",10,"regular","Merchant Marine","WPI","https://www.d3football.com/seasons/2025/boxscores/20251108_8enc.xml",10,"Final",14,34,,"Nov. 8","2025-11-08"
"20251108_8kin",2025,"2025-11-08",10,"regular","Beloit","Chicago","https://www.d3football.com/seasons/2025/boxscores/20251108_8kin.xml",10,"Final",40,0,,"Nov. 8","2025-11-08"
"20251108_8ojg",2025,"2025-11-08",10,"regular","Thiel","Bethany","https://www.d3football.com/seasons/2025/boxscores/20251108_8ojg.xml",10,"Final",17,12,,"Nov. 8","2025-11-08"
"20251108_8rs8",2025,"2025-11-08",10,"regular","Knox","Lake Forest","https://www.d3football.com/seasons/2025/boxscores/20251108_8rs8.xml",10,"Final",63,0,,"Nov. 8","2025-11-08"
"20251108_9e7o",2025,"2025-11-08",10,"regular","UW-River Falls","UW-La Crosse","https://www.d3football.com/seasons/2025/boxscores/20251108_9e7o.xml",10,"Final",7,41,,"Nov. 8","2025-11-08"
"20251108_9l42",2025,"2025-11-08",10,"regular","RPI","Ithaca","https://www.d3football.com/seasons/2025/boxscores/20251108_9l42.xml",10,"Final",24,23,,"Nov. 8","2025-11-08"
"20251108_a0p9",2025,"2025-11-08",10,"regular","George Fox","Pacific","https://www.d3football.com/seasons/2025/boxscores/20251108_a0p9.xml",10,"Final",21,27,,"Nov. 8","2025-11-08"
"20251108_as9j",2025,"2025-11-08",10,"regular","Morrisville State","St. John Fisher","https://www.d3football.com/seasons/2025/boxscores/20251108_as9j.xml",10,"Final",21,7,,"Nov. 8","2025-11-08"
"20251108_avuh",2025,"2025-11-08",10,"regular","Crown","Martin Luther","https://www.d3football.com/seasons/2025/boxscores/20251108_avuh.xml",10,"Final",21,34,,"Nov. 8","2025-11-08"
"20251108_b1hr",2025,"2025-11-08",10,"regular","Hope","Calvin","https://www.d3football.com/seasons/2025/boxscores/20251108_b1hr.xml",10,"Final",0,52,,"Nov. 8","2025-11-08"
"20251108_b23s",2025,"2025-11-08",10,"regular","New England College","Endicott","https://www.d3football.com/seasons/2025/boxscores/20251108_b23s.xml",10,"Final",63,0,,"Nov. 8","2025-11-08"
"20251108_bjta",2025,"2025-11-08",10,"regular","Washington and Lee","Roanoke","https://www.d3football.com/seasons/2025/boxscores/20251108_bjta.xml",10,"Final",14,35,,"Nov. 8","2025-11-08"
"20251108_c14j",2025,"2025-11-08",10,"regular","Lebanon Valley","Alvernia","https://www.d3football.com/seasons/2025/boxscores/20251108_c14j.xml",10,"Final",7,38,,"Nov. 8","2025-11-08"
"20251108_c5vt",2025,"2025-11-08",10,"regular","UW-Whitewater","UW-Eau Claire","https://www.d3football.com/seasons/2025/boxscores/20251108_c5vt.xml",10,"Final",10,51,,"Nov. 8","2025-11-08"
"20251108_cle3",2025,"2025-11-08",10,"regular","Buena Vista","Nebraska Wesleyan","https://www.d3football.com/seasons/2025/boxscores/20251108_cle3.xml",10,"Final",21,34,,"Nov. 8","2025-11-08"
"20251108_cn19",2025,"2025-11-08",10,"regular","Luther","Dubuque","https://www.d3football.com/seasons/2025/boxscores/20251108_cn19.xml",10,"Final",27,20,,"Nov. 8","2025-11-08"
"20251108_dh26",2025,"2025-11-08",10,"regular","St. Olaf","Hamline","https://www.d3football.com/seasons/2025/boxscores/20251108_dh26.xml",10,"Final",34,41,,"Nov. 8","2025-11-08"
"20251108_dpjk",2025,"2025-11-08",10,"regular","Benedictine","Concordia-Chicago","https://www.d3football.com/seasons/2025/boxscores/20251108_dpjk.xml",10,"Final",7,38,,"Nov. 8","2025-11-08"
"20251108_dv30",2025,"2025-11-08",10,"regular","Mary Hardin-Baylor","Hardin-Simmons","https://www.d3football.com/seasons/2025/boxscores/20251108_dv30.xml",10,"Final",17,21,,"Nov. 8","2025-11-08"
"20251108_e57c",2025,"2025-11-08",10,"regular","Case Western Reserve","Grove City","https://www.d3football.com/seasons/2025/boxscores/20251108_e57c.xml",10,"Final",28,14,,"Nov. 8","2025-11-08"
"20251108_evqs",2025,"2025-11-08",10,"regular","Montclair State","TCNJ","https://www.d3football.com/seasons/2025/boxscores/20251108_evqs.xml",10,"Final",27,30,,"Nov. 8","2025-11-08"
"20251108_f8lt",2025,"2025-11-08",10,"regular","Sewanee","Centre","https://www.d3football.com/seasons/2025/boxscores/20251108_f8lt.xml",10,"Final",28,0,,"Nov. 8","2025-11-08"
"20251108_g97k",2025,"2025-11-08",10,"regular","Buffalo State","St. Lawrence","https://www.d3football.com/seasons/2025/boxscores/20251108_g97k.xml",10,"Final",24,19,,"Nov. 8","2025-11-08"
"20251108_gc3k",2025,"2025-11-08",10,"regular","Waynesburg","St. Vincent","https://www.d3football.com/seasons/2025/boxscores/20251108_gc3k.xml",10,"Final",24,35,,"Nov. 8","2025-11-08"
"20251108_gfa3",2025,"2025-11-08",10,"regular","Lewis and Clark","Pacific Lutheran","https://www.d3football.com/seasons/2025/boxscores/20251108_gfa3.xml",10,"Final",46,36,,"Nov. 8","2025-11-08"
"20251108_gs9e",2025,"2025-11-08",10,"regular","Hampden-Sydney","Bridgewater","https://www.d3football.com/seasons/2025/boxscores/20251108_gs9e.xml",10,"Final",45,42,,"Nov. 8","2025-11-08"
"20251108_gwi1",2025,"2025-11-08",10,"regular","East Texas Baptist","Howard Payne","https://www.d3football.com/seasons/2025/boxscores/20251108_gwi1.xml",10,"Final - OT",34,27,,"Nov. 8","2025-11-08"
"20251108_gxxt",2025,"2025-11-08",10,"regular","Bridgewater State","Anna Maria","https://www.d3football.com/seasons/2025/boxscores/20251108_gxxt.xml",10,"Final - OT",35,41,,"Nov. 8","2025-11-08"
"20251108_h59b",2025,"2025-11-08",10,"regular","Aurora","St. Norbert","https://www.d3football.com/seasons/2025/boxscores/20251108_h59b.xml",10,"Final",14,37,,"Nov. 8","2025-11-08"
"20251108_hr0t",2025,"2025-11-08",10,"regular","Grinnell","Lawrence","https://www.d3football.com/seasons/2025/boxscores/20251108_hr0t.xml",10,"Final",6,63,,"Nov. 8","2025-11-08"
"20251108_ieua",2025,"2025-11-08",10,"regular","Albright","Stevenson","https://www.d3football.com/seasons/2025/boxscores/20251108_ieua.xml",10,"Final",17,7,,"Nov. 8","2025-11-08"
"20251108_ihrj",2025,"2025-11-08",10,"regular","Cornell","Illinois College","https://www.d3football.com/seasons/2025/boxscores/20251108_ihrj.xml",10,"Final",24,0,,"Nov. 8","2025-11-08"
"20251108_iwhu",2025,"2025-11-08",10,"regular","Hilbert","Hobart","https://www.d3football.com/seasons/2025/boxscores/20251108_iwhu.xml",10,"Final",63,6,,"Nov. 8","2025-11-08"
"20251108_jx47",2025,"2025-11-08",10,"regular","Wesleyan","Trinity (Conn.)","https://www.d3football.com/seasons/2025/boxscores/20251108_jx47.xml",10,"Final",28,31,,"Nov. 8","2025-11-08"
"20251108_jyrl",2025,"2025-11-08",10,"regular","La Verne","Chapman","https://www.d3football.com/seasons/2025/boxscores/20251108_jyrl.xml",10,"Final",30,14,,"Nov. 8","2025-11-08"
"20251108_jyzn",2025,"2025-11-08",10,"regular","Utica","Hartwick","https://www.d3football.com/seasons/2025/boxscores/20251108_jyzn.xml",10,"Final",7,64,,"Nov. 8","2025-11-08"
"20251108_k0zn",2025,"2025-11-08",10,"regular","DePauw","Wooster","https://www.d3football.com/seasons/2025/boxscores/20251108_k0zn.xml",10,"Final",0,59,,"Nov. 8","2025-11-08"
"20251108_k9s9",2025,"2025-11-08",10,"regular","Maine Maritime","Western New England","https://www.d3football.com/seasons/2025/boxscores/20251108_k9s9.xml",10,"Final",70,7,,"Nov. 8","2025-11-08"
"20251108_ka36",2025,"2025-11-08",10,"regular","Kenyon","Denison","https://www.d3football.com/seasons/2025/boxscores/20251108_ka36.xml",10,"Final",33,18,,"Nov. 8","2025-11-08"
"20251108_krd5",2025,"2025-11-08",10,"regular","Mount St. Joseph","Manchester","https://www.d3football.com/seasons/2025/boxscores/20251108_krd5.xml",10,"Final",20,48,,"Nov. 8","2025-11-08"
"20251108_ku7m",2025,"2025-11-08",10,"regular","Cortland","Brockport","https://www.d3football.com/seasons/2025/boxscores/20251108_ku7m.xml",10,"Final",14,44,,"Nov. 8","2025-11-08"
"20251108_kzf6",2025,"2025-11-08",10,"regular","Franklin","Bluffton","https://www.d3football.com/seasons/2025/boxscores/20251108_kzf6.xml",10,"Final - 3OT",57,59,,"Nov. 8","2025-11-08"
"20251108_l7ay",2025,"2025-11-08",10,"regular","Ohio Northern","Baldwin Wallace","https://www.d3football.com/seasons/2025/boxscores/20251108_l7ay.xml",10,"Final",28,30,,"Nov. 8","2025-11-08"
"20251108_lp2d",2025,"2025-11-08",10,"regular","Guilford","Averett","https://www.d3football.com/seasons/2025/boxscores/20251108_lp2d.xml",10,"Final",27,21,,"Nov. 8","2025-11-08"
"20251108_lwza",2025,"2025-11-08",10,"regular","SUNY-Maritime","MIT","https://www.d3football.com/seasons/2025/boxscores/20251108_lwza.xml",10,"Final - 2OT",30,27,,"Nov. 8","2025-11-08"
"20251108_mbgi",2025,"2025-11-08",10,"regular","Rockford","Wisconsin Lutheran","https://www.d3football.com/seasons/2025/boxscores/20251108_mbgi.xml",10,"Final",48,3,,"Nov. 8","2025-11-08"
"20251108_ngg8",2025,"2025-11-08",10,"regular","Augsburg","Gustavus Adolphus","https://www.d3football.com/seasons/2025/boxscores/20251108_ngg8.xml",10,"Final",31,10,,"Nov. 8","2025-11-08"
"20251108_nm50",2025,"2025-11-08",10,"regular","Rose-Hulman","Anderson","https://www.d3football.com/seasons/2025/boxscores/20251108_nm50.xml",10,"Final",0,38,,"Nov. 8","2025-11-08"
"20251108_orgz",2025,"2025-11-08",10,"regular","Plymouth State","Fitchburg State","https://www.d3football.com/seasons/2025/boxscores/20251108_orgz.xml",10,"Final",0,27,,"Nov. 8","2025-11-08"
"20251108_p5ch",2025,"2025-11-08",10,"regular","Simpson","Central","https://www.d3football.com/seasons/2025/boxscores/20251108_p5ch.xml",10,"Final",35,10,,"Nov. 8","2025-11-08"
"20251108_pt8z",2025,"2025-11-08",10,"regular","Capital","Muskingum","https://www.d3football.com/seasons/2025/boxscores/20251108_pt8z.xml",10,"Final",7,3,,"Nov. 8","2025-11-08"
"20251108_qzzj",2025,"2025-11-08",10,"regular","Adrian","Trine","https://www.d3football.com/seasons/2025/boxscores/20251108_qzzj.xml",10,"Final",21,44,,"Nov. 8","2025-11-08"
"20251108_r875",2025,"2025-11-08",10,"regular","Mass-Dartmouth","Westfield State","https://www.d3football.com/seasons/2025/boxscores/20251108_r875.xml",10,"Final",13,33,,"Nov. 8","2025-11-08"
"20251108_rhsg",2025,"2025-11-08",10,"regular","Willamette","Whitworth","https://www.d3football.com/seasons/2025/boxscores/20251108_rhsg.xml",10,"Final",29,0,,"Nov. 8","2025-11-08"
"20251108_rkyk",2025,"2025-11-08",10,"regular","Minnesota-Morris","Westminster (Mo.)","https://www.d3football.com/seasons/2025/boxscores/20251108_rkyk.xml",10,"Final",7,14,,"Nov. 8","2025-11-08"
"20251108_s1zc",2025,"2025-11-08",10,"regular","St. John's","St. Scholastica","https://www.d3football.com/seasons/2025/boxscores/20251108_s1zc.xml",10,"Final",21,70,,"Nov. 8","2025-11-08"
"20251108_smbh",2025,"2025-11-08",10,"regular","Shenandoah","Gallaudet","https://www.d3football.com/seasons/2025/boxscores/20251108_smbh.xml",10,"Final",14,52,,"Nov. 8","2025-11-08"
"20251108_so36",2025,"2025-11-08",10,"regular","Oberlin","Wabash","https://www.d3football.com/seasons/2025/boxscores/20251108_so36.xml",10,"Final",42,13,,"Nov. 8","2025-11-08"
"20251108_t1ab",2025,"2025-11-08",10,"regular","John Carroll","Ohio Wesleyan","https://www.d3football.com/seasons/2025/boxscores/20251108_t1ab.xml",10,"Final",17,55,,"Nov. 8","2025-11-08"
"20251108_td0c",2025,"2025-11-08",10,"regular","Marietta","Mount Union","https://www.d3football.com/seasons/2025/boxscores/20251108_td0c.xml",10,"Final",30,19,,"Nov. 8","2025-11-08"
"20251108_tfg9",2025,"2025-11-08",10,"regular","Massachusetts Maritime","Worcester State","https://www.d3football.com/seasons/2025/boxscores/20251108_tfg9.xml",10,"Final",17,10,,"Nov. 8","2025-11-08"
"20251108_tl4c",2025,"2025-11-08",10,"regular","Bethel","Carleton","https://www.d3football.com/seasons/2025/boxscores/20251108_tl4c.xml",10,"Final",7,49,,"Nov. 8","2025-11-08"
"20251108_ub1q",2025,"2025-11-08",10,"regular","Washington U.","North Park","https://www.d3football.com/seasons/2025/boxscores/20251108_ub1q.xml",10,"Final",14,42,,"Nov. 8","2025-11-08"
"20251108_ug8z",2025,"2025-11-08",10,"regular","Redlands","Claremont-Mudd-Scripps","https://www.d3football.com/seasons/2025/boxscores/20251108_ug8z.xml",10,"Final",28,14,,"Nov. 8","2025-11-08"
"20251108_ukbr",2025,"2025-11-08",10,"regular","Lyon","Texas Lutheran","https://www.d3football.com/seasons/2025/boxscores/20251108_ukbr.xml",10,"Final",54,10,,"Nov. 8","2025-11-08"
"20251108_uldi",2025,"2025-11-08",10,"regular","Heidelberg","Wilmington","https://www.d3football.com/seasons/2025/boxscores/20251108_uldi.xml",10,"Final",31,34,,"Nov. 8","2025-11-08"
"20251108_vh0d",2025,"2025-11-08",10,"regular","Springfield","Coast Guard","https://www.d3football.com/seasons/2025/boxscores/20251108_vh0d.xml",10,"Final",10,30,,"Nov. 8","2025-11-08"
"20251108_vzlp",2025,"2025-11-08",10,"regular","Olivet","Albion","https://www.d3football.com/seasons/2025/boxscores/20251108_vzlp.xml",10,"Final",58,42,,"Nov. 8","2025-11-08"
"20251108_w3qs",2025,"2025-11-08",10,"regular","McMurry","Hendrix","https://www.d3football.com/seasons/2025/boxscores/20251108_w3qs.xml",10,"Final",28,34,,"Nov. 8","2025-11-08"
"20251108_w9oe",2025,"2025-11-08",10,"regular","Juniata","Moravian","https://www.d3football.com/seasons/2025/boxscores/20251108_w9oe.xml",10,"Final",38,13,,"Nov. 8","2025-11-08"
"20251108_wc79",2025,"2025-11-08",10,"regular","Dickinson","Ursinus","https://www.d3football.com/seasons/2025/boxscores/20251108_wc79.xml",10,"Final",22,47,,"Nov. 8","2025-11-08"
"20251108_wfal",2025,"2025-11-08",10,"regular","Susquehanna","Wilkes","https://www.d3football.com/seasons/2025/boxscores/20251108_wfal.xml",10,"Final",3,26,,"Nov. 8","2025-11-08"
"20251108_wjvx",2025,"2025-11-08",10,"regular","Illinois Wesleyan","Carroll","https://www.d3football.com/seasons/2025/boxscores/20251108_wjvx.xml",10,"Final",34,14,,"Nov. 8","2025-11-08"
"20251108_wpbq",2025,"2025-11-08",10,"regular","Rochester","Union","https://www.d3football.com/seasons/2025/boxscores/20251108_wpbq.xml",10,"Final",14,10,,"Nov. 8","2025-11-08"
"20251108_wqdk",2025,"2025-11-08",10,"regular","Geneva","Washington and Jefferson","https://www.d3football.com/seasons/2025/boxscores/20251108_wqdk.xml",10,"Final",49,7,,"Nov. 8","2025-11-08"
"20251108_wzbj",2025,"2025-11-08",10,"regular","Berry","Maryville (Tenn.)","https://www.d3football.com/seasons/2025/boxscores/20251108_wzbj.xml",10,"Final",7,36,,"Nov. 8","2025-11-08"
"20251108_x0k7",2025,"2025-11-08",10,"regular","Pomona-Pitzer","Cal Lutheran","https://www.d3football.com/seasons/2025/boxscores/20251108_x0k7.xml",10,"Final",18,28,,"Nov. 8","2025-11-08"
"20251108_x77w",2025,"2025-11-08",10,"regular","Johns Hopkins","McDaniel","https://www.d3football.com/seasons/2025/boxscores/20251108_x77w.xml",10,"Final",0,42,,"Nov. 8","2025-11-08"
"20251108_xaqb",2025,"2025-11-08",10,"regular","Gettysburg","Muhlenberg","https://www.d3football.com/seasons/2025/boxscores/20251108_xaqb.xml",10,"Final",59,27,,"Nov. 8","2025-11-08"
"20251108_xb1x",2025,"2025-11-08",10,"regular","Bates","Hamilton","https://www.d3football.com/seasons/2025/boxscores/20251108_xb1x.xml",10,"Final",24,21,,"Nov. 8","2025-11-08"
"20251108_xo8e",2025,"2025-11-08",10,"regular","Alma","Kalamazoo","https://www.d3football.com/seasons/2025/boxscores/20251108_xo8e.xml",10,"Final",3,53,,"Nov. 8","2025-11-08"
"20251108_xrla",2025,"2025-11-08",10,"regular","Elmhurst","North Central (Ill.)","https://www.d3football.com/seasons/2025/boxscores/20251108_xrla.xml",10,"Final",58,0,,"Nov. 8","2025-11-08"
"20251108_y8wu",2025,"2025-11-08",10,"regular","Nichols","Husson","https://www.d3football.com/seasons/2025/boxscores/20251108_y8wu.xml",10,"Final",63,19,,"Nov. 8","2025-11-08"
"20251108_ykdc",2025,"2025-11-08",10,"regular","Methodist","Brevard","https://www.d3football.com/seasons/2025/boxscores/20251108_ykdc.xml",10,"Final",47,20,,"Nov. 8","2025-11-08"
"20251108_zucq",2025,"2025-11-08",10,"regular","Wheaton (Ill.)","Millikin","https://www.d3football.com/seasons/2025/boxscores/20251108_zucq.xml",10,"Final",14,61,,"Nov. 8","2025-11-08"
"20251114_ebkj",2025,"2025-11-14",11,"regular","Salisbury","Vermont State Castleton","https://www.d3football.com/seasons/2025/boxscores/20251114_ebkj.xml",11,"Final",13,63,,"Nov. 14","2025-11-14"
"20251114_ha65",2025,"2025-11-14",11,"regular","MIT","Norwich","https://www.d3football.com/seasons/2025/boxscores/20251114_ha65.xml",11,"Final",14,48,,"Nov. 14","2025-11-14"
"20251114_nnzr",2025,"2025-11-14",11,"regular","Augsburg","Hamline","https://www.d3football.com/seasons/2025/boxscores/20251114_nnzr.xml",11,"Final",3,43,,"Nov. 14","2025-11-14"
"20251114_zidm",2025,"2025-11-14",11,"regular","TCNJ","Christopher Newport","https://www.d3football.com/seasons/2025/boxscores/20251114_zidm.xml",11,"Final",27,7,,"Nov. 14","2025-11-14"
"20251115_0f1a",2025,"2025-11-15",11,"regular","Lake Forest","Chicago","https://www.d3football.com/seasons/2025/boxscores/20251115_0f1a.xml",11,"Final",28,34,,"Nov. 15","2025-11-15"
"20251115_0hx7",2025,"2025-11-15",11,"regular","Grinnell","Cornell","https://www.d3football.com/seasons/2025/boxscores/20251115_0hx7.xml",11,"Final",22,17,,"Nov. 15","2025-11-15"
"20251115_1cr9",2025,"2025-11-15",11,"regular","McDaniel","Gettysburg","https://www.d3football.com/seasons/2025/boxscores/20251115_1cr9.xml",11,"Final",36,23,,"Nov. 15","2025-11-15"
"20251115_1xn6",2025,"2025-11-15",11,"regular","Endicott","Curry","https://www.d3football.com/seasons/2025/boxscores/20251115_1xn6.xml",11,"Final",17,45,,"Nov. 15","2025-11-15"
"20251115_23uk",2025,"2025-11-15",11,"regular","Coast Guard","Merchant Marine","https://www.d3football.com/seasons/2025/boxscores/20251115_23uk.xml",11,"Final",39,38,"@ Fenway Park; Boston, Mass.","Nov. 15","2025-11-15"
"20251115_2bai",2025,"2025-11-15",11,"regular","Nebraska Wesleyan","Simpson","https://www.d3football.com/seasons/2025/boxscores/20251115_2bai.xml",11,"Final",23,22,,"Nov. 15","2025-11-15"
"20251115_2lnx",2025,"2025-11-15",11,"regular","Franklin and Marshall","Johns Hopkins","https://www.d3football.com/seasons/2025/boxscores/20251115_2lnx.xml",11,"Final - OT",28,29,,"Nov. 15","2025-11-15"
"20251115_31su",2025,"2025-11-15",11,"regular","Trine","Kalamazoo","https://www.d3football.com/seasons/2025/boxscores/20251115_31su.xml",11,"Final",24,25,,"Nov. 15","2025-11-15"
"20251115_3iuh",2025,"2025-11-15",11,"regular","Washington and Jefferson","Thiel","https://www.d3football.com/seasons/2025/boxscores/20251115_3iuh.xml",11,"Final",0,67,,"Nov. 15","2025-11-15"
"20251115_3ni7",2025,"2025-11-15",11,"regular","Western New England","Nichols","https://www.d3football.com/seasons/2025/boxscores/20251115_3ni7.xml",11,"Final",20,63,,"Nov. 15","2025-11-15"
"20251115_3xzm",2025,"2025-11-15",11,"regular","Central","Coe","https://www.d3football.com/seasons/2025/boxscores/20251115_3xzm.xml",11,"Final",13,7,,"Nov. 15","2025-11-15"
"20251115_5dtr",2025,"2025-11-15",11,"regular","Stevenson","Eastern","https://www.d3football.com/seasons/2025/boxscores/20251115_5dtr.xml",11,"Final",16,10,,"Nov. 15","2025-11-15"
"20251115_5e2h",2025,"2025-11-15",11,"regular","Rose-Hulman","Mount St. Joseph","https://www.d3football.com/seasons/2025/boxscores/20251115_5e2h.xml",11,"Final",48,0,,"Nov. 15","2025-11-15"
"20251115_5i9x",2025,"2025-11-15",11,"regular","Concordia (Wis.)","Eureka","https://www.d3football.com/seasons/2025/boxscores/20251115_5i9x.xml",11,"Final",0,35,,"Nov. 15","2025-11-15"
"20251115_5lpy",2025,"2025-11-15",11,"regular","Austin","Centenary (La.)","https://www.d3football.com/seasons/2025/boxscores/20251115_5lpy.xml",11,"Final",14,16,"@ Little Rock, Arkansas","Nov. 15","2025-11-15"
"20251115_5zo2",2025,"2025-11-15",11,"regular","Texas Lutheran","McMurry","https://www.d3football.com/seasons/2025/boxscores/20251115_5zo2.xml",11,"Final",27,19,"@ Little Rock, Arkansas","Nov. 15","2025-11-15"
"20251115_6wik",2025,"2025-11-15",11,"regular","Greenville","Crown","https://www.d3football.com/seasons/2025/boxscores/20251115_6wik.xml",11,"Final",38,20,,"Nov. 15","2025-11-15"
"20251115_6ynt",2025,"2025-11-15",11,"regular","St. John Fisher","Alfred State","https://www.d3football.com/seasons/2025/boxscores/20251115_6ynt.xml",11,"Final",14,41,,"Nov. 15","2025-11-15"
"20251115_757y",2025,"2025-11-15",11,"regular","Hendrix","Lyon","https://www.d3football.com/seasons/2025/boxscores/20251115_757y.xml",11,"Final",28,55,"@ Little Rock, Arkansas","Nov. 15","2025-11-15"
"20251115_7vgf",2025,"2025-11-15",11,"regular","Albion","Calvin","https://www.d3football.com/seasons/2025/boxscores/20251115_7vgf.xml",11,"Final",53,24,,"Nov. 15","2025-11-15"
"20251115_7z71",2025,"2025-11-15",11,"regular","Moravian","Susquehanna","https://www.d3football.com/seasons/2025/boxscores/20251115_7z71.xml",11,"Final",48,7,,"Nov. 15","2025-11-15"
"20251115_82vt",2025,"2025-11-15",11,"regular","Linfield","Willamette","https://www.d3football.com/seasons/2025/boxscores/20251115_82vt.xml",11,"Final",19,65,,"Nov. 15","2025-11-15"
"20251115_83b6",2025,"2025-11-15",11,"regular","Belhaven","Huntingdon","https://www.d3football.com/seasons/2025/boxscores/20251115_83b6.xml",11,"Final",30,13,,"Nov. 15","2025-11-15"
"20251115_8d1w",2025,"2025-11-15",11,"regular","Concordia-Chicago","Aurora","https://www.d3football.com/seasons/2025/boxscores/20251115_8d1w.xml",11,"Final",59,26,,"Nov. 15","2025-11-15"
"20251115_8eat",2025,"2025-11-15",11,"regular","Carleton","Concordia-Moorhead","https://www.d3football.com/seasons/2025/boxscores/20251115_8eat.xml",11,"Final",31,24,,"Nov. 15","2025-11-15"
"20251115_8idn",2025,"2025-11-15",11,"regular","Allegheny","Bethany","https://www.d3football.com/seasons/2025/boxscores/20251115_8idn.xml",11,"Final",6,42,,"Nov. 15","2025-11-15"
"20251115_8s8s",2025,"2025-11-15",11,"regular","UW-Stevens Point","UW-La Crosse","https://www.d3football.com/seasons/2025/boxscores/20251115_8s8s.xml",11,"Final",52,0,,"Nov. 15","2025-11-15"
"20251115_8sbt",2025,"2025-11-15",11,"regular","Martin Luther","Minnesota-Morris","https://www.d3football.com/seasons/2025/boxscores/20251115_8sbt.xml",11,"Final",14,36,,"Nov. 15","2025-11-15"
"20251115_96v9",2025,"2025-11-15",11,"regular","Husson","Maine Maritime","https://www.d3football.com/seasons/2025/boxscores/20251115_96v9.xml",11,"Final",7,48,,"Nov. 15","2025-11-15"
"20251115_9ybi",2025,"2025-11-15",11,"regular","UW-Eau Claire","UW-Platteville","https://www.d3football.com/seasons/2025/boxscores/20251115_9ybi.xml",11,"Final",55,28,,"Nov. 15","2025-11-15"
"20251115_a55y",2025,"2025-11-15",11,"regular","Worcester State","Framingham State","https://www.d3football.com/seasons/2025/boxscores/20251115_a55y.xml",11,"Final",28,27,,"Nov. 15","2025-11-15"
"20251115_acbx",2025,"2025-11-15",11,"regular","Pacific","Lewis and Clark","https://www.d3football.com/seasons/2025/boxscores/20251115_acbx.xml",11,"Final",28,21,,"Nov. 15","2025-11-15"
"20251115_aunt",2025,"2025-11-15",11,"regular","Baldwin Wallace","Heidelberg","https://www.d3football.com/seasons/2025/boxscores/20251115_aunt.xml",11,"Final",38,41,,"Nov. 15","2025-11-15"
"20251115_axjs",2025,"2025-11-15",11,"regular","Mount Union","Muskingum","https://www.d3football.com/seasons/2025/boxscores/20251115_axjs.xml",11,"Final",7,51,,"Nov. 15","2025-11-15"
"20251115_b0cy",2025,"2025-11-15",11,"regular","Alfred","Morrisville State","https://www.d3football.com/seasons/2025/boxscores/20251115_b0cy.xml",11,"Final",21,34,,"Nov. 15","2025-11-15"
"20251115_b72n",2025,"2025-11-15",11,"regular","Wilkes","Western Connecticut","https://www.d3football.com/seasons/2025/boxscores/20251115_b72n.xml",11,"Final",0,38,,"Nov. 15","2025-11-15"
"20251115_be4a",2025,"2025-11-15",11,"regular","Albright","Lebanon Valley","https://www.d3football.com/seasons/2025/boxscores/20251115_be4a.xml",11,"Final",38,35,,"Nov. 15","2025-11-15"
"20251115_bkww",2025,"2025-11-15",11,"regular","UW-Stout","UW-River Falls","https://www.d3football.com/seasons/2025/boxscores/20251115_bkww.xml",11,"Final",29,19,,"Nov. 15","2025-11-15"
"20251115_bofc",2025,"2025-11-15",11,"regular","Mass-Dartmouth","Plymouth State","https://www.d3football.com/seasons/2025/boxscores/20251115_bofc.xml",11,"Final",21,42,,"Nov. 15","2025-11-15"
"20251115_bpex",2025,"2025-11-15",11,"regular","Muhlenberg","Dickinson","https://www.d3football.com/seasons/2025/boxscores/20251115_bpex.xml",11,"Final",17,30,,"Nov. 15","2025-11-15"
"20251115_bsr3",2025,"2025-11-15",11,"regular","Whitworth","Puget Sound","https://www.d3football.com/seasons/2025/boxscores/20251115_bsr3.xml",11,"Final",31,59,,"Nov. 15","2025-11-15"
"20251115_cdcf",2025,"2025-11-15",11,"regular","Hardin-Simmons","East Texas Baptist","https://www.d3football.com/seasons/2025/boxscores/20251115_cdcf.xml",11,"Final",14,63,,"Nov. 15","2025-11-15"
"20251115_cdd0",2025,"2025-11-15",11,"regular","Juniata","Lycoming","https://www.d3football.com/seasons/2025/boxscores/20251115_cdd0.xml",11,"Final",24,16,,"Nov. 15","2025-11-15"
"20251115_coz2",2025,"2025-11-15",11,"regular","William Paterson","Montclair State","https://www.d3football.com/seasons/2025/boxscores/20251115_coz2.xml",11,"Final",24,21,,"Nov. 15","2025-11-15"
"20251115_d97d",2025,"2025-11-15",11,"regular","Maryville (Tenn.)","Trinity (Texas)","https://www.d3football.com/seasons/2025/boxscores/20251115_d97d.xml",11,"Final",31,14,,"Nov. 15","2025-11-15"
"20251115_drb5",2025,"2025-11-15",11,"regular","Greensboro","Methodist","https://www.d3football.com/seasons/2025/boxscores/20251115_drb5.xml",11,"Final",12,13,,"Nov. 15","2025-11-15"
"20251115_dst9",2025,"2025-11-15",11,"regular","Springfield","SUNY-Maritime","https://www.d3football.com/seasons/2025/boxscores/20251115_dst9.xml",11,"Final",7,23,,"Nov. 15","2025-11-15"
"20251115_effl",2025,"2025-11-15",11,"regular","Augustana","Washington U.","https://www.d3football.com/seasons/2025/boxscores/20251115_effl.xml",11,"Final",35,13,,"Nov. 15","2025-11-15"
"20251115_ewyn",2025,"2025-11-15",11,"regular","Union","RPI","https://www.d3football.com/seasons/2025/boxscores/20251115_ewyn.xml",11,"Final",21,28,,"Nov. 15","2025-11-15"
"20251115_exa0",2025,"2025-11-15",11,"regular","Beloit","Illinois College","https://www.d3football.com/seasons/2025/boxscores/20251115_exa0.xml",11,"Final",38,7,,"Nov. 15","2025-11-15"
"20251115_f7tv",2025,"2025-11-15",11,"regular","North Central (Ill.)","Illinois Wesleyan","https://www.d3football.com/seasons/2025/boxscores/20251115_f7tv.xml",11,"Final",7,24,,"Nov. 15","2025-11-15"
"20251115_fdhu",2025,"2025-11-15",11,"regular","Manchester","Anderson","https://www.d3football.com/seasons/2025/boxscores/20251115_fdhu.xml",11,"Final",26,20,,"Nov. 15","2025-11-15"
"20251115_fhoy",2025,"2025-11-15",11,"regular","Rhodes","Centre","https://www.d3football.com/seasons/2025/boxscores/20251115_fhoy.xml",11,"Final",28,3,,"Nov. 15","2025-11-15"
"20251115_fq8m",2025,"2025-11-15",11,"regular","Massachusetts Maritime","Bridgewater State","https://www.d3football.com/seasons/2025/boxscores/20251115_fq8m.xml",11,"Final",7,20,,"Nov. 15","2025-11-15"
"20251115_gg18",2025,"2025-11-15",11,"regular","Lakeland","St. Norbert","https://www.d3football.com/seasons/2025/boxscores/20251115_gg18.xml",11,"Final",25,35,,"Nov. 15","2025-11-15"
"20251115_glwd",2025,"2025-11-15",11,"regular","Brockport","Utica","https://www.d3football.com/seasons/2025/boxscores/20251115_glwd.xml",11,"Final",28,20,,"Nov. 15","2025-11-15"
"20251115_gvlj",2025,"2025-11-15",11,"regular","Fitchburg State","Westfield State","https://www.d3football.com/seasons/2025/boxscores/20251115_gvlj.xml",11,"Final",10,7,,"Nov. 15","2025-11-15"
"20251115_h3wh",2025,"2025-11-15",11,"regular","Ursinus","Carnegie Mellon","https://www.d3football.com/seasons/2025/boxscores/20251115_h3wh.xml",11,"Final",20,27,,"Nov. 15","2025-11-15"
"20251115_h5jn",2025,"2025-11-15",11,"regular","Chapman","Cal Lutheran","https://www.d3football.com/seasons/2025/boxscores/20251115_h5jn.xml",11,"Final",17,27,,"Nov. 15","2025-11-15"
"20251115_h8fs",2025,"2025-11-15",11,"regular","Loras","Luther","https://www.d3football.com/seasons/2025/boxscores/20251115_h8fs.xml",11,"Final",12,45,,"Nov. 15","2025-11-15"
"20251115_hd72",2025,"2025-11-15",11,"regular","Millsaps","Sewanee","https://www.d3football.com/seasons/2025/boxscores/20251115_hd72.xml",11,"Final",20,34,,"Nov. 15","2025-11-15"
"20251115_hern",2025,"2025-11-15",11,"regular","Southwestern","Berry","https://www.d3football.com/seasons/2025/boxscores/20251115_hern.xml",11,"Final",49,7,,"Nov. 15","2025-11-15"
"20251115_iaod",2025,"2025-11-15",11,"regular","Monmouth","Knox","https://www.d3football.com/seasons/2025/boxscores/20251115_iaod.xml",11,"Final",0,69,,"Nov. 15","2025-11-15"
"20251115_igav",2025,"2025-11-15",11,"regular","Benedictine","Wisconsin Lutheran","https://www.d3football.com/seasons/2025/boxscores/20251115_igav.xml",11,"Final",14,10,,"Nov. 15","2025-11-15"
"20251115_io1e",2025,"2025-11-15",11,"regular","Howard Payne","Mary Hardin-Baylor","https://www.d3football.com/seasons/2025/boxscores/20251115_io1e.xml",11,"Final",65,9,,"Nov. 15","2025-11-15"
"20251115_j0ef",2025,"2025-11-15",11,"regular","Wittenberg","Kenyon","https://www.d3football.com/seasons/2025/boxscores/20251115_j0ef.xml",11,"Final",0,35,,"Nov. 15","2025-11-15"
"20251115_jsqc",2025,"2025-11-15",11,"regular","Northwestern (Minn.)","Westminster (Mo.)","https://www.d3football.com/seasons/2025/boxscores/20251115_jsqc.xml",11,"Final",15,6,,"Nov. 15","2025-11-15"
"20251115_ko9g",2025,"2025-11-15",11,"regular","Brevard","N.C. Wesleyan","https://www.d3football.com/seasons/2025/boxscores/20251115_ko9g.xml",11,"Final",6,45,,"Nov. 15","2025-11-15"
"20251115_lgbn",2025,"2025-11-15",11,"regular","North Park","Wheaton (Ill.)","https://www.d3football.com/seasons/2025/boxscores/20251115_lgbn.xml",11,"Final",52,6,,"Nov. 15","2025-11-15"
"20251115_m5el",2025,"2025-11-15",11,"regular","Anna Maria","Dean","https://www.d3football.com/seasons/2025/boxscores/20251115_m5el.xml",11,"Final",15,62,,"Nov. 15","2025-11-15"
"20251115_m5t6",2025,"2025-11-15",11,"regular","Otterbein","Ohio Northern","https://www.d3football.com/seasons/2025/boxscores/20251115_m5t6.xml",11,"Final",56,14,,"Nov. 15","2025-11-15"
"20251115_mhk5",2025,"2025-11-15",11,"regular","Randolph-Macon","Hampden-Sydney","https://www.d3football.com/seasons/2025/boxscores/20251115_mhk5.xml",11,"Final",14,42,,"Nov. 15","2025-11-15"
"20251115_nhny",2025,"2025-11-15",11,"regular","Hobart","Buffalo State","https://www.d3football.com/seasons/2025/boxscores/20251115_nhny.xml",11,"Final",9,35,,"Nov. 15","2025-11-15"
"20251115_nj8u",2025,"2025-11-15",11,"regular","Case Western Reserve","Geneva","https://www.d3football.com/seasons/2025/boxscores/20251115_nj8u.xml",11,"Final",43,16,,"Nov. 15","2025-11-15"
"20251115_nkhl",2025,"2025-11-15",11,"regular","Misericordia","King's","https://www.d3football.com/seasons/2025/boxscores/20251115_nkhl.xml",11,"Final",21,27,,"Nov. 15","2025-11-15"
"20251115_nxeh",2025,"2025-11-15",11,"regular","St. Vincent","Westminster (Pa.)","https://www.d3football.com/seasons/2025/boxscores/20251115_nxeh.xml",11,"Final",57,14,,"Nov. 15","2025-11-15"
"20251115_nyha",2025,"2025-11-15",11,"regular","WPI","Salve Regina","https://www.d3football.com/seasons/2025/boxscores/20251115_nyha.xml",11,"Final",45,9,,"Nov. 15","2025-11-15"
"20251115_oq8v",2025,"2025-11-15",11,"regular","Lawrence","Ripon","https://www.d3football.com/seasons/2025/boxscores/20251115_oq8v.xml",11,"Final",48,7,,"Nov. 15","2025-11-15"
"20251115_p0ch",2025,"2025-11-15",11,"regular","Kean","Rowan","https://www.d3football.com/seasons/2025/boxscores/20251115_p0ch.xml",11,"Final",47,34,,"Nov. 15","2025-11-15"
"20251115_p2bj",2025,"2025-11-15",11,"regular","Pacific Lutheran","George Fox","https://www.d3football.com/seasons/2025/boxscores/20251115_p2bj.xml",11,"Final",21,55,,"Nov. 15","2025-11-15"
"20251115_phob",2025,"2025-11-15",11,"regular","Millikin","Elmhurst","https://www.d3football.com/seasons/2025/boxscores/20251115_phob.xml",11,"Final",22,29,,"Nov. 15","2025-11-15"
"20251115_pshq",2025,"2025-11-15",11,"regular","Gustavus Adolphus","Macalester","https://www.d3football.com/seasons/2025/boxscores/20251115_pshq.xml",11,"Final",14,38,,"Nov. 15","2025-11-15"
"20251115_q4id",2025,"2025-11-15",11,"regular","Hiram","Grove City","https://www.d3football.com/seasons/2025/boxscores/20251115_q4id.xml",11,"Final",63,14,,"Nov. 15","2025-11-15"
"20251115_r09l",2025,"2025-11-15",11,"regular","Marietta","Bluffton","https://www.d3football.com/seasons/2025/boxscores/20251115_r09l.xml",11,"Final",14,37,,"Nov. 15","2025-11-15"
"20251115_r4dp",2025,"2025-11-15",11,"regular","Southern Virginia","LaGrange","https://www.d3football.com/seasons/2025/boxscores/20251115_r4dp.xml",11,"Final",65,27,,"Nov. 15","2025-11-15"
"20251115_r9am",2025,"2025-11-15",11,"regular","Carthage","Carroll","https://www.d3football.com/seasons/2025/boxscores/20251115_r9am.xml",11,"Final",3,7,,"Nov. 15","2025-11-15"
"20251115_re56",2025,"2025-11-15",11,"regular","Claremont-Mudd-Scripps","La Verne","https://www.d3football.com/seasons/2025/boxscores/20251115_re56.xml",11,"Final",0,5,,"Nov. 15","2025-11-15"
"20251115_rei3",2025,"2025-11-15",11,"regular","FDU-Florham","Alvernia","https://www.d3football.com/seasons/2025/boxscores/20251115_rei3.xml",11,"Final",3,52,,"Nov. 15","2025-11-15"
"20251115_rr3o",2025,"2025-11-15",11,"regular","St. John's","St. Olaf","https://www.d3football.com/seasons/2025/boxscores/20251115_rr3o.xml",11,"Final",21,63,,"Nov. 15","2025-11-15"
"20251115_sfz1",2025,"2025-11-15",11,"regular","Wartburg","Buena Vista","https://www.d3football.com/seasons/2025/boxscores/20251115_sfz1.xml",11,"Final",20,63,,"Nov. 15","2025-11-15"
"20251115_tosa",2025,"2025-11-15",11,"regular","Hanover","Franklin","https://www.d3football.com/seasons/2025/boxscores/20251115_tosa.xml",11,"Final",18,51,,"Nov. 15","2025-11-15"
"20251115_ts6v",2025,"2025-11-15",11,"regular","St. Scholastica","Bethel","https://www.d3football.com/seasons/2025/boxscores/20251115_ts6v.xml",11,"Final",62,0,,"Nov. 15","2025-11-15"
"20251115_ui33",2025,"2025-11-15",11,"regular","University of New England","New England College","https://www.d3football.com/seasons/2025/boxscores/20251115_ui33.xml",11,"Final",3,59,,"Nov. 15","2025-11-15"
"20251115_up4p",2025,"2025-11-15",11,"regular","Wabash","DePauw","https://www.d3football.com/seasons/2025/boxscores/20251115_up4p.xml",11,"Final",41,20,,"Nov. 15","2025-11-15"
"20251115_upkg",2025,"2025-11-15",11,"regular","Shenandoah","Washington and Lee","https://www.d3football.com/seasons/2025/boxscores/20251115_upkg.xml",11,"Final",14,17,,"Nov. 15","2025-11-15"
"20251115_ut1v",2025,"2025-11-15",11,"regular","Alma","Adrian","https://www.d3football.com/seasons/2025/boxscores/20251115_ut1v.xml",11,"Final",34,35,,"Nov. 15","2025-11-15"
"20251115_vmde",2025,"2025-11-15",11,"regular","UW-Oshkosh","UW-Whitewater","https://www.d3football.com/seasons/2025/boxscores/20251115_vmde.xml",11,"Final",24,7,,"Nov. 15","2025-11-15"
"20251115_vqiy",2025,"2025-11-15",11,"regular","Delaware Valley","Widener","https://www.d3football.com/seasons/2025/boxscores/20251115_vqiy.xml",11,"Final",7,28,,"Nov. 15","2025-11-15"
"20251115_vt5u",2025,"2025-11-15",11,"regular","Wilmington","Capital","https://www.d3football.com/seasons/2025/boxscores/20251115_vt5u.xml",11,"Final",28,27,,"Nov. 15","2025-11-15"
"20251115_wd9p",2025,"2025-11-15",11,"regular","Hope","Olivet","https://www.d3football.com/seasons/2025/boxscores/20251115_wd9p.xml",11,"Final",6,63,,"Nov. 15","2025-11-15"
"20251115_y4uy",2025,"2025-11-15",11,"regular","Redlands","Pomona-Pitzer","https://www.d3football.com/seasons/2025/boxscores/20251115_y4uy.xml",11,"Final",12,0,,"Nov. 15","2025-11-15"
"20251115_yedx",2025,"2025-11-15",11,"regular","Denison","John Carroll","https://www.d3football.com/seasons/2025/boxscores/20251115_yedx.xml",11,"Final",48,21,,"Nov. 15","2025-11-15"
"20251115_ypjs",2025,"2025-11-15",11,"regular","St. Lawrence","Rochester","https://www.d3football.com/seasons/2025/boxscores/20251115_ypjs.xml",11,"Final",17,37,,"Nov. 15","2025-11-15"
"20251115_zrqc",2025,"2025-11-15",11,"regular","Ithaca","Cortland","https://www.d3football.com/seasons/2025/boxscores/20251115_zrqc.xml",11,"Final",21,26,,"Nov. 15","2025-11-15"
,2025,"2025-11-15",11,"regular","Hartwick","Hilbert",,11,"Final",0,52,,"Nov. 15","2025-11-15"
,2025,"2025-11-15",11,"regular","Ohio Wesleyan","Oberlin",,11,"Final",0,35,,"Nov. 15","2025-11-15"
,2025,"2025-11-15",11,"regular","Averett","Roanoke",,11,"Cancelled",,,,"Nov. 15","2025-11-15"
,2025,"2025-11-15",11,"regular","Bridgewater","Guilford",,11,"Cancelled",,,,"Nov. 15","2025-11-15"
"20251121_dny8",2025,"2025-11-21",1,"postseason","Curry","Merchant Marine","https://www.d3football.com/seasons/2025/boxscores/20251121_dny8.xml",12,"Final",27,24,,"Nov. 21","2025-11-21"
"20251122_0a83",2025,"2025-11-22",1,"postseason","Utica","Rowan","https://www.d3football.com/seasons/2025/boxscores/20251122_0a83.xml",12,"Final",26,20,,"Nov. 22","2025-11-22"
"20251122_1788",2025,"2025-11-22",1,"postseason","UW-Stout","Washington U.","https://www.d3football.com/seasons/2025/boxscores/20251122_1788.xml",12,"Final",23,31,"@ Sun Prairie, Wisconsin","Nov. 22","2025-11-22"
"20251122_3cjz",2025,"2025-11-22",1,"postseason","Springfield","Cortland","https://www.d3football.com/seasons/2025/boxscores/20251122_3cjz.xml",12,"Final",7,21,,"Nov. 22","2025-11-22"
"20251122_3edr",2025,"2025-11-22",1,"postseason","Illinois College","Aurora","https://www.d3football.com/seasons/2025/boxscores/20251122_3edr.xml",12,"Final",49,14,"@ Wauwatosa, Wisconsin","Nov. 22","2025-11-22"
"20251122_44ni",2025,"2025-11-22",1,"postseason","St. John Fisher","RPI","https://www.d3football.com/seasons/2025/boxscores/20251122_44ni.xml",12,"Final",35,24,,"Nov. 22","2025-11-22"
"20251122_667w",2025,"2025-11-22",1,"postseason","Wheaton (Ill.)","Crown","https://www.d3football.com/seasons/2025/boxscores/20251122_667w.xml",12,"Final",14,76,,"Nov. 22","2025-11-22"
"20251122_6buh",2025,"2025-11-22",1,"postseason","Ursinus","Lebanon Valley","https://www.d3football.com/seasons/2025/boxscores/20251122_6buh.xml",12,"Final",13,31,,"Nov. 22","2025-11-22"
"20251122_6ygb",2025,"2025-11-22",1,"postseason","Muhlenberg","Union","https://www.d3football.com/seasons/2025/boxscores/20251122_6ygb.xml",12,"Final",26,34,,"Nov. 22","2025-11-22"
"20251122_7g8y",2025,"2025-11-22",1,"postseason","Wabash","Ohio Northern","https://www.d3football.com/seasons/2025/boxscores/20251122_7g8y.xml",12,"Final",31,32,"@ Canton, Ohio","Nov. 22","2025-11-22"
"20251122_7r3l",2025,"2025-11-22",1,"postseason","Hanover","Grove City","https://www.d3football.com/seasons/2025/boxscores/20251122_7r3l.xml",12,"Final",15,23,,"Nov. 22","2025-11-22"
"20251122_7wwr",2025,"2025-11-22",1,"postseason","Lycoming","Washington and Lee","https://www.d3football.com/seasons/2025/boxscores/20251122_7wwr.xml",12,"Final",14,12,,"Nov. 22","2025-11-22"
"20251122_8ewe",2025,"2025-11-22",1,"postseason","Concordia (Wis.)","Coe","https://www.d3football.com/seasons/2025/boxscores/20251122_8ewe.xml",12,"Final",44,7,,"Nov. 22","2025-11-22"
"20251122_a800",2025,"2025-11-22",1,"postseason","Delaware Valley","Dickinson","https://www.d3football.com/seasons/2025/boxscores/20251122_a800.xml",12,"Final",13,14,,"Nov. 22","2025-11-22"
"20251122_dfrn",2025,"2025-11-22",1,"postseason","Whitworth","Chapman","https://www.d3football.com/seasons/2025/boxscores/20251122_dfrn.xml",12,"Final",18,16,,"Nov. 22","2025-11-22"
"20251122_hx94",2025,"2025-11-22",1,"postseason","SUNY-Maritime","Hobart","https://www.d3football.com/seasons/2025/boxscores/20251122_hx94.xml",12,"Final",42,14,,"Nov. 22","2025-11-22"
"20251122_ii7v",2025,"2025-11-22",1,"postseason","Shenandoah","Wilkes","https://www.d3football.com/seasons/2025/boxscores/20251122_ii7v.xml",12,"Final",37,35,,"Nov. 22","2025-11-22"
"20251122_p3e7",2025,"2025-11-22",1,"postseason","Framingham State","LaGrange","https://www.d3football.com/seasons/2025/boxscores/20251122_p3e7.xml",12,"Final",24,21,,"Nov. 22","2025-11-22"
"20251122_p9ff",2025,"2025-11-22",1,"postseason","Susquehanna","Washington and Jefferson","https://www.d3football.com/seasons/2025/boxscores/20251122_p9ff.xml",12,"Final",32,38,,"Nov. 22","2025-11-22"
"20251122_xsab",2025,"2025-11-22",1,"postseason","Carnegie Mellon","Misericordia","https://www.d3football.com/seasons/2025/boxscores/20251122_xsab.xml",12,"Final",17,24,,"Nov. 22","2025-11-22"
"20251122_z95l",2025,"2025-11-22",1,"postseason","Brockport","Geneva","https://www.d3football.com/seasons/2025/boxscores/20251122_z95l.xml",12,"Final",10,46,,"Nov. 22","2025-11-22"
,2025,"2025-11-22",1,"postseason","Westminster (Pa.)","Mount St. Joseph",,12,"Final",21,40,"@ Tom Benson Hall of Fame Stadium; Canton, Ohio","Nov. 22","2025-11-22"
"20251129_0tvc",2025,"2025-11-29",2,"postseason","Bethel","Coe","https://www.d3football.com/seasons/2025/boxscores/20251129_0tvc.xml",13,"Final",26,51,,"Nov. 29","2025-11-29"
"20251129_1h8l",2025,"2025-11-29",2,"postseason","Mount Union","Muhlenberg","https://www.d3football.com/seasons/2025/boxscores/20251129_1h8l.xml",13,"Final",7,49,,"Nov. 29","2025-11-29"
"20251129_3gqf",2025,"2025-11-29",2,"postseason","UW-River Falls","Chapman","https://www.d3football.com/seasons/2025/boxscores/20251129_3gqf.xml",13,"Final",7,58,,"Nov. 29","2025-11-29"
"20251129_4bix",2025,"2025-11-29",2,"postseason","Salisbury","Endicott","https://www.d3football.com/seasons/2025/boxscores/20251129_4bix.xml",13,"Final",28,35,,"Nov. 29","2025-11-29"
"20251129_57m9",2025,"2025-11-29",2,"postseason","Trinity (Texas)","Hardin-Simmons","https://www.d3football.com/seasons/2025/boxscores/20251129_57m9.xml",13,"Final",24,34,,"Nov. 29","2025-11-29"
"20251129_admb",2025,"2025-11-29",2,"postseason","Berry","LaGrange","https://www.d3football.com/seasons/2025/boxscores/20251129_admb.xml",13,"Final",14,18,"@ NCAA playoffs, second round","Nov. 29","2025-11-29"
"20251129_b9kr",2025,"2025-11-29",2,"postseason","Christopher Newport","Susquehanna","https://www.d3football.com/seasons/2025/boxscores/20251129_b9kr.xml",13,"Final",42,28,,"Nov. 29","2025-11-29"
"20251129_ghzw",2025,"2025-11-29",2,"postseason","St. John's","Monmouth","https://www.d3football.com/seasons/2025/boxscores/20251129_ghzw.xml",13,"Final",15,49,,"Nov. 29","2025-11-29"
"20251129_h79x",2025,"2025-11-29",2,"postseason","Franklin and Marshall","Eastern","https://www.d3football.com/seasons/2025/boxscores/20251129_h79x.xml",13,"Final",28,24,,"Nov. 29","2025-11-29"
"20251129_p6rx",2025,"2025-11-29",2,"postseason","Hope","UW-La Crosse","https://www.d3football.com/seasons/2025/boxscores/20251129_p6rx.xml",13,"Final",9,7,,"Nov. 29","2025-11-29"
"20251129_r5ne",2025,"2025-11-29",2,"postseason","Wartburg","Wheaton (Ill.)","https://www.d3football.com/seasons/2025/boxscores/20251129_r5ne.xml",13,"Final",28,24,,"Nov. 29","2025-11-29"
"20251129_s26k",2025,"2025-11-29",2,"postseason","John Carroll","Randolph-Macon","https://www.d3football.com/seasons/2025/boxscores/20251129_s26k.xml",13,"Final",6,35,,"Nov. 29","2025-11-29"
"20251129_t77k",2025,"2025-11-29",2,"postseason","UW-Platteville","Alma","https://www.d3football.com/seasons/2025/boxscores/20251129_t77k.xml",13,"Final",7,24,,"Nov. 29","2025-11-29"
"20251129_txw9",2025,"2025-11-29",2,"postseason","North Central (Ill.)","Hanover","https://www.d3football.com/seasons/2025/boxscores/20251129_txw9.xml",13,"Final",6,38,,"Nov. 29","2025-11-29"
"20251129_y0qp",2025,"2025-11-29",2,"postseason","UW-Whitewater","DePauw","https://www.d3football.com/seasons/2025/boxscores/20251129_y0qp.xml",13,"Final",26,23,,"Nov. 29","2025-11-29"
"20251129_zeoo",2025,"2025-11-29",2,"postseason","Johns Hopkins","Springfield","https://www.d3football.com/seasons/2025/boxscores/20251129_zeoo.xml",13,"Final",14,34,,"Nov. 29","2025-11-29"
"20251206_bkyu",2025,"2025-12-06",3,"postseason","UW-River Falls","St. John's","https://www.d3football.com/seasons/2025/boxscores/20251206_bkyu.xml",14,"Final",14,42,,"Dec. 6","2025-12-06"
"20251206_msui",2025,"2025-12-06",3,"postseason","DePauw","Wheaton (Ill.)","https://www.d3football.com/seasons/2025/boxscores/20251206_msui.xml",14,"Final",49,24,,"Dec. 6","2025-12-06"
"20251206_pt6d",2025,"2025-12-06",3,"postseason","Bethel","UW-Platteville","https://www.d3football.com/seasons/2025/boxscores/20251206_pt6d.xml",14,"Final",24,35,,"Dec. 6","2025-12-06"
"20251206_rxq5",2025,"2025-12-06",3,"postseason","Eastern","Susquehanna","https://www.d3football.com/seasons/2025/boxscores/20251206_rxq5.xml",14,"Final",29,0,,"Dec. 6","2025-12-06"
"20251206_snpc",2025,"2025-12-06",3,"postseason","Berry","Trinity (Texas)","https://www.d3football.com/seasons/2025/boxscores/20251206_snpc.xml",14,"Final",23,31,,"Dec. 6","2025-12-06"
"20251206_t8r2",2025,"2025-12-06",3,"postseason","North Central (Ill.)","UW-La Crosse","https://www.d3football.com/seasons/2025/boxscores/20251206_t8r2.xml",14,"Final",27,35,,"Dec. 6","2025-12-06"
"20251206_u8yr",2025,"2025-12-06",3,"postseason","Johns Hopkins","Salisbury","https://www.d3football.com/seasons/2025/boxscores/20251206_u8yr.xml",14,"Final",13,45,,"Dec. 6","2025-12-06"
"20251206_v1xq",2025,"2025-12-06",3,"postseason","Mount Union","John Carroll","https://www.d3football.com/seasons/2025/boxscores/20251206_v1xq.xml",14,"Final - 2OT",10,7,,"Dec. 6","2025-12-06"
"20251213_5hrf",2025,"2025-12-13",4,"postseason","North Central (Ill.)","Bethel","https://www.d3football.com/seasons/2025/boxscores/20251213_5hrf.xml",15,"Final",21,35,,"Dec. 13","2025-12-13"
"20251213_7ppt",2025,"2025-12-13",4,"postseason","Berry","John Carroll","https://www.d3football.com/seasons/2025/boxscores/20251213_7ppt.xml",15,"Final",21,13,,"Dec. 13","2025-12-13"
"20251213_862g",2025,"2025-12-13",4,"postseason","Johns Hopkins","Susquehanna","https://www.d3football.com/seasons/2025/boxscores/20251213_862g.xml",15,"Final",10,40,,"Dec. 13","2025-12-13"
"20251213_z53j",2025,"2025-12-13",4,"postseason","UW-River Falls","Wheaton (Ill.)","https://www.d3football.com/seasons/2025/boxscores/20251213_z53j.xml",15,"Final",21,46,,"Dec. 13","2025-12-13"
"20251220_0smg",2025,"2025-12-20",5,"postseason","North Central (Ill.)","John Carroll","https://www.d3football.com/seasons/2025/boxscores/20251220_0smg.xml",16,"Final",21,41,,"Dec. 20","2025-12-20"
"20251220_vlfc",2025,"2025-12-20",5,"postseason","UW-River Falls","Johns Hopkins","https://www.d3football.com/seasons/2025/boxscores/20251220_vlfc.xml",16,"Final",41,48,,"Dec. 20","2025-12-20"
